model,threshold,tp,fp,recall,fpr,precision
ratio,inf,0,0,0.0,0.0,
ratio,41.73194394538268,1,0,0.06666666666666667,0.0,1.0
ratio,15.609011072928599,2,0,0.13333333333333333,0.0,1.0
ratio,14.508,3,0,0.2,0.0,1.0
ratio,13.34948882998864,4,0,0.26666666666666666,0.0,1.0
ratio,13.244033412887829,5,0,0.3333333333333333,0.0,1.0
ratio,11.990108701251867,6,0,0.4,0.0,1.0
ratio,11.124574024990533,7,0,0.4666666666666667,0.0,1.0
ratio,10.92123150739704,8,0,0.5333333333333333,0.0,1.0
ratio,10.20157919182536,8,1,0.5333333333333333,0.00510204081632653,0.8888888888888888
ratio,9.361055577768893,8,2,0.5333333333333333,0.01020408163265306,0.8
ratio,8.899659219992428,8,3,0.5333333333333333,0.015306122448979591,0.7272727272727273
ratio,7.898390643742503,8,4,0.5333333333333333,0.02040816326530612,0.6666666666666666
ratio,7.784011220196353,8,5,0.5333333333333333,0.025510204081632654,0.6153846153846154
ratio,7.543202764976959,8,6,0.5333333333333333,0.030612244897959183,0.5714285714285714
ratio,7.224862888482633,8,7,0.5333333333333333,0.03571428571428571,0.5333333333333333
ratio,7.20125,8,8,0.5333333333333333,0.04081632653061224,0.5
ratio,7.020791683326669,8,9,0.5333333333333333,0.04591836734693878,0.47058823529411764
ratio,6.806948541461816,8,10,0.5333333333333333,0.05102040816326531,0.4444444444444444
ratio,6.689576174112257,8,11,0.5333333333333333,0.05612244897959184,0.42105263157894735
ratio,6.67474441499432,8,13,0.5333333333333333,0.0663265306122449,0.38095238095238093
ratio,6.377011494252874,8,14,0.5333333333333333,0.07142857142857142,0.36363636363636365
ratio,6.3049853372434015,8,15,0.5333333333333333,0.07653061224489796,0.34782608695652173
ratio,5.9768888888888885,8,16,0.5333333333333333,0.08163265306122448,0.3333333333333333
ratio,5.9461952344350495,8,17,0.5333333333333333,0.08673469387755102,0.32
ratio,5.525908739365816,8,18,0.5333333333333333,0.09183673469387756,0.3076923076923077
ratio,5.515068493150685,9,18,0.6,0.09183673469387756,0.3333333333333333
ratio,5.418647166361975,9,19,0.6,0.09693877551020408,0.32142857142857145
ratio,5.363957597173145,9,20,0.6,0.10204081632653061,0.3103448275862069
ratio,5.288640595903166,9,21,0.6,0.10714285714285714,0.3
ratio,5.218697829716194,9,22,0.6,0.11224489795918367,0.2903225806451613
ratio,5.187817258883248,9,23,0.6,0.11734693877551021,0.28125
ratio,5.105211406096362,9,24,0.6,0.12244897959183673,0.2727272727272727
ratio,5.10078959591268,9,25,0.6,0.12755102040816327,0.2647058823529412
ratio,5.045346062052506,9,26,0.6,0.1326530612244898,0.2571428571428571
ratio,4.987196765498652,9,27,0.6,0.1377551020408163,0.25
ratio,4.967616645649432,10,27,0.6666666666666666,0.1377551020408163,0.2702702702702703
ratio,4.873170731707317,10,29,0.6666666666666666,0.14795918367346939,0.2564102564102564
ratio,4.800833333333333,10,31,0.6666666666666666,0.15816326530612246,0.24390243902439024
ratio,4.680527788884446,10,32,0.6666666666666666,0.16326530612244897,0.23809523809523808
ratio,4.467059980334317,11,32,0.7333333333333333,0.16326530612244897,0.2558139534883721
ratio,4.459717449408171,11,33,0.7333333333333333,0.1683673469387755,0.25
ratio,4.449829609996214,11,34,0.7333333333333333,0.17346938775510204,0.24444444444444444
ratio,4.3637971698113205,12,34,0.8,0.17346938775510204,0.2608695652173913
ratio,4.239864864864865,12,35,0.8,0.17857142857142858,0.2553191489361702
ratio,4.03943377148635,12,36,0.8,0.1836734693877551,0.25
ratio,4.036418816388467,12,37,0.8,0.18877551020408162,0.24489795918367346
ratio,4.000694444444444,12,38,0.8,0.19387755102040816,0.24
ratio,3.9664804469273744,12,39,0.8,0.1989795918367347,0.23529411764705882
ratio,3.862738301559792,12,40,0.8,0.20408163265306123,0.23076923076923078
ratio,3.8335607094133697,12,41,0.8,0.20918367346938777,0.22641509433962265
ratio,3.7444222311075563,12,42,0.8,0.21428571428571427,0.2222222222222222
ratio,3.6124314442413166,12,43,0.8,0.2193877551020408,0.21818181818181817
ratio,3.585207612456747,12,44,0.8,0.22448979591836735,0.21428571428571427
ratio,3.5759717314487633,12,45,0.8,0.22959183673469388,0.21052631578947367
ratio,3.4971150378651283,12,46,0.8,0.23469387755102042,0.20689655172413793
ratio,3.403474270730908,12,47,0.8,0.23979591836734693,0.2033898305084746
ratio,3.4034742707309076,13,47,0.8666666666666667,0.23979591836734693,0.21666666666666667
ratio,3.3918918918918917,13,49,0.8666666666666667,0.25,0.20967741935483872
ratio,3.3525345622119818,13,50,0.8666666666666667,0.25510204081632654,0.20634920634920634
ratio,3.3326180257510734,13,51,0.8666666666666667,0.2602040816326531,0.203125
ratio,3.248780487804878,13,52,0.8666666666666667,0.2653061224489796,0.2
ratio,3.23154701718908,13,53,0.8666666666666667,0.27040816326530615,0.19696969696969696
ratio,3.229135053110774,13,55,0.8666666666666667,0.28061224489795916,0.19117647058823528
ratio,3.2291350531107734,13,56,0.8666666666666667,0.2857142857142857,0.18840579710144928
ratio,3.160877513711152,13,57,0.8666666666666667,0.29081632653061223,0.18571428571428572
ratio,3.1524926686217007,13,58,0.8666666666666667,0.29591836734693877,0.18309859154929578
ratio,2.988444444444444,13,59,0.8666666666666667,0.3010204081632653,0.18055555555555555
ratio,2.9730976172175247,13,60,0.8666666666666667,0.30612244897959184,0.1780821917808219
ratio,2.6487081011882223,14,60,0.9333333333333333,0.30612244897959184,0.1891891891891892
ratio,2.627222868539139,14,61,0.9333333333333333,0.3112244897959184,0.18666666666666668
ratio,2.6082464965864176,14,62,0.9333333333333333,0.3163265306122449,0.18421052631578946
ratio,2.55039479795634,14,63,0.9333333333333333,0.32142857142857145,0.18181818181818182
ratio,2.522673031026253,14,64,0.9333333333333333,0.32653061224489793,0.1794871794871795
ratio,2.512979465323518,14,65,0.9333333333333333,0.33163265306122447,0.17721518987341772
ratio,2.48,15,65,1.0,0.33163265306122447,0.1875
ratio,2.4004166666666666,15,68,1.0,0.3469387755102041,0.18072289156626506
ratio,2.390138408304498,15,71,1.0,0.3622448979591837,0.1744186046511628
ratio,2.2319999999999998,15,72,1.0,0.3673469387755102,0.1724137931034483
ratio,2.224914804998107,15,74,1.0,0.37755102040816324,0.16853932584269662
ratio,2.2217453505007154,15,75,1.0,0.3826530612244898,0.16666666666666666
ratio,2.1072516758074347,15,76,1.0,0.3877551020408163,0.16483516483516483
ratio,2.0865971972691337,15,77,1.0,0.39285714285714285,0.16304347826086957
ratio,2.0380896226415093,15,78,1.0,0.3979591836734694,0.16129032258064516
ratio,1.968314763231198,15,80,1.0,0.40816326530612246,0.15789473684210525
ratio,1.9237028486739913,15,81,1.0,0.413265306122449,0.15625
ratio,1.8290935046395431,15,82,1.0,0.41836734693877553,0.15463917525773196
ratio,1.8183344526527874,15,83,1.0,0.42346938775510207,0.15306122448979592
ratio,1.8062157221206583,15,84,1.0,0.42857142857142855,0.15151515151515152
ratio,1.7879858657243817,15,85,1.0,0.4336734693877551,0.15
ratio,1.7707991803278689,15,86,1.0,0.4387755102040816,0.1485148514851485
ratio,1.6959459459459458,15,88,1.0,0.4489795918367347,0.14563106796116504
ratio,1.6762672811059909,15,90,1.0,0.45918367346938777,0.14285714285714285
ratio,1.6663090128755367,15,91,1.0,0.4642857142857143,0.14150943396226415
ratio,1.6623989218328838,15,93,1.0,0.4744897959183674,0.1388888888888889
ratio,1.635989010989011,15,94,1.0,0.47959183673469385,0.13761467889908258
ratio,1.624390243902439,15,95,1.0,0.4846938775510204,0.13636363636363635
ratio,1.61577350859454,15,96,1.0,0.4897959183673469,0.13513513513513514
ratio,1.5762463343108504,15,97,1.0,0.49489795918367346,0.13392857142857142
ratio,1.531594784353059,15,98,1.0,0.5,0.13274336283185842
ratio,1.5065394132202192,15,99,1.0,0.5051020408163265,0.13157894736842105
ratio,1.4955752212389382,15,100,1.0,0.5102040816326531,0.13043478260869565
ratio,1.4942222222222221,15,101,1.0,0.5153061224489796,0.12931034482758622
ratio,1.3221601489757915,15,102,1.0,0.5204081632653061,0.1282051282051282
ratio,1.291923419577564,15,103,1.0,0.5255102040816326,0.1271186440677966
ratio,1.2033983579939167,15,104,1.0,0.5306122448979592,0.12605042016806722
ratio,1.1809888579387187,15,105,1.0,0.5357142857142857,0.125
ratio,1.0945014112687128,15,106,1.0,0.5408163265306123,0.12396694214876033
ratio,1.0645011350124312,15,107,1.0,0.5459183673469388,0.12295081967213115
ratio,1.0524677634504225,15,108,1.0,0.5510204081632653,0.12195121951219512
ratio,1.0432985986345669,15,109,1.0,0.5561224489795918,0.12096774193548387
ratio,0.0,15,196,1.0,1.0,0.07109004739336493
eb05,inf,0,0,0.0,0.0,
eb05,6.997235229440792,1,0,0.06666666666666667,0.0,1.0
eb05,5.0241120974514635,2,0,0.13333333333333333,0.0,1.0
eb05,4.835155376461379,3,0,0.2,0.0,1.0
eb05,4.781641360125224,4,0,0.26666666666666666,0.0,1.0
eb05,4.487453912355054,5,0,0.3333333333333333,0.0,1.0
eb05,4.290328642019018,5,1,0.3333333333333333,0.00510204081632653,0.8333333333333334
eb05,3.6067660987086225,6,1,0.4,0.00510204081632653,0.8571428571428571
eb05,2.8167153233620805,7,1,0.4666666666666667,0.00510204081632653,0.875
eb05,2.5182672281353797,8,1,0.5333333333333333,0.00510204081632653,0.8888888888888888
eb05,2.3607308197974857,9,1,0.6,0.00510204081632653,0.9
eb05,2.1058287007603798,10,1,0.6666666666666666,0.00510204081632653,0.9090909090909091
eb05,2.082124524216517,10,2,0.6666666666666666,0.01020408163265306,0.8333333333333334
eb05,1.930698066113296,11,2,0.7333333333333333,0.01020408163265306,0.8461538461538461
eb05,1.8990866949437717,12,2,0.8,0.01020408163265306,0.8571428571428571
eb05,1.8926612865088965,13,2,0.8666666666666667,0.01020408163265306,0.8666666666666667
eb05,1.7309302263274986,14,2,0.9333333333333333,0.01020408163265306,0.875
eb05,1.6340820498776978,14,3,0.9333333333333333,0.015306122448979591,0.8235294117647058
eb05,1.6095527135847465,15,3,1.0,0.015306122448979591,0.8333333333333334
eb05,1.5709356243540653,15,4,1.0,0.02040816326530612,0.7894736842105263
eb05,1.5392170890988615,15,6,1.0,0.030612244897959183,0.7142857142857143
eb05,1.5265613183163445,15,7,1.0,0.03571428571428571,0.6818181818181818
eb05,1.5244847969772823,15,8,1.0,0.04081632653061224,0.6521739130434783
eb05,1.5203916054664206,15,9,1.0,0.04591836734693878,0.625
eb05,1.4871683371421,15,10,1.0,0.05102040816326531,0.6
eb05,1.435737760382932,15,11,1.0,0.05612244897959184,0.5769230769230769
eb05,1.4344964669199787,15,12,1.0,0.061224489795918366,0.5555555555555556
eb05,1.4096066788670172,15,13,1.0,0.0663265306122449,0.5357142857142857
eb05,1.4075105956659215,15,14,1.0,0.07142857142857142,0.5172413793103449
eb05,1.406086774463705,15,15,1.0,0.07653061224489796,0.5
eb05,1.3425624831717689,15,16,1.0,0.08163265306122448,0.4838709677419355
eb05,1.2986980852815306,15,17,1.0,0.08673469387755102,0.46875
eb05,1.2982685864120889,15,18,1.0,0.09183673469387756,0.45454545454545453
eb05,1.2754591056236333,15,19,1.0,0.09693877551020408,0.4411764705882353
eb05,1.264833435837225,15,20,1.0,0.10204081632653061,0.42857142857142855
eb05,1.2308635822534584,15,21,1.0,0.10714285714285714,0.4166666666666667
eb05,1.1968996635336713,15,22,1.0,0.11224489795918367,0.40540540540540543
eb05,1.1946826314719488,15,23,1.0,0.11734693877551021,0.39473684210526316
eb05,1.1723947946073088,15,24,1.0,0.12244897959183673,0.38461538461538464
eb05,1.1581641989485605,15,25,1.0,0.12755102040816327,0.375
eb05,1.1415155663258163,15,26,1.0,0.1326530612244898,0.36585365853658536
eb05,1.1404160146429836,15,28,1.0,0.14285714285714285,0.3488372093023256
eb05,1.1234522537798441,15,29,1.0,0.14795918367346939,0.3409090909090909
eb05,1.0961828856584739,15,30,1.0,0.15306122448979592,0.3333333333333333
eb05,1.0919187661704057,15,31,1.0,0.15816326530612246,0.32608695652173914
eb05,1.0822142880547256,15,32,1.0,0.16326530612244897,0.3191489361702128
eb05,1.0777994386618814,15,33,1.0,0.1683673469387755,0.3125
eb05,1.0769491978665993,15,35,1.0,0.17857142857142858,0.3
eb05,1.05655332944494,15,36,1.0,0.1836734693877551,0.29411764705882354
eb05,0.9993419534811832,15,37,1.0,0.18877551020408162,0.28846153846153844
eb05,0.993595435413968,15,38,1.0,0.19387755102040816,0.2830188679245283
eb05,0.9861715101247943,15,39,1.0,0.1989795918367347,0.2777777777777778
eb05,0.9779953660473426,15,40,1.0,0.20408163265306123,0.2727272727272727
eb05,0.9770049577972691,15,41,1.0,0.20918367346938777,0.26785714285714285
eb05,0.9757749921187259,15,42,1.0,0.21428571428571427,0.2631578947368421
eb05,0.9623883096640111,15,43,1.0,0.2193877551020408,0.25862068965517243
eb05,0.9499439642709933,15,48,1.0,0.24489795918367346,0.23809523809523808
eb05,0.9468783351480139,15,49,1.0,0.25,0.234375
eb05,0.9409518528563127,15,50,1.0,0.25510204081632654,0.23076923076923078
eb05,0.9370004471358022,15,51,1.0,0.2602040816326531,0.22727272727272727
eb05,0.9167313600945417,15,52,1.0,0.2653061224489796,0.22388059701492538
eb05,0.9140089983583017,15,55,1.0,0.28061224489795916,0.21428571428571427
eb05,0.9108442166909632,15,56,1.0,0.2857142857142857,0.2112676056338028
eb05,0.9108372913846634,15,57,1.0,0.29081632653061223,0.20833333333333334
eb05,0.9037754813169544,15,58,1.0,0.29591836734693877,0.2054794520547945
eb05,0.8987364805367389,15,59,1.0,0.3010204081632653,0.20270270270270271
eb05,0.8985521828661225,15,60,1.0,0.30612244897959184,0.2
eb05,0.8881567102303871,15,61,1.0,0.3112244897959184,0.19736842105263158
eb05,0.8684452383811431,15,62,1.0,0.3163265306122449,0.19480519480519481
eb05,0.8661700696206408,15,63,1.0,0.32142857142857145,0.19230769230769232
eb05,0.8619603022723386,15,64,1.0,0.32653061224489793,0.189873417721519
eb05,0.8550819898057508,15,81,1.0,0.413265306122449,0.15625
eb05,0.8457346225334621,15,82,1.0,0.41836734693877553,0.15463917525773196
eb05,0.8401308896816225,15,83,1.0,0.42346938775510207,0.15306122448979592
eb05,0.8327357547462557,15,84,1.0,0.42857142857142855,0.15151515151515152
eb05,0.8303193816830439,15,85,1.0,0.4336734693877551,0.15
eb05,0.8219065951403252,15,87,1.0,0.44387755102040816,0.14705882352941177
eb05,0.8083699298944185,15,89,1.0,0.45408163265306123,0.14423076923076922
eb05,0.8023072518092399,15,90,1.0,0.45918367346938777,0.14285714285714285
eb05,0.779725178956191,15,94,1.0,0.47959183673469385,0.13761467889908258
eb05,0.7627225151091236,15,95,1.0,0.4846938775510204,0.13636363636363635
eb05,0.7580119702699837,15,96,1.0,0.4897959183673469,0.13513513513513514
eb05,0.745269722355063,15,102,1.0,0.5204081632653061,0.1282051282051282
eb05,0.72864548061721,15,103,1.0,0.5255102040816326,0.1271186440677966
eb05,0.7286161968423641,15,106,1.0,0.5408163265306123,0.12396694214876033
eb05,0.7213651193946358,15,107,1.0,0.5459183673469388,0.12295081967213115
eb05,0.7092168408810803,15,110,1.0,0.5612244897959183,0.12
eb05,0.6868142129970327,15,111,1.0,0.5663265306122449,0.11904761904761904
eb05,0.6629704084837282,15,113,1.0,0.576530612244898,0.1171875
eb05,0.6582733165373886,15,114,1.0,0.5816326530612245,0.11627906976744186
eb05,0.6477716934848563,15,115,1.0,0.5867346938775511,0.11538461538461539
eb05,0.6236258957409512,15,119,1.0,0.6071428571428571,0.11194029850746269
eb05,0.6204757545200171,15,120,1.0,0.6122448979591837,0.1111111111111111
eb05,0.6101318432901172,15,121,1.0,0.6173469387755102,0.11029411764705882
eb05,0.5908800603235929,15,127,1.0,0.6479591836734694,0.1056338028169014
eb05,0.5876753324110721,15,129,1.0,0.6581632653061225,0.10416666666666667
eb05,0.5752415750618199,15,130,1.0,0.6632653061224489,0.10344827586206896
eb05,0.5738738022621059,15,133,1.0,0.6785714285714286,0.10135135135135136
eb05,0.5733495992726644,15,143,1.0,0.7295918367346939,0.0949367088607595
eb05,0.5633008655865697,15,146,1.0,0.7448979591836735,0.09316770186335403
eb05,0.5613239130531489,15,147,1.0,0.75,0.09259259259259259
eb05,0.5587632703816446,15,151,1.0,0.7704081632653061,0.09036144578313253
eb05,0.5525145617762427,15,155,1.0,0.7908163265306123,0.08823529411764706
eb05,0.5341465269923575,15,156,1.0,0.7959183673469388,0.08771929824561403
eb05,0.5309394974534439,15,158,1.0,0.8061224489795918,0.08670520231213873
eb05,0.5153825825706317,15,159,1.0,0.8112244897959183,0.08620689655172414
eb05,0.5056273665439452,15,162,1.0,0.826530612244898,0.0847457627118644
eb05,0.5047568225376453,15,163,1.0,0.8316326530612245,0.08426966292134831
eb05,0.49657800520266204,15,164,1.0,0.8367346938775511,0.08379888268156424
eb05,0.4691683562997272,15,168,1.0,0.8571428571428571,0.08196721311475409
eb05,0.45565419489601827,15,169,1.0,0.8622448979591837,0.08152173913043478
eb05,0.42755090537076346,15,178,1.0,0.9081632653061225,0.07772020725388601
eb05,0.42532306995258057,15,179,1.0,0.9132653061224489,0.07731958762886598
eb05,0.41591166441334715,15,183,1.0,0.9336734693877551,0.07575757575757576
eb05,0.3745615264860615,15,186,1.0,0.9489795918367347,0.07462686567164178
eb05,0.37433682774967275,15,187,1.0,0.9540816326530612,0.07425742574257425
eb05,0.3693984444062042,15,190,1.0,0.9693877551020408,0.07317073170731707
eb05,0.0,15,196,1.0,1.0,0.07109004739336493
eb05-weighted,inf,0,0,0.0,0.0,
eb05-weighted,6.884137217792497,1,0,0.06666666666666667,0.0,1.0
eb05-weighted,3.8850229742845257,2,0,0.13333333333333333,0.0,1.0
eb05-weighted,3.65800156145807,3,0,0.2,0.0,1.0
eb05-weighted,2.8434008502180608,4,0,0.26666666666666666,0.0,1.0
eb05-weighted,2.8295438641173374,5,0,0.3333333333333333,0.0,1.0
eb05-weighted,2.693703539389499,6,0,0.4,0.0,1.0
eb05-weighted,2.5733044104937663,7,0,0.4666666666666667,0.0,1.0
eb05-weighted,2.296969175690023,8,0,0.5333333333333333,0.0,1.0
eb05-weighted,2.0230313537985554,9,0,0.6,0.0,1.0
eb05-weighted,1.8330707715146548,9,1,0.6,0.00510204081632653,0.9
eb05-weighted,1.812066746226225,10,1,0.6666666666666666,0.00510204081632653,0.9090909090909091
eb05-weighted,1.637519332736907,11,1,0.7333333333333333,0.00510204081632653,0.9166666666666666
eb05-weighted,1.5685565137519861,11,2,0.7333333333333333,0.01020408163265306,0.8461538461538461
eb05-weighted,1.5364614049021503,12,2,0.8,0.01020408163265306,0.8571428571428571
eb05-weighted,1.5290280830349072,12,3,0.8,0.015306122448979591,0.8
eb05-weighted,1.4924583874725925,12,4,0.8,0.02040816326530612,0.75
eb05-weighted,1.4637913858551983,13,4,0.8666666666666667,0.02040816326530612,0.7647058823529411
eb05-weighted,1.4274581549801102,13,5,0.8666666666666667,0.025510204081632654,0.7222222222222222
eb05-weighted,1.3881371022185127,13,6,0.8666666666666667,0.030612244897959183,0.6842105263157895
eb05-weighted,1.299118260680387,14,6,0.9333333333333333,0.030612244897959183,0.7
eb05-weighted,1.2932092861337037,14,7,0.9333333333333333,0.03571428571428571,0.6666666666666666
eb05-weighted,1.2897126621916986,14,8,0.9333333333333333,0.04081632653061224,0.6363636363636364
eb05-weighted,1.2557331324017456,14,10,0.9333333333333333,0.05102040816326531,0.5833333333333334
eb05-weighted,1.2459328849065934,14,11,0.9333333333333333,0.05612244897959184,0.56
eb05-weighted,1.2388999826979297,14,12,0.9333333333333333,0.061224489795918366,0.5384615384615384
eb05-weighted,1.2379539385758664,14,13,0.9333333333333333,0.0663265306122449,0.5185185185185185
eb05-weighted,1.2366838717248216,14,14,0.9333333333333333,0.07142857142857142,0.5
eb05-weighted,1.2128507869827536,14,15,0.9333333333333333,0.07653061224489796,0.4827586206896552
eb05-weighted,1.2124938447009233,14,16,0.9333333333333333,0.08163265306122448,0.4666666666666667
eb05-weighted,1.2006942626237849,14,17,0.9333333333333333,0.08673469387755102,0.45161290322580644
eb05-weighted,1.1527172230923146,14,18,0.9333333333333333,0.09183673469387756,0.4375
eb05-weighted,1.1525752149983477,14,19,0.9333333333333333,0.09693877551020408,0.42424242424242425
eb05-weighted,1.1443041011556736,14,20,0.9333333333333333,0.10204081632653061,0.4117647058823529
eb05-weighted,1.1342447438462928,14,21,0.9333333333333333,0.10714285714285714,0.4
eb05-weighted,1.1334359103112368,14,22,0.9333333333333333,0.11224489795918367,0.3888888888888889
eb05-weighted,1.1288267386807107,15,22,1.0,0.11224489795918367,0.40540540540540543
eb05-weighted,1.0854489615369893,15,23,1.0,0.11734693877551021,0.39473684210526316
eb05-weighted,1.0667271292345828,15,24,1.0,0.12244897959183673,0.38461538461538464
eb05-weighted,1.0614473943502574,15,25,1.0,0.12755102040816327,0.375
eb05-weighted,1.0532851657747069,15,26,1.0,0.1326530612244898,0.36585365853658536
eb05-weighted,1.0505717664608432,15,27,1.0,0.1377551020408163,0.35714285714285715
eb05-weighted,1.0376094144127748,15,28,1.0,0.14285714285714285,0.3488372093023256
eb05-weighted,1.0139106383279213,15,29,1.0,0.14795918367346939,0.3409090909090909
eb05-weighted,1.0087816339613782,15,30,1.0,0.15306122448979592,0.3333333333333333
eb05-weighted,1.0062413587776051,15,31,1.0,0.15816326530612246,0.32608695652173914
eb05-weighted,0.9990102437536302,15,32,1.0,0.16326530612244897,0.3191489361702128
eb05-weighted,0.9801623228970382,15,33,1.0,0.1683673469387755,0.3125
eb05-weighted,0.9700777764983032,15,34,1.0,0.17346938775510204,0.30612244897959184
eb05-weighted,0.9667291504663371,15,35,1.0,0.17857142857142858,0.3
eb05-weighted,0.9610645144932319,15,36,1.0,0.1836734693877551,0.29411764705882354
eb05-weighted,0.9534766315421832,15,37,1.0,0.18877551020408162,0.28846153846153844
eb05-weighted,0.9485612434915478,15,38,1.0,0.19387755102040816,0.2830188679245283
eb05-weighted,0.9421489348318777,15,39,1.0,0.1989795918367347,0.2777777777777778
eb05-weighted,0.9352357238215644,15,40,1.0,0.20408163265306123,0.2727272727272727
eb05-weighted,0.9319550690422601,15,41,1.0,0.20918367346938777,0.26785714285714285
eb05-weighted,0.9121282221586323,15,42,1.0,0.21428571428571427,0.2631578947368421
eb05-weighted,0.9054393966674072,15,43,1.0,0.2193877551020408,0.25862068965517243
eb05-weighted,0.8926981373230048,15,44,1.0,0.22448979591836735,0.2542372881355932
eb05-weighted,0.8917120081886065,15,46,1.0,0.23469387755102042,0.2459016393442623
eb05-weighted,0.8737239850128405,15,48,1.0,0.24489795918367346,0.23809523809523808
eb05-weighted,0.8617194961435648,15,50,1.0,0.25510204081632654,0.23076923076923078
eb05-weighted,0.8536815485373983,15,51,1.0,0.2602040816326531,0.22727272727272727
eb05-weighted,0.8464977672968196,15,52,1.0,0.2653061224489796,0.22388059701492538
eb05-weighted,0.8449021505295523,15,59,1.0,0.3010204081632653,0.20270270270270271
eb05-weighted,0.8246515496920459,15,60,1.0,0.30612244897959184,0.2
eb05-weighted,0.8246080122504906,15,61,1.0,0.3112244897959184,0.19736842105263158
eb05-weighted,0.8211686076228888,15,62,1.0,0.3163265306122449,0.19480519480519481
eb05-weighted,0.8050067036186,15,63,1.0,0.32142857142857145,0.19230769230769232
eb05-weighted,0.7987605364521044,15,64,1.0,0.32653061224489793,0.189873417721519
eb05-weighted,0.7975590852819746,15,65,1.0,0.33163265306122447,0.1875
eb05-weighted,0.7932106616603738,15,66,1.0,0.336734693877551,0.18518518518518517
eb05-weighted,0.79104174566801,15,67,1.0,0.34183673469387754,0.18292682926829268
eb05-weighted,0.7768664129999306,15,68,1.0,0.3469387755102041,0.18072289156626506
eb05-weighted,0.7722920817306288,15,76,1.0,0.3877551020408163,0.16483516483516483
eb05-weighted,0.7700445915815891,15,77,1.0,0.39285714285714285,0.16304347826086957
eb05-weighted,0.7606710889800267,15,79,1.0,0.4030612244897959,0.1595744680851064
eb05-weighted,0.7589147865261373,15,84,1.0,0.42857142857142855,0.15151515151515152
eb05-weighted,0.7563405330870141,15,86,1.0,0.4387755102040816,0.1485148514851485
eb05-weighted,0.7452212939860169,15,87,1.0,0.44387755102040816,0.14705882352941177
eb05-weighted,0.7441020068156862,15,88,1.0,0.4489795918367347,0.14563106796116504
eb05-weighted,0.7427534491990512,15,89,1.0,0.45408163265306123,0.14423076923076922
eb05-weighted,0.7405395739363734,15,90,1.0,0.45918367346938777,0.14285714285714285
eb05-weighted,0.7349314175493313,15,91,1.0,0.4642857142857143,0.14150943396226415
eb05-weighted,0.7330038388331547,15,92,1.0,0.46938775510204084,0.14018691588785046
eb05-weighted,0.7293982147339543,15,93,1.0,0.4744897959183674,0.1388888888888889
eb05-weighted,0.724614319889727,15,94,1.0,0.47959183673469385,0.13761467889908258
eb05-weighted,0.7225412283115287,15,95,1.0,0.4846938775510204,0.13636363636363635
eb05-weighted,0.7140842107065076,15,96,1.0,0.4897959183673469,0.13513513513513514
eb05-weighted,0.7135675305537142,15,97,1.0,0.49489795918367346,0.13392857142857142
eb05-weighted,0.682953889171455,15,98,1.0,0.5,0.13274336283185842
eb05-weighted,0.6766767629221555,15,101,1.0,0.5153061224489796,0.12931034482758622
eb05-weighted,0.675227472815875,15,108,1.0,0.5510204081632653,0.12195121951219512
eb05-weighted,0.6729601189422688,15,110,1.0,0.5612244897959183,0.12
eb05-weighted,0.6610860378834176,15,111,1.0,0.5663265306122449,0.11904761904761904
eb05-weighted,0.6432208389060804,15,113,1.0,0.576530612244898,0.1171875
eb05-weighted,0.6246703589796346,15,116,1.0,0.5918367346938775,0.11450381679389313
eb05-weighted,0.6245833020829861,15,117,1.0,0.5969387755102041,0.11363636363636363
eb05-weighted,0.620426730737158,15,118,1.0,0.6020408163265306,0.11278195488721804
eb05-weighted,0.6160546429622817,15,121,1.0,0.6173469387755102,0.11029411764705882
eb05-weighted,0.614111193714713,15,122,1.0,0.6224489795918368,0.10948905109489052
eb05-weighted,0.6116333195877818,15,125,1.0,0.6377551020408163,0.10714285714285714
eb05-weighted,0.6075460129290989,15,126,1.0,0.6428571428571429,0.10638297872340426
eb05-weighted,0.6036654996923116,15,129,1.0,0.6581632653061225,0.10416666666666667
eb05-weighted,0.6019591020605922,15,131,1.0,0.6683673469387755,0.10273972602739725
eb05-weighted,0.5954843983117499,15,137,1.0,0.6989795918367347,0.09868421052631579
eb05-weighted,0.5913652943272377,15,138,1.0,0.7040816326530612,0.09803921568627451
eb05-weighted,0.5852008224824851,15,139,1.0,0.7091836734693877,0.09740259740259741
eb05-weighted,0.5825191190966109,15,140,1.0,0.7142857142857143,0.0967741935483871
eb05-weighted,0.5645837507301059,15,143,1.0,0.7295918367346939,0.0949367088607595
eb05-weighted,0.5583080312906697,15,144,1.0,0.7346938775510204,0.09433962264150944
eb05-weighted,0.5480412798590943,15,145,1.0,0.7397959183673469,0.09375
eb05-weighted,0.5472267137907247,15,147,1.0,0.75,0.09259259259259259
eb05-weighted,0.5424237124271606,15,148,1.0,0.7551020408163265,0.09202453987730061
eb05-weighted,0.524434946907851,15,151,1.0,0.7704081632653061,0.09036144578313253
eb05-weighted,0.515785747044184,15,152,1.0,0.7755102040816326,0.08982035928143713
eb05-weighted,0.5084673662261084,15,153,1.0,0.7806122448979592,0.08928571428571429
eb05-weighted,0.49389878753312016,15,156,1.0,0.7959183673469388,0.08771929824561403
eb05-weighted,0.4879595294130189,15,157,1.0,0.8010204081632653,0.0872093023255814
eb05-weighted,0.4711913303191221,15,158,1.0,0.8061224489795918,0.08670520231213873
eb05-weighted,0.470234130226242,15,159,1.0,0.8112244897959183,0.08620689655172414
eb05-weighted,0.4462723533988397,15,161,1.0,0.8214285714285714,0.08522727272727272
eb05-weighted,0.4410603086363247,15,163,1.0,0.8316326530612245,0.08426966292134831
eb05-weighted,0.4125067855490999,15,171,1.0,0.8724489795918368,0.08064516129032258
eb05-weighted,0.3974239354838865,15,173,1.0,0.8826530612244898,0.0797872340425532
eb05-weighted,0.36600453655741405,15,176,1.0,0.8979591836734694,0.07853403141361257
eb05-weighted,0.36134404614205534,15,178,1.0,0.9081632653061225,0.07772020725388601
eb05-weighted,0.3451939379275702,15,179,1.0,0.9132653061224489,0.07731958762886598
eb05-weighted,0.0,15,196,1.0,1.0,0.07109004739336493
eb05-dual,inf,0,0,0.0,0.0,
eb05-dual,6.997235229440792,1,0,0.06666666666666667,0.0,1.0
eb05-dual,4.835155376461379,2,0,0.13333333333333333,0.0,1.0
eb05-dual,4.583197065781108,3,0,0.2,0.0,1.0
eb05-dual,4.516229949646066,4,0,0.26666666666666666,0.0,1.0
eb05-dual,4.487453912355054,5,0,0.3333333333333333,0.0,1.0
eb05-dual,3.666533550624716,5,1,0.3333333333333333,0.00510204081632653,0.8333333333333334
eb05-dual,3.6067660987086225,6,1,0.4,0.00510204081632653,0.8571428571428571
eb05-dual,2.8167153233620805,7,1,0.4666666666666667,0.00510204081632653,0.875
eb05-dual,2.5182672281353797,8,1,0.5333333333333333,0.00510204081632653,0.8888888888888888
eb05-dual,2.3607308197974857,9,1,0.6,0.00510204081632653,0.9
eb05-dual,1.8990866949437717,10,1,0.6666666666666666,0.00510204081632653,0.9090909090909091
eb05-dual,1.8926612865088965,11,1,0.7333333333333333,0.00510204081632653,0.9166666666666666
eb05-dual,1.8887556288316982,12,1,0.8,0.00510204081632653,0.9230769230769231
eb05-dual,1.871644430750764,12,2,0.8,0.01020408163265306,0.8571428571428571
eb05-dual,1.7355255925954596,13,2,0.8666666666666667,0.01020408163265306,0.8666666666666667
eb05-dual,1.5709356243540653,13,3,0.8666666666666667,0.015306122448979591,0.8125
eb05-dual,1.5559519352842308,14,3,0.9333333333333333,0.015306122448979591,0.8235294117647058
eb05-dual,1.5392170890988615,14,5,0.9333333333333333,0.025510204081632654,0.7368421052631579
eb05-dual,1.4688942252479462,14,6,0.9333333333333333,0.030612244897959183,0.7
eb05-dual,1.4468444858058114,15,6,1.0,0.030612244897959183,0.7142857142857143
eb05-dual,1.435737760382932,15,7,1.0,0.03571428571428571,0.6818181818181818
eb05-dual,1.4344964669199787,15,8,1.0,0.04081632653061224,0.6521739130434783
eb05-dual,1.343385642347436,15,9,1.0,0.04591836734693878,0.625
eb05-dual,1.3338678391184642,15,10,1.0,0.05102040816326531,0.6
eb05-dual,1.2993333299321979,15,11,1.0,0.05612244897959184,0.5769230769230769
eb05-dual,1.2754591056236333,15,12,1.0,0.061224489795918366,0.5555555555555556
eb05-dual,1.271913604969961,15,13,1.0,0.0663265306122449,0.5357142857142857
eb05-dual,1.2624213514069855,15,14,1.0,0.07142857142857142,0.5172413793103449
eb05-dual,1.2046561425014977,15,15,1.0,0.07653061224489796,0.5
eb05-dual,1.2016477869947884,15,16,1.0,0.08163265306122448,0.4838709677419355
eb05-dual,1.1968996635336713,15,17,1.0,0.08673469387755102,0.46875
eb05-dual,1.1723947946073088,15,18,1.0,0.09183673469387756,0.45454545454545453
eb05-dual,1.16702774552286,15,19,1.0,0.09693877551020408,0.4411764705882353
eb05-dual,1.1581641989485605,15,20,1.0,0.10204081632653061,0.42857142857142855
eb05-dual,1.1344516792654376,15,21,1.0,0.10714285714285714,0.4166666666666667
eb05-dual,1.1186078621055713,15,22,1.0,0.11224489795918367,0.40540540540540543
eb05-dual,1.0961828856584739,15,23,1.0,0.11734693877551021,0.39473684210526316
eb05-dual,1.0822142880547256,15,24,1.0,0.12244897959183673,0.38461538461538464
eb05-dual,1.0820605302066448,15,25,1.0,0.12755102040816327,0.375
eb05-dual,1.0777994386618814,15,26,1.0,0.1326530612244898,0.36585365853658536
eb05-dual,1.0715322975117882,15,27,1.0,0.1377551020408163,0.35714285714285715
eb05-dual,1.0506718443012038,15,28,1.0,0.14285714285714285,0.3488372093023256
eb05-dual,1.02554158122731,15,29,1.0,0.14795918367346939,0.3409090909090909
eb05-dual,0.9861715101247943,15,30,1.0,0.15306122448979592,0.3333333333333333
eb05-dual,0.9770049577972691,15,31,1.0,0.15816326530612246,0.32608695652173914
eb05-dual,0.9757749921187259,15,32,1.0,0.16326530612244897,0.3191489361702128
eb05-dual,0.9746045038061966,15,34,1.0,0.17346938775510204,0.30612244897959184
eb05-dual,0.9680812948290297,15,36,1.0,0.1836734693877551,0.29411764705882354
eb05-dual,0.9510977800728782,15,37,1.0,0.18877551020408162,0.28846153846153844
eb05-dual,0.9468783351480139,15,38,1.0,0.19387755102040816,0.2830188679245283
eb05-dual,0.9409518528563127,15,39,1.0,0.1989795918367347,0.2777777777777778
eb05-dual,0.9374070503871749,15,40,1.0,0.20408163265306123,0.2727272727272727
eb05-dual,0.9370004471358022,15,41,1.0,0.20918367346938777,0.26785714285714285
eb05-dual,0.9360476681698644,15,42,1.0,0.21428571428571427,0.2631578947368421
eb05-dual,0.9167313600945417,15,43,1.0,0.2193877551020408,0.25862068965517243
eb05-dual,0.9154978078582839,15,44,1.0,0.22448979591836735,0.2542372881355932
eb05-dual,0.9140089983583017,15,47,1.0,0.23979591836734693,0.24193548387096775
eb05-dual,0.9108442166909632,15,48,1.0,0.24489795918367346,0.23809523809523808
eb05-dual,0.9108372913846634,15,49,1.0,0.25,0.234375
eb05-dual,0.9045637385606048,15,50,1.0,0.25510204081632654,0.23076923076923078
eb05-dual,0.9037754813169544,15,51,1.0,0.2602040816326531,0.22727272727272727
eb05-dual,0.9029350662163615,15,52,1.0,0.2653061224489796,0.22388059701492538
eb05-dual,0.8987364805367389,15,53,1.0,0.27040816326530615,0.22058823529411764
eb05-dual,0.8881567102303871,15,54,1.0,0.2755102040816326,0.21739130434782608
eb05-dual,0.8684452383811431,15,55,1.0,0.28061224489795916,0.21428571428571427
eb05-dual,0.8661700696206408,15,56,1.0,0.2857142857142857,0.2112676056338028
eb05-dual,0.8619603022723386,15,57,1.0,0.29081632653061223,0.20833333333333334
eb05-dual,0.8550819898057508,15,74,1.0,0.37755102040816324,0.16853932584269662
eb05-dual,0.8457346225334621,15,75,1.0,0.3826530612244898,0.16666666666666666
eb05-dual,0.8401308896816225,15,76,1.0,0.3877551020408163,0.16483516483516483
eb05-dual,0.8327357547462557,15,77,1.0,0.39285714285714285,0.16304347826086957
eb05-dual,0.8303193816830439,15,78,1.0,0.3979591836734694,0.16129032258064516
eb05-dual,0.8219065951403252,15,81,1.0,0.413265306122449,0.15625
eb05-dual,0.8118262116487973,15,86,1.0,0.4387755102040816,0.1485148514851485
eb05-dual,0.8083699298944185,15,88,1.0,0.4489795918367347,0.14563106796116504
eb05-dual,0.8018510199792735,15,89,1.0,0.45408163265306123,0.14423076923076922
eb05-dual,0.779725178956191,15,93,1.0,0.4744897959183674,0.1388888888888889
eb05-dual,0.7627225151091236,15,94,1.0,0.47959183673469385,0.13761467889908258
eb05-dual,0.745269722355063,15,100,1.0,0.5102040816326531,0.13043478260869565
eb05-dual,0.72937828390613,15,101,1.0,0.5153061224489796,0.12931034482758622
eb05-dual,0.7286161968423641,15,104,1.0,0.5306122448979592,0.12605042016806722
eb05-dual,0.7092168408810803,15,107,1.0,0.5459183673469388,0.12295081967213115
eb05-dual,0.6868142129970327,15,108,1.0,0.5510204081632653,0.12195121951219512
eb05-dual,0.6629704084837282,15,110,1.0,0.5612244897959183,0.12
eb05-dual,0.6582733165373886,15,111,1.0,0.5663265306122449,0.11904761904761904
eb05-dual,0.6477013578505277,15,112,1.0,0.5714285714285714,0.11811023622047244
eb05-dual,0.6291631875966989,15,113,1.0,0.576530612244898,0.1171875
eb05-dual,0.6236258957409512,15,117,1.0,0.5969387755102041,0.11363636363636363
eb05-dual,0.6204757545200171,15,118,1.0,0.6020408163265306,0.11278195488721804
eb05-dual,0.6101318432901172,15,119,1.0,0.6071428571428571,0.11194029850746269
eb05-dual,0.6010332609175805,15,120,1.0,0.6122448979591837,0.1111111111111111
eb05-dual,0.5752415750618199,15,121,1.0,0.6173469387755102,0.11029411764705882
eb05-dual,0.5733495992726644,15,131,1.0,0.6683673469387755,0.10273972602739725
eb05-dual,0.5633008655865697,15,134,1.0,0.6836734693877551,0.10067114093959731
eb05-dual,0.5587632703816446,15,138,1.0,0.7040816326530612,0.09803921568627451
eb05-dual,0.5380279772949594,15,139,1.0,0.7091836734693877,0.09740259740259741
eb05-dual,0.529970846634502,15,145,1.0,0.7397959183673469,0.09375
eb05-dual,0.5158612838355511,15,148,1.0,0.7551020408163265,0.09202453987730061
eb05-dual,0.5153825825706317,15,149,1.0,0.7602040816326531,0.09146341463414634
eb05-dual,0.5119784834840525,15,150,1.0,0.7653061224489796,0.09090909090909091
eb05-dual,0.5108833936041056,15,152,1.0,0.7755102040816326,0.08982035928143713
eb05-dual,0.507977557389934,15,153,1.0,0.7806122448979592,0.08928571428571429
eb05-dual,0.5056273665439452,15,156,1.0,0.7959183673469388,0.08771929824561403
eb05-dual,0.5047568225376453,15,157,1.0,0.8010204081632653,0.0872093023255814
eb05-dual,0.49657800520266204,15,158,1.0,0.8061224489795918,0.08670520231213873
eb05-dual,0.4896444608197676,15,160,1.0,0.8163265306122449,0.08571428571428572
eb05-dual,0.4691683562997272,15,165,1.0,0.8418367346938775,0.08333333333333333
eb05-dual,0.45565419489601827,15,166,1.0,0.8469387755102041,0.08287292817679558
eb05-dual,0.4332776263334899,15,169,1.0,0.8622448979591837,0.08152173913043478
eb05-dual,0.42755090537076346,15,178,1.0,0.9081632653061225,0.07772020725388601
eb05-dual,0.42532306995258057,15,179,1.0,0.9132653061224489,0.07731958762886598
eb05-dual,0.41591166441334715,15,183,1.0,0.9336734693877551,0.07575757575757576
eb05-dual,0.3745615264860615,15,186,1.0,0.9489795918367347,0.07462686567164178
eb05-dual,0.37433682774967275,15,187,1.0,0.9540816326530612,0.07425742574257425
eb05-dual,0.3693984444062042,15,190,1.0,0.9693877551020408,0.07317073170731707
eb05-dual,0.0,15,196,1.0,1.0,0.07109004739336493
eb05-spatial,inf,0,0,0.0,0.0,
eb05-spatial,8.835186938884023,1,0,0.06666666666666667,0.0,1.0
eb05-spatial,5.402213582297676,2,0,0.13333333333333333,0.0,1.0
eb05-spatial,5.262603315879525,2,1,0.13333333333333333,0.00510204081632653,0.6666666666666666
eb05-spatial,5.173738430984887,3,1,0.2,0.00510204081632653,0.75
eb05-spatial,5.09941307251019,4,1,0.26666666666666666,0.00510204081632653,0.8
eb05-spatial,4.615294093662825,5,1,0.3333333333333333,0.00510204081632653,0.8333333333333334
eb05-spatial,3.732639646918404,6,1,0.4,0.00510204081632653,0.8571428571428571
eb05-spatial,3.015452228150545,7,1,0.4666666666666667,0.00510204081632653,0.875
eb05-spatial,2.988508520201805,8,1,0.5333333333333333,0.00510204081632653,0.8888888888888888
eb05-spatial,2.599957996087782,9,1,0.6,0.00510204081632653,0.9
eb05-spatial,2.5006557865265178,10,1,0.6666666666666666,0.00510204081632653,0.9090909090909091
eb05-spatial,2.386495311286256,11,1,0.7333333333333333,0.00510204081632653,0.9166666666666666
eb05-spatial,2.290412854116514,12,1,0.8,0.00510204081632653,0.9230769230769231
eb05-spatial,2.10749860382993,12,2,0.8,0.01020408163265306,0.8571428571428571
eb05-spatial,1.9646402402336107,13,2,0.8666666666666667,0.01020408163265306,0.8666666666666667
eb05-spatial,1.854331158080691,13,3,0.8666666666666667,0.015306122448979591,0.8125
eb05-spatial,1.8270087441900225,13,4,0.8666666666666667,0.02040816326530612,0.7647058823529411
eb05-spatial,1.8242303785020173,13,6,0.8666666666666667,0.030612244897959183,0.6842105263157895
eb05-spatial,1.7978730424933964,13,7,0.8666666666666667,0.03571428571428571,0.65
eb05-spatial,1.7962262879362094,14,7,0.9333333333333333,0.03571428571428571,0.6666666666666666
eb05-spatial,1.7459828006529392,14,8,0.9333333333333333,0.04081632653061224,0.6363636363636364
eb05-spatial,1.6750412132012662,14,9,0.9333333333333333,0.04591836734693878,0.6086956521739131
eb05-spatial,1.6435787203794918,15,9,1.0,0.04591836734693878,0.625
eb05-spatial,1.6415450967151037,15,10,1.0,0.05102040816326531,0.6
eb05-spatial,1.5889407273549734,15,11,1.0,0.05612244897959184,0.5769230769230769
eb05-spatial,1.5754686664439688,15,12,1.0,0.061224489795918366,0.5555555555555556
eb05-spatial,1.5382926067712095,15,13,1.0,0.0663265306122449,0.5357142857142857
eb05-spatial,1.5154598256234268,15,14,1.0,0.07142857142857142,0.5172413793103449
eb05-spatial,1.434521543022309,15,15,1.0,0.07653061224489796,0.5
eb05-spatial,1.4311879934931844,15,16,1.0,0.08163265306122448,0.4838709677419355
eb05-spatial,1.423558385605407,15,17,1.0,0.08673469387755102,0.46875
eb05-spatial,1.3993697290808293,15,18,1.0,0.09183673469387756,0.45454545454545453
eb05-spatial,1.3617691272521035,15,19,1.0,0.09693877551020408,0.4411764705882353
eb05-spatial,1.360496958321825,15,20,1.0,0.10204081632653061,0.42857142857142855
eb05-spatial,1.3500171361483204,15,21,1.0,0.10714285714285714,0.4166666666666667
eb05-spatial,1.3411373469760046,15,22,1.0,0.11224489795918367,0.40540540540540543
eb05-spatial,1.3320868690927805,15,23,1.0,0.11734693877551021,0.39473684210526316
eb05-spatial,1.3144636944562866,15,24,1.0,0.12244897959183673,0.38461538461538464
eb05-spatial,1.2709738115323042,15,25,1.0,0.12755102040816327,0.375
eb05-spatial,1.2587887933639152,15,26,1.0,0.1326530612244898,0.36585365853658536
eb05-spatial,1.2572050105074533,15,27,1.0,0.1377551020408163,0.35714285714285715
eb05-spatial,1.2559334809888727,15,28,1.0,0.14285714285714285,0.3488372093023256
eb05-spatial,1.2356590729665642,15,29,1.0,0.14795918367346939,0.3409090909090909
eb05-spatial,1.2051033188974245,15,30,1.0,0.15306122448979592,0.3333333333333333
eb05-spatial,1.203362756548094,15,31,1.0,0.15816326530612246,0.32608695652173914
eb05-spatial,1.1956337673421236,15,33,1.0,0.1683673469387755,0.3125
eb05-spatial,1.183785087922651,15,34,1.0,0.17346938775510204,0.30612244897959184
eb05-spatial,1.1635885823666472,15,35,1.0,0.17857142857142858,0.3
eb05-spatial,1.1215903291101637,15,36,1.0,0.1836734693877551,0.29411764705882354
eb05-spatial,1.1194425932329564,15,37,1.0,0.18877551020408162,0.28846153846153844
eb05-spatial,1.1057013466715744,15,38,1.0,0.19387755102040816,0.2830188679245283
eb05-spatial,1.0873296285937704,15,39,1.0,0.1989795918367347,0.2777777777777778
eb05-spatial,1.0825990965669545,15,40,1.0,0.20408163265306123,0.2727272727272727
eb05-spatial,1.056603078597542,15,41,1.0,0.20918367346938777,0.26785714285714285
eb05-spatial,1.0389991493606354,15,42,1.0,0.21428571428571427,0.2631578947368421
eb05-spatial,1.0325369213849525,15,43,1.0,0.2193877551020408,0.25862068965517243
eb05-spatial,1.0242482319179396,15,48,1.0,0.24489795918367346,0.23809523809523808
eb05-spatial,1.0240927234759196,15,49,1.0,0.25,0.234375
eb05-spatial,1.018096067608296,15,50,1.0,0.25510204081632654,0.23076923076923078
eb05-spatial,1.0073028812787224,15,51,1.0,0.2602040816326531,0.22727272727272727
eb05-spatial,0.9845138375548476,15,52,1.0,0.2653061224489796,0.22388059701492538
eb05-spatial,0.9760596425420394,15,53,1.0,0.27040816326530615,0.22058823529411764
eb05-spatial,0.96358131954531,15,54,1.0,0.2755102040816326,0.21739130434782608
eb05-spatial,0.9628480412120487,15,57,1.0,0.29081632653061223,0.20833333333333334
eb05-spatial,0.9604428263915242,15,58,1.0,0.29591836734693877,0.2054794520547945
eb05-spatial,0.9375382064380926,15,59,1.0,0.3010204081632653,0.20270270270270271
eb05-spatial,0.9354122378752067,15,60,1.0,0.30612244897959184,0.2
eb05-spatial,0.9161023267160281,15,61,1.0,0.3112244897959184,0.19736842105263158
eb05-spatial,0.9151388943794208,15,62,1.0,0.3163265306122449,0.19480519480519481
eb05-spatial,0.9130045929168489,15,63,1.0,0.32142857142857145,0.19230769230769232
eb05-spatial,0.9058314849132704,15,64,1.0,0.32653061224489793,0.189873417721519
eb05-spatial,0.8969611332458485,15,65,1.0,0.33163265306122447,0.1875
eb05-spatial,0.8879529820103402,15,66,1.0,0.336734693877551,0.18518518518518517
eb05-spatial,0.8849778920088808,15,83,1.0,0.42346938775510207,0.15306122448979592
eb05-spatial,0.868634659648407,15,84,1.0,0.42857142857142855,0.15151515151515152
eb05-spatial,0.8677648079176495,15,85,1.0,0.4336734693877551,0.15
eb05-spatial,0.8406639139712934,15,86,1.0,0.4387755102040816,0.1485148514851485
eb05-spatial,0.8390115592551964,15,89,1.0,0.45408163265306123,0.14423076923076922
eb05-spatial,0.8334920079020569,15,90,1.0,0.45918367346938777,0.14285714285714285
eb05-spatial,0.7813734784938032,15,92,1.0,0.46938775510204084,0.14018691588785046
eb05-spatial,0.7771905309898737,15,102,1.0,0.5204081632653061,0.1282051282051282
eb05-spatial,0.7582918843176232,15,105,1.0,0.5357142857142857,0.125
eb05-spatial,0.7502669479633075,15,106,1.0,0.5408163265306123,0.12396694214876033
eb05-spatial,0.7444201111564588,15,107,1.0,0.5459183673469388,0.12295081967213115
eb05-spatial,0.7416386079664454,15,110,1.0,0.5612244897959183,0.12
eb05-spatial,0.7145724217352629,15,112,1.0,0.5714285714285714,0.11811023622047244
eb05-spatial,0.7077280046559712,15,113,1.0,0.576530612244898,0.1171875
eb05-spatial,0.6863196354011201,15,114,1.0,0.5816326530612245,0.11627906976744186
eb05-spatial,0.6810064548916958,15,115,1.0,0.5867346938775511,0.11538461538461539
eb05-spatial,0.6809037350367663,15,116,1.0,0.5918367346938775,0.11450381679389313
eb05-spatial,0.6801668309406765,15,120,1.0,0.6122448979591837,0.1111111111111111
eb05-spatial,0.6724975877389673,15,121,1.0,0.6173469387755102,0.11029411764705882
eb05-spatial,0.6105898813073071,15,127,1.0,0.6479591836734694,0.1056338028169014
eb05-spatial,0.6055323785467326,15,130,1.0,0.6632653061224489,0.10344827586206896
eb05-spatial,0.5987345483696312,15,140,1.0,0.7142857142857143,0.0967741935483871
eb05-spatial,0.5965326888572189,15,142,1.0,0.7244897959183674,0.09554140127388536
eb05-spatial,0.5758561887106788,15,146,1.0,0.7448979591836735,0.09316770186335403
eb05-spatial,0.5742160924610419,15,147,1.0,0.75,0.09259259259259259
eb05-spatial,0.5665950884801148,15,148,1.0,0.7551020408163265,0.09202453987730061
eb05-spatial,0.5589485919406356,15,151,1.0,0.7704081632653061,0.09036144578313253
eb05-spatial,0.5518324278417589,15,152,1.0,0.7755102040816326,0.08982035928143713
eb05-spatial,0.5366961488776547,15,153,1.0,0.7806122448979592,0.08928571428571429
eb05-spatial,0.5360522329276335,15,156,1.0,0.7959183673469388,0.08771929824561403
eb05-spatial,0.5217242966869456,15,158,1.0,0.8061224489795918,0.08670520231213873
eb05-spatial,0.492319037699945,15,159,1.0,0.8112244897959183,0.08620689655172414
eb05-spatial,0.4883807946768815,15,162,1.0,0.826530612244898,0.0847457627118644
eb05-spatial,0.48710997100127346,15,168,1.0,0.8571428571428571,0.08196721311475409
eb05-spatial,0.4480788968950323,15,169,1.0,0.8622448979591837,0.08152173913043478
eb05-spatial,0.4339003592830632,15,178,1.0,0.9081632653061225,0.07772020725388601
eb05-spatial,0.41524633998284216,15,182,1.0,0.9285714285714286,0.07614213197969544
eb05-spatial,0.404975022344056,15,183,1.0,0.9336734693877551,0.07575757575757576
eb05-spatial,0.3852422959287275,15,186,1.0,0.9489795918367347,0.07462686567164178
eb05-spatial,0.38230135593222137,15,187,1.0,0.9540816326530612,0.07425742574257425
eb05-spatial,0.3818507942144852,15,190,1.0,0.9693877551020408,0.07317073170731707
eb05-spatial,0.0,15,196,1.0,1.0,0.07109004739336493
eb05-spatial-prior,inf,0,0,0.0,0.0,
eb05-spatial-prior,7.0685417583656065,1,0,0.06666666666666667,0.0,1.0
eb05-spatial-prior,4.855662510721039,2,0,0.13333333333333333,0.0,1.0
eb05-spatial-prior,4.8202870209607225,3,0,0.2,0.0,1.0
eb05-spatial-prior,4.644828655266321,4,0,0.26666666666666666,0.0,1.0
eb05-spatial-prior,4.503669473734799,5,0,0.3333333333333333,0.0,1.0
eb05-spatial-prior,4.332082399440553,5,1,0.3333333333333333,0.00510204081632653,0.8333333333333334
eb05-spatial-prior,3.596705491202683,6,1,0.4,0.00510204081632653,0.8571428571428571
eb05-spatial-prior,2.8148404644605765,7,1,0.4666666666666667,0.00510204081632653,0.875
eb05-spatial-prior,2.5196040476556147,8,1,0.5333333333333333,0.00510204081632653,0.8888888888888888
eb05-spatial-prior,2.514879742727835,9,1,0.6,0.00510204081632653,0.9
eb05-spatial-prior,2.094122203647925,10,1,0.6666666666666666,0.00510204081632653,0.9090909090909091
eb05-spatial-prior,2.087496478677821,10,2,0.6666666666666666,0.01020408163265306,0.8333333333333334
eb05-spatial-prior,1.9873724379951754,11,2,0.7333333333333333,0.01020408163265306,0.8461538461538461
eb05-spatial-prior,1.9381428805435432,12,2,0.8,0.01020408163265306,0.8571428571428571
eb05-spatial-prior,1.900622651531237,13,2,0.8666666666666667,0.01020408163265306,0.8666666666666667
eb05-spatial-prior,1.7316548757781804,14,2,0.9333333333333333,0.01020408163265306,0.875
eb05-spatial-prior,1.6447081567465367,14,3,0.9333333333333333,0.015306122448979591,0.8235294117647058
eb05-spatial-prior,1.6189857944519115,15,3,1.0,0.015306122448979591,0.8333333333333334
eb05-spatial-prior,1.5714092153441912,15,4,1.0,0.02040816326530612,0.7894736842105263
eb05-spatial-prior,1.5275174823323152,15,5,1.0,0.025510204081632654,0.75
eb05-spatial-prior,1.5232103731982451,15,6,1.0,0.030612244897959183,0.7142857142857143
eb05-spatial-prior,1.515024330689432,15,7,1.0,0.03571428571428571,0.6818181818181818
eb05-spatial-prior,1.4901814764749248,15,8,1.0,0.04081632653061224,0.6521739130434783
eb05-spatial-prior,1.4706227123467615,15,10,1.0,0.05102040816326531,0.6
eb05-spatial-prior,1.4433580737142218,15,11,1.0,0.05612244897959184,0.5769230769230769
eb05-spatial-prior,1.4064242617916702,15,12,1.0,0.061224489795918366,0.5555555555555556
eb05-spatial-prior,1.4036219017863125,15,13,1.0,0.0663265306122449,0.5357142857142857
eb05-spatial-prior,1.3966174319409566,15,14,1.0,0.07142857142857142,0.5172413793103449
eb05-spatial-prior,1.3323740570506588,15,15,1.0,0.07653061224489796,0.5
eb05-spatial-prior,1.3094643822161989,15,16,1.0,0.08163265306122448,0.4838709677419355
eb05-spatial-prior,1.295198409426092,15,17,1.0,0.08673469387755102,0.46875
eb05-spatial-prior,1.2759549923161961,15,18,1.0,0.09183673469387756,0.45454545454545453
eb05-spatial-prior,1.268019756356064,15,19,1.0,0.09693877551020408,0.4411764705882353
eb05-spatial-prior,1.2333711058007717,15,20,1.0,0.10204081632653061,0.42857142857142855
eb05-spatial-prior,1.2215614131639099,15,21,1.0,0.10714285714285714,0.4166666666666667
eb05-spatial-prior,1.1974412848655291,15,22,1.0,0.11224489795918367,0.40540540540540543
eb05-spatial-prior,1.1860456627955664,15,23,1.0,0.11734693877551021,0.39473684210526316
eb05-spatial-prior,1.1640646296388848,15,24,1.0,0.12244897959183673,0.38461538461538464
eb05-spatial-prior,1.1580454697929266,15,25,1.0,0.12755102040816327,0.375
eb05-spatial-prior,1.133770158768248,15,27,1.0,0.1377551020408163,0.35714285714285715
eb05-spatial-prior,1.1209906520677304,15,28,1.0,0.14285714285714285,0.3488372093023256
eb05-spatial-prior,1.1098015831660843,15,29,1.0,0.14795918367346939,0.3409090909090909
eb05-spatial-prior,1.0990232166987883,15,30,1.0,0.15306122448979592,0.3333333333333333
eb05-spatial-prior,1.0902348830652384,15,31,1.0,0.15816326530612246,0.32608695652173914
eb05-spatial-prior,1.0900778198449455,15,32,1.0,0.16326530612244897,0.3191489361702128
eb05-spatial-prior,1.0877469883883142,15,34,1.0,0.17346938775510204,0.30612244897959184
eb05-spatial-prior,1.0774089716264743,15,35,1.0,0.17857142857142858,0.3
eb05-spatial-prior,1.0489103866137686,15,36,1.0,0.1836734693877551,0.29411764705882354
eb05-spatial-prior,1.0119888981416716,15,37,1.0,0.18877551020408162,0.28846153846153844
eb05-spatial-prior,0.9905336294025593,15,38,1.0,0.19387755102040816,0.2830188679245283
eb05-spatial-prior,0.9888981903268129,15,39,1.0,0.1989795918367347,0.2777777777777778
eb05-spatial-prior,0.9871111032247407,15,40,1.0,0.20408163265306123,0.2727272727272727
eb05-spatial-prior,0.9838047123390341,15,41,1.0,0.20918367346938777,0.26785714285714285
eb05-spatial-prior,0.9494959418011651,15,42,1.0,0.21428571428571427,0.2631578947368421
eb05-spatial-prior,0.9478100572467928,15,43,1.0,0.2193877551020408,0.25862068965517243
eb05-spatial-prior,0.9462722651722771,15,44,1.0,0.22448979591836735,0.2542372881355932
eb05-spatial-prior,0.9409111958639241,15,49,1.0,0.25,0.234375
eb05-spatial-prior,0.9398550565423064,15,50,1.0,0.25510204081632654,0.23076923076923078
eb05-spatial-prior,0.9359537178705936,15,51,1.0,0.2602040816326531,0.22727272727272727
eb05-spatial-prior,0.9216855353860922,15,54,1.0,0.2755102040816326,0.21739130434782608
eb05-spatial-prior,0.9160631568531532,15,55,1.0,0.28061224489795916,0.21428571428571427
eb05-spatial-prior,0.900379477307482,15,56,1.0,0.2857142857142857,0.2112676056338028
eb05-spatial-prior,0.8918424743985958,15,57,1.0,0.29081632653061223,0.20833333333333334
eb05-spatial-prior,0.8884286876567927,15,58,1.0,0.29591836734693877,0.2054794520547945
eb05-spatial-prior,0.8874186940823234,15,59,1.0,0.3010204081632653,0.20270270270270271
eb05-spatial-prior,0.8867816485022344,15,60,1.0,0.30612244897959184,0.2
eb05-spatial-prior,0.8815274755421685,15,61,1.0,0.3112244897959184,0.19736842105263158
eb05-spatial-prior,0.8673440872987106,15,62,1.0,0.3163265306122449,0.19480519480519481
eb05-spatial-prior,0.8648638726803856,15,63,1.0,0.32142857142857145,0.19230769230769232
eb05-spatial-prior,0.8619048460853498,15,80,1.0,0.40816326530612246,0.15789473684210525
eb05-spatial-prior,0.8561138497007392,15,81,1.0,0.413265306122449,0.15625
eb05-spatial-prior,0.851872801502592,15,82,1.0,0.41836734693877553,0.15463917525773196
eb05-spatial-prior,0.8356366749847653,15,83,1.0,0.42346938775510207,0.15306122448979592
eb05-spatial-prior,0.8350959038859531,15,84,1.0,0.42857142857142855,0.15151515151515152
eb05-spatial-prior,0.827977609297518,15,86,1.0,0.4387755102040816,0.1485148514851485
eb05-spatial-prior,0.8213179002635037,15,87,1.0,0.44387755102040816,0.14705882352941177
eb05-spatial-prior,0.8157452526215301,15,89,1.0,0.45408163265306123,0.14423076923076922
eb05-spatial-prior,0.7794718029795397,15,93,1.0,0.4744897959183674,0.1388888888888889
eb05-spatial-prior,0.7683691152734552,15,94,1.0,0.47959183673469385,0.13761467889908258
eb05-spatial-prior,0.7675512348334218,15,95,1.0,0.4846938775510204,0.13636363636363635
eb05-spatial-prior,0.7512250411573168,15,101,1.0,0.5153061224489796,0.12931034482758622
eb05-spatial-prior,0.7462958326516671,15,102,1.0,0.5204081632653061,0.1282051282051282
eb05-spatial-prior,0.7345774338564721,15,105,1.0,0.5357142857142857,0.125
eb05-spatial-prior,0.7227753239521127,15,106,1.0,0.5408163265306123,0.12396694214876033
eb05-spatial-prior,0.72175157681189,15,109,1.0,0.5561224489795918,0.12096774193548387
eb05-spatial-prior,0.70738340043213,15,110,1.0,0.5612244897959183,0.12
eb05-spatial-prior,0.6821364559549872,15,111,1.0,0.5663265306122449,0.11904761904761904
eb05-spatial-prior,0.6594116163748958,15,113,1.0,0.576530612244898,0.1171875
eb05-spatial-prior,0.6320252471953461,15,114,1.0,0.5816326530612245,0.11627906976744186
eb05-spatial-prior,0.6309694933571399,15,115,1.0,0.5867346938775511,0.11538461538461539
eb05-spatial-prior,0.6027628479513656,15,117,1.0,0.5969387755102041,0.11363636363636363
eb05-spatial-prior,0.5965683668198092,15,118,1.0,0.6020408163265306,0.11278195488721804
eb05-spatial-prior,0.5935968909032356,15,120,1.0,0.6122448979591837,0.1111111111111111
eb05-spatial-prior,0.5901231592748762,15,126,1.0,0.6428571428571429,0.10638297872340426
eb05-spatial-prior,0.5860588957445587,15,129,1.0,0.6581632653061225,0.10416666666666667
eb05-spatial-prior,0.5803595760088838,15,139,1.0,0.7091836734693877,0.09740259740259741
eb05-spatial-prior,0.5730041223146053,15,141,1.0,0.7193877551020408,0.09615384615384616
eb05-spatial-prior,0.5718198816177676,15,143,1.0,0.7295918367346939,0.0949367088607595
eb05-spatial-prior,0.5656261683910355,15,147,1.0,0.75,0.09259259259259259
eb05-spatial-prior,0.5644884017994884,15,148,1.0,0.7551020408163265,0.09202453987730061
eb05-spatial-prior,0.5590498003458686,15,151,1.0,0.7704081632653061,0.09036144578313253
eb05-spatial-prior,0.5488853975581142,15,155,1.0,0.7908163265306123,0.08823529411764706
eb05-spatial-prior,0.5382737923428594,15,157,1.0,0.8010204081632653,0.0872093023255814
eb05-spatial-prior,0.5382240999693587,15,158,1.0,0.8061224489795918,0.08670520231213873
eb05-spatial-prior,0.527165682350281,15,160,1.0,0.8163265306122449,0.08571428571428572
eb05-spatial-prior,0.5103150820498443,15,161,1.0,0.8214285714285714,0.08522727272727272
eb05-spatial-prior,0.4911193833403939,15,164,1.0,0.8367346938775511,0.08379888268156424
eb05-spatial-prior,0.46258364073284314,15,168,1.0,0.8571428571428571,0.08196721311475409
eb05-spatial-prior,0.4505254482160221,15,169,1.0,0.8622448979591837,0.08152173913043478
eb05-spatial-prior,0.42268069650270995,15,170,1.0,0.8673469387755102,0.08108108108108109
eb05-spatial-prior,0.41886190730856654,15,179,1.0,0.9132653061224489,0.07731958762886598
eb05-spatial-prior,0.4028757347488934,15,183,1.0,0.9336734693877551,0.07575757575757576
eb05-spatial-prior,0.37480595397954086,15,184,1.0,0.9387755102040817,0.07537688442211055
eb05-spatial-prior,0.3731393169862586,15,187,1.0,0.9540816326530612,0.07425742574257425
eb05-spatial-prior,0.36844278503315736,15,190,1.0,0.9693877551020408,0.07317073170731707
eb05-spatial-prior,0.0,15,196,1.0,1.0,0.07109004739336493
eb05-v2,inf,0,0,0.0,0.0,
eb05-v2,8.691700837920152,1,0,0.06666666666666667,0.0,1.0
eb05-v2,4.008820921865103,2,0,0.13333333333333333,0.0,1.0
eb05-v2,3.927020793329926,3,0,0.2,0.0,1.0
eb05-v2,2.9943693964570137,4,0,0.26666666666666666,0.0,1.0
eb05-v2,2.724010381859985,5,0,0.3333333333333333,0.0,1.0
eb05-v2,2.5501785250432123,6,0,0.4,0.0,1.0
eb05-v2,2.533257146875823,7,0,0.4666666666666667,0.0,1.0
eb05-v2,2.420583288612073,8,0,0.5333333333333333,0.0,1.0
eb05-v2,2.397878749488701,9,0,0.6,0.0,1.0
eb05-v2,2.375113594163218,10,0,0.6666666666666666,0.0,1.0
eb05-v2,1.9720660476266403,11,0,0.7333333333333333,0.0,1.0
eb05-v2,1.9466788565233841,11,1,0.7333333333333333,0.00510204081632653,0.9166666666666666
eb05-v2,1.8342637828583812,11,2,0.7333333333333333,0.01020408163265306,0.8461538461538461
eb05-v2,1.657071145850993,11,3,0.7333333333333333,0.015306122448979591,0.7857142857142857
eb05-v2,1.476392046619934,11,4,0.7333333333333333,0.02040816326530612,0.7333333333333333
eb05-v2,1.4734201875259128,11,6,0.7333333333333333,0.030612244897959183,0.6470588235294118
eb05-v2,1.4324815096965167,11,7,0.7333333333333333,0.03571428571428571,0.6111111111111112
eb05-v2,1.4316425447615935,12,7,0.8,0.03571428571428571,0.631578947368421
eb05-v2,1.3908680420453128,12,8,0.8,0.04081632653061224,0.6
eb05-v2,1.385595934727554,12,9,0.8,0.04591836734693878,0.5714285714285714
eb05-v2,1.3671838689561504,12,10,0.8,0.05102040816326531,0.5454545454545454
eb05-v2,1.3582620896673538,12,11,0.8,0.05612244897959184,0.5217391304347826
eb05-v2,1.3454024149568382,13,11,0.8666666666666667,0.05612244897959184,0.5416666666666666
eb05-v2,1.3348500392411076,13,12,0.8666666666666667,0.061224489795918366,0.52
eb05-v2,1.330175267952532,14,12,0.9333333333333333,0.061224489795918366,0.5384615384615384
eb05-v2,1.3032128307814603,14,13,0.9333333333333333,0.0663265306122449,0.5185185185185185
eb05-v2,1.265030100950015,14,14,0.9333333333333333,0.07142857142857142,0.5
eb05-v2,1.2573187549387672,14,15,0.9333333333333333,0.07653061224489796,0.4827586206896552
eb05-v2,1.237967686204846,14,16,0.9333333333333333,0.08163265306122448,0.4666666666666667
eb05-v2,1.2287252322791469,14,17,0.9333333333333333,0.08673469387755102,0.45161290322580644
eb05-v2,1.2148500143218126,14,18,0.9333333333333333,0.09183673469387756,0.4375
eb05-v2,1.2091795234135536,14,19,0.9333333333333333,0.09693877551020408,0.42424242424242425
eb05-v2,1.2090472778603525,14,20,0.9333333333333333,0.10204081632653061,0.4117647058823529
eb05-v2,1.2077436387510514,14,21,0.9333333333333333,0.10714285714285714,0.4
eb05-v2,1.1786405615501763,14,22,0.9333333333333333,0.11224489795918367,0.3888888888888889
eb05-v2,1.1569645194329072,14,23,0.9333333333333333,0.11734693877551021,0.3783783783783784
eb05-v2,1.143781030665814,14,24,0.9333333333333333,0.12244897959183673,0.3684210526315789
eb05-v2,1.1036861447422357,14,25,0.9333333333333333,0.12755102040816327,0.358974358974359
eb05-v2,1.097957151704801,14,26,0.9333333333333333,0.1326530612244898,0.35
eb05-v2,1.0916218507306923,14,27,0.9333333333333333,0.1377551020408163,0.34146341463414637
eb05-v2,1.0864569559903663,14,28,0.9333333333333333,0.14285714285714285,0.3333333333333333
eb05-v2,1.086081820831036,14,29,0.9333333333333333,0.14795918367346939,0.32558139534883723
eb05-v2,1.077657298962563,14,30,0.9333333333333333,0.15306122448979592,0.3181818181818182
eb05-v2,1.0629021433126096,14,31,0.9333333333333333,0.15816326530612246,0.3111111111111111
eb05-v2,1.06134320773767,14,32,0.9333333333333333,0.16326530612244897,0.30434782608695654
eb05-v2,1.0523183301317913,15,32,1.0,0.16326530612244897,0.3191489361702128
eb05-v2,1.0402166799404016,15,33,1.0,0.1683673469387755,0.3125
eb05-v2,1.0351540860215507,15,34,1.0,0.17346938775510204,0.30612244897959184
eb05-v2,1.022199586615007,15,35,1.0,0.17857142857142858,0.3
eb05-v2,1.0060301672545928,15,36,1.0,0.1836734693877551,0.29411764705882354
eb05-v2,0.9858604708066715,15,37,1.0,0.18877551020408162,0.28846153846153844
eb05-v2,0.9764412414532382,15,38,1.0,0.19387755102040816,0.2830188679245283
eb05-v2,0.9749187053858169,15,39,1.0,0.1989795918367347,0.2777777777777778
eb05-v2,0.9732328156241654,15,40,1.0,0.20408163265306123,0.2727272727272727
eb05-v2,0.9497474348191198,15,41,1.0,0.20918367346938777,0.26785714285714285
eb05-v2,0.9175449605254236,15,43,1.0,0.2193877551020408,0.25862068965517243
eb05-v2,0.9101013899176992,15,44,1.0,0.22448979591836735,0.2542372881355932
eb05-v2,0.9093690355108557,15,46,1.0,0.23469387755102042,0.2459016393442623
eb05-v2,0.8903215899927726,15,53,1.0,0.27040816326530615,0.22058823529411764
eb05-v2,0.8752694385265469,15,54,1.0,0.2755102040816326,0.21739130434782608
eb05-v2,0.8749101705731736,15,55,1.0,0.28061224489795916,0.21428571428571427
eb05-v2,0.8725360858076949,15,56,1.0,0.2857142857142857,0.2112676056338028
eb05-v2,0.8663858045131217,15,57,1.0,0.29081632653061223,0.20833333333333334
eb05-v2,0.8596098867489584,15,58,1.0,0.29591836734693877,0.2054794520547945
eb05-v2,0.8545473329553556,15,59,1.0,0.3010204081632653,0.20270270270270271
eb05-v2,0.8441078324183334,15,60,1.0,0.30612244897959184,0.2
eb05-v2,0.8414514695876494,15,61,1.0,0.3112244897959184,0.19736842105263158
eb05-v2,0.840283581610075,15,62,1.0,0.3163265306122449,0.19480519480519481
eb05-v2,0.8340199150135158,15,63,1.0,0.32142857142857145,0.19230769230769232
eb05-v2,0.8284575256716448,15,64,1.0,0.32653061224489793,0.189873417721519
eb05-v2,0.8254035457500051,15,65,1.0,0.33163265306122447,0.1875
eb05-v2,0.8046144480174287,15,66,1.0,0.336734693877551,0.18518518518518517
eb05-v2,0.8041150585946293,15,67,1.0,0.34183673469387754,0.18292682926829268
eb05-v2,0.796022344601731,15,78,1.0,0.3979591836734694,0.16129032258064516
eb05-v2,0.784752947553983,15,79,1.0,0.4030612244897959,0.1595744680851064
eb05-v2,0.783952197043535,15,80,1.0,0.40816326530612246,0.15789473684210525
eb05-v2,0.7487104170720956,15,81,1.0,0.413265306122449,0.15625
eb05-v2,0.744645945414959,15,82,1.0,0.41836734693877553,0.15463917525773196
eb05-v2,0.7444609192929995,15,84,1.0,0.42857142857142855,0.15151515151515152
eb05-v2,0.7443248831849896,15,85,1.0,0.4336734693877551,0.15
eb05-v2,0.7388232497484203,15,86,1.0,0.4387755102040816,0.1485148514851485
eb05-v2,0.732799194702524,15,87,1.0,0.44387755102040816,0.14705882352941177
eb05-v2,0.7211078347302307,15,89,1.0,0.45408163265306123,0.14423076923076922
eb05-v2,0.7097049993192941,15,92,1.0,0.46938775510204084,0.14018691588785046
eb05-v2,0.7018486926947877,15,93,1.0,0.4744897959183674,0.1388888888888889
eb05-v2,0.7008687889689641,15,95,1.0,0.4846938775510204,0.13636363636363635
eb05-v2,0.6969744390158847,15,98,1.0,0.5,0.13274336283185842
eb05-v2,0.6968420421918979,15,100,1.0,0.5102040816326531,0.13043478260869565
eb05-v2,0.6667706448649741,15,101,1.0,0.5153061224489796,0.12931034482758622
eb05-v2,0.6523689582299703,15,102,1.0,0.5204081632653061,0.1282051282051282
eb05-v2,0.6418887275518426,15,104,1.0,0.5306122448979592,0.12605042016806722
eb05-v2,0.6340853614600086,15,105,1.0,0.5357142857142857,0.125
eb05-v2,0.6255145773619794,15,106,1.0,0.5408163265306123,0.12396694214876033
eb05-v2,0.6252406719940808,15,107,1.0,0.5459183673469388,0.12295081967213115
eb05-v2,0.624732771474551,15,108,1.0,0.5510204081632653,0.12195121951219512
eb05-v2,0.608162085429521,15,109,1.0,0.5561224489795918,0.12096774193548387
eb05-v2,0.6064348388248596,15,112,1.0,0.5714285714285714,0.11811023622047244
eb05-v2,0.6001046988936077,15,119,1.0,0.6071428571428571,0.11194029850746269
eb05-v2,0.5966264584441838,15,124,1.0,0.6326530612244898,0.1079136690647482
eb05-v2,0.5833846248488092,15,127,1.0,0.6479591836734694,0.1056338028169014
eb05-v2,0.5830563067867366,15,128,1.0,0.6530612244897959,0.1048951048951049
eb05-v2,0.5707496081653342,15,131,1.0,0.6683673469387755,0.10273972602739725
eb05-v2,0.5593083777409656,15,132,1.0,0.673469387755102,0.10204081632653061
eb05-v2,0.5548651905230976,15,134,1.0,0.6836734693877551,0.10067114093959731
eb05-v2,0.5536456969400763,15,137,1.0,0.6989795918367347,0.09868421052631579
eb05-v2,0.5529696750024065,15,138,1.0,0.7040816326530612,0.09803921568627451
eb05-v2,0.5480849720171403,15,140,1.0,0.7142857142857143,0.0967741935483871
eb05-v2,0.5446134913391001,15,141,1.0,0.7193877551020408,0.09615384615384616
eb05-v2,0.5361419663921643,15,142,1.0,0.7244897959183674,0.09554140127388536
eb05-v2,0.5217962391070706,15,143,1.0,0.7295918367346939,0.0949367088607595
eb05-v2,0.5123589314277216,15,144,1.0,0.7346938775510204,0.09433962264150944
eb05-v2,0.5119063188102156,15,146,1.0,0.7448979591836735,0.09316770186335403
eb05-v2,0.5105359861832675,15,147,1.0,0.75,0.09259259259259259
eb05-v2,0.5039803491837566,15,150,1.0,0.7653061224489796,0.09090909090909091
eb05-v2,0.4988893993880101,15,151,1.0,0.7704081632653061,0.09036144578313253
eb05-v2,0.4903056359035947,15,154,1.0,0.7857142857142857,0.08875739644970414
eb05-v2,0.4874098418930024,15,155,1.0,0.7908163265306123,0.08823529411764706
eb05-v2,0.4723316178045211,15,156,1.0,0.7959183673469388,0.08771929824561403
eb05-v2,0.46433176772824875,15,159,1.0,0.8112244897959183,0.08620689655172414
eb05-v2,0.4627998035293889,15,160,1.0,0.8163265306122449,0.08571428571428572
eb05-v2,0.4456764639209004,15,161,1.0,0.8214285714285714,0.08522727272727272
eb05-v2,0.42569678503766983,15,163,1.0,0.8316326530612245,0.08426966292134831
eb05-v2,0.41908365901976713,15,171,1.0,0.8724489795918368,0.08064516129032258
eb05-v2,0.3995367858814821,15,173,1.0,0.8826530612244898,0.0797872340425532
eb05-v2,0.370580972677345,15,175,1.0,0.8928571428571429,0.07894736842105263
eb05-v2,0.351948058029109,15,178,1.0,0.9081632653061225,0.07772020725388601
eb05-v2,0.34981241755261483,15,179,1.0,0.9132653061224489,0.07731958762886598
eb05-v2,0.0,15,196,1.0,1.0,0.07109004739336493
eb05-weighted-role,inf,0,0,0.0,0.0,
eb05-weighted-role,6.871025894943885,1,0,0.06666666666666667,0.0,1.0
eb05-weighted-role,3.790987116134815,2,0,0.13333333333333333,0.0,1.0
eb05-weighted-role,3.65800156145807,3,0,0.2,0.0,1.0
eb05-weighted-role,2.5862692425692253,4,0,0.26666666666666666,0.0,1.0
eb05-weighted-role,2.57214486817008,5,0,0.3333333333333333,0.0,1.0
eb05-weighted-role,2.5482373762805204,6,0,0.4,0.0,1.0
eb05-weighted-role,2.2662341972387856,7,0,0.4666666666666667,0.0,1.0
eb05-weighted-role,2.021453404064564,8,0,0.5333333333333333,0.0,1.0
eb05-weighted-role,1.8591766016854507,9,0,0.6,0.0,1.0
eb05-weighted-role,1.7990109108448986,10,0,0.6666666666666666,0.0,1.0
eb05-weighted-role,1.6365998957812389,11,0,0.7333333333333333,0.0,1.0
eb05-weighted-role,1.5685565137519861,11,1,0.7333333333333333,0.00510204081632653,0.9166666666666666
eb05-weighted-role,1.5290280830349072,11,2,0.7333333333333333,0.01020408163265306,0.8461538461538461
eb05-weighted-role,1.513498144635199,12,2,0.8,0.01020408163265306,0.8571428571428571
eb05-weighted-role,1.4319268378512857,12,3,0.8,0.015306122448979591,0.8
eb05-weighted-role,1.4274581549801102,12,4,0.8,0.02040816326530612,0.75
eb05-weighted-role,1.3924080371852119,13,4,0.8666666666666667,0.02040816326530612,0.7647058823529411
eb05-weighted-role,1.3591523034430493,13,5,0.8666666666666667,0.025510204081632654,0.7222222222222222
eb05-weighted-role,1.28940851866754,13,6,0.8666666666666667,0.030612244897959183,0.6842105263157895
eb05-weighted-role,1.2702355038927926,13,7,0.8666666666666667,0.03571428571428571,0.65
eb05-weighted-role,1.2534852740251716,13,9,0.8666666666666667,0.04591836734693878,0.5909090909090909
eb05-weighted-role,1.2388999826979297,13,10,0.8666666666666667,0.05102040816326531,0.5652173913043478
eb05-weighted-role,1.2333931499221458,14,10,0.9333333333333333,0.05102040816326531,0.5833333333333334
eb05-weighted-role,1.2322770215445864,14,11,0.9333333333333333,0.05612244897959184,0.56
eb05-weighted-role,1.2242259029325546,14,12,0.9333333333333333,0.061224489795918366,0.5384615384615384
eb05-weighted-role,1.2128507869827536,14,13,0.9333333333333333,0.0663265306122449,0.5185185185185185
eb05-weighted-role,1.1955477272537938,14,14,0.9333333333333333,0.07142857142857142,0.5
eb05-weighted-role,1.1954372194515919,14,15,0.9333333333333333,0.07653061224489796,0.4827586206896552
eb05-weighted-role,1.1876488532451162,14,16,0.9333333333333333,0.08163265306122448,0.4666666666666667
eb05-weighted-role,1.1527172230923146,14,17,0.9333333333333333,0.08673469387755102,0.45161290322580644
eb05-weighted-role,1.1525752149983477,14,18,0.9333333333333333,0.09183673469387756,0.4375
eb05-weighted-role,1.0921414749977205,15,18,1.0,0.09183673469387756,0.45454545454545453
eb05-weighted-role,1.0863931373488311,15,19,1.0,0.09693877551020408,0.4411764705882353
eb05-weighted-role,1.0853706947326003,15,20,1.0,0.10204081632653061,0.42857142857142855
eb05-weighted-role,1.080240959333838,15,21,1.0,0.10714285714285714,0.4166666666666667
eb05-weighted-role,1.0792923585960297,15,22,1.0,0.11224489795918367,0.40540540540540543
eb05-weighted-role,1.0667271292345828,15,23,1.0,0.11734693877551021,0.39473684210526316
eb05-weighted-role,1.0505717664608432,15,24,1.0,0.12244897959183673,0.38461538461538464
eb05-weighted-role,1.0457660497558527,15,25,1.0,0.12755102040816327,0.375
eb05-weighted-role,1.0397033271822562,15,26,1.0,0.1326530612244898,0.36585365853658536
eb05-weighted-role,1.0137416271206492,15,27,1.0,0.1377551020408163,0.35714285714285715
eb05-weighted-role,1.013366668092691,15,28,1.0,0.14285714285714285,0.3488372093023256
eb05-weighted-role,1.0075590825249467,15,29,1.0,0.14795918367346939,0.3409090909090909
eb05-weighted-role,0.998882579205834,15,30,1.0,0.15306122448979592,0.3333333333333333
eb05-weighted-role,0.9801623228970382,15,31,1.0,0.15816326530612246,0.32608695652173914
eb05-weighted-role,0.9534766315421832,15,32,1.0,0.16326530612244897,0.3191489361702128
eb05-weighted-role,0.9532559137706179,15,33,1.0,0.1683673469387755,0.3125
eb05-weighted-role,0.9485612434915478,15,34,1.0,0.17346938775510204,0.30612244897959184
eb05-weighted-role,0.9463623675806578,15,35,1.0,0.17857142857142858,0.3
eb05-weighted-role,0.9421489348318777,15,36,1.0,0.1836734693877551,0.29411764705882354
eb05-weighted-role,0.9352357238215644,15,37,1.0,0.18877551020408162,0.28846153846153844
eb05-weighted-role,0.9319550690422601,15,38,1.0,0.19387755102040816,0.2830188679245283
eb05-weighted-role,0.9282032795536308,15,39,1.0,0.1989795918367347,0.2777777777777778
eb05-weighted-role,0.9121282221586323,15,40,1.0,0.20408163265306123,0.2727272727272727
eb05-weighted-role,0.8917120081886065,15,42,1.0,0.21428571428571427,0.2631578947368421
eb05-weighted-role,0.8890630047495696,15,43,1.0,0.2193877551020408,0.25862068965517243
eb05-weighted-role,0.8878571267713858,15,44,1.0,0.22448979591836735,0.2542372881355932
eb05-weighted-role,0.8804337994458531,15,45,1.0,0.22959183673469388,0.25
eb05-weighted-role,0.8647971034427006,15,47,1.0,0.23979591836734693,0.24193548387096775
eb05-weighted-role,0.8617194961435648,15,49,1.0,0.25,0.234375
eb05-weighted-role,0.8536815485373983,15,50,1.0,0.25510204081632654,0.23076923076923078
eb05-weighted-role,0.8464977672968196,15,51,1.0,0.2602040816326531,0.22727272727272727
eb05-weighted-role,0.8449021505295523,15,58,1.0,0.29591836734693877,0.2054794520547945
eb05-weighted-role,0.8352090635638995,15,59,1.0,0.3010204081632653,0.20270270270270271
eb05-weighted-role,0.8333628862601558,15,60,1.0,0.30612244897959184,0.2
eb05-weighted-role,0.8329935337901344,15,61,1.0,0.3112244897959184,0.19736842105263158
eb05-weighted-role,0.8246080122504906,15,62,1.0,0.3163265306122449,0.19480519480519481
eb05-weighted-role,0.8050067036186,15,63,1.0,0.32142857142857145,0.19230769230769232
eb05-weighted-role,0.7987605364521044,15,64,1.0,0.32653061224489793,0.189873417721519
eb05-weighted-role,0.7983804331725756,15,65,1.0,0.33163265306122447,0.1875
eb05-weighted-role,0.7932106616603738,15,66,1.0,0.336734693877551,0.18518518518518517
eb05-weighted-role,0.79104174566801,15,67,1.0,0.34183673469387754,0.18292682926829268
eb05-weighted-role,0.78365575173849,15,71,1.0,0.3622448979591837,0.1744186046511628
eb05-weighted-role,0.7768664129999306,15,72,1.0,0.3673469387755102,0.1724137931034483
eb05-weighted-role,0.7722920817306288,15,80,1.0,0.40816326530612246,0.15789473684210525
eb05-weighted-role,0.7674427744677546,15,81,1.0,0.413265306122449,0.15625
eb05-weighted-role,0.7589147865261373,15,86,1.0,0.4387755102040816,0.1485148514851485
eb05-weighted-role,0.7476907006051413,15,87,1.0,0.44387755102040816,0.14705882352941177
eb05-weighted-role,0.7452212939860169,15,88,1.0,0.4489795918367347,0.14563106796116504
eb05-weighted-role,0.7437045765961475,15,89,1.0,0.45408163265306123,0.14423076923076922
eb05-weighted-role,0.7434851133566179,15,90,1.0,0.45918367346938777,0.14285714285714285
eb05-weighted-role,0.7427534491990512,15,91,1.0,0.4642857142857143,0.14150943396226415
eb05-weighted-role,0.7354214533393985,15,92,1.0,0.46938775510204084,0.14018691588785046
eb05-weighted-role,0.7330038388331547,15,93,1.0,0.4744897959183674,0.1388888888888889
eb05-weighted-role,0.7293982147339543,15,94,1.0,0.47959183673469385,0.13761467889908258
eb05-weighted-role,0.7225412283115287,15,95,1.0,0.4846938775510204,0.13636363636363635
eb05-weighted-role,0.7140842107065076,15,96,1.0,0.4897959183673469,0.13513513513513514
eb05-weighted-role,0.7103010309518493,15,97,1.0,0.49489795918367346,0.13392857142857142
eb05-weighted-role,0.7020076070317083,15,104,1.0,0.5306122448979592,0.12605042016806722
eb05-weighted-role,0.6866356487741959,15,107,1.0,0.5459183673469388,0.12295081967213115
eb05-weighted-role,0.6843294683486754,15,108,1.0,0.5510204081632653,0.12195121951219512
eb05-weighted-role,0.6766767629221555,15,111,1.0,0.5663265306122449,0.11904761904761904
eb05-weighted-role,0.6746983758784124,15,113,1.0,0.576530612244898,0.1171875
eb05-weighted-role,0.6729601189422688,15,115,1.0,0.5867346938775511,0.11538461538461539
eb05-weighted-role,0.6610860378834176,15,116,1.0,0.5918367346938775,0.11450381679389313
eb05-weighted-role,0.649434330211414,15,117,1.0,0.5969387755102041,0.11363636363636363
eb05-weighted-role,0.6266415881371908,15,118,1.0,0.6020408163265306,0.11278195488721804
eb05-weighted-role,0.6208151409449527,15,121,1.0,0.6173469387755102,0.11029411764705882
eb05-weighted-role,0.620426730737158,15,122,1.0,0.6224489795918368,0.10948905109489052
eb05-weighted-role,0.6139480650269934,15,125,1.0,0.6377551020408163,0.10714285714285714
eb05-weighted-role,0.6075460129290989,15,126,1.0,0.6428571428571429,0.10638297872340426
eb05-weighted-role,0.6036654996923116,15,129,1.0,0.6581632653061225,0.10416666666666667
eb05-weighted-role,0.60299599276415,15,131,1.0,0.6683673469387755,0.10273972602739725
eb05-weighted-role,0.5954843983117499,15,137,1.0,0.6989795918367347,0.09868421052631579
eb05-weighted-role,0.5913652943272377,15,138,1.0,0.7040816326530612,0.09803921568627451
eb05-weighted-role,0.5869316646227616,15,139,1.0,0.7091836734693877,0.09740259740259741
eb05-weighted-role,0.5838721983038356,15,140,1.0,0.7142857142857143,0.0967741935483871
eb05-weighted-role,0.5583080312906697,15,141,1.0,0.7193877551020408,0.09615384615384616
eb05-weighted-role,0.5573126270586637,15,144,1.0,0.7346938775510204,0.09433962264150944
eb05-weighted-role,0.5480412798590943,15,145,1.0,0.7397959183673469,0.09375
eb05-weighted-role,0.5477544434908538,15,147,1.0,0.75,0.09259259259259259
eb05-weighted-role,0.5462651851559288,15,148,1.0,0.7551020408163265,0.09202453987730061
eb05-weighted-role,0.5266002009654523,15,151,1.0,0.7704081632653061,0.09036144578313253
eb05-weighted-role,0.511347351027539,15,152,1.0,0.7755102040816326,0.08982035928143713
eb05-weighted-role,0.5085417922663531,15,153,1.0,0.7806122448979592,0.08928571428571429
eb05-weighted-role,0.49389878753312016,15,156,1.0,0.7959183673469388,0.08771929824561403
eb05-weighted-role,0.49277657008167586,15,157,1.0,0.8010204081632653,0.0872093023255814
eb05-weighted-role,0.4752550060849614,15,158,1.0,0.8061224489795918,0.08670520231213873
eb05-weighted-role,0.4711913303191221,15,159,1.0,0.8112244897959183,0.08620689655172414
eb05-weighted-role,0.4462723533988397,15,161,1.0,0.8214285714285714,0.08522727272727272
eb05-weighted-role,0.4410603086363247,15,163,1.0,0.8316326530612245,0.08426966292134831
eb05-weighted-role,0.4145953143310202,15,171,1.0,0.8724489795918368,0.08064516129032258
eb05-weighted-role,0.3994040521635293,15,173,1.0,0.8826530612244898,0.0797872340425532
eb05-weighted-role,0.3709606146782611,15,176,1.0,0.8979591836734694,0.07853403141361257
eb05-weighted-role,0.3625093947735635,15,178,1.0,0.9081632653061225,0.07772020725388601
eb05-weighted-role,0.34602406470687247,15,179,1.0,0.9132653061224489,0.07731958762886598
eb05-weighted-role,0.0,15,196,1.0,1.0,0.07109004739336493
eb05-v2-role,inf,0,0,0.0,0.0,
eb05-v2-role,8.676938047357218,1,0,0.06666666666666667,0.0,1.0
eb05-v2-role,3.927020793329926,2,0,0.13333333333333333,0.0,1.0
eb05-v2-role,3.9206246424491766,3,0,0.2,0.0,1.0
eb05-v2-role,2.7231187185912598,4,0,0.26666666666666666,0.0,1.0
eb05-v2-role,2.548525444981566,5,0,0.3333333333333333,0.0,1.0
eb05-v2-role,2.3788737567665774,6,0,0.4,0.0,1.0
eb05-v2-role,2.354932148668811,7,0,0.4666666666666667,0.0,1.0
eb05-v2-role,2.3461440563249876,8,0,0.5333333333333333,0.0,1.0
eb05-v2-role,2.3254005040076335,9,0,0.6,0.0,1.0
eb05-v2-role,1.9711752294795593,10,0,0.6666666666666666,0.0,1.0
eb05-v2-role,1.9568358407442608,11,0,0.7333333333333333,0.0,1.0
eb05-v2-role,1.9466788565233841,11,1,0.7333333333333333,0.00510204081632653,0.9166666666666666
eb05-v2-role,1.657071145850993,11,2,0.7333333333333333,0.01020408163265306,0.8461538461538461
eb05-v2-role,1.476392046619934,11,3,0.7333333333333333,0.015306122448979591,0.7857142857142857
eb05-v2-role,1.470779259227717,11,5,0.7333333333333333,0.025510204081632654,0.6875
eb05-v2-role,1.4110884599927094,12,5,0.8,0.025510204081632654,0.7058823529411765
eb05-v2-role,1.395163952904052,12,6,0.8,0.030612244897959183,0.6666666666666666
eb05-v2-role,1.3908680420453128,12,7,0.8,0.03571428571428571,0.631578947368421
eb05-v2-role,1.3582620896673538,12,8,0.8,0.04081632653061224,0.6
eb05-v2-role,1.3346473489587325,12,9,0.8,0.04591836734693878,0.5714285714285714
eb05-v2-role,1.317130429182018,12,10,0.8,0.05102040816326531,0.5454545454545454
eb05-v2-role,1.3127786050549013,12,11,0.8,0.05612244897959184,0.5217391304347826
eb05-v2-role,1.3032128307814603,12,12,0.8,0.061224489795918366,0.5
eb05-v2-role,1.2862482775327673,13,12,0.8666666666666667,0.061224489795918366,0.52
eb05-v2-role,1.265030100950015,13,13,0.8666666666666667,0.0663265306122449,0.5
eb05-v2-role,1.2562568082344983,14,13,0.9333333333333333,0.0663265306122449,0.5185185185185185
eb05-v2-role,1.237967686204846,14,14,0.9333333333333333,0.07142857142857142,0.5
eb05-v2-role,1.2304091702798097,14,15,0.9333333333333333,0.07653061224489796,0.4827586206896552
eb05-v2-role,1.2213957852646518,14,16,0.9333333333333333,0.08163265306122448,0.4666666666666667
eb05-v2-role,1.2148500143218126,14,17,0.9333333333333333,0.08673469387755102,0.45161290322580644
eb05-v2-role,1.2091795234135536,14,18,0.9333333333333333,0.09183673469387756,0.4375
eb05-v2-role,1.2045510569152624,14,19,0.9333333333333333,0.09693877551020408,0.42424242424242425
eb05-v2-role,1.1919291167650903,14,20,0.9333333333333333,0.10204081632653061,0.4117647058823529
eb05-v2-role,1.1786405615501763,14,21,0.9333333333333333,0.10714285714285714,0.4
eb05-v2-role,1.143781030665814,14,22,0.9333333333333333,0.11224489795918367,0.3888888888888889
eb05-v2-role,1.1036861447422357,14,23,0.9333333333333333,0.11734693877551021,0.3783783783783784
eb05-v2-role,1.0993270728286546,14,24,0.9333333333333333,0.12244897959183673,0.3684210526315789
eb05-v2-role,1.09330217620862,14,25,0.9333333333333333,0.12755102040816327,0.358974358974359
eb05-v2-role,1.086081820831036,14,26,0.9333333333333333,0.1326530612244898,0.35
eb05-v2-role,1.079797348726124,14,27,0.9333333333333333,0.1377551020408163,0.34146341463414637
eb05-v2-role,1.07736132882007,14,28,0.9333333333333333,0.14285714285714285,0.3333333333333333
eb05-v2-role,1.060096678508941,14,29,0.9333333333333333,0.14795918367346939,0.32558139534883723
eb05-v2-role,1.0596629866930685,14,30,0.9333333333333333,0.15306122448979592,0.3181818181818182
eb05-v2-role,1.056600853356358,14,31,0.9333333333333333,0.15816326530612246,0.3111111111111111
eb05-v2-role,1.0235533056044555,15,31,1.0,0.15816326530612246,0.32608695652173914
eb05-v2-role,1.022199586615007,15,32,1.0,0.16326530612244897,0.3191489361702128
eb05-v2-role,1.0060301672545928,15,33,1.0,0.1683673469387755,0.3125
eb05-v2-role,0.9858604708066715,15,34,1.0,0.17346938775510204,0.30612244897959184
eb05-v2-role,0.9806679945322582,15,35,1.0,0.17857142857142858,0.3
eb05-v2-role,0.9764412414532382,15,36,1.0,0.1836734693877551,0.29411764705882354
eb05-v2-role,0.9749187053858169,15,37,1.0,0.18877551020408162,0.28846153846153844
eb05-v2-role,0.9732328156241654,15,38,1.0,0.19387755102040816,0.2830188679245283
eb05-v2-role,0.9497474348191198,15,39,1.0,0.1989795918367347,0.2777777777777778
eb05-v2-role,0.9175449605254236,15,41,1.0,0.20918367346938777,0.26785714285714285
eb05-v2-role,0.9093690355108557,15,43,1.0,0.2193877551020408,0.25862068965517243
eb05-v2-role,0.8956752775085491,15,44,1.0,0.22448979591836735,0.2542372881355932
eb05-v2-role,0.8903215899927726,15,51,1.0,0.2602040816326531,0.22727272727272727
eb05-v2-role,0.8752694385265469,15,52,1.0,0.2653061224489796,0.22388059701492538
eb05-v2-role,0.8663858045131217,15,54,1.0,0.2755102040816326,0.21739130434782608
eb05-v2-role,0.8555885526401112,15,55,1.0,0.28061224489795916,0.21428571428571427
eb05-v2-role,0.8554160962297024,15,56,1.0,0.2857142857142857,0.2112676056338028
eb05-v2-role,0.8475960750056308,15,57,1.0,0.29081632653061223,0.20833333333333334
eb05-v2-role,0.8441078324183334,15,58,1.0,0.29591836734693877,0.2054794520547945
eb05-v2-role,0.8414514695876494,15,59,1.0,0.3010204081632653,0.20270270270270271
eb05-v2-role,0.840283581610075,15,60,1.0,0.30612244897959184,0.2
eb05-v2-role,0.8340199150135158,15,61,1.0,0.3112244897959184,0.19736842105263158
eb05-v2-role,0.8284575256716448,15,62,1.0,0.3163265306122449,0.19480519480519481
eb05-v2-role,0.8210713373173306,15,63,1.0,0.32142857142857145,0.19230769230769232
eb05-v2-role,0.8046144480174287,15,64,1.0,0.32653061224489793,0.189873417721519
eb05-v2-role,0.803573393948902,15,65,1.0,0.33163265306122447,0.1875
eb05-v2-role,0.796022344601731,15,76,1.0,0.3877551020408163,0.16483516483516483
eb05-v2-role,0.7955078869955647,15,77,1.0,0.39285714285714285,0.16304347826086957
eb05-v2-role,0.784752947553983,15,78,1.0,0.3979591836734694,0.16129032258064516
eb05-v2-role,0.7812852907938922,15,79,1.0,0.4030612244897959,0.1595744680851064
eb05-v2-role,0.7507101090204015,15,80,1.0,0.40816326530612246,0.15789473684210525
eb05-v2-role,0.7491263408709219,15,81,1.0,0.413265306122449,0.15625
eb05-v2-role,0.7487104170720956,15,82,1.0,0.41836734693877553,0.15463917525773196
eb05-v2-role,0.7444609192929995,15,84,1.0,0.42857142857142855,0.15151515151515152
eb05-v2-role,0.7443248831849896,15,85,1.0,0.4336734693877551,0.15
eb05-v2-role,0.7388232497484203,15,86,1.0,0.4387755102040816,0.1485148514851485
eb05-v2-role,0.7381482613626397,15,87,1.0,0.44387755102040816,0.14705882352941177
eb05-v2-role,0.7211078347302307,15,89,1.0,0.45408163265306123,0.14423076923076922
eb05-v2-role,0.7135913121012486,15,92,1.0,0.46938775510204084,0.14018691588785046
eb05-v2-role,0.7038376303373954,15,93,1.0,0.4744897959183674,0.1388888888888889
eb05-v2-role,0.7033563789511004,15,95,1.0,0.4846938775510204,0.13636363636363635
eb05-v2-role,0.7008687889689641,15,97,1.0,0.49489795918367346,0.13392857142857142
eb05-v2-role,0.6969744390158847,15,100,1.0,0.5102040816326531,0.13043478260869565
eb05-v2-role,0.6881023737845062,15,101,1.0,0.5153061224489796,0.12931034482758622
eb05-v2-role,0.6523689582299703,15,102,1.0,0.5204081632653061,0.1282051282051282
eb05-v2-role,0.6418967116038631,15,103,1.0,0.5255102040816326,0.1271186440677966
eb05-v2-role,0.6418887275518426,15,105,1.0,0.5357142857142857,0.125
eb05-v2-role,0.6340853614600086,15,106,1.0,0.5408163265306123,0.12396694214876033
eb05-v2-role,0.6264071726593613,15,107,1.0,0.5459183673469388,0.12295081967213115
eb05-v2-role,0.6252406719940808,15,108,1.0,0.5510204081632653,0.12195121951219512
eb05-v2-role,0.6095232848364337,15,109,1.0,0.5561224489795918,0.12096774193548387
eb05-v2-role,0.6064348388248596,15,112,1.0,0.5714285714285714,0.11811023622047244
eb05-v2-role,0.6001046988936077,15,119,1.0,0.6071428571428571,0.11194029850746269
eb05-v2-role,0.5980839235298926,15,124,1.0,0.6326530612244898,0.1079136690647482
eb05-v2-role,0.5834202753510126,15,129,1.0,0.6581632653061225,0.10416666666666667
eb05-v2-role,0.5761548306430145,15,132,1.0,0.673469387755102,0.10204081632653061
eb05-v2-role,0.5728088172677278,15,135,1.0,0.6887755102040817,0.1
eb05-v2-role,0.5713211860241604,15,137,1.0,0.6989795918367347,0.09868421052631579
eb05-v2-role,0.5573920207815505,15,138,1.0,0.7040816326530612,0.09803921568627451
eb05-v2-role,0.5548651905230976,15,140,1.0,0.7142857142857143,0.0967741935483871
eb05-v2-role,0.5413934345480318,15,141,1.0,0.7193877551020408,0.09615384615384616
eb05-v2-role,0.5396692952952838,15,142,1.0,0.7244897959183674,0.09554140127388536
eb05-v2-role,0.5383539692901166,15,143,1.0,0.7295918367346939,0.0949367088607595
eb05-v2-role,0.5361981362591683,15,144,1.0,0.7346938775510204,0.09433962264150944
eb05-v2-role,0.5217962391070706,15,145,1.0,0.7397959183673469,0.09375
eb05-v2-role,0.5129864879461745,15,147,1.0,0.75,0.09259259259259259
eb05-v2-role,0.5039803491837566,15,150,1.0,0.7653061224489796,0.09090909090909091
eb05-v2-role,0.4988893993880101,15,151,1.0,0.7704081632653061,0.09036144578313253
eb05-v2-role,0.48913918760898734,15,153,1.0,0.7806122448979592,0.08928571428571429
eb05-v2-role,0.4870559610781708,15,155,1.0,0.7908163265306123,0.08823529411764706
eb05-v2-role,0.47819299392569337,15,156,1.0,0.7959183673469388,0.08771929824561403
eb05-v2-role,0.4649668163682323,15,157,1.0,0.8010204081632653,0.0872093023255814
eb05-v2-role,0.46433176772824875,15,160,1.0,0.8163265306122449,0.08571428571428572
eb05-v2-role,0.4517960048546392,15,161,1.0,0.8214285714285714,0.08522727272727272
eb05-v2-role,0.42569678503766983,15,163,1.0,0.8316326530612245,0.08426966292134831
eb05-v2-role,0.42207766767841787,15,171,1.0,0.8724489795918368,0.08064516129032258
eb05-v2-role,0.40211250170680296,15,173,1.0,0.8826530612244898,0.0797872340425532
eb05-v2-role,0.3717457987196064,15,175,1.0,0.8928571428571429,0.07894736842105263
eb05-v2-role,0.35617908311525415,15,178,1.0,0.9081632653061225,0.07772020725388601
eb05-v2-role,0.35057980752921464,15,179,1.0,0.9132653061224489,0.07731958762886598
eb05-v2-role,0.0,15,196,1.0,1.0,0.07109004739336493
eb05-dual-role,inf,0,0,0.0,0.0,
eb05-dual-role,6.871025894943885,1,0,0.06666666666666667,0.0,1.0
eb05-dual-role,3.790987116134815,2,0,0.13333333333333333,0.0,1.0
eb05-dual-role,3.65800156145807,3,0,0.2,0.0,1.0
eb05-dual-role,2.57214486817008,4,0,0.26666666666666666,0.0,1.0
eb05-dual-role,2.3248258690169066,5,0,0.3333333333333333,0.0,1.0
eb05-dual-role,2.290638439645102,6,0,0.4,0.0,1.0
eb05-dual-role,2.2662341972387856,7,0,0.4666666666666667,0.0,1.0
eb05-dual-role,2.021453404064564,8,0,0.5333333333333333,0.0,1.0
eb05-dual-role,1.8591766016854507,9,0,0.6,0.0,1.0
eb05-dual-role,1.7990109108448986,10,0,0.6666666666666666,0.0,1.0
eb05-dual-role,1.6365998957812389,11,0,0.7333333333333333,0.0,1.0
eb05-dual-role,1.5685565137519861,11,1,0.7333333333333333,0.00510204081632653,0.9166666666666666
eb05-dual-role,1.5290280830349072,11,2,0.7333333333333333,0.01020408163265306,0.8461538461538461
eb05-dual-role,1.4274581549801102,11,3,0.7333333333333333,0.015306122448979591,0.7857142857142857
eb05-dual-role,1.3604998945005995,12,3,0.8,0.015306122448979591,0.8
eb05-dual-role,1.28940851866754,12,4,0.8,0.02040816326530612,0.75
eb05-dual-role,1.287174615602927,12,5,0.8,0.025510204081632654,0.7058823529411765
eb05-dual-role,1.2534852740251716,12,7,0.8,0.03571428571428571,0.631578947368421
eb05-dual-role,1.2516507504197,13,7,0.8666666666666667,0.03571428571428571,0.65
eb05-dual-role,1.2388999826979297,13,8,0.8666666666666667,0.04081632653061224,0.6190476190476191
eb05-dual-role,1.2128507869827536,13,9,0.8666666666666667,0.04591836734693878,0.5909090909090909
eb05-dual-role,1.197813836787538,13,10,0.8666666666666667,0.05102040816326531,0.5652173913043478
eb05-dual-role,1.1955477272537938,13,11,0.8666666666666667,0.05612244897959184,0.5416666666666666
eb05-dual-role,1.1527172230923146,13,12,0.8666666666666667,0.061224489795918366,0.52
eb05-dual-role,1.1525752149983477,13,13,0.8666666666666667,0.0663265306122449,0.5
eb05-dual-role,1.139296841639928,13,14,0.8666666666666667,0.07142857142857142,0.48148148148148145
eb05-dual-role,1.1062522924517415,14,14,0.9333333333333333,0.07142857142857142,0.5
eb05-dual-role,1.0807900554090062,14,15,0.9333333333333333,0.07653061224489796,0.4827586206896552
eb05-dual-role,1.080240959333838,14,16,0.9333333333333333,0.08163265306122448,0.4666666666666667
eb05-dual-role,1.0675904252738513,14,17,0.9333333333333333,0.08673469387755102,0.45161290322580644
eb05-dual-role,1.0667271292345828,14,18,0.9333333333333333,0.09183673469387756,0.4375
eb05-dual-role,1.0505717664608432,14,19,0.9333333333333333,0.09693877551020408,0.42424242424242425
eb05-dual-role,1.0433161875817996,14,20,0.9333333333333333,0.10204081632653061,0.4117647058823529
eb05-dual-role,1.0397033271822562,14,21,0.9333333333333333,0.10714285714285714,0.4
eb05-dual-role,1.0341706741573307,14,22,0.9333333333333333,0.11224489795918367,0.3888888888888889
eb05-dual-role,1.0267192861277288,14,23,0.9333333333333333,0.11734693877551021,0.3783783783783784
eb05-dual-role,1.0216259699318706,14,24,0.9333333333333333,0.12244897959183673,0.3684210526315789
eb05-dual-role,1.0137416271206492,14,25,0.9333333333333333,0.12755102040816327,0.358974358974359
eb05-dual-role,0.9817378133996281,15,25,1.0,0.12755102040816327,0.375
eb05-dual-role,0.9801623228970382,15,26,1.0,0.1326530612244898,0.36585365853658536
eb05-dual-role,0.9744053358334122,15,27,1.0,0.1377551020408163,0.35714285714285715
eb05-dual-role,0.9694989669481809,15,28,1.0,0.14285714285714285,0.3488372093023256
eb05-dual-role,0.9534766315421832,15,29,1.0,0.14795918367346939,0.3409090909090909
eb05-dual-role,0.9485612434915478,15,30,1.0,0.15306122448979592,0.3333333333333333
eb05-dual-role,0.9421489348318777,15,31,1.0,0.15816326530612246,0.32608695652173914
eb05-dual-role,0.9352357238215644,15,32,1.0,0.16326530612244897,0.3191489361702128
eb05-dual-role,0.9349912840968698,15,33,1.0,0.1683673469387755,0.3125
eb05-dual-role,0.9319550690422601,15,34,1.0,0.17346938775510204,0.30612244897959184
eb05-dual-role,0.9223680477447704,15,35,1.0,0.17857142857142858,0.3
eb05-dual-role,0.9191093296466993,15,36,1.0,0.1836734693877551,0.29411764705882354
eb05-dual-role,0.9121282221586323,15,37,1.0,0.18877551020408162,0.28846153846153844
eb05-dual-role,0.8917120081886065,15,39,1.0,0.1989795918367347,0.2777777777777778
eb05-dual-role,0.8890630047495696,15,40,1.0,0.20408163265306123,0.2727272727272727
eb05-dual-role,0.8617194961435648,15,42,1.0,0.21428571428571427,0.2631578947368421
eb05-dual-role,0.8536815485373983,15,43,1.0,0.2193877551020408,0.25862068965517243
eb05-dual-role,0.8506953611611361,15,44,1.0,0.22448979591836735,0.2542372881355932
eb05-dual-role,0.8464977672968196,15,46,1.0,0.23469387755102042,0.2459016393442623
eb05-dual-role,0.8449021505295523,15,53,1.0,0.27040816326530615,0.22058823529411764
eb05-dual-role,0.8246080122504906,15,54,1.0,0.2755102040816326,0.21739130434782608
eb05-dual-role,0.8138767155763201,15,55,1.0,0.28061224489795916,0.21428571428571427
eb05-dual-role,0.8050067036186,15,56,1.0,0.2857142857142857,0.2112676056338028
eb05-dual-role,0.7987605364521044,15,57,1.0,0.29081632653061223,0.20833333333333334
eb05-dual-role,0.7983804331725756,15,58,1.0,0.29591836734693877,0.2054794520547945
eb05-dual-role,0.7981043555180807,15,59,1.0,0.3010204081632653,0.20270270270270271
eb05-dual-role,0.7942420806103878,15,60,1.0,0.30612244897959184,0.2
eb05-dual-role,0.7932106616603738,15,61,1.0,0.3112244897959184,0.19736842105263158
eb05-dual-role,0.79104174566801,15,62,1.0,0.3163265306122449,0.19480519480519481
eb05-dual-role,0.7773754426141714,15,63,1.0,0.32142857142857145,0.19230769230769232
eb05-dual-role,0.7768664129999306,15,64,1.0,0.32653061224489793,0.189873417721519
eb05-dual-role,0.7722920817306288,15,72,1.0,0.3673469387755102,0.1724137931034483
eb05-dual-role,0.7589147865261373,15,77,1.0,0.39285714285714285,0.16304347826086957
eb05-dual-role,0.752422680354798,15,78,1.0,0.3979591836734694,0.16129032258064516
eb05-dual-role,0.7452212939860169,15,79,1.0,0.4030612244897959,0.1595744680851064
eb05-dual-role,0.7434851133566179,15,80,1.0,0.40816326530612246,0.15789473684210525
eb05-dual-role,0.7427534491990512,15,81,1.0,0.413265306122449,0.15625
eb05-dual-role,0.7355928091625085,15,82,1.0,0.41836734693877553,0.15463917525773196
eb05-dual-role,0.7330038388331547,15,83,1.0,0.42346938775510207,0.15306122448979592
eb05-dual-role,0.7293982147339543,15,84,1.0,0.42857142857142855,0.15151515151515152
eb05-dual-role,0.7225412283115287,15,85,1.0,0.4336734693877551,0.15
eb05-dual-role,0.718078581394246,15,86,1.0,0.4387755102040816,0.1485148514851485
eb05-dual-role,0.7140842107065076,15,87,1.0,0.44387755102040816,0.14705882352941177
eb05-dual-role,0.712814850688955,15,88,1.0,0.4489795918367347,0.14563106796116504
eb05-dual-role,0.7121956835606994,15,89,1.0,0.45408163265306123,0.14423076923076922
eb05-dual-role,0.6766767629221555,15,92,1.0,0.46938775510204084,0.14018691588785046
eb05-dual-role,0.6729601189422688,15,94,1.0,0.47959183673469385,0.13761467889908258
eb05-dual-role,0.6706170213797228,15,98,1.0,0.5,0.13274336283185842
eb05-dual-role,0.6697157592335838,15,99,1.0,0.5051020408163265,0.13157894736842105
eb05-dual-role,0.661459901520264,15,100,1.0,0.5102040816326531,0.13043478260869565
eb05-dual-role,0.6610860378834176,15,101,1.0,0.5153061224489796,0.12931034482758622
eb05-dual-role,0.6584791297108594,15,102,1.0,0.5204081632653061,0.1282051282051282
eb05-dual-role,0.6324318818336201,15,103,1.0,0.5255102040816326,0.1271186440677966
eb05-dual-role,0.620426730737158,15,105,1.0,0.5357142857142857,0.125
eb05-dual-role,0.6075460129290989,15,106,1.0,0.5408163265306123,0.12396694214876033
eb05-dual-role,0.6036654996923116,15,109,1.0,0.5561224489795918,0.12096774193548387
eb05-dual-role,0.6006351810021456,15,110,1.0,0.5612244897959183,0.12
eb05-dual-role,0.5954843983117499,15,117,1.0,0.5969387755102041,0.11363636363636363
eb05-dual-role,0.5913652943272377,15,118,1.0,0.6020408163265306,0.11278195488721804
eb05-dual-role,0.5884684820521636,15,123,1.0,0.6275510204081632,0.10869565217391304
eb05-dual-role,0.5869316646227616,15,124,1.0,0.6326530612244898,0.1079136690647482
eb05-dual-role,0.5868019763611405,15,129,1.0,0.6581632653061225,0.10416666666666667
eb05-dual-role,0.5849048239429568,15,131,1.0,0.6683673469387755,0.10273972602739725
eb05-dual-role,0.5621510786518409,15,133,1.0,0.6785714285714286,0.10135135135135136
eb05-dual-role,0.5583080312906697,15,135,1.0,0.6887755102040817,0.1
eb05-dual-role,0.5573126270586637,15,138,1.0,0.7040816326530612,0.09803921568627451
eb05-dual-role,0.5480412798590943,15,139,1.0,0.7091836734693877,0.09740259740259741
eb05-dual-role,0.5462651851559288,15,140,1.0,0.7142857142857143,0.0967741935483871
eb05-dual-role,0.5270630133626617,15,142,1.0,0.7244897959183674,0.09554140127388536
eb05-dual-role,0.5266002009654523,15,145,1.0,0.7397959183673469,0.09375
eb05-dual-role,0.511347351027539,15,146,1.0,0.7448979591836735,0.09316770186335403
eb05-dual-role,0.5085417922663531,15,147,1.0,0.75,0.09259259259259259
eb05-dual-role,0.5045699846871917,15,150,1.0,0.7653061224489796,0.09090909090909091
eb05-dual-role,0.49389878753312016,15,153,1.0,0.7806122448979592,0.08928571428571429
eb05-dual-role,0.49277657008167586,15,154,1.0,0.7857142857142857,0.08875739644970414
eb05-dual-role,0.4885677393162695,15,155,1.0,0.7908163265306123,0.08823529411764706
eb05-dual-role,0.4868384172281849,15,157,1.0,0.8010204081632653,0.0872093023255814
eb05-dual-role,0.4752550060849614,15,158,1.0,0.8061224489795918,0.08670520231213873
eb05-dual-role,0.4711913303191221,15,159,1.0,0.8112244897959183,0.08620689655172414
eb05-dual-role,0.4462723533988397,15,161,1.0,0.8214285714285714,0.08522727272727272
eb05-dual-role,0.4410603086363247,15,163,1.0,0.8316326530612245,0.08426966292134831
eb05-dual-role,0.4145953143310202,15,171,1.0,0.8724489795918368,0.08064516129032258
eb05-dual-role,0.3994040521635293,15,173,1.0,0.8826530612244898,0.0797872340425532
eb05-dual-role,0.3709606146782611,15,176,1.0,0.8979591836734694,0.07853403141361257
eb05-dual-role,0.3625093947735635,15,178,1.0,0.9081632653061225,0.07772020725388601
eb05-dual-role,0.34602406470687247,15,179,1.0,0.9132653061224489,0.07731958762886598
eb05-dual-role,0.0,15,196,1.0,1.0,0.07109004739336493
eb05-own-role,inf,0,0,0.0,0.0,
eb05-own-role,9.82384737924243,1,0,0.06666666666666667,0.0,1.0
eb05-own-role,6.011062619109711,2,0,0.13333333333333333,0.0,1.0
eb05-own-role,4.503845747703555,3,0,0.2,0.0,1.0
eb05-own-role,3.5933851725985773,4,0,0.26666666666666666,0.0,1.0
eb05-own-role,3.366968916403652,5,0,0.3333333333333333,0.0,1.0
eb05-own-role,3.094497882653776,6,0,0.4,0.0,1.0
eb05-own-role,3.026984287308086,7,0,0.4666666666666667,0.0,1.0
eb05-own-role,2.3757529831257003,8,0,0.5333333333333333,0.0,1.0
eb05-own-role,2.3248258690169066,9,0,0.6,0.0,1.0
eb05-own-role,2.290638439645102,10,0,0.6666666666666666,0.0,1.0
eb05-own-role,2.03528035428035,10,1,0.6666666666666666,0.00510204081632653,0.9090909090909091
eb05-own-role,2.0217427844189455,10,2,0.6666666666666666,0.01020408163265306,0.8333333333333334
eb05-own-role,1.9631165806491127,11,2,0.7333333333333333,0.01020408163265306,0.8461538461538461
eb05-own-role,1.9207740091077508,11,3,0.7333333333333333,0.015306122448979591,0.7857142857142857
eb05-own-role,1.8956839503181253,11,4,0.7333333333333333,0.02040816326530612,0.7333333333333333
eb05-own-role,1.8714873689783311,11,5,0.7333333333333333,0.025510204081632654,0.6875
eb05-own-role,1.7956471631085795,11,6,0.7333333333333333,0.030612244897959183,0.6470588235294118
eb05-own-role,1.792169915678648,11,8,0.7333333333333333,0.04081632653061224,0.5789473684210527
eb05-own-role,1.6147820323519115,11,9,0.7333333333333333,0.04591836734693878,0.55
eb05-own-role,1.5362746641432425,11,10,0.7333333333333333,0.05102040816326531,0.5238095238095238
eb05-own-role,1.5322716942159085,11,11,0.7333333333333333,0.05612244897959184,0.5
eb05-own-role,1.5154027206624854,11,12,0.7333333333333333,0.061224489795918366,0.4782608695652174
eb05-own-role,1.5081639015475197,11,13,0.7333333333333333,0.0663265306122449,0.4583333333333333
eb05-own-role,1.5032700183896173,11,14,0.7333333333333333,0.07142857142857142,0.44
eb05-own-role,1.4843006507620757,11,15,0.7333333333333333,0.07653061224489796,0.4230769230769231
eb05-own-role,1.4466159688947748,11,16,0.7333333333333333,0.08163265306122448,0.4074074074074074
eb05-own-role,1.4278959520330905,11,17,0.7333333333333333,0.08673469387755102,0.39285714285714285
eb05-own-role,1.4220352479369274,11,18,0.7333333333333333,0.09183673469387756,0.3793103448275862
eb05-own-role,1.4175988429428894,11,19,0.7333333333333333,0.09693877551020408,0.36666666666666664
eb05-own-role,1.3604998945005995,12,19,0.8,0.09693877551020408,0.3870967741935484
eb05-own-role,1.3457883433551925,12,20,0.8,0.10204081632653061,0.375
eb05-own-role,1.3027416474332227,12,21,0.8,0.10714285714285714,0.36363636363636365
eb05-own-role,1.3011622727356655,12,22,0.8,0.11224489795918367,0.35294117647058826
eb05-own-role,1.2963346315830055,12,23,0.8,0.11734693877551021,0.34285714285714286
eb05-own-role,1.287174615602927,12,24,0.8,0.12244897959183673,0.3333333333333333
eb05-own-role,1.2696387620640004,12,25,0.8,0.12755102040816327,0.32432432432432434
eb05-own-role,1.2516507504197,13,25,0.8666666666666667,0.12755102040816327,0.34210526315789475
eb05-own-role,1.2352662873078855,13,26,0.8666666666666667,0.1326530612244898,0.3333333333333333
eb05-own-role,1.2345971183885358,13,27,0.8666666666666667,0.1377551020408163,0.325
eb05-own-role,1.2099943307268293,13,28,0.8666666666666667,0.14285714285714285,0.3170731707317073
eb05-own-role,1.155250953592532,13,29,0.8666666666666667,0.14795918367346939,0.30952380952380953
eb05-own-role,1.1518854178626656,13,30,0.8666666666666667,0.15306122448979592,0.3023255813953488
eb05-own-role,1.141484230537542,13,31,0.8666666666666667,0.15816326530612246,0.29545454545454547
eb05-own-role,1.1376188354925676,13,32,0.8666666666666667,0.16326530612244897,0.28888888888888886
eb05-own-role,1.1308213514166665,13,33,0.8666666666666667,0.1683673469387755,0.2826086956521739
eb05-own-role,1.127536720213908,13,34,0.8666666666666667,0.17346938775510204,0.2765957446808511
eb05-own-role,1.1158551065669302,13,35,0.8666666666666667,0.17857142857142858,0.2708333333333333
eb05-own-role,1.1062522924517415,14,35,0.9333333333333333,0.17857142857142858,0.2857142857142857
eb05-own-role,1.0779512952411718,14,36,0.9333333333333333,0.1836734693877551,0.28
eb05-own-role,1.051580717814972,14,37,0.9333333333333333,0.18877551020408162,0.27450980392156865
eb05-own-role,1.0451946482967143,14,38,0.9333333333333333,0.19387755102040816,0.2692307692307692
eb05-own-role,1.0341798282725403,14,39,0.9333333333333333,0.1989795918367347,0.2641509433962264
eb05-own-role,1.03194219706989,14,40,0.9333333333333333,0.20408163265306123,0.25925925925925924
eb05-own-role,1.0305646805756816,14,41,0.9333333333333333,0.20918367346938777,0.2545454545454545
eb05-own-role,1.0305302894037562,14,42,0.9333333333333333,0.21428571428571427,0.25
eb05-own-role,1.0281408913025574,14,44,0.9333333333333333,0.22448979591836735,0.2413793103448276
eb05-own-role,1.019176522433682,14,45,0.9333333333333333,0.22959183673469388,0.23728813559322035
eb05-own-role,1.0099881726007192,14,46,0.9333333333333333,0.23469387755102042,0.23333333333333334
eb05-own-role,1.0031190181271668,14,47,0.9333333333333333,0.23979591836734693,0.22950819672131148
eb05-own-role,1.0010304946530002,14,48,0.9333333333333333,0.24489795918367346,0.22580645161290322
eb05-own-role,0.997806095818418,14,49,0.9333333333333333,0.25,0.2222222222222222
eb05-own-role,0.9908605234104815,14,50,0.9333333333333333,0.25510204081632654,0.21875
eb05-own-role,0.9890742442684525,14,52,0.9333333333333333,0.2653061224489796,0.21212121212121213
eb05-own-role,0.9817378133996281,15,52,1.0,0.2653061224489796,0.22388059701492538
eb05-own-role,0.9744053358334122,15,53,1.0,0.27040816326530615,0.22058823529411764
eb05-own-role,0.968486441535578,15,55,1.0,0.28061224489795916,0.21428571428571427
eb05-own-role,0.9597908979747426,15,56,1.0,0.2857142857142857,0.2112676056338028
eb05-own-role,0.9355496016153556,15,60,1.0,0.30612244897959184,0.2
eb05-own-role,0.9288159837221971,15,61,1.0,0.3112244897959184,0.19736842105263158
eb05-own-role,0.9223680477447704,15,62,1.0,0.3163265306122449,0.19480519480519481
eb05-own-role,0.9163931567914674,15,66,1.0,0.336734693877551,0.18518518518518517
eb05-own-role,0.9073101691208977,15,67,1.0,0.34183673469387754,0.18292682926829268
eb05-own-role,0.9035214670254836,15,69,1.0,0.3520408163265306,0.17857142857142858
eb05-own-role,0.8933123878442563,15,70,1.0,0.35714285714285715,0.17647058823529413
eb05-own-role,0.8927650072498516,15,71,1.0,0.3622448979591837,0.1744186046511628
eb05-own-role,0.8836858333999856,15,72,1.0,0.3673469387755102,0.1724137931034483
eb05-own-role,0.8768991662573691,15,73,1.0,0.37244897959183676,0.17045454545454544
eb05-own-role,0.8638682558668113,15,80,1.0,0.40816326530612246,0.15789473684210525
eb05-own-role,0.8603062155449759,15,82,1.0,0.41836734693877553,0.15463917525773196
eb05-own-role,0.8506953611611361,15,83,1.0,0.42346938775510207,0.15306122448979592
eb05-own-role,0.8403368809394834,15,88,1.0,0.4489795918367347,0.14563106796116504
eb05-own-role,0.8391654337980351,15,89,1.0,0.45408163265306123,0.14423076923076922
eb05-own-role,0.8335874958659287,15,90,1.0,0.45918367346938777,0.14285714285714285
eb05-own-role,0.8189016870590784,15,92,1.0,0.46938775510204084,0.14018691588785046
eb05-own-role,0.8121863837662497,15,95,1.0,0.4846938775510204,0.13636363636363635
eb05-own-role,0.8029269422734722,15,97,1.0,0.49489795918367346,0.13392857142857142
eb05-own-role,0.7981043555180807,15,98,1.0,0.5,0.13274336283185842
eb05-own-role,0.7906965483505615,15,99,1.0,0.5051020408163265,0.13157894736842105
eb05-own-role,0.7755197871346721,15,105,1.0,0.5357142857142857,0.125
eb05-own-role,0.7584729668874357,15,106,1.0,0.5408163265306123,0.12396694214876033
eb05-own-role,0.7529065247509439,15,108,1.0,0.5510204081632653,0.12195121951219512
eb05-own-role,0.752422680354798,15,109,1.0,0.5561224489795918,0.12096774193548387
eb05-own-role,0.7511858143345963,15,111,1.0,0.5663265306122449,0.11904761904761904
eb05-own-role,0.7398789860620948,15,112,1.0,0.5714285714285714,0.11811023622047244
eb05-own-role,0.7374433884210825,15,113,1.0,0.576530612244898,0.1171875
eb05-own-role,0.7355928091625085,15,114,1.0,0.5816326530612245,0.11627906976744186
eb05-own-role,0.7227842184075047,15,125,1.0,0.6377551020408163,0.10714285714285714
eb05-own-role,0.7147346482315756,15,131,1.0,0.6683673469387755,0.10273972602739725
eb05-own-role,0.6786288491124404,15,132,1.0,0.673469387755102,0.10204081632653061
eb05-own-role,0.6783641590419834,15,134,1.0,0.6836734693877551,0.10067114093959731
eb05-own-role,0.6706170213797228,15,138,1.0,0.7040816326530612,0.09803921568627451
eb05-own-role,0.6701134398690523,15,139,1.0,0.7091836734693877,0.09740259740259741
eb05-own-role,0.6697157592335838,15,140,1.0,0.7142857142857143,0.0967741935483871
eb05-own-role,0.661459901520264,15,141,1.0,0.7193877551020408,0.09615384615384616
eb05-own-role,0.6568041501058908,15,144,1.0,0.7346938775510204,0.09433962264150944
eb05-own-role,0.6330984231975287,15,145,1.0,0.7397959183673469,0.09375
eb05-own-role,0.6324318818336201,15,146,1.0,0.7448979591836735,0.09316770186335403
eb05-own-role,0.6306843943303808,15,147,1.0,0.75,0.09259259259259259
eb05-own-role,0.6271484013667066,15,149,1.0,0.7602040816326531,0.09146341463414634
eb05-own-role,0.6118168818310308,15,150,1.0,0.7653061224489796,0.09090909090909091
eb05-own-role,0.5967902496298741,15,153,1.0,0.7806122448979592,0.08928571428571429
eb05-own-role,0.5892839972757815,15,157,1.0,0.8010204081632653,0.0872093023255814
eb05-own-role,0.5884684820521636,15,162,1.0,0.826530612244898,0.0847457627118644
eb05-own-role,0.5849048239429568,15,163,1.0,0.8316326530612245,0.08426966292134831
eb05-own-role,0.5634468149314388,15,164,1.0,0.8367346938775511,0.08379888268156424
eb05-own-role,0.5533128562609149,15,166,1.0,0.8469387755102041,0.08287292817679558
eb05-own-role,0.5270630133626617,15,168,1.0,0.8571428571428571,0.08196721311475409
eb05-own-role,0.5045699846871917,15,169,1.0,0.8622448979591837,0.08152173913043478
eb05-own-role,0.5007092401973791,15,170,1.0,0.8673469387755102,0.08108108108108109
eb05-own-role,0.4885677393162695,15,171,1.0,0.8724489795918368,0.08064516129032258
eb05-own-role,0.4868384172281849,15,173,1.0,0.8826530612244898,0.0797872340425532
eb05-own-role,0.4829056199805308,15,174,1.0,0.8877551020408163,0.07936507936507936
eb05-own-role,0.4733751535816958,15,176,1.0,0.8979591836734694,0.07853403141361257
eb05-own-role,0.4121675789588447,15,179,1.0,0.9132653061224489,0.07731958762886598
eb05-own-role,0.0,15,196,1.0,1.0,0.07109004739336493
treescan,inf,0,0,0.0,0.0,
treescan,10000.0,5,1,0.3333333333333333,0.00510204081632653,0.8333333333333334
treescan,5000.0,6,1,0.4,0.00510204081632653,0.8571428571428571
treescan,1428.571428571429,7,1,0.4666666666666667,0.00510204081632653,0.875
treescan,833.3333333333334,8,1,0.5333333333333333,0.00510204081632653,0.8888888888888888
treescan,588.2352941176471,8,2,0.5333333333333333,0.01020408163265306,0.8
treescan,144.92753623188406,8,3,0.5333333333333333,0.015306122448979591,0.7272727272727273
treescan,107.52688172043013,8,4,0.5333333333333333,0.02040816326530612,0.6666666666666666
treescan,60.24096385542168,8,5,0.5333333333333333,0.025510204081632654,0.6153846153846154
treescan,57.4712643678161,8,6,0.5333333333333333,0.030612244897959183,0.5714285714285714
treescan,48.30917874396136,9,6,0.6,0.030612244897959183,0.6
treescan,44.05286343612335,9,7,0.6,0.03571428571428571,0.5625
treescan,37.59398496240602,10,7,0.6666666666666666,0.03571428571428571,0.5882352941176471
treescan,25.97402597402597,10,8,0.6666666666666666,0.04081632653061224,0.5555555555555556
treescan,20.61855670103093,11,8,0.7333333333333333,0.04081632653061224,0.5789473684210527
treescan,18.34862385321101,12,8,0.8,0.04081632653061224,0.6
treescan,15.15151515151515,13,8,0.8666666666666667,0.04081632653061224,0.6190476190476191
treescan,12.531328320802006,14,8,0.9333333333333333,0.04081632653061224,0.6363636363636364
treescan,9.560229445506693,14,9,0.9333333333333333,0.04591836734693878,0.6086956521739131
treescan,9.505703422053232,14,10,0.9333333333333333,0.05102040816326531,0.5833333333333334
treescan,4.614674665436087,15,10,1.0,0.05102040816326531,0.6
treescan,4.07000407000407,15,11,1.0,0.05612244897959184,0.5769230769230769
treescan,4.050222762251924,15,12,1.0,0.061224489795918366,0.5555555555555556
treescan,3.800836183960471,15,13,1.0,0.0663265306122449,0.5357142857142857
treescan,3.5855145213338115,15,14,1.0,0.07142857142857142,0.5172413793103449
treescan,2.6624068157614484,15,15,1.0,0.07653061224489796,0.5
treescan,2.5516713447307984,15,16,1.0,0.08163265306122448,0.4838709677419355
treescan,2.354603249352484,15,17,1.0,0.08673469387755102,0.46875
treescan,2.293577981651376,15,18,1.0,0.09183673469387756,0.45454545454545453
treescan,2.026753141467369,15,19,1.0,0.09693877551020408,0.4411764705882353
treescan,1.8993352326685664,15,20,1.0,0.10204081632653061,0.42857142857142855
treescan,1.6611295681063123,15,21,1.0,0.10714285714285714,0.4166666666666667
treescan,1.6061676839061998,15,22,1.0,0.11224489795918367,0.40540540540540543
treescan,1.557389814670612,15,23,1.0,0.11734693877551021,0.39473684210526316
treescan,1.4575134819997084,15,24,1.0,0.12244897959183673,0.38461538461538464
treescan,1.4427932477276004,15,25,1.0,0.12755102040816327,0.375
treescan,1.429388221841052,15,26,1.0,0.1326530612244898,0.36585365853658536
treescan,1.368738023542294,15,27,1.0,0.1377551020408163,0.35714285714285715
treescan,1.3672409078479628,15,28,1.0,0.14285714285714285,0.3488372093023256
treescan,1.339405304045004,15,29,1.0,0.14795918367346939,0.3409090909090909
treescan,1.326259946949602,15,30,1.0,0.15306122448979592,0.3333333333333333
treescan,1.307531380753138,15,31,1.0,0.15816326530612246,0.32608695652173914
treescan,1.2514078338130397,15,32,1.0,0.16326530612244897,0.3191489361702128
treescan,1.2184720360667722,15,33,1.0,0.1683673469387755,0.3125
treescan,1.1940298507462686,15,34,1.0,0.17346938775510204,0.30612244897959184
treescan,1.177024482109228,15,35,1.0,0.17857142857142858,0.3
treescan,1.168360789811894,15,36,1.0,0.1836734693877551,0.29411764705882354
treescan,1.1479738261967627,15,37,1.0,0.18877551020408162,0.28846153846153844
treescan,1.1364927832708265,15,38,1.0,0.19387755102040816,0.2830188679245283
treescan,1.1071744906997345,15,39,1.0,0.1989795918367347,0.2777777777777778
treescan,1.102779003087781,15,40,1.0,0.20408163265306123,0.2727272727272727
treescan,1.1021712774165104,15,41,1.0,0.20918367346938777,0.26785714285714285
treescan,1.0774701002047191,15,42,1.0,0.21428571428571427,0.2631578947368421
treescan,1.077354018530489,15,43,1.0,0.2193877551020408,0.25862068965517243
treescan,1.0708931248661384,15,44,1.0,0.22448979591836735,0.2542372881355932
treescan,1.0617965597791463,15,45,1.0,0.22959183673469388,0.25
treescan,1.059658789869662,15,46,1.0,0.23469387755102042,0.2459016393442623
treescan,1.0505305179115454,15,47,1.0,0.23979591836734693,0.24193548387096775
treescan,1.0454783063251438,15,48,1.0,0.24489795918367346,0.23809523809523808
treescan,1.0450412791305257,15,49,1.0,0.25,0.234375
treescan,1.032417922775139,15,50,1.0,0.25510204081632654,0.23076923076923078
treescan,1.0134792743488394,15,51,1.0,0.2602040816326531,0.22727272727272727
treescan,1.013068584743187,15,53,1.0,0.27040816326530615,0.22058823529411764
treescan,1.0126582278481011,15,54,1.0,0.2755102040816326,0.21739130434782608
treescan,1.0116337885685385,15,55,1.0,0.28061224489795916,0.21428571428571427
treescan,1.0111223458038423,15,56,1.0,0.2857142857142857,0.2112676056338028
treescan,1.009387301907742,15,57,1.0,0.29081632653061223,0.20833333333333334
treescan,1.0071507704703393,15,58,1.0,0.29591836734693877,0.2054794520547945
treescan,1.006137438374082,15,59,1.0,0.3010204081632653,0.20270270270270271
treescan,1.0059350165979275,15,60,1.0,0.30612244897959184,0.2
treescan,1.0045203415369162,15,61,1.0,0.3112244897959184,0.19736842105263158
treescan,1.0040160642570282,15,62,1.0,0.3163265306122449,0.19480519480519481
treescan,1.0028078620136385,15,65,1.0,0.33163265306122447,0.1875
treescan,1.0023053021950483,15,66,1.0,0.336734693877551,0.18518518518518517
treescan,1.001602564102564,15,67,1.0,0.34183673469387754,0.18292682926829268
treescan,1.001401962747847,15,68,1.0,0.3469387755102041,0.18072289156626506
treescan,1.001201441730076,15,69,1.0,0.3520408163265306,0.17857142857142858
treescan,1.0011012113324658,15,70,1.0,0.35714285714285715,0.17647058823529413
treescan,1.0009008107296566,15,71,1.0,0.3622448979591837,0.1744186046511628
treescan,1.0006003602161295,15,73,1.0,0.37244897959183676,0.17045454545454544
treescan,1.000300090027008,15,74,1.0,0.37755102040816324,0.16853932584269662
treescan,1.0002000400080016,15,75,1.0,0.3826530612244898,0.16666666666666666
treescan,1.000100010001,15,76,1.0,0.3877551020408163,0.16483516483516483
treescan,1.0,15,196,1.0,1.0,0.07109004739336493
treescan-branch,inf,0,0,0.0,0.0,
treescan-branch,10000.0,12,35,0.8,0.17857142857142858,0.2553191489361702
treescan-branch,3333.333333333333,12,37,0.8,0.18877551020408162,0.24489795918367346
treescan-branch,434.7826086956522,12,39,0.8,0.1989795918367347,0.23529411764705882
treescan-branch,232.5581395348837,12,43,0.8,0.2193877551020408,0.21818181818181817
treescan-branch,109.89010989010988,12,61,0.8,0.3112244897959184,0.1643835616438356
treescan-branch,86.95652173913044,12,64,0.8,0.32653061224489793,0.15789473684210525
treescan-branch,74.6268656716418,12,66,0.8,0.336734693877551,0.15384615384615385
treescan-branch,64.51612903225806,14,66,0.9333333333333333,0.336734693877551,0.175
treescan-branch,44.24778761061947,14,67,0.9333333333333333,0.34183673469387754,0.1728395061728395
treescan-branch,35.587188612099645,14,104,0.9333333333333333,0.5306122448979592,0.11864406779661017
treescan-branch,34.72222222222222,14,107,0.9333333333333333,0.5459183673469388,0.11570247933884298
treescan-branch,29.850746268656717,14,112,0.9333333333333333,0.5714285714285714,0.1111111111111111
treescan-branch,23.752969121140143,14,114,0.9333333333333333,0.5816326530612245,0.109375
treescan-branch,19.53125,14,115,0.9333333333333333,0.5867346938775511,0.10852713178294573
treescan-branch,14.144271570014144,14,116,0.9333333333333333,0.5918367346938775,0.1076923076923077
treescan-branch,13.927576601671309,14,117,0.9333333333333333,0.5969387755102041,0.10687022900763359
treescan-branch,13.404825737265416,14,118,0.9333333333333333,0.6020408163265306,0.10606060606060606
treescan-branch,12.9366106080207,14,119,0.9333333333333333,0.6071428571428571,0.10526315789473684
treescan-branch,11.32502831257078,14,121,0.9333333333333333,0.6173469387755102,0.1037037037037037
treescan-branch,9.9601593625498,14,123,0.9333333333333333,0.6275510204081632,0.10218978102189781
treescan-branch,8.4530853761623,14,128,0.9333333333333333,0.6530612244897959,0.09859154929577464
treescan-branch,5.574136008918617,14,130,0.9333333333333333,0.6632653061224489,0.09722222222222222
treescan-branch,4.627487274409996,14,137,0.9333333333333333,0.6989795918367347,0.09271523178807947
treescan-branch,4.203446826397646,14,138,0.9333333333333333,0.7040816326530612,0.09210526315789473
treescan-branch,2.9403116730373418,14,139,0.9333333333333333,0.7091836734693877,0.0915032679738562
treescan-branch,2.920560747663552,14,140,0.9333333333333333,0.7142857142857143,0.09090909090909091
treescan-branch,2.901073397156948,14,141,0.9333333333333333,0.7193877551020408,0.09032258064516129
treescan-branch,2.147766323024055,14,144,0.9333333333333333,0.7346938775510204,0.08860759493670886
treescan-branch,1.990445859872612,14,147,0.9333333333333333,0.75,0.08695652173913043
treescan-branch,1.961553550411926,14,151,0.9333333333333333,0.7704081632653061,0.08484848484848485
treescan-branch,1.7979144192736425,14,154,0.9333333333333333,0.7857142857142857,0.08333333333333333
treescan-branch,1.6460905349794237,14,155,0.9333333333333333,0.7908163265306123,0.08284023668639054
treescan-branch,1.2777919754663942,14,157,0.9333333333333333,0.8010204081632653,0.08187134502923976
treescan-branch,1.2737230925996688,14,158,0.9333333333333333,0.8061224489795918,0.08139534883720931
treescan-branch,1.1580775911986103,14,160,0.9333333333333333,0.8163265306122449,0.08045977011494253
treescan-branch,1.1479738261967627,14,161,0.9333333333333333,0.8214285714285714,0.08
treescan-branch,1.1358473421172195,14,162,0.9333333333333333,0.826530612244898,0.07954545454545454
treescan-branch,1.0962508221881166,14,164,0.9333333333333333,0.8367346938775511,0.07865168539325842
treescan-branch,1.0926573426573427,14,165,0.9333333333333333,0.8418367346938775,0.0782122905027933
treescan-branch,1.0350895352447986,14,166,0.9333333333333333,0.8469387755102041,0.07777777777777778
treescan-branch,1.0271158586688578,14,167,0.9333333333333333,0.8520408163265306,0.07734806629834254
treescan-branch,1.0186411327289395,14,168,0.9333333333333333,0.8571428571428571,0.07692307692307693
treescan-branch,1.0094891984655765,14,169,0.9333333333333333,0.8622448979591837,0.07650273224043716
treescan-branch,1.0059350165979275,14,170,0.9333333333333333,0.8673469387755102,0.07608695652173914
treescan-branch,1.0041168792047397,14,171,0.9333333333333333,0.8724489795918368,0.07567567567567568
treescan-branch,1.0018032458425166,14,175,0.9333333333333333,0.8928571428571429,0.07407407407407407
treescan-branch,1.001602564102564,14,176,0.9333333333333333,0.8979591836734694,0.07368421052631578
treescan-branch,1.0,15,196,1.0,1.0,0.07109004739336493
treescan-branch-attr,inf,0,0,0.0,0.0,
treescan-branch-attr,10000.0,8,5,0.5333333333333333,0.025510204081632654,0.6153846153846154
treescan-branch-attr,1250.0,9,5,0.6,0.025510204081632654,0.6428571428571429
treescan-branch-attr,500.0,9,6,0.6,0.030612244897959183,0.6
treescan-branch-attr,434.7826086956522,9,7,0.6,0.03571428571428571,0.5625
treescan-branch-attr,303.03030303030306,9,8,0.6,0.04081632653061224,0.5294117647058824
treescan-branch-attr,185.1851851851852,10,8,0.6666666666666666,0.04081632653061224,0.5555555555555556
treescan-branch-attr,109.89010989010988,10,10,0.6666666666666666,0.05102040816326531,0.5
treescan-branch-attr,86.95652173913044,10,11,0.6666666666666666,0.05612244897959184,0.47619047619047616
treescan-branch-attr,74.6268656716418,10,12,0.6666666666666666,0.061224489795918366,0.45454545454545453
treescan-branch-attr,64.51612903225806,11,12,0.7333333333333333,0.061224489795918366,0.4782608695652174
treescan-branch-attr,26.525198938992045,12,12,0.8,0.061224489795918366,0.5
treescan-branch-attr,23.752969121140143,12,15,0.8,0.07653061224489796,0.4444444444444444
treescan-branch-attr,21.55172413793104,12,17,0.8,0.08673469387755102,0.41379310344827586
treescan-branch-attr,4.627487274409996,12,18,0.8,0.09183673469387756,0.4
treescan-branch-attr,4.555808656036446,12,19,0.8,0.09693877551020408,0.3870967741935484
treescan-branch-attr,4.203446826397646,12,20,0.8,0.10204081632653061,0.375
treescan-branch-attr,3.045066991473812,12,25,0.8,0.12755102040816327,0.32432432432432434
treescan-branch-attr,2.8490028490028494,12,28,0.8,0.14285714285714285,0.3
treescan-branch-attr,2.765486725663717,12,30,0.8,0.15306122448979592,0.2857142857142857
treescan-branch-attr,2.506265664160401,12,31,0.8,0.15816326530612246,0.27906976744186046
treescan-branch-attr,1.8875047187617968,12,32,0.8,0.16326530612244897,0.2727272727272727
treescan-branch-attr,1.7979144192736425,12,33,0.8,0.1683673469387755,0.26666666666666666
treescan-branch-attr,1.7283097131005876,12,35,0.8,0.17857142857142858,0.2553191489361702
treescan-branch-attr,1.6523463317911435,12,36,0.8,0.1836734693877551,0.25
treescan-branch-attr,1.6460905349794237,12,37,0.8,0.18877551020408162,0.24489795918367346
treescan-branch-attr,1.3854253255749516,12,38,0.8,0.19387755102040816,0.24
treescan-branch-attr,1.3317352510320948,12,39,0.8,0.1989795918367347,0.23529411764705882
treescan-branch-attr,1.2559658377292138,12,40,0.8,0.20408163265306123,0.23076923076923078
treescan-branch-attr,1.2080212611741967,12,41,0.8,0.20918367346938777,0.22641509433962265
treescan-branch-attr,1.1907597046915932,12,43,0.8,0.2193877551020408,0.21818181818181817
treescan-branch-attr,1.1580775911986103,12,45,0.8,0.22959183673469388,0.21052631578947367
treescan-branch-attr,1.154467790348649,12,46,0.8,0.23469387755102042,0.20689655172413793
treescan-branch-attr,1.1479738261967627,12,47,0.8,0.23979591836734693,0.2033898305084746
treescan-branch-attr,1.1471836641046231,12,49,0.8,0.25,0.19672131147540983
treescan-branch-attr,1.0962508221881166,12,51,0.8,0.2602040816326531,0.19047619047619047
treescan-branch-attr,1.0926573426573427,12,52,0.8,0.2653061224489796,0.1875
treescan-branch-attr,1.0811979673478214,12,54,0.8,0.2755102040816326,0.18181818181818182
treescan-branch-attr,1.0666666666666669,12,55,0.8,0.28061224489795916,0.1791044776119403
treescan-branch-attr,1.0529640939243972,12,56,0.8,0.2857142857142857,0.17647058823529413
treescan-branch-attr,1.0486577181208054,12,61,0.8,0.3112244897959184,0.1643835616438356
treescan-branch-attr,1.0452597470471412,12,63,0.8,0.32142857142857145,0.16
treescan-branch-attr,1.034340091021928,12,64,0.8,0.32653061224489793,0.15789473684210525
treescan-branch-attr,1.0295480284155256,12,65,0.8,0.33163265306122447,0.15584415584415584
treescan-branch-attr,1.02880658436214,12,66,0.8,0.336734693877551,0.15384615384615385
treescan-branch-attr,1.0186411327289395,12,67,0.8,0.34183673469387754,0.1518987341772152
treescan-branch-attr,1.008471157724889,12,69,0.8,0.3520408163265306,0.14814814814814814
treescan-branch-attr,1.0059350165979275,12,70,0.8,0.35714285714285715,0.14634146341463414
treescan-branch-attr,1.005126143330988,12,71,0.8,0.3622448979591837,0.14457831325301204
treescan-branch-attr,1.0045203415369162,12,72,0.8,0.3673469387755102,0.14285714285714285
treescan-branch-attr,1.000300090027008,12,74,0.8,0.37755102040816324,0.13953488372093023
treescan-branch-attr,1.0002000400080016,12,75,0.8,0.3826530612244898,0.13793103448275862
treescan-branch-attr,1.000100010001,12,78,0.8,0.3979591836734694,0.13333333333333333
treescan-branch-attr,1.0,15,196,1.0,1.0,0.07109004739336493
treescan-tree,inf,0,0,0.0,0.0,
treescan-tree,10000.0,10,5,0.6666666666666666,0.025510204081632654,0.6666666666666666
treescan-tree,588.2352941176471,10,6,0.6666666666666666,0.030612244897959183,0.625
treescan-tree,500.0,10,7,0.6666666666666666,0.03571428571428571,0.5882352941176471
treescan-tree,303.03030303030306,10,8,0.6666666666666666,0.04081632653061224,0.5555555555555556
treescan-tree,185.1851851851852,11,8,0.7333333333333333,0.04081632653061224,0.5789473684210527
treescan-tree,144.92753623188406,11,9,0.7333333333333333,0.04591836734693878,0.55
treescan-tree,109.89010989010988,11,11,0.7333333333333333,0.05612244897959184,0.5
treescan-tree,86.95652173913044,11,12,0.7333333333333333,0.061224489795918366,0.4782608695652174
treescan-tree,74.6268656716418,11,13,0.7333333333333333,0.0663265306122449,0.4583333333333333
treescan-tree,57.4712643678161,11,14,0.7333333333333333,0.07142857142857142,0.44
treescan-tree,48.30917874396136,12,14,0.8,0.07142857142857142,0.46153846153846156
treescan-tree,44.05286343612335,12,15,0.8,0.07653061224489796,0.4444444444444444
treescan-tree,26.525198938992045,13,15,0.8666666666666667,0.07653061224489796,0.4642857142857143
treescan-tree,25.97402597402597,13,16,0.8666666666666667,0.08163265306122448,0.4482758620689655
treescan-tree,23.752969121140143,13,19,0.8666666666666667,0.09693877551020408,0.40625
treescan-tree,21.55172413793104,13,20,0.8666666666666667,0.10204081632653061,0.3939393939393939
treescan-tree,18.34862385321101,14,20,0.9333333333333333,0.10204081632653061,0.4117647058823529
treescan-tree,9.560229445506693,14,21,0.9333333333333333,0.10714285714285714,0.4
treescan-tree,9.505703422053232,14,22,0.9333333333333333,0.11224489795918367,0.3888888888888889
treescan-tree,4.627487274409996,14,23,0.9333333333333333,0.11734693877551021,0.3783783783783784
treescan-tree,4.614674665436087,15,23,1.0,0.11734693877551021,0.39473684210526316
treescan-tree,4.555808656036446,15,24,1.0,0.12244897959183673,0.38461538461538464
treescan-tree,4.203446826397646,15,25,1.0,0.12755102040816327,0.375
treescan-tree,4.07000407000407,15,26,1.0,0.1326530612244898,0.36585365853658536
treescan-tree,4.050222762251924,15,27,1.0,0.1377551020408163,0.35714285714285715
treescan-tree,3.5855145213338115,15,28,1.0,0.14285714285714285,0.3488372093023256
treescan-tree,3.045066991473812,15,33,1.0,0.1683673469387755,0.3125
treescan-tree,2.8490028490028494,15,34,1.0,0.17346938775510204,0.30612244897959184
treescan-tree,2.765486725663717,15,36,1.0,0.1836734693877551,0.29411764705882354
treescan-tree,2.5516713447307984,15,37,1.0,0.18877551020408162,0.28846153846153844
treescan-tree,2.506265664160401,15,38,1.0,0.19387755102040816,0.2830188679245283
treescan-tree,1.8993352326685664,15,39,1.0,0.1989795918367347,0.2777777777777778
treescan-tree,1.8875047187617968,15,40,1.0,0.20408163265306123,0.2727272727272727
treescan-tree,1.7979144192736425,15,41,1.0,0.20918367346938777,0.26785714285714285
treescan-tree,1.7283097131005876,15,42,1.0,0.21428571428571427,0.2631578947368421
treescan-tree,1.6523463317911435,15,43,1.0,0.2193877551020408,0.25862068965517243
treescan-tree,1.6460905349794237,15,44,1.0,0.22448979591836735,0.2542372881355932
treescan-tree,1.6061676839061998,15,45,1.0,0.22959183673469388,0.25
treescan-tree,1.557389814670612,15,46,1.0,0.23469387755102042,0.2459016393442623
treescan-tree,1.4575134819997084,15,47,1.0,0.23979591836734693,0.24193548387096775
treescan-tree,1.4427932477276004,15,48,1.0,0.24489795918367346,0.23809523809523808
treescan-tree,1.3854253255749516,15,49,1.0,0.25,0.234375
treescan-tree,1.368738023542294,15,50,1.0,0.25510204081632654,0.23076923076923078
treescan-tree,1.3672409078479628,15,51,1.0,0.2602040816326531,0.22727272727272727
treescan-tree,1.339405304045004,15,52,1.0,0.2653061224489796,0.22388059701492538
treescan-tree,1.3317352510320948,15,53,1.0,0.27040816326530615,0.22058823529411764
treescan-tree,1.2514078338130397,15,54,1.0,0.2755102040816326,0.21739130434782608
treescan-tree,1.2184720360667722,15,55,1.0,0.28061224489795916,0.21428571428571427
treescan-tree,1.1907597046915932,15,56,1.0,0.2857142857142857,0.2112676056338028
treescan-tree,1.177024482109228,15,57,1.0,0.29081632653061223,0.20833333333333334
treescan-tree,1.1580775911986103,15,59,1.0,0.3010204081632653,0.20270270270270271
treescan-tree,1.154467790348649,15,60,1.0,0.30612244897959184,0.2
treescan-tree,1.1479738261967627,15,61,1.0,0.3112244897959184,0.19736842105263158
treescan-tree,1.1471836641046231,15,63,1.0,0.32142857142857145,0.19230769230769232
treescan-tree,1.1071744906997345,15,64,1.0,0.32653061224489793,0.189873417721519
treescan-tree,1.102779003087781,15,65,1.0,0.33163265306122447,0.1875
treescan-tree,1.0962508221881166,15,67,1.0,0.34183673469387754,0.18292682926829268
treescan-tree,1.0926573426573427,15,68,1.0,0.3469387755102041,0.18072289156626506
treescan-tree,1.0811979673478214,15,70,1.0,0.35714285714285715,0.17647058823529413
treescan-tree,1.0774701002047191,15,71,1.0,0.3622448979591837,0.1744186046511628
treescan-tree,1.077354018530489,15,72,1.0,0.3673469387755102,0.1724137931034483
treescan-tree,1.0666666666666669,15,73,1.0,0.37244897959183676,0.17045454545454544
treescan-tree,1.059658789869662,15,74,1.0,0.37755102040816324,0.16853932584269662
treescan-tree,1.0486577181208054,15,78,1.0,0.3979591836734694,0.16129032258064516
treescan-tree,1.0454783063251438,15,79,1.0,0.4030612244897959,0.1595744680851064
treescan-tree,1.0452597470471412,15,81,1.0,0.413265306122449,0.15625
treescan-tree,1.0450412791305257,15,82,1.0,0.41836734693877553,0.15463917525773196
treescan-tree,1.034340091021928,15,83,1.0,0.42346938775510207,0.15306122448979592
treescan-tree,1.0295480284155256,15,84,1.0,0.42857142857142855,0.15151515151515152
treescan-tree,1.02880658436214,15,85,1.0,0.4336734693877551,0.15
treescan-tree,1.0186411327289395,15,86,1.0,0.4387755102040816,0.1485148514851485
treescan-tree,1.013068584743187,15,88,1.0,0.4489795918367347,0.14563106796116504
treescan-tree,1.009387301907742,15,89,1.0,0.45408163265306123,0.14423076923076922
treescan-tree,1.008471157724889,15,90,1.0,0.45918367346938777,0.14285714285714285
treescan-tree,1.006137438374082,15,91,1.0,0.4642857142857143,0.14150943396226415
treescan-tree,1.0059350165979275,15,92,1.0,0.46938775510204084,0.14018691588785046
treescan-tree,1.005126143330988,15,93,1.0,0.4744897959183674,0.1388888888888889
treescan-tree,1.0045203415369162,15,94,1.0,0.47959183673469385,0.13761467889908258
treescan-tree,1.0028078620136385,15,95,1.0,0.4846938775510204,0.13636363636363635
treescan-tree,1.0011012113324658,15,96,1.0,0.4897959183673469,0.13513513513513514
treescan-tree,1.0006003602161295,15,97,1.0,0.49489795918367346,0.13392857142857142
treescan-tree,1.000300090027008,15,99,1.0,0.5051020408163265,0.13157894736842105
treescan-tree,1.0002000400080016,15,101,1.0,0.5153061224489796,0.12931034482758622
treescan-tree,1.000100010001,15,103,1.0,0.5255102040816326,0.1271186440677966
treescan-tree,1.0,15,196,1.0,1.0,0.07109004739336493
ears,inf,0,0,0.0,0.0,
ears,17.18808193668529,1,0,0.06666666666666667,0.0,1.0
ears,10.217720565230604,2,0,0.13333333333333333,0.0,1.0
ears,6.977852584902853,3,0,0.2,0.0,1.0
ears,6.689576174112257,4,0,0.26666666666666666,0.0,1.0
ears,6.109217557292255,4,1,0.26666666666666666,0.00510204081632653,0.8
ears,5.667108948136438,5,1,0.3333333333333333,0.00510204081632653,0.8333333333333334
ears,4.099343675417661,6,1,0.4,0.00510204081632653,0.8571428571428571
ears,3.632282354030966,7,1,0.4666666666666667,0.00510204081632653,0.875
ears,3.474009880676849,7,2,0.4666666666666667,0.01020408163265306,0.7777777777777778
ears,3.2582769959854114,7,3,0.4666666666666667,0.015306122448979591,0.7
ears,3.2391988848599156,8,3,0.5333333333333333,0.015306122448979591,0.7272727272727273
ears,3.0982886562324325,9,3,0.6,0.015306122448979591,0.75
ears,3.0925388741638273,10,3,0.6666666666666666,0.015306122448979591,0.7692307692307693
ears,3.083614739227279,11,3,0.7333333333333333,0.015306122448979591,0.7857142857142857
ears,2.7250942388466686,12,3,0.8,0.015306122448979591,0.8
ears,2.655979770341676,13,3,0.8666666666666667,0.015306122448979591,0.8125
ears,2.6380498355101296,13,4,0.8666666666666667,0.02040816326530612,0.7647058823529411
ears,2.5363101729143,14,4,0.9333333333333333,0.02040816326530612,0.7777777777777778
ears,2.3309654501302535,14,5,0.9333333333333333,0.025510204081632654,0.7368421052631579
ears,2.224914804998107,14,6,0.9333333333333333,0.030612244897959183,0.7
ears,2.187104928528294,14,7,0.9333333333333333,0.03571428571428571,0.6666666666666666
ears,2.1358656438740544,14,8,0.9333333333333333,0.04081632653061224,0.6363636363636364
ears,2.123293253872828,14,9,0.9333333333333333,0.04591836734693878,0.6086956521739131
ears,2.073715670741557,14,10,0.9333333333333333,0.05102040816326531,0.5833333333333334
ears,2.0734031073863672,15,10,1.0,0.05102040816326531,0.6
ears,2.0335455397973976,15,11,1.0,0.05612244897959184,0.5769230769230769
ears,2.015131841423693,15,12,1.0,0.061224489795918366,0.5555555555555556
ears,1.9660704407279639,15,13,1.0,0.0663265306122449,0.5357142857142857
ears,1.962218095412985,15,14,1.0,0.07142857142857142,0.5172413793103449
ears,1.9540596697266157,15,15,1.0,0.07653061224489796,0.5
ears,1.945028676389477,15,16,1.0,0.08163265306122448,0.4838709677419355
ears,1.914493480441324,15,17,1.0,0.08673469387755102,0.46875
ears,1.8974453991859574,15,18,1.0,0.09183673469387756,0.45454545454545453
ears,1.8795409663494664,15,19,1.0,0.09693877551020408,0.4411764705882353
ears,1.8700909466721787,15,20,1.0,0.10204081632653061,0.42857142857142855
ears,1.8437839053938883,15,21,1.0,0.10714285714285714,0.4166666666666667
ears,1.8357970583445218,15,22,1.0,0.11224489795918367,0.40540540540540543
ears,1.8003125,15,23,1.0,0.11734693877551021,0.39473684210526316
ears,1.748557518932564,15,24,1.0,0.12244897959183673,0.38461538461538464
ears,1.7482967083451715,15,25,1.0,0.12755102040816327,0.375
ears,1.6995213858278635,15,26,1.0,0.1326530612244898,0.36585365853658536
ears,1.6988010429778664,15,27,1.0,0.1377551020408163,0.35714285714285715
ears,1.6791758819721652,15,28,1.0,0.14285714285714285,0.3488372093023256
ears,1.6723940435280642,15,29,1.0,0.14795918367346939,0.3409090909090909
ears,1.6410645045338192,15,30,1.0,0.15306122448979592,0.3333333333333333
ears,1.6191635659228687,15,31,1.0,0.15816326530612246,0.32608695652173914
ears,1.576231611455498,15,32,1.0,0.16326530612244897,0.3191489361702128
ears,1.5649478979518505,15,33,1.0,0.1683673469387755,0.3125
ears,1.5623538062283735,15,34,1.0,0.17346938775510204,0.30612244897959184
ears,1.5588865096359743,15,35,1.0,0.17857142857142858,0.3
ears,1.538845761227854,15,36,1.0,0.1836734693877551,0.29411764705882354
ears,1.5382272802622723,15,37,1.0,0.18877551020408162,0.28846153846153844
ears,1.4679475100052235,15,38,1.0,0.19387755102040816,0.2830188679245283
ears,1.4121559396769892,15,39,1.0,0.1989795918367347,0.2777777777777778
ears,1.4059893941634587,15,40,1.0,0.20408163265306123,0.2727272727272727
ears,1.3831488767921694,15,41,1.0,0.20918367346938777,0.26785714285714285
ears,1.382490302653475,15,42,1.0,0.21428571428571427,0.2631578947368421
ears,1.3574017806670435,15,43,1.0,0.2193877551020408,0.25862068965517243
ears,1.3345646796345916,15,44,1.0,0.22448979591836735,0.2542372881355932
ears,1.309820977600029,15,45,1.0,0.22959183673469388,0.25
ears,1.2999107971098325,15,46,1.0,0.23469387755102042,0.2459016393442623
ears,1.2884393627918065,15,47,1.0,0.23979591836734693,0.24193548387096775
ears,1.2789302140255008,15,48,1.0,0.24489795918367346,0.23809523809523808
ears,1.2751973989781702,15,50,1.0,0.25510204081632654,0.23076923076923078
ears,1.229890180433064,15,51,1.0,0.2602040816326531,0.22727272727272727
ears,1.220136340123401,15,52,1.0,0.2653061224489796,0.22388059701492538
ears,1.2109256449165404,15,53,1.0,0.27040816326530615,0.22058823529411764
ears,1.2002083333333333,15,55,1.0,0.28061224489795916,0.21428571428571427
ears,1.1934161050469634,15,56,1.0,0.2857142857142857,0.2112676056338028
ears,1.1912519647016613,15,57,1.0,0.29081632653061223,0.20833333333333334
ears,1.1793170425001456,15,58,1.0,0.29591836734693877,0.2054794520547945
ears,1.1701319472211116,15,61,1.0,0.3112244897959184,0.19736842105263158
ears,1.1255490377996904,15,62,1.0,0.3163265306122449,0.19480519480519481
ears,1.0617680841202424,15,63,1.0,0.32142857142857145,0.19230769230769232
ears,1.043298598634567,15,64,1.0,0.32653061224489793,0.189873417721519
ears,1.0345871019983341,15,65,1.0,0.33163265306122447,0.1875
ears,1.0015315362590282,15,66,1.0,0.336734693877551,0.18518518518518517
ears,0.984157381615599,15,68,1.0,0.3469387755102041,0.18072289156626506
ears,0.9820019815970863,15,69,1.0,0.3520408163265306,0.17857142857142858
ears,0.965684575389948,15,70,1.0,0.35714285714285715,0.17647058823529413
ears,0.9433521343479515,15,71,1.0,0.3622448979591837,0.1744186046511628
ears,0.9399916561463407,15,72,1.0,0.3673469387755102,0.1724137931034483
ears,0.9396143224954445,15,73,1.0,0.37244897959183676,0.17045454545454544
ears,0.9267373519889788,15,74,1.0,0.37755102040816324,0.16853932584269662
ears,0.9223943121198052,15,75,1.0,0.3826530612244898,0.16666666666666666
ears,0.903107861060329,15,76,1.0,0.3877551020408163,0.16483516483516483
ears,0.8915784229710543,15,77,1.0,0.39285714285714285,0.16304347826086957
ears,0.8508685676827269,15,80,1.0,0.40816326530612246,0.15789473684210525
ears,0.847972972972973,15,82,1.0,0.41836734693877553,0.15463917525773196
ears,0.8381336405529953,15,84,1.0,0.42857142857142855,0.15151515151515152
ears,0.8331545064377682,15,85,1.0,0.4336734693877551,0.15
ears,0.8288863109048724,15,86,1.0,0.4387755102040816,0.1485148514851485
ears,0.8179945054945056,15,88,1.0,0.4489795918367347,0.14563106796116504
ears,0.8064312736443884,15,89,1.0,0.45408163265306123,0.14423076923076922
ears,0.794954721862872,15,90,1.0,0.45918367346938777,0.14285714285714285
ears,0.7471111111111111,15,91,1.0,0.4642857142857143,0.14150943396226415
ears,0.7432744043043812,15,92,1.0,0.46938775510204084,0.14018691588785046
ears,0.6994230075730256,15,93,1.0,0.4744897959183674,0.1388888888888889
ears,0.6958334839502603,15,94,1.0,0.47959183673469385,0.13761467889908258
ears,0.6893835616438356,15,95,1.0,0.4846938775510204,0.13636363636363635
ears,0.6610800744878956,15,97,1.0,0.49489795918367346,0.13392857142857142
ears,0.6375986994890851,15,104,1.0,0.5306122448979592,0.12605042016806722
ears,0.6282448663308796,15,105,1.0,0.5357142857142857,0.125
ears,0.6001041666666667,15,109,1.0,0.5561224489795918,0.12096774193548387
ears,0.5850659736105558,15,110,1.0,0.5612244897959183,0.12
ears,0.558,15,111,1.0,0.5663265306122449,0.11904761904761904
ears,0.5574646811760214,15,113,1.0,0.576530612244898,0.1171875
ears,0.5562287012495267,15,116,1.0,0.5918367346938775,0.11450381679389313
ears,0.5515145325084627,15,118,1.0,0.6020408163265306,0.11278195488721804
ears,0.5216492993172835,15,119,1.0,0.6071428571428571,0.11194029850746269
ears,0.5196288365453248,15,121,1.0,0.6173469387755102,0.11029411764705882
ears,0.4920786908077995,15,123,1.0,0.6275510204081632,0.10869565217391304
ears,0.482842287694974,15,127,1.0,0.6479591836734694,0.1056338028169014
ears,0.45458361316319684,15,129,1.0,0.6581632653061225,0.10416666666666667
ears,0.4515539305301645,15,136,1.0,0.6938775510204082,0.09933774834437085
ears,0.4469964664310954,15,137,1.0,0.6989795918367347,0.09868421052631579
ears,0.43489148580968284,15,139,1.0,0.7091836734693877,0.09740259740259741
ears,0.42543428384136345,15,142,1.0,0.7244897959183674,0.09554140127388536
ears,0.4239864864864865,15,153,1.0,0.7806122448979592,0.08928571428571429
ears,0.41906682027649766,15,156,1.0,0.7959183673469388,0.08771929824561403
ears,0.4165772532188841,15,158,1.0,0.8061224489795918,0.08670520231213873
ears,0.4155997304582211,15,159,1.0,0.8112244897959183,0.08620689655172414
ears,0.4089972527472528,15,164,1.0,0.8367346938775511,0.08379888268156424
ears,0.4060975609756098,15,167,1.0,0.8520408163265306,0.08241758241758242
ears,0.403943377148635,15,168,1.0,0.8571428571428571,0.08196721311475409
ears,0.4036418816388468,15,169,1.0,0.8622448979591837,0.08152173913043478
ears,0.3848499061913696,15,170,1.0,0.8673469387755102,0.08108108108108109
ears,0.38289869608826477,15,171,1.0,0.8724489795918368,0.08064516129032258
ears,0.3766348533050548,15,173,1.0,0.8826530612244898,0.0797872340425532
ears,0.37389380530973454,15,178,1.0,0.9081632653061225,0.07772020725388601
ears,0.3497115037865128,15,183,1.0,0.9336734693877551,0.07575757575757576
ears,0.3305400372439478,15,184,1.0,0.9387755102040817,0.07537688442211055
ears,0.31533412887828166,15,185,1.0,0.9438775510204082,0.075
ears,0.279,15,189,1.0,0.9642857142857143,0.07352941176470588
ears,0.2708113605208502,15,190,1.0,0.9693877551020408,0.07317073170731707
ears,0.0,15,196,1.0,1.0,0.07109004739336493
nb-trend,inf,0,0,0.0,0.0,
nb-trend,13.899986498491657,1,0,0.06666666666666667,0.0,1.0
nb-trend,5.575850397541355,2,0,0.13333333333333333,0.0,1.0
nb-trend,5.097012080455607,2,1,0.13333333333333333,0.00510204081632653,0.6666666666666666
nb-trend,4.7091466702823706,2,2,0.13333333333333333,0.01020408163265306,0.5
nb-trend,4.554947937565841,3,2,0.2,0.01020408163265306,0.6
nb-trend,4.007914958672783,4,2,0.26666666666666666,0.01020408163265306,0.6666666666666666
nb-trend,3.586853860298587,5,2,0.3333333333333333,0.01020408163265306,0.7142857142857143
nb-trend,3.434148505084059,6,2,0.4,0.01020408163265306,0.75
nb-trend,3.298681489346253,7,2,0.4666666666666667,0.01020408163265306,0.7777777777777778
nb-trend,3.1149162028420387,8,2,0.5333333333333333,0.01020408163265306,0.8
nb-trend,3.0449148030928774,9,2,0.6,0.01020408163265306,0.8181818181818182
nb-trend,2.9895618191275712,10,2,0.6666666666666666,0.01020408163265306,0.8333333333333334
nb-trend,2.9600099814224308,10,3,0.6666666666666666,0.015306122448979591,0.7692307692307693
nb-trend,2.819719330818754,11,3,0.7333333333333333,0.015306122448979591,0.7857142857142857
nb-trend,2.683056007742036,11,4,0.7333333333333333,0.02040816326530612,0.7333333333333333
nb-trend,2.651161535197034,11,5,0.7333333333333333,0.025510204081632654,0.6875
nb-trend,2.5834039036694225,12,5,0.8,0.025510204081632654,0.7058823529411765
nb-trend,2.5143190416455705,13,5,0.8666666666666667,0.025510204081632654,0.7222222222222222
nb-trend,2.459800219953717,13,6,0.8666666666666667,0.030612244897959183,0.6842105263157895
nb-trend,2.424311629190301,14,6,0.9333333333333333,0.030612244897959183,0.7
nb-trend,2.3032059479504774,14,7,0.9333333333333333,0.03571428571428571,0.6666666666666666
nb-trend,2.1861568037705896,14,8,0.9333333333333333,0.04081632653061224,0.6363636363636364
nb-trend,2.14577683203429,14,9,0.9333333333333333,0.04591836734693878,0.6086956521739131
nb-trend,2.117155755714946,14,10,0.9333333333333333,0.05102040816326531,0.5833333333333334
nb-trend,2.0916187059802755,14,11,0.9333333333333333,0.05612244897959184,0.56
nb-trend,2.0900547144360058,14,12,0.9333333333333333,0.061224489795918366,0.5384615384615384
nb-trend,2.082864643278574,14,13,0.9333333333333333,0.0663265306122449,0.5185185185185185
nb-trend,2.07934172180605,14,14,0.9333333333333333,0.07142857142857142,0.5
nb-trend,2.065217551411349,14,15,0.9333333333333333,0.07653061224489796,0.4827586206896552
nb-trend,1.9499852136796065,14,16,0.9333333333333333,0.08163265306122448,0.4666666666666667
nb-trend,1.9371587736631761,14,17,0.9333333333333333,0.08673469387755102,0.45161290322580644
nb-trend,1.914315325712685,14,18,0.9333333333333333,0.09183673469387756,0.4375
nb-trend,1.9021101879744957,14,19,0.9333333333333333,0.09693877551020408,0.42424242424242425
nb-trend,1.8996712257928232,14,20,0.9333333333333333,0.10204081632653061,0.4117647058823529
nb-trend,1.8962981816804605,14,21,0.9333333333333333,0.10714285714285714,0.4
nb-trend,1.887747714037116,14,22,0.9333333333333333,0.11224489795918367,0.3888888888888889
nb-trend,1.887432820505,14,23,0.9333333333333333,0.11734693877551021,0.3783783783783784
nb-trend,1.8853504544091177,14,24,0.9333333333333333,0.12244897959183673,0.3684210526315789
nb-trend,1.8644932877682665,14,25,0.9333333333333333,0.12755102040816327,0.358974358974359
nb-trend,1.788300703640213,14,26,0.9333333333333333,0.1326530612244898,0.35
nb-trend,1.7710982847059975,14,27,0.9333333333333333,0.1377551020408163,0.34146341463414637
nb-trend,1.7101041359456108,14,28,0.9333333333333333,0.14285714285714285,0.3333333333333333
nb-trend,1.7092610171109919,14,29,0.9333333333333333,0.14795918367346939,0.32558139534883723
nb-trend,1.708512212453876,14,30,0.9333333333333333,0.15306122448979592,0.3181818181818182
nb-trend,1.7070425040845059,14,31,0.9333333333333333,0.15816326530612246,0.3111111111111111
nb-trend,1.7054212147346404,14,32,0.9333333333333333,0.16326530612244897,0.30434782608695654
nb-trend,1.6990413998581642,14,33,0.9333333333333333,0.1683673469387755,0.2978723404255319
nb-trend,1.6965436493976056,14,34,0.9333333333333333,0.17346938775510204,0.2916666666666667
nb-trend,1.6857035887951992,14,35,0.9333333333333333,0.17857142857142858,0.2857142857142857
nb-trend,1.6848918834424609,14,36,0.9333333333333333,0.1836734693877551,0.28
nb-trend,1.6830422455206664,14,37,0.9333333333333333,0.18877551020408162,0.27450980392156865
nb-trend,1.657737276285132,14,38,0.9333333333333333,0.19387755102040816,0.2692307692307692
nb-trend,1.657277407291041,14,39,0.9333333333333333,0.1989795918367347,0.2641509433962264
nb-trend,1.6328316723170044,14,40,0.9333333333333333,0.20408163265306123,0.25925925925925924
nb-trend,1.6315617286908246,14,41,0.9333333333333333,0.20918367346938777,0.2545454545454545
nb-trend,1.605855207154047,14,42,0.9333333333333333,0.21428571428571427,0.25
nb-trend,1.5883864863691082,14,43,0.9333333333333333,0.2193877551020408,0.24561403508771928
nb-trend,1.5777514993707835,14,44,0.9333333333333333,0.22448979591836735,0.2413793103448276
nb-trend,1.5709958838237887,15,44,1.0,0.22448979591836735,0.2542372881355932
nb-trend,1.55979521608914,15,45,1.0,0.22959183673469388,0.25
nb-trend,1.5207138919384402,15,46,1.0,0.23469387755102042,0.2459016393442623
nb-trend,1.5094246952302925,15,47,1.0,0.23979591836734693,0.24193548387096775
nb-trend,1.4952085324434765,15,48,1.0,0.24489795918367346,0.23809523809523808
nb-trend,1.4814692477914073,15,49,1.0,0.25,0.234375
nb-trend,1.4552927830311901,15,50,1.0,0.25510204081632654,0.23076923076923078
nb-trend,1.455292783031189,15,51,1.0,0.2602040816326531,0.22727272727272727
nb-trend,1.453935650332394,15,52,1.0,0.2653061224489796,0.22388059701492538
nb-trend,1.4273279716422167,15,53,1.0,0.27040816326530615,0.22058823529411764
nb-trend,1.422589331000779,15,55,1.0,0.28061224489795916,0.21428571428571427
nb-trend,1.4199810286642318,15,56,1.0,0.2857142857142857,0.2112676056338028
nb-trend,1.4088310480154154,15,57,1.0,0.29081632653061223,0.20833333333333334
nb-trend,1.4070917649901613,15,58,1.0,0.29591836734693877,0.2054794520547945
nb-trend,1.4058941021056997,15,59,1.0,0.3010204081632653,0.20270270270270271
nb-trend,1.4046739822203358,15,60,1.0,0.30612244897959184,0.2
nb-trend,1.4040531000927678,15,61,1.0,0.3112244897959184,0.19736842105263158
nb-trend,1.3990615782891014,15,62,1.0,0.3163265306122449,0.19480519480519481
nb-trend,1.3856138850148967,15,63,1.0,0.32142857142857145,0.19230769230769232
nb-trend,1.3821497484785383,15,64,1.0,0.32653061224489793,0.189873417721519
nb-trend,1.3709858376426716,15,65,1.0,0.33163265306122447,0.1875
nb-trend,1.3664739348924462,15,66,1.0,0.336734693877551,0.18518518518518517
nb-trend,1.34239670911373,15,67,1.0,0.34183673469387754,0.18292682926829268
nb-trend,1.3281836165983907,15,68,1.0,0.3469387755102041,0.18072289156626506
nb-trend,1.316551441822512,15,69,1.0,0.3520408163265306,0.17857142857142858
nb-trend,1.3151102737789493,15,70,1.0,0.35714285714285715,0.17647058823529413
nb-trend,1.3142222241903392,15,71,1.0,0.3622448979591837,0.1744186046511628
nb-trend,1.3124494608825856,15,72,1.0,0.3673469387755102,0.1724137931034483
nb-trend,1.3054379407820937,15,73,1.0,0.37244897959183676,0.17045454545454544
nb-trend,1.3003000578116055,15,74,1.0,0.37755102040816324,0.16853932584269662
nb-trend,1.2992447003825347,15,75,1.0,0.3826530612244898,0.16666666666666666
nb-trend,1.2850091202118041,15,76,1.0,0.3877551020408163,0.16483516483516483
nb-trend,1.2820442053440244,15,78,1.0,0.3979591836734694,0.16129032258064516
nb-trend,1.2818362085510921,15,79,1.0,0.4030612244897959,0.1595744680851064
nb-trend,1.279699411070507,15,80,1.0,0.40816326530612246,0.15789473684210525
nb-trend,1.2759980945133933,15,81,1.0,0.413265306122449,0.15625
nb-trend,1.2727449182367283,15,82,1.0,0.41836734693877553,0.15463917525773196
nb-trend,1.2653854209218376,15,83,1.0,0.42346938775510207,0.15306122448979592
nb-trend,1.2639824122281058,15,84,1.0,0.42857142857142855,0.15151515151515152
nb-trend,1.2531246637644502,15,85,1.0,0.4336734693877551,0.15
nb-trend,1.2437042801285858,15,86,1.0,0.4387755102040816,0.1485148514851485
nb-trend,1.240971489430195,15,87,1.0,0.44387755102040816,0.14705882352941177
nb-trend,1.2408609609871002,15,88,1.0,0.4489795918367347,0.14563106796116504
nb-trend,1.2397199109049641,15,89,1.0,0.45408163265306123,0.14423076923076922
nb-trend,1.21305011218245,15,90,1.0,0.45918367346938777,0.14285714285714285
nb-trend,1.2062185038208484,15,91,1.0,0.4642857142857143,0.14150943396226415
nb-trend,1.191817634889019,15,92,1.0,0.46938775510204084,0.14018691588785046
nb-trend,1.1900274036778773,15,93,1.0,0.4744897959183674,0.1388888888888889
nb-trend,1.188429288565709,15,94,1.0,0.47959183673469385,0.13761467889908258
nb-trend,1.171872092685481,15,95,1.0,0.4846938775510204,0.13636363636363635
nb-trend,1.167892309460641,15,96,1.0,0.4897959183673469,0.13513513513513514
nb-trend,1.1569658533898952,15,97,1.0,0.49489795918367346,0.13392857142857142
nb-trend,1.114523536045016,15,98,1.0,0.5,0.13274336283185842
nb-trend,1.1063141293399412,15,99,1.0,0.5051020408163265,0.13157894736842105
nb-trend,1.100107468135708,15,100,1.0,0.5102040816326531,0.13043478260869565
nb-trend,1.0729157783044667,15,101,1.0,0.5153061224489796,0.12931034482758622
nb-trend,1.040750317198446,15,103,1.0,0.5255102040816326,0.1271186440677966
nb-trend,1.0295978916156285,15,104,1.0,0.5306122448979592,0.12605042016806722
nb-trend,1.0280168756963979,15,106,1.0,0.5408163265306123,0.12396694214876033
nb-trend,1.0106079830826944,15,107,1.0,0.5459183673469388,0.12295081967213115
nb-trend,1.0092732952170504,15,110,1.0,0.5612244897959183,0.12
nb-trend,1.0083255982392592,15,111,1.0,0.5663265306122449,0.11904761904761904
nb-trend,1.0059225698998489,15,112,1.0,0.5714285714285714,0.11811023622047244
nb-trend,0.9919527104495821,15,114,1.0,0.5816326530612245,0.11627906976744186
nb-trend,0.9882604413167976,15,117,1.0,0.5969387755102041,0.11363636363636363
nb-trend,0.9855614578327048,15,118,1.0,0.6020408163265306,0.11278195488721804
nb-trend,0.976933827525379,15,119,1.0,0.6071428571428571,0.11194029850746269
nb-trend,0.9741831673068512,15,121,1.0,0.6173469387755102,0.11029411764705882
nb-trend,0.9694333884510091,15,122,1.0,0.6224489795918368,0.10948905109489052
nb-trend,0.9499744716787967,15,123,1.0,0.6275510204081632,0.10869565217391304
nb-trend,0.9492178211581097,15,127,1.0,0.6479591836734694,0.1056338028169014
nb-trend,0.9419826098667854,15,128,1.0,0.6530612244897959,0.1048951048951049
nb-trend,0.939167647505542,15,130,1.0,0.6632653061224489,0.10344827586206896
nb-trend,0.935757791728415,15,132,1.0,0.673469387755102,0.10204081632653061
nb-trend,0.9325091410717251,15,133,1.0,0.6785714285714286,0.10135135135135136
nb-trend,0.9296963256677809,15,136,1.0,0.6938775510204082,0.09933774834437085
nb-trend,0.9280419182732332,15,137,1.0,0.6989795918367347,0.09868421052631579
nb-trend,0.927321941956274,15,144,1.0,0.7346938775510204,0.09433962264150944
nb-trend,0.926603915503584,15,145,1.0,0.7397959183673469,0.09375
nb-trend,0.9243004793660899,15,148,1.0,0.7551020408163265,0.09202453987730061
nb-trend,0.92214504413183,15,151,1.0,0.7704081632653061,0.09036144578313253
nb-trend,0.9180782551801663,15,152,1.0,0.7755102040816326,0.08982035928143713
nb-trend,0.9168259306336513,15,153,1.0,0.7806122448979592,0.08928571428571429
nb-trend,0.9128249584720365,15,154,1.0,0.7857142857142857,0.08875739644970414
nb-trend,0.9122604180265992,15,157,1.0,0.8010204081632653,0.0872093023255814
nb-trend,0.9084197501991644,15,158,1.0,0.8061224489795918,0.08670520231213873
nb-trend,0.9046913123411757,15,159,1.0,0.8112244897959183,0.08620689655172414
nb-trend,0.9002059567230971,15,161,1.0,0.8214285714285714,0.08522727272727272
nb-trend,0.8994084867674325,15,163,1.0,0.8316326530612245,0.08426966292134831
nb-trend,0.898033644442547,15,164,1.0,0.8367346938775511,0.08379888268156424
nb-trend,0.8952647944202682,15,166,1.0,0.8469387755102041,0.08287292817679558
nb-trend,0.892369687416251,15,169,1.0,0.8622448979591837,0.08152173913043478
nb-trend,0.8922116942089597,15,170,1.0,0.8673469387755102,0.08108108108108109
nb-trend,0.8897838401432812,15,171,1.0,0.8724489795918368,0.08064516129032258
nb-trend,0.8794317329093814,15,176,1.0,0.8979591836734694,0.07853403141361257
nb-trend,0.8744975704355816,15,177,1.0,0.9030612244897959,0.078125
nb-trend,0.8577559622286937,15,178,1.0,0.9081632653061225,0.07772020725388601
nb-trend,0.7996476038738435,15,182,1.0,0.9285714285714286,0.07614213197969544
nb-trend,0.7891883392288846,15,183,1.0,0.9336734693877551,0.07575757575757576
nb-trend,0.6227234891961665,15,186,1.0,0.9489795918367347,0.07462686567164178
nb-trend,0.5850407987713573,15,187,1.0,0.9540816326530612,0.07425742574257425
nb-trend,0.01778294250191565,15,188,1.0,0.9591836734693877,0.07389162561576355
nb-trend,0.011831936230122048,15,190,1.0,0.9693877551020408,0.07317073170731707
nb-trend,0.0,15,196,1.0,1.0,0.07109004739336493
nb-trend-own,inf,0,0,0.0,0.0,
nb-trend-own,18.42632455327594,1,0,0.06666666666666667,0.0,1.0
nb-trend-own,10.277018074494418,1,1,0.06666666666666667,0.00510204081632653,0.5
nb-trend-own,8.221122485261267,1,2,0.06666666666666667,0.01020408163265306,0.3333333333333333
nb-trend-own,8.067172633771985,1,3,0.06666666666666667,0.015306122448979591,0.25
nb-trend-own,6.716644768064981,1,4,0.06666666666666667,0.02040816326530612,0.2
nb-trend-own,5.813787597650734,1,5,0.06666666666666667,0.025510204081632654,0.16666666666666666
nb-trend-own,5.799572573597461,2,5,0.13333333333333333,0.025510204081632654,0.2857142857142857
nb-trend-own,4.702738036966895,2,6,0.13333333333333333,0.030612244897959183,0.25
nb-trend-own,4.388286115166498,3,6,0.2,0.030612244897959183,0.3333333333333333
nb-trend-own,4.337691802533283,4,6,0.26666666666666666,0.030612244897959183,0.4
nb-trend-own,4.313127277587718,5,6,0.3333333333333333,0.030612244897959183,0.45454545454545453
nb-trend-own,4.2087255612581895,6,6,0.4,0.030612244897959183,0.5
nb-trend-own,4.123985753273015,7,6,0.4666666666666667,0.030612244897959183,0.5384615384615384
nb-trend-own,3.687887716823472,8,6,0.5333333333333333,0.030612244897959183,0.5714285714285714
nb-trend-own,3.4441514254801837,9,6,0.6,0.030612244897959183,0.6
nb-trend-own,3.413101878911012,9,7,0.6,0.03571428571428571,0.5625
nb-trend-own,3.3226661183910333,10,7,0.6666666666666666,0.03571428571428571,0.5882352941176471
nb-trend-own,3.1243544966186434,10,8,0.6666666666666666,0.04081632653061224,0.5555555555555556
nb-trend-own,3.033227264750105,11,8,0.7333333333333333,0.04081632653061224,0.5789473684210527
nb-trend-own,2.8390269258575396,11,9,0.7333333333333333,0.04591836734693878,0.55
nb-trend-own,2.838551497237597,11,10,0.7333333333333333,0.05102040816326531,0.5238095238095238
nb-trend-own,2.6687505642236338,11,11,0.7333333333333333,0.05612244897959184,0.5
nb-trend-own,2.662538405367571,11,12,0.7333333333333333,0.061224489795918366,0.4782608695652174
nb-trend-own,2.6380466833604084,11,13,0.7333333333333333,0.0663265306122449,0.4583333333333333
nb-trend-own,2.6087760966986164,11,14,0.7333333333333333,0.07142857142857142,0.44
nb-trend-own,2.4798594051031224,12,14,0.8,0.07142857142857142,0.46153846153846156
nb-trend-own,2.4350059868860714,12,15,0.8,0.07653061224489796,0.4444444444444444
nb-trend-own,2.3718224715611687,13,15,0.8666666666666667,0.07653061224489796,0.4642857142857143
nb-trend-own,2.368303330542736,13,16,0.8666666666666667,0.08163265306122448,0.4482758620689655
nb-trend-own,2.3268474264173302,13,17,0.8666666666666667,0.08673469387755102,0.43333333333333335
nb-trend-own,2.3057914950143865,13,18,0.8666666666666667,0.09183673469387756,0.41935483870967744
nb-trend-own,2.23285779323673,13,19,0.8666666666666667,0.09693877551020408,0.40625
nb-trend-own,2.2280549664575573,14,19,0.9333333333333333,0.09693877551020408,0.42424242424242425
nb-trend-own,2.1949228345998173,14,20,0.9333333333333333,0.10204081632653061,0.4117647058823529
nb-trend-own,2.1836626371670342,14,21,0.9333333333333333,0.10714285714285714,0.4
nb-trend-own,2.1724545465673017,14,22,0.9333333333333333,0.11224489795918367,0.3888888888888889
nb-trend-own,2.1695225390702166,14,23,0.9333333333333333,0.11734693877551021,0.3783783783783784
nb-trend-own,2.1021913193155233,14,24,0.9333333333333333,0.12244897959183673,0.3684210526315789
nb-trend-own,2.0902842855830936,14,25,0.9333333333333333,0.12755102040816327,0.358974358974359
nb-trend-own,2.089089808486964,14,26,0.9333333333333333,0.1326530612244898,0.35
nb-trend-own,2.0619387247025744,14,27,0.9333333333333333,0.1377551020408163,0.34146341463414637
nb-trend-own,2.0163006009659425,14,28,0.9333333333333333,0.14285714285714285,0.3333333333333333
nb-trend-own,2.008053409005451,14,29,0.9333333333333333,0.14795918367346939,0.32558139534883723
nb-trend-own,1.98207631486606,14,30,0.9333333333333333,0.15306122448979592,0.3181818181818182
nb-trend-own,1.9761467138603515,14,31,0.9333333333333333,0.15816326530612246,0.3111111111111111
nb-trend-own,1.936526164030565,14,32,0.9333333333333333,0.16326530612244897,0.30434782608695654
nb-trend-own,1.9272330636740185,14,33,0.9333333333333333,0.1683673469387755,0.2978723404255319
nb-trend-own,1.8951049866679532,14,34,0.9333333333333333,0.17346938775510204,0.2916666666666667
nb-trend-own,1.8951049866679526,14,35,0.9333333333333333,0.17857142857142858,0.2857142857142857
nb-trend-own,1.8331325835352723,14,36,0.9333333333333333,0.1836734693877551,0.28
nb-trend-own,1.812093330945035,14,38,0.9333333333333333,0.19387755102040816,0.2692307692307692
nb-trend-own,1.7968501045062264,14,39,0.9333333333333333,0.1989795918367347,0.2641509433962264
nb-trend-own,1.7741193555928152,14,40,0.9333333333333333,0.20408163265306123,0.25925925925925924
nb-trend-own,1.7620647181732774,14,41,0.9333333333333333,0.20918367346938777,0.2545454545454545
nb-trend-own,1.7618153212674748,14,42,0.9333333333333333,0.21428571428571427,0.25
nb-trend-own,1.7533652096858054,14,43,0.9333333333333333,0.2193877551020408,0.24561403508771928
nb-trend-own,1.751531513863097,14,44,0.9333333333333333,0.22448979591836735,0.2413793103448276
nb-trend-own,1.721809245541611,14,45,0.9333333333333333,0.22959183673469388,0.23728813559322035
nb-trend-own,1.7149273498440187,14,46,0.9333333333333333,0.23469387755102042,0.23333333333333334
nb-trend-own,1.7123109574346045,14,47,0.9333333333333333,0.23979591836734693,0.22950819672131148
nb-trend-own,1.692129123026544,14,48,0.9333333333333333,0.24489795918367346,0.22580645161290322
nb-trend-own,1.6828009941530242,14,49,0.9333333333333333,0.25,0.2222222222222222
nb-trend-own,1.6828009941530206,14,50,0.9333333333333333,0.25510204081632654,0.21875
nb-trend-own,1.6771317535166335,14,51,0.9333333333333333,0.2602040816326531,0.2153846153846154
nb-trend-own,1.67111022478416,14,52,0.9333333333333333,0.2653061224489796,0.21212121212121213
nb-trend-own,1.6511301157801126,14,53,0.9333333333333333,0.27040816326530615,0.208955223880597
nb-trend-own,1.6494097612690342,14,54,0.9333333333333333,0.2755102040816326,0.20588235294117646
nb-trend-own,1.6251957943920763,14,55,0.9333333333333333,0.28061224489795916,0.2028985507246377
nb-trend-own,1.6052081803589018,14,57,0.9333333333333333,0.29081632653061223,0.19718309859154928
nb-trend-own,1.6052081803589011,14,59,0.9333333333333333,0.3010204081632653,0.1917808219178082
nb-trend-own,1.6052081803589007,14,60,0.9333333333333333,0.30612244897959184,0.1891891891891892
nb-trend-own,1.5407845108411418,15,60,1.0,0.30612244897959184,0.2
nb-trend-own,1.5257768251392256,15,61,1.0,0.3112244897959184,0.19736842105263158
nb-trend-own,1.5227179434121187,15,62,1.0,0.3163265306122449,0.19480519480519481
nb-trend-own,1.475711468654454,15,63,1.0,0.32142857142857145,0.19230769230769232
nb-trend-own,1.4438359380443644,15,64,1.0,0.32653061224489793,0.189873417721519
nb-trend-own,1.4257398279135742,15,67,1.0,0.34183673469387754,0.18292682926829268
nb-trend-own,1.4161729389646514,15,68,1.0,0.3469387755102041,0.18072289156626506
nb-trend-own,1.4146446860000943,15,69,1.0,0.3520408163265306,0.17857142857142858
nb-trend-own,1.3839113819527107,15,70,1.0,0.35714285714285715,0.17647058823529413
nb-trend-own,1.374200641347324,15,71,1.0,0.3622448979591837,0.1744186046511628
nb-trend-own,1.3740012604204572,15,74,1.0,0.37755102040816324,0.16853932584269662
nb-trend-own,1.374001260420454,15,80,1.0,0.40816326530612246,0.15789473684210525
nb-trend-own,1.3452802726036146,15,89,1.0,0.45408163265306123,0.14423076923076922
nb-trend-own,1.3355391673422867,15,97,1.0,0.49489795918367346,0.13392857142857142
nb-trend-own,1.2457915612126356,15,98,1.0,0.5,0.13274336283185842
nb-trend-own,1.2457915612126351,15,100,1.0,0.5102040816326531,0.13043478260869565
nb-trend-own,1.1180539020430487,15,102,1.0,0.5204081632653061,0.1282051282051282
nb-trend-own,1.1164288964326219,15,103,1.0,0.5255102040816326,0.1271186440677966
nb-trend-own,1.0945849849838791,15,104,1.0,0.5306122448979592,0.12605042016806722
nb-trend-own,1.0828567294009956,15,105,1.0,0.5357142857142857,0.125
nb-trend-own,1.039942700312608,15,106,1.0,0.5408163265306123,0.12396694214876033
nb-trend-own,0.9860246823892036,15,107,1.0,0.5459183673469388,0.12295081967213115
nb-trend-own,0.9715656136323617,15,185,1.0,0.9438775510204082,0.075
nb-trend-own,0.6811407241441204,15,188,1.0,0.9591836734693877,0.07389162561576355
nb-trend-own,0.01150950089112299,15,190,1.0,0.9693877551020408,0.07317073170731707
nb-trend-own,0.0,15,196,1.0,1.0,0.07109004739336493
nb-trend-dual,inf,0,0,0.0,0.0,
nb-trend-dual,13.505065109824404,1,0,0.06666666666666667,0.0,1.0
nb-trend-dual,5.575850397541355,2,0,0.13333333333333333,0.0,1.0
nb-trend-dual,4.7091466702823706,2,1,0.13333333333333333,0.00510204081632653,0.6666666666666666
nb-trend-dual,4.702738036966895,2,2,0.13333333333333333,0.01020408163265306,0.5
nb-trend-dual,4.337691802533283,3,2,0.2,0.01020408163265306,0.6
nb-trend-dual,4.007914958672783,4,2,0.26666666666666666,0.01020408163265306,0.6666666666666666
nb-trend-dual,3.3226661183910333,5,2,0.3333333333333333,0.01020408163265306,0.7142857142857143
nb-trend-dual,3.298681489346253,6,2,0.4,0.01020408163265306,0.75
nb-trend-dual,3.164233916168469,7,2,0.4666666666666667,0.01020408163265306,0.7777777777777778
nb-trend-dual,3.1149162028420387,8,2,0.5333333333333333,0.01020408163265306,0.8
nb-trend-dual,3.0449148030928774,9,2,0.6,0.01020408163265306,0.8181818181818182
nb-trend-dual,2.9895618191275712,10,2,0.6666666666666666,0.01020408163265306,0.8333333333333334
nb-trend-dual,2.683056007742036,10,3,0.6666666666666666,0.015306122448979591,0.7692307692307693
nb-trend-dual,2.651161535197034,10,4,0.6666666666666666,0.02040816326530612,0.7142857142857143
nb-trend-dual,2.6380466833604084,10,5,0.6666666666666666,0.025510204081632654,0.6666666666666666
nb-trend-dual,2.4798594051031224,11,5,0.7333333333333333,0.025510204081632654,0.6875
nb-trend-dual,2.424311629190301,12,5,0.8,0.025510204081632654,0.7058823529411765
nb-trend-dual,2.3718224715611687,13,5,0.8666666666666667,0.025510204081632654,0.7222222222222222
nb-trend-dual,2.368303330542736,13,6,0.8666666666666667,0.030612244897959183,0.6842105263157895
nb-trend-dual,2.291276211421594,13,7,0.8666666666666667,0.03571428571428571,0.65
nb-trend-dual,2.2280549664575573,14,7,0.9333333333333333,0.03571428571428571,0.6666666666666666
nb-trend-dual,2.117155755714946,14,8,0.9333333333333333,0.04081632653061224,0.6363636363636364
nb-trend-dual,2.0916187059802755,14,9,0.9333333333333333,0.04591836734693878,0.6086956521739131
nb-trend-dual,2.082864643278574,14,10,0.9333333333333333,0.05102040816326531,0.5833333333333334
nb-trend-dual,2.07934172180605,14,11,0.9333333333333333,0.05612244897959184,0.56
nb-trend-dual,2.065217551411349,14,12,0.9333333333333333,0.061224489795918366,0.5384615384615384
nb-trend-dual,2.0458680882860354,14,13,0.9333333333333333,0.0663265306122449,0.5185185185185185
nb-trend-dual,1.9499852136796065,14,14,0.9333333333333333,0.07142857142857142,0.5
nb-trend-dual,1.9371587736631761,14,15,0.9333333333333333,0.07653061224489796,0.4827586206896552
nb-trend-dual,1.8962981816804605,14,16,0.9333333333333333,0.08163265306122448,0.4666666666666667
nb-trend-dual,1.887747714037116,14,17,0.9333333333333333,0.08673469387755102,0.45161290322580644
nb-trend-dual,1.887432820505,14,18,0.9333333333333333,0.09183673469387756,0.4375
nb-trend-dual,1.8853504544091177,14,19,0.9333333333333333,0.09693877551020408,0.42424242424242425
nb-trend-dual,1.8331325835352723,14,20,0.9333333333333333,0.10204081632653061,0.4117647058823529
nb-trend-dual,1.788300703640213,14,21,0.9333333333333333,0.10714285714285714,0.4
nb-trend-dual,1.7716262416997814,14,22,0.9333333333333333,0.11224489795918367,0.3888888888888889
nb-trend-dual,1.769638885164808,14,23,0.9333333333333333,0.11734693877551021,0.3783783783783784
nb-trend-dual,1.7092610171109919,14,24,0.9333333333333333,0.12244897959183673,0.3684210526315789
nb-trend-dual,1.708512212453876,14,25,0.9333333333333333,0.12755102040816327,0.358974358974359
nb-trend-dual,1.6990413998581642,14,26,0.9333333333333333,0.1326530612244898,0.35
nb-trend-dual,1.6984736030602396,14,27,0.9333333333333333,0.1377551020408163,0.34146341463414637
nb-trend-dual,1.6965436493976056,14,28,0.9333333333333333,0.14285714285714285,0.3333333333333333
nb-trend-dual,1.6959702019705372,14,29,0.9333333333333333,0.14795918367346939,0.32558139534883723
nb-trend-dual,1.6828009941530206,14,30,0.9333333333333333,0.15306122448979592,0.3181818181818182
nb-trend-dual,1.67111022478416,14,31,0.9333333333333333,0.15816326530612246,0.3111111111111111
nb-trend-dual,1.657737276285132,14,32,0.9333333333333333,0.16326530612244897,0.30434782608695654
nb-trend-dual,1.657277407291041,14,33,0.9333333333333333,0.1683673469387755,0.2978723404255319
nb-trend-dual,1.6511301157801126,14,34,0.9333333333333333,0.17346938775510204,0.2916666666666667
nb-trend-dual,1.6415443773978717,14,35,0.9333333333333333,0.17857142857142858,0.2857142857142857
nb-trend-dual,1.6315617286908246,14,36,0.9333333333333333,0.1836734693877551,0.28
nb-trend-dual,1.6052081803589018,14,37,0.9333333333333333,0.18877551020408162,0.27450980392156865
nb-trend-dual,1.5893812253893072,14,38,0.9333333333333333,0.19387755102040816,0.2692307692307692
nb-trend-dual,1.55979521608914,14,39,0.9333333333333333,0.1989795918367347,0.2641509433962264
nb-trend-dual,1.5407845108411418,15,39,1.0,0.1989795918367347,0.2777777777777778
nb-trend-dual,1.5094246952302925,15,40,1.0,0.20408163265306123,0.2727272727272727
nb-trend-dual,1.4814692477914073,15,41,1.0,0.20918367346938777,0.26785714285714285
nb-trend-dual,1.464403626885813,15,42,1.0,0.21428571428571427,0.2631578947368421
nb-trend-dual,1.4552927830311901,15,43,1.0,0.2193877551020408,0.25862068965517243
nb-trend-dual,1.455292783031189,15,44,1.0,0.22448979591836735,0.2542372881355932
nb-trend-dual,1.453935650332394,15,45,1.0,0.22959183673469388,0.25
nb-trend-dual,1.4438359380443644,15,47,1.0,0.23979591836734693,0.24193548387096775
nb-trend-dual,1.4287733899084205,15,48,1.0,0.24489795918367346,0.23809523809523808
nb-trend-dual,1.4088310480154154,15,49,1.0,0.25,0.234375
nb-trend-dual,1.4058941021056997,15,50,1.0,0.25510204081632654,0.23076923076923078
nb-trend-dual,1.4046739822203358,15,51,1.0,0.2602040816326531,0.22727272727272727
nb-trend-dual,1.3990615782891014,15,52,1.0,0.2653061224489796,0.22388059701492538
nb-trend-dual,1.3856138850148967,15,53,1.0,0.27040816326530615,0.22058823529411764
nb-trend-dual,1.3839113819527107,15,54,1.0,0.2755102040816326,0.21739130434782608
nb-trend-dual,1.3821497484785383,15,55,1.0,0.28061224489795916,0.21428571428571427
nb-trend-dual,1.374200641347324,15,56,1.0,0.2857142857142857,0.2112676056338028
nb-trend-dual,1.374001260420454,15,59,1.0,0.3010204081632653,0.20270270270270271
nb-trend-dual,1.3709858376426716,15,60,1.0,0.30612244897959184,0.2
nb-trend-dual,1.3664739348924462,15,61,1.0,0.3112244897959184,0.19736842105263158
nb-trend-dual,1.3452802726036146,15,63,1.0,0.32142857142857145,0.19230769230769232
nb-trend-dual,1.34239670911373,15,64,1.0,0.32653061224489793,0.189873417721519
nb-trend-dual,1.3281836165983907,15,65,1.0,0.33163265306122447,0.1875
nb-trend-dual,1.316551441822512,15,66,1.0,0.336734693877551,0.18518518518518517
nb-trend-dual,1.3151102737789493,15,67,1.0,0.34183673469387754,0.18292682926829268
nb-trend-dual,1.3142222241903392,15,68,1.0,0.3469387755102041,0.18072289156626506
nb-trend-dual,1.3124494608825856,15,69,1.0,0.3520408163265306,0.17857142857142858
nb-trend-dual,1.3060618113882603,15,70,1.0,0.35714285714285715,0.17647058823529413
nb-trend-dual,1.3054379407820937,15,71,1.0,0.3622448979591837,0.1744186046511628
nb-trend-dual,1.3003000578116055,15,72,1.0,0.3673469387755102,0.1724137931034483
nb-trend-dual,1.2992447003825347,15,73,1.0,0.37244897959183676,0.17045454545454544
nb-trend-dual,1.2850091202118041,15,74,1.0,0.37755102040816324,0.16853932584269662
nb-trend-dual,1.2820442053440244,15,76,1.0,0.3877551020408163,0.16483516483516483
nb-trend-dual,1.2818362085510921,15,77,1.0,0.39285714285714285,0.16304347826086957
nb-trend-dual,1.279699411070507,15,78,1.0,0.3979591836734694,0.16129032258064516
nb-trend-dual,1.2759980945133933,15,79,1.0,0.4030612244897959,0.1595744680851064
nb-trend-dual,1.2727449182367283,15,80,1.0,0.40816326530612246,0.15789473684210525
nb-trend-dual,1.2639824122281058,15,81,1.0,0.413265306122449,0.15625
nb-trend-dual,1.2531246637644502,15,82,1.0,0.41836734693877553,0.15463917525773196
nb-trend-dual,1.2437042801285858,15,83,1.0,0.42346938775510207,0.15306122448979592
nb-trend-dual,1.240971489430195,15,84,1.0,0.42857142857142855,0.15151515151515152
nb-trend-dual,1.2408609609871002,15,85,1.0,0.4336734693877551,0.15
nb-trend-dual,1.2397199109049641,15,86,1.0,0.4387755102040816,0.1485148514851485
nb-trend-dual,1.21305011218245,15,87,1.0,0.44387755102040816,0.14705882352941177
nb-trend-dual,1.2062185038208484,15,88,1.0,0.4489795918367347,0.14563106796116504
nb-trend-dual,1.191817634889019,15,89,1.0,0.45408163265306123,0.14423076923076922
nb-trend-dual,1.188429288565709,15,90,1.0,0.45918367346938777,0.14285714285714285
nb-trend-dual,1.171872092685481,15,91,1.0,0.4642857142857143,0.14150943396226415
nb-trend-dual,1.167892309460641,15,92,1.0,0.46938775510204084,0.14018691588785046
nb-trend-dual,1.1653479077009692,15,93,1.0,0.4744897959183674,0.1388888888888889
nb-trend-dual,1.1569658533898952,15,94,1.0,0.47959183673469385,0.13761467889908258
nb-trend-dual,1.1164288964326219,15,95,1.0,0.4846938775510204,0.13636363636363635
nb-trend-dual,1.1063141293399412,15,96,1.0,0.4897959183673469,0.13513513513513514
nb-trend-dual,1.100107468135708,15,97,1.0,0.49489795918367346,0.13392857142857142
nb-trend-dual,1.0828567294009956,15,98,1.0,0.5,0.13274336283185842
nb-trend-dual,1.0729157783044667,15,99,1.0,0.5051020408163265,0.13157894736842105
nb-trend-dual,1.039942700312608,15,100,1.0,0.5102040816326531,0.13043478260869565
nb-trend-dual,1.0106079830826944,15,101,1.0,0.5153061224489796,0.12931034482758622
nb-trend-dual,0.976933827525379,15,102,1.0,0.5204081632653061,0.1282051282051282
nb-trend-dual,0.9715656136323617,15,119,1.0,0.6071428571428571,0.11194029850746269
nb-trend-dual,0.9694333884510091,15,120,1.0,0.6122448979591837,0.1111111111111111
nb-trend-dual,0.96327845051068,15,121,1.0,0.6173469387755102,0.11029411764705882
nb-trend-dual,0.9499744716787967,15,122,1.0,0.6224489795918368,0.10948905109489052
nb-trend-dual,0.9492178211581097,15,126,1.0,0.6428571428571429,0.10638297872340426
nb-trend-dual,0.9419826098667854,15,127,1.0,0.6479591836734694,0.1056338028169014
nb-trend-dual,0.939167647505542,15,129,1.0,0.6581632653061225,0.10416666666666667
nb-trend-dual,0.935757791728415,15,131,1.0,0.6683673469387755,0.10273972602739725
nb-trend-dual,0.9325091410717251,15,132,1.0,0.673469387755102,0.10204081632653061
nb-trend-dual,0.9296963256677809,15,135,1.0,0.6887755102040817,0.1
nb-trend-dual,0.9280419182732332,15,136,1.0,0.6938775510204082,0.09933774834437085
nb-trend-dual,0.927321941956274,15,143,1.0,0.7295918367346939,0.0949367088607595
nb-trend-dual,0.926603915503584,15,144,1.0,0.7346938775510204,0.09433962264150944
nb-trend-dual,0.9243004793660899,15,147,1.0,0.75,0.09259259259259259
nb-trend-dual,0.92214504413183,15,150,1.0,0.7653061224489796,0.09090909090909091
nb-trend-dual,0.9180782551801663,15,151,1.0,0.7704081632653061,0.09036144578313253
nb-trend-dual,0.9168259306336513,15,152,1.0,0.7755102040816326,0.08982035928143713
nb-trend-dual,0.9128249584720365,15,153,1.0,0.7806122448979592,0.08928571428571429
nb-trend-dual,0.9122604180265992,15,156,1.0,0.7959183673469388,0.08771929824561403
nb-trend-dual,0.9084197501991644,15,157,1.0,0.8010204081632653,0.0872093023255814
nb-trend-dual,0.9002059567230971,15,159,1.0,0.8112244897959183,0.08620689655172414
nb-trend-dual,0.8994084867674325,15,161,1.0,0.8214285714285714,0.08522727272727272
nb-trend-dual,0.898033644442547,15,162,1.0,0.826530612244898,0.0847457627118644
nb-trend-dual,0.8952647944202682,15,164,1.0,0.8367346938775511,0.08379888268156424
nb-trend-dual,0.892369687416251,15,167,1.0,0.8520408163265306,0.08241758241758242
nb-trend-dual,0.8922116942089597,15,168,1.0,0.8571428571428571,0.08196721311475409
nb-trend-dual,0.8897838401432812,15,169,1.0,0.8622448979591837,0.08152173913043478
nb-trend-dual,0.8794317329093814,15,174,1.0,0.8877551020408163,0.07936507936507936
nb-trend-dual,0.8744975704355816,15,175,1.0,0.8928571428571429,0.07894736842105263
nb-trend-dual,0.8577559622286937,15,176,1.0,0.8979591836734694,0.07853403141361257
nb-trend-dual,0.81885559142744,15,177,1.0,0.9030612244897959,0.078125
nb-trend-dual,0.7996476038738435,15,181,1.0,0.923469387755102,0.07653061224489796
nb-trend-dual,0.7891883392288846,15,182,1.0,0.9285714285714286,0.07614213197969544
nb-trend-dual,0.6227234891961665,15,185,1.0,0.9438775510204082,0.075
nb-trend-dual,0.4022113538241259,15,186,1.0,0.9489795918367347,0.07462686567164178
nb-trend-dual,0.11968780102991024,15,187,1.0,0.9540816326530612,0.07425742574257425
nb-trend-dual,0.01778294250191565,15,188,1.0,0.9591836734693877,0.07389162561576355
nb-trend-dual,0.01150950089112299,15,190,1.0,0.9693877551020408,0.07317073170731707
nb-trend-dual,0.0,15,196,1.0,1.0,0.07109004739336493
nb-trend-emergent,inf,0,0,0.0,0.0,
nb-trend-emergent,5.575850397541355,1,0,0.06666666666666667,0.0,1.0
nb-trend-emergent,5.097012080455607,1,1,0.06666666666666667,0.00510204081632653,0.5
nb-trend-emergent,4.554947937565841,2,1,0.13333333333333333,0.00510204081632653,0.6666666666666666
nb-trend-emergent,3.434148505084059,3,1,0.2,0.00510204081632653,0.75
nb-trend-emergent,3.298681489346253,4,1,0.26666666666666666,0.00510204081632653,0.8
nb-trend-emergent,3.1149162028420387,5,1,0.3333333333333333,0.00510204081632653,0.8333333333333334
nb-trend-emergent,3.0449148030928774,6,1,0.4,0.00510204081632653,0.8571428571428571
nb-trend-emergent,2.9895618191275712,7,1,0.4666666666666667,0.00510204081632653,0.875
nb-trend-emergent,2.9600099814224308,7,2,0.4666666666666667,0.01020408163265306,0.7777777777777778
nb-trend-emergent,2.651161535197034,7,3,0.4666666666666667,0.015306122448979591,0.7
nb-trend-emergent,2.5834039036694225,8,3,0.5333333333333333,0.015306122448979591,0.7272727272727273
nb-trend-emergent,2.5143190416455705,9,3,0.6,0.015306122448979591,0.75
nb-trend-emergent,2.459800219953717,9,4,0.6,0.02040816326530612,0.6923076923076923
nb-trend-emergent,2.424311629190301,10,4,0.6666666666666666,0.02040816326530612,0.7142857142857143
nb-trend-emergent,2.1861568037705896,10,5,0.6666666666666666,0.025510204081632654,0.6666666666666666
nb-trend-emergent,2.117155755714946,10,6,0.6666666666666666,0.030612244897959183,0.625
nb-trend-emergent,2.0916187059802755,10,7,0.6666666666666666,0.03571428571428571,0.5882352941176471
nb-trend-emergent,2.0900547144360058,10,8,0.6666666666666666,0.04081632653061224,0.5555555555555556
nb-trend-emergent,2.082864643278574,10,9,0.6666666666666666,0.04591836734693878,0.5263157894736842
nb-trend-emergent,2.065217551411349,10,10,0.6666666666666666,0.05102040816326531,0.5
nb-trend-emergent,0.0,10,16,0.6666666666666666,0.08163265306122448,0.38461538461538464
nb-trend-emergent,-inf,15,196,1.0,1.0,0.07109004739336493
nb-trend-confirmed,inf,0,0,0.0,0.0,
nb-trend-confirmed,13.899986498491657,1,0,0.06666666666666667,0.0,1.0
nb-trend-confirmed,5.097012080455607,1,1,0.06666666666666667,0.00510204081632653,0.5
nb-trend-confirmed,5.068152134811229,2,1,0.13333333333333333,0.00510204081632653,0.6666666666666666
nb-trend-confirmed,4.7091466702823706,2,2,0.13333333333333333,0.01020408163265306,0.5
nb-trend-confirmed,4.554947937565841,3,2,0.2,0.01020408163265306,0.6
nb-trend-confirmed,3.586853860298587,4,2,0.26666666666666666,0.01020408163265306,0.6666666666666666
nb-trend-confirmed,3.537349619407376,5,2,0.3333333333333333,0.01020408163265306,0.7142857142857143
nb-trend-confirmed,3.298681489346253,6,2,0.4,0.01020408163265306,0.75
nb-trend-confirmed,3.1149162028420387,7,2,0.4666666666666667,0.01020408163265306,0.7777777777777778
nb-trend-confirmed,2.819719330818754,8,2,0.5333333333333333,0.01020408163265306,0.8
nb-trend-confirmed,2.6634336987410965,9,2,0.6,0.01020408163265306,0.8181818181818182
nb-trend-confirmed,2.630028071029338,9,3,0.6,0.015306122448979591,0.75
nb-trend-confirmed,2.629355834942919,10,3,0.6666666666666666,0.015306122448979591,0.7692307692307693
nb-trend-confirmed,2.3555911885342575,10,4,0.6666666666666666,0.02040816326530612,0.7142857142857143
nb-trend-confirmed,2.348634579918444,11,4,0.7333333333333333,0.02040816326530612,0.7333333333333333
nb-trend-confirmed,2.276142476789015,12,4,0.8,0.02040816326530612,0.75
nb-trend-confirmed,2.0569801046919802,12,5,0.8,0.025510204081632654,0.7058823529411765
nb-trend-confirmed,0.0,12,11,0.8,0.05612244897959184,0.5217391304347826
nb-trend-confirmed,-inf,15,196,1.0,1.0,0.07109004739336493
nb-trend-confirmed-emergent,inf,0,0,0.0,0.0,
nb-trend-confirmed-emergent,5.097012080455607,0,1,0.0,0.00510204081632653,0.0
nb-trend-confirmed-emergent,5.068152134811229,1,1,0.06666666666666667,0.00510204081632653,0.5
nb-trend-confirmed-emergent,4.554947937565841,2,1,0.13333333333333333,0.00510204081632653,0.6666666666666666
nb-trend-confirmed-emergent,3.298681489346253,3,1,0.2,0.00510204081632653,0.75
nb-trend-confirmed-emergent,3.1149162028420387,4,1,0.26666666666666666,0.00510204081632653,0.8
nb-trend-confirmed-emergent,2.6634336987410965,5,1,0.3333333333333333,0.00510204081632653,0.8333333333333334
nb-trend-confirmed-emergent,2.629355834942919,6,1,0.4,0.00510204081632653,0.8571428571428571
nb-trend-confirmed-emergent,2.3555911885342575,6,2,0.4,0.01020408163265306,0.75
nb-trend-confirmed-emergent,2.348634579918444,7,2,0.4666666666666667,0.01020408163265306,0.7777777777777778
nb-trend-confirmed-emergent,2.276142476789015,8,2,0.5333333333333333,0.01020408163265306,0.8
nb-trend-confirmed-emergent,2.0569801046919802,8,3,0.5333333333333333,0.015306122448979591,0.7272727272727273
nb-trend-confirmed-emergent,0.0,8,9,0.5333333333333333,0.04591836734693878,0.47058823529411764
nb-trend-confirmed-emergent,-inf,15,196,1.0,1.0,0.07109004739336493
ears-weighted-role,inf,0,0,0.0,0.0,
ears-weighted-role,19.83240223463687,1,0,0.06666666666666667,0.0,1.0
ears-weighted-role,10.217720565230604,2,0,0.13333333333333333,0.0,1.0
ears-weighted-role,7.247040855288278,3,0,0.2,0.0,1.0
ears-weighted-role,7.004847907204342,4,0,0.26666666666666666,0.0,1.0
ears-weighted-role,5.667108948136438,5,0,0.3333333333333333,0.0,1.0
ears-weighted-role,5.574783039272978,5,1,0.3333333333333333,0.00510204081632653,0.8333333333333334
ears-weighted-role,3.648767575413354,6,1,0.4,0.00510204081632653,0.8571428571428571
ears-weighted-role,3.632282354030966,7,1,0.4666666666666667,0.00510204081632653,0.875
ears-weighted-role,3.474009880676849,7,2,0.4666666666666667,0.01020408163265306,0.7777777777777778
ears-weighted-role,3.2582769959854114,7,3,0.4666666666666667,0.015306122448979591,0.7
ears-weighted-role,3.2391988848599156,8,3,0.5333333333333333,0.015306122448979591,0.7272727272727273
ears-weighted-role,3.206737716763006,9,3,0.6,0.015306122448979591,0.75
ears-weighted-role,3.0982886562324325,10,3,0.6666666666666666,0.015306122448979591,0.7692307692307693
ears-weighted-role,3.083614739227279,11,3,0.7333333333333333,0.015306122448979591,0.7857142857142857
ears-weighted-role,2.8133932956372245,12,3,0.8,0.015306122448979591,0.8
ears-weighted-role,2.787323405880107,12,4,0.8,0.02040816326530612,0.75
ears-weighted-role,2.680914499780781,12,5,0.8,0.025510204081632654,0.7058823529411765
ears-weighted-role,2.655979770341676,13,5,0.8666666666666667,0.025510204081632654,0.7222222222222222
ears-weighted-role,2.5363101729143,14,5,0.9333333333333333,0.025510204081632654,0.7368421052631579
ears-weighted-role,2.4442740463760746,14,6,0.9333333333333333,0.030612244897959183,0.7
ears-weighted-role,2.372604035782947,14,7,0.9333333333333333,0.03571428571428571,0.6666666666666666
ears-weighted-role,2.3309654501302535,14,8,0.9333333333333333,0.04081632653061224,0.6363636363636364
ears-weighted-role,2.3067131143167514,14,9,0.9333333333333333,0.04591836734693878,0.6086956521739131
ears-weighted-role,2.187104928528294,14,10,0.9333333333333333,0.05102040816326531,0.5833333333333334
ears-weighted-role,2.1738976984002094,14,11,0.9333333333333333,0.05612244897959184,0.56
ears-weighted-role,2.1524273101789175,14,12,0.9333333333333333,0.061224489795918366,0.5384615384615384
ears-weighted-role,2.142356251489546,14,13,0.9333333333333333,0.0663265306122449,0.5185185185185185
ears-weighted-role,2.140249221417616,14,14,0.9333333333333333,0.07142857142857142,0.5
ears-weighted-role,2.123293253872828,14,15,0.9333333333333333,0.07653061224489796,0.4827586206896552
ears-weighted-role,2.1084366067399682,14,16,0.9333333333333333,0.08163265306122448,0.4666666666666667
ears-weighted-role,2.079712672213994,14,17,0.9333333333333333,0.08673469387755102,0.45161290322580644
ears-weighted-role,2.0734031073863672,15,17,1.0,0.08673469387755102,0.46875
ears-weighted-role,2.027359204889629,15,18,1.0,0.09183673469387756,0.45454545454545453
ears-weighted-role,1.962218095412985,15,19,1.0,0.09693877551020408,0.4411764705882353
ears-weighted-role,1.9494771464383778,15,20,1.0,0.10204081632653061,0.42857142857142855
ears-weighted-role,1.945028676389477,15,21,1.0,0.10714285714285714,0.4166666666666667
ears-weighted-role,1.914493480441324,15,22,1.0,0.11224489795918367,0.40540540540540543
ears-weighted-role,1.8795409663494664,15,23,1.0,0.11734693877551021,0.39473684210526316
ears-weighted-role,1.8700909466721787,15,24,1.0,0.12244897959183673,0.38461538461538464
ears-weighted-role,1.8601696686732776,15,25,1.0,0.12755102040816327,0.375
ears-weighted-role,1.8111920840762221,15,26,1.0,0.1326530612244898,0.36585365853658536
ears-weighted-role,1.769418944422618,15,27,1.0,0.1377551020408163,0.35714285714285715
ears-weighted-role,1.748557518932564,15,28,1.0,0.14285714285714285,0.3488372093023256
ears-weighted-role,1.6995213858278635,15,29,1.0,0.14795918367346939,0.3409090909090909
ears-weighted-role,1.6988010429778664,15,30,1.0,0.15306122448979592,0.3333333333333333
ears-weighted-role,1.6723940435280642,15,31,1.0,0.15816326530612246,0.32608695652173914
ears-weighted-role,1.6128625472887768,15,32,1.0,0.16326530612244897,0.3191489361702128
ears-weighted-role,1.603303528986632,15,33,1.0,0.1683673469387755,0.3125
ears-weighted-role,1.5649478979518505,15,34,1.0,0.17346938775510204,0.30612244897959184
ears-weighted-role,1.5588865096359743,15,35,1.0,0.17857142857142858,0.3
ears-weighted-role,1.5533646107623105,15,36,1.0,0.1836734693877551,0.29411764705882354
ears-weighted-role,1.5382272802622723,15,37,1.0,0.18877551020408162,0.28846153846153844
ears-weighted-role,1.5163558191357873,15,38,1.0,0.19387755102040816,0.2830188679245283
ears-weighted-role,1.5071227735006736,15,39,1.0,0.1989795918367347,0.2777777777777778
ears-weighted-role,1.481498809717836,15,40,1.0,0.20408163265306123,0.2727272727272727
ears-weighted-role,1.4800459864071633,15,41,1.0,0.20918367346938777,0.26785714285714285
ears-weighted-role,1.4762360724233985,15,42,1.0,0.21428571428571427,0.2631578947368421
ears-weighted-role,1.4679475100052235,15,43,1.0,0.2193877551020408,0.25862068965517243
ears-weighted-role,1.4121559396769892,15,44,1.0,0.22448979591836735,0.2542372881355932
ears-weighted-role,1.382490302653475,15,45,1.0,0.22959183673469388,0.25
ears-weighted-role,1.3719798099510845,15,46,1.0,0.23469387755102042,0.2459016393442623
ears-weighted-role,1.369823020504611,15,47,1.0,0.23979591836734693,0.24193548387096775
ears-weighted-role,1.3574017806670435,15,48,1.0,0.24489795918367346,0.23809523809523808
ears-weighted-role,1.3546617915904935,15,49,1.0,0.25,0.234375
ears-weighted-role,1.3530670379193397,15,50,1.0,0.25510204081632654,0.23076923076923078
ears-weighted-role,1.342406459994245,15,51,1.0,0.2602040816326531,0.22727272727272727
ears-weighted-role,1.3345646796345916,15,52,1.0,0.2653061224489796,0.22388059701492538
ears-weighted-role,1.3204673557046096,15,53,1.0,0.27040816326530615,0.22058823529411764
ears-weighted-role,1.2999107971098325,15,54,1.0,0.2755102040816326,0.21739130434782608
ears-weighted-role,1.2751973989781702,15,57,1.0,0.29081632653061223,0.20833333333333334
ears-weighted-role,1.2719594594594597,15,58,1.0,0.29591836734693877,0.2054794520547945
ears-weighted-role,1.267578515583258,15,59,1.0,0.3010204081632653,0.20270270270270271
ears-weighted-role,1.257200460829493,15,60,1.0,0.30612244897959184,0.2
ears-weighted-role,1.229890180433064,15,61,1.0,0.3112244897959184,0.19736842105263158
ears-weighted-role,1.211830131445905,15,62,1.0,0.3163265306122449,0.19480519480519481
ears-weighted-role,1.2109256449165404,15,63,1.0,0.32142857142857145,0.19230769230769232
ears-weighted-role,1.2002083333333333,15,65,1.0,0.33163265306122447,0.1875
ears-weighted-role,1.192432082794308,15,66,1.0,0.336734693877551,0.18518518518518517
ears-weighted-role,1.1912519647016613,15,67,1.0,0.34183673469387754,0.18292682926829268
ears-weighted-role,1.1701319472211116,15,69,1.0,0.3520408163265306,0.17857142857142858
ears-weighted-role,1.1331410145078826,15,70,1.0,0.35714285714285715,0.17647058823529413
ears-weighted-role,1.1287410771456354,15,71,1.0,0.3622448979591837,0.1744186046511628
ears-weighted-role,1.1196380786777274,15,72,1.0,0.3673469387755102,0.1724137931034483
ears-weighted-role,1.1149293623520429,15,73,1.0,0.37244897959183676,0.17045454545454544
ears-weighted-role,1.1124574024990534,15,74,1.0,0.37755102040816324,0.16853932584269662
ears-weighted-role,0.9845336722249585,15,75,1.0,0.3826530612244898,0.16666666666666666
ears-weighted-role,0.984157381615599,15,76,1.0,0.3877551020408163,0.16483516483516483
ears-weighted-role,0.965684575389948,15,77,1.0,0.39285714285714285,0.16304347826086957
ears-weighted-role,0.9396143224954445,15,78,1.0,0.3979591836734694,0.16129032258064516
ears-weighted-role,0.9338383082078884,15,79,1.0,0.4030612244897959,0.1595744680851064
ears-weighted-role,0.903107861060329,15,84,1.0,0.42857142857142855,0.15151515151515152
ears-weighted-role,0.9007747599525299,15,85,1.0,0.4336734693877551,0.15
ears-weighted-role,0.8739086544529691,15,86,1.0,0.4387755102040816,0.1485148514851485
ears-weighted-role,0.8697829716193657,15,87,1.0,0.44387755102040816,0.14705882352941177
ears-weighted-role,0.8508685676827269,15,90,1.0,0.45918367346938777,0.14285714285714285
ears-weighted-role,0.847972972972973,15,93,1.0,0.4744897959183674,0.1388888888888889
ears-weighted-role,0.8331545064377682,15,95,1.0,0.4846938775510204,0.13636363636363635
ears-weighted-role,0.8179945054945056,15,97,1.0,0.49489795918367346,0.13392857142857142
ears-weighted-role,0.8072837632776936,15,98,1.0,0.5,0.13274336283185842
ears-weighted-role,0.7696998123827392,15,99,1.0,0.5051020408163265,0.13157894736842105
ears-weighted-role,0.7532697066101096,15,100,1.0,0.5102040816326531,0.13043478260869565
ears-weighted-role,0.7496012959867504,15,101,1.0,0.5153061224489796,0.12931034482758622
ears-weighted-role,0.7471111111111111,15,102,1.0,0.5204081632653061,0.1282051282051282
ears-weighted-role,0.7432744043043812,15,103,1.0,0.5255102040816326,0.1271186440677966
ears-weighted-role,0.6994230075730256,15,105,1.0,0.5357142857142857,0.125
ears-weighted-role,0.6893835616438356,15,106,1.0,0.5408163265306123,0.12396694214876033
ears-weighted-role,0.6375986994890851,15,112,1.0,0.5714285714285714,0.11811023622047244
ears-weighted-role,0.6306682577565633,15,113,1.0,0.576530612244898,0.1171875
ears-weighted-role,0.6282448663308796,15,114,1.0,0.5816326530612245,0.11627906976744186
ears-weighted-role,0.6001041666666667,15,117,1.0,0.5969387755102041,0.11363636363636363
ears-weighted-role,0.5980955482412721,15,118,1.0,0.6020408163265306,0.11278195488721804
ears-weighted-role,0.5850659736105558,15,121,1.0,0.6173469387755102,0.11029411764705882
ears-weighted-role,0.558,15,123,1.0,0.6275510204081632,0.10869565217391304
ears-weighted-role,0.5562287012495267,15,125,1.0,0.6377551020408163,0.10714285714285714
ears-weighted-role,0.5216492993172835,15,126,1.0,0.6428571428571429,0.10638297872340426
ears-weighted-role,0.5196288365453248,15,128,1.0,0.6530612244897959,0.1048951048951049
ears-weighted-role,0.4920786908077995,15,129,1.0,0.6581632653061225,0.10416666666666667
ears-weighted-role,0.482842287694974,15,133,1.0,0.6785714285714286,0.10135135135135136
ears-weighted-role,0.45458361316319684,15,134,1.0,0.6836734693877551,0.10067114093959731
ears-weighted-role,0.4515539305301645,15,140,1.0,0.7142857142857143,0.0967741935483871
ears-weighted-role,0.4469964664310954,15,141,1.0,0.7193877551020408,0.09615384615384616
ears-weighted-role,0.43489148580968284,15,142,1.0,0.7244897959183674,0.09554140127388536
ears-weighted-role,0.42543428384136345,15,144,1.0,0.7346938775510204,0.09433962264150944
ears-weighted-role,0.4239864864864865,15,150,1.0,0.7653061224489796,0.09090909090909091
ears-weighted-role,0.41906682027649766,15,154,1.0,0.7857142857142857,0.08875739644970414
ears-weighted-role,0.4165772532188841,15,155,1.0,0.7908163265306123,0.08823529411764706
ears-weighted-role,0.4155997304582211,15,156,1.0,0.7959183673469388,0.08771929824561403
ears-weighted-role,0.4089972527472528,15,160,1.0,0.8163265306122449,0.08571428571428572
ears-weighted-role,0.4060975609756098,15,162,1.0,0.826530612244898,0.0847457627118644
ears-weighted-role,0.403943377148635,15,163,1.0,0.8316326530612245,0.08426966292134831
ears-weighted-role,0.3848499061913696,15,164,1.0,0.8367346938775511,0.08379888268156424
ears-weighted-role,0.38289869608826477,15,165,1.0,0.8418367346938775,0.08333333333333333
ears-weighted-role,0.3766348533050548,15,166,1.0,0.8469387755102041,0.08287292817679558
ears-weighted-role,0.37389380530973454,15,169,1.0,0.8622448979591837,0.08152173913043478
ears-weighted-role,0.3573761989457942,15,170,1.0,0.8673469387755102,0.08108108108108109
ears-weighted-role,0.3497115037865128,15,174,1.0,0.8877551020408163,0.07936507936507936
ears-weighted-role,0.3305400372439478,15,176,1.0,0.8979591836734694,0.07853403141361257
ears-weighted-role,0.31533412887828166,15,177,1.0,0.9030612244897959,0.078125
ears-weighted-role,0.279,15,179,1.0,0.9132653061224489,0.07731958762886598
ears-weighted-role,0.0,15,196,1.0,1.0,0.07109004739336493
nb-trend-weighted-role,inf,0,0,0.0,0.0,
nb-trend-weighted-role,15.221504283496994,1,0,0.06666666666666667,0.0,1.0
nb-trend-weighted-role,5.343562199871558,2,0,0.13333333333333333,0.0,1.0
nb-trend-weighted-role,4.554947937565841,3,0,0.2,0.0,1.0
nb-trend-weighted-role,4.508209115175061,3,1,0.2,0.00510204081632653,0.75
nb-trend-weighted-role,4.007914958672783,4,1,0.26666666666666666,0.00510204081632653,0.8
nb-trend-weighted-role,3.601050542840523,5,1,0.3333333333333333,0.00510204081632653,0.8333333333333334
nb-trend-weighted-role,3.5507639998126814,6,1,0.4,0.00510204081632653,0.8571428571428571
nb-trend-weighted-role,3.4098138898243553,7,1,0.4666666666666667,0.00510204081632653,0.875
nb-trend-weighted-role,3.2239993506895472,7,2,0.4666666666666667,0.01020408163265306,0.7777777777777778
nb-trend-weighted-role,3.1149162028420387,8,2,0.5333333333333333,0.01020408163265306,0.8
nb-trend-weighted-role,2.9895618191275712,9,2,0.6,0.01020408163265306,0.8181818181818182
nb-trend-weighted-role,2.9697193131085426,10,2,0.6666666666666666,0.01020408163265306,0.8333333333333334
nb-trend-weighted-role,2.9600099814224308,10,3,0.6666666666666666,0.015306122448979591,0.7692307692307693
nb-trend-weighted-role,2.8021929709375977,10,4,0.6666666666666666,0.02040816326530612,0.7142857142857143
nb-trend-weighted-role,2.780057121773537,11,4,0.7333333333333333,0.02040816326530612,0.7333333333333333
nb-trend-weighted-role,2.6419829591234834,12,4,0.8,0.02040816326530612,0.75
nb-trend-weighted-role,2.6111756747925954,12,5,0.8,0.025510204081632654,0.7058823529411765
nb-trend-weighted-role,2.5568926975115356,12,6,0.8,0.030612244897959183,0.6666666666666666
nb-trend-weighted-role,2.5143190416455705,13,6,0.8666666666666667,0.030612244897959183,0.6842105263157895
nb-trend-weighted-role,2.424311629190301,14,6,0.9333333333333333,0.030612244897959183,0.7
nb-trend-weighted-role,2.3363190459189203,14,7,0.9333333333333333,0.03571428571428571,0.6666666666666666
nb-trend-weighted-role,2.277611910476071,14,8,0.9333333333333333,0.04081632653061224,0.6363636363636364
nb-trend-weighted-role,2.2599769107770253,14,9,0.9333333333333333,0.04591836734693878,0.6086956521739131
nb-trend-weighted-role,2.2396753522001323,14,10,0.9333333333333333,0.05102040816326531,0.5833333333333334
nb-trend-weighted-role,2.1640839434709016,14,11,0.9333333333333333,0.05612244897959184,0.56
nb-trend-weighted-role,2.117155755714946,14,12,0.9333333333333333,0.061224489795918366,0.5384615384615384
nb-trend-weighted-role,2.100244083587335,14,13,0.9333333333333333,0.0663265306122449,0.5185185185185185
nb-trend-weighted-role,2.0900547144360058,14,14,0.9333333333333333,0.07142857142857142,0.5
nb-trend-weighted-role,2.082864643278574,14,15,0.9333333333333333,0.07653061224489796,0.4827586206896552
nb-trend-weighted-role,2.065217551411349,14,16,0.9333333333333333,0.08163265306122448,0.4666666666666667
nb-trend-weighted-role,2.0327403643277417,14,17,0.9333333333333333,0.08673469387755102,0.45161290322580644
nb-trend-weighted-role,2.021419786054218,14,18,0.9333333333333333,0.09183673469387756,0.4375
nb-trend-weighted-role,1.9835643767767923,14,19,0.9333333333333333,0.09693877551020408,0.42424242424242425
nb-trend-weighted-role,1.9695394836225908,14,20,0.9333333333333333,0.10204081632653061,0.4117647058823529
nb-trend-weighted-role,1.9499852136796065,14,21,0.9333333333333333,0.10714285714285714,0.4
nb-trend-weighted-role,1.9371587736631761,14,22,0.9333333333333333,0.11224489795918367,0.3888888888888889
nb-trend-weighted-role,1.8962981816804605,14,23,0.9333333333333333,0.11734693877551021,0.3783783783783784
nb-trend-weighted-role,1.878714354827816,14,24,0.9333333333333333,0.12244897959183673,0.3684210526315789
nb-trend-weighted-role,1.8786238123111112,14,25,0.9333333333333333,0.12755102040816327,0.358974358974359
nb-trend-weighted-role,1.865844356755085,14,26,0.9333333333333333,0.1326530612244898,0.35
nb-trend-weighted-role,1.788300703640213,14,27,0.9333333333333333,0.1377551020408163,0.34146341463414637
nb-trend-weighted-role,1.7570269648713088,14,28,0.9333333333333333,0.14285714285714285,0.3333333333333333
nb-trend-weighted-role,1.7517984726054152,14,29,0.9333333333333333,0.14795918367346939,0.32558139534883723
nb-trend-weighted-role,1.7366120530462679,14,30,0.9333333333333333,0.15306122448979592,0.3181818181818182
nb-trend-weighted-role,1.728149063109081,14,31,0.9333333333333333,0.15816326530612246,0.3111111111111111
nb-trend-weighted-role,1.723424556238692,14,32,0.9333333333333333,0.16326530612244897,0.30434782608695654
nb-trend-weighted-role,1.7101041359456108,14,33,0.9333333333333333,0.1683673469387755,0.2978723404255319
nb-trend-weighted-role,1.708512212453876,14,34,0.9333333333333333,0.17346938775510204,0.2916666666666667
nb-trend-weighted-role,1.7070425040845059,14,35,0.9333333333333333,0.17857142857142858,0.2857142857142857
nb-trend-weighted-role,1.6990413998581642,14,36,0.9333333333333333,0.1836734693877551,0.28
nb-trend-weighted-role,1.6965436493976056,14,37,0.9333333333333333,0.18877551020408162,0.27450980392156865
nb-trend-weighted-role,1.6857035887951992,14,38,0.9333333333333333,0.19387755102040816,0.2692307692307692
nb-trend-weighted-role,1.6848918834424609,14,39,0.9333333333333333,0.1989795918367347,0.2641509433962264
nb-trend-weighted-role,1.657737276285132,14,40,0.9333333333333333,0.20408163265306123,0.25925925925925924
nb-trend-weighted-role,1.657277407291041,14,41,0.9333333333333333,0.20918367346938777,0.2545454545454545
nb-trend-weighted-role,1.6431394800536716,14,42,0.9333333333333333,0.21428571428571427,0.25
nb-trend-weighted-role,1.6415443773978717,14,43,0.9333333333333333,0.2193877551020408,0.24561403508771928
nb-trend-weighted-role,1.6315617286908246,14,44,0.9333333333333333,0.22448979591836735,0.2413793103448276
nb-trend-weighted-role,1.6176357256444436,14,45,0.9333333333333333,0.22959183673469388,0.23728813559322035
nb-trend-weighted-role,1.6165494475842548,14,46,0.9333333333333333,0.23469387755102042,0.23333333333333334
nb-trend-weighted-role,1.6103234416416645,14,47,0.9333333333333333,0.23979591836734693,0.22950819672131148
nb-trend-weighted-role,1.6061687064950765,14,48,0.9333333333333333,0.24489795918367346,0.22580645161290322
nb-trend-weighted-role,1.5893812253893072,14,49,0.9333333333333333,0.25,0.2222222222222222
nb-trend-weighted-role,1.5709958838237887,15,49,1.0,0.25,0.234375
nb-trend-weighted-role,1.567445695157457,15,50,1.0,0.25510204081632654,0.23076923076923078
nb-trend-weighted-role,1.5469041837622926,15,51,1.0,0.2602040816326531,0.22727272727272727
nb-trend-weighted-role,1.4952085324434765,15,52,1.0,0.2653061224489796,0.22388059701492538
nb-trend-weighted-role,1.4814692477914073,15,53,1.0,0.27040816326530615,0.22058823529411764
nb-trend-weighted-role,1.476884855233047,15,54,1.0,0.2755102040816326,0.21739130434782608
nb-trend-weighted-role,1.4656168389874764,15,55,1.0,0.28061224489795916,0.21428571428571427
nb-trend-weighted-role,1.4552927830311901,15,56,1.0,0.2857142857142857,0.2112676056338028
nb-trend-weighted-role,1.4469950187485088,15,57,1.0,0.29081632653061223,0.20833333333333334
nb-trend-weighted-role,1.4273279716422167,15,58,1.0,0.29591836734693877,0.2054794520547945
nb-trend-weighted-role,1.4259276245876915,15,59,1.0,0.3010204081632653,0.20270270270270271
nb-trend-weighted-role,1.422589331000779,15,60,1.0,0.30612244897959184,0.2
nb-trend-weighted-role,1.4199810286642318,15,61,1.0,0.3112244897959184,0.19736842105263158
nb-trend-weighted-role,1.4070917649901613,15,62,1.0,0.3163265306122449,0.19480519480519481
nb-trend-weighted-role,1.4058941021056997,15,63,1.0,0.32142857142857145,0.19230769230769232
nb-trend-weighted-role,1.4028329665607848,15,64,1.0,0.32653061224489793,0.189873417721519
nb-trend-weighted-role,1.3990615782891014,15,65,1.0,0.33163265306122447,0.1875
nb-trend-weighted-role,1.3976113100543588,15,66,1.0,0.336734693877551,0.18518518518518517
nb-trend-weighted-role,1.3850302717260208,15,67,1.0,0.34183673469387754,0.18292682926829268
nb-trend-weighted-role,1.3834700881162234,15,68,1.0,0.3469387755102041,0.18072289156626506
nb-trend-weighted-role,1.3821497484785383,15,69,1.0,0.3520408163265306,0.17857142857142858
nb-trend-weighted-role,1.3709858376426716,15,70,1.0,0.35714285714285715,0.17647058823529413
nb-trend-weighted-role,1.3691754118146582,15,71,1.0,0.3622448979591837,0.1744186046511628
nb-trend-weighted-role,1.3621536612555951,15,72,1.0,0.3673469387755102,0.1724137931034483
nb-trend-weighted-role,1.3434667739567174,15,74,1.0,0.37755102040816324,0.16853932584269662
nb-trend-weighted-role,1.34239670911373,15,75,1.0,0.3826530612244898,0.16666666666666666
nb-trend-weighted-role,1.3281836165983907,15,76,1.0,0.3877551020408163,0.16483516483516483
nb-trend-weighted-role,1.3187670673516048,15,77,1.0,0.39285714285714285,0.16304347826086957
nb-trend-weighted-role,1.316551441822512,15,78,1.0,0.3979591836734694,0.16129032258064516
nb-trend-weighted-role,1.3071582674186792,15,79,1.0,0.4030612244897959,0.1595744680851064
nb-trend-weighted-role,1.3054379407820937,15,80,1.0,0.40816326530612246,0.15789473684210525
nb-trend-weighted-role,1.304110020895933,15,81,1.0,0.413265306122449,0.15625
nb-trend-weighted-role,1.2995787487300525,15,82,1.0,0.41836734693877553,0.15463917525773196
nb-trend-weighted-role,1.2992447003825347,15,83,1.0,0.42346938775510207,0.15306122448979592
nb-trend-weighted-role,1.296587658727928,15,84,1.0,0.42857142857142855,0.15151515151515152
nb-trend-weighted-role,1.2820442053440244,15,85,1.0,0.4336734693877551,0.15
nb-trend-weighted-role,1.2817792524767848,15,86,1.0,0.4387755102040816,0.1485148514851485
nb-trend-weighted-role,1.279699411070507,15,87,1.0,0.44387755102040816,0.14705882352941177
nb-trend-weighted-role,1.2759980945133953,15,88,1.0,0.4489795918367347,0.14563106796116504
nb-trend-weighted-role,1.2759980945133933,15,89,1.0,0.45408163265306123,0.14423076923076922
nb-trend-weighted-role,1.2730834662443127,15,90,1.0,0.45918367346938777,0.14285714285714285
nb-trend-weighted-role,1.2727449182367283,15,91,1.0,0.4642857142857143,0.14150943396226415
nb-trend-weighted-role,1.2719556755140888,15,92,1.0,0.46938775510204084,0.14018691588785046
nb-trend-weighted-role,1.2700113523170433,15,93,1.0,0.4744897959183674,0.1388888888888889
nb-trend-weighted-role,1.266095607232165,15,94,1.0,0.47959183673469385,0.13761467889908258
nb-trend-weighted-role,1.2653854209218376,15,95,1.0,0.4846938775510204,0.13636363636363635
nb-trend-weighted-role,1.2639824122281058,15,96,1.0,0.4897959183673469,0.13513513513513514
nb-trend-weighted-role,1.243704280128585,15,97,1.0,0.49489795918367346,0.13392857142857142
nb-trend-weighted-role,1.240971489430195,15,98,1.0,0.5,0.13274336283185842
nb-trend-weighted-role,1.2397199109049641,15,99,1.0,0.5051020408163265,0.13157894736842105
nb-trend-weighted-role,1.21305011218245,15,100,1.0,0.5102040816326531,0.13043478260869565
nb-trend-weighted-role,1.2062185038208484,15,101,1.0,0.5153061224489796,0.12931034482758622
nb-trend-weighted-role,1.1832572940707318,15,102,1.0,0.5204081632653061,0.1282051282051282
nb-trend-weighted-role,1.180004916042332,15,103,1.0,0.5255102040816326,0.1271186440677966
nb-trend-weighted-role,1.171872092685481,15,104,1.0,0.5306122448979592,0.12605042016806722
nb-trend-weighted-role,1.130872482646115,15,105,1.0,0.5357142857142857,0.125
nb-trend-weighted-role,1.114523536045016,15,106,1.0,0.5408163265306123,0.12396694214876033
nb-trend-weighted-role,1.0910467845808685,15,107,1.0,0.5459183673469388,0.12295081967213115
nb-trend-weighted-role,1.0878346492961932,15,108,1.0,0.5510204081632653,0.12195121951219512
nb-trend-weighted-role,1.0798691150564579,15,109,1.0,0.5561224489795918,0.12096774193548387
nb-trend-weighted-role,1.06970872670542,15,110,1.0,0.5612244897959183,0.12
nb-trend-weighted-role,1.040750317198446,15,113,1.0,0.576530612244898,0.1171875
nb-trend-weighted-role,1.0295978916156285,15,114,1.0,0.5816326530612245,0.11627906976744186
nb-trend-weighted-role,1.0280168756963979,15,116,1.0,0.5918367346938775,0.11450381679389313
nb-trend-weighted-role,1.0106079830826944,15,117,1.0,0.5969387755102041,0.11363636363636363
nb-trend-weighted-role,1.0092732952170504,15,120,1.0,0.6122448979591837,0.1111111111111111
nb-trend-weighted-role,1.0059225698998489,15,122,1.0,0.6224489795918368,0.10948905109489052
nb-trend-weighted-role,0.9882604413167976,15,124,1.0,0.6326530612244898,0.1079136690647482
nb-trend-weighted-role,0.9855614578327048,15,125,1.0,0.6377551020408163,0.10714285714285714
nb-trend-weighted-role,0.976933827525379,15,126,1.0,0.6428571428571429,0.10638297872340426
nb-trend-weighted-role,0.9741831673068512,15,128,1.0,0.6530612244897959,0.1048951048951049
nb-trend-weighted-role,0.9694333884510091,15,129,1.0,0.6581632653061225,0.10416666666666667
nb-trend-weighted-role,0.9492178211581097,15,133,1.0,0.6785714285714286,0.10135135135135136
nb-trend-weighted-role,0.9419826098667854,15,134,1.0,0.6836734693877551,0.10067114093959731
nb-trend-weighted-role,0.939167647505542,15,136,1.0,0.6938775510204082,0.09933774834437085
nb-trend-weighted-role,0.935757791728415,15,137,1.0,0.6989795918367347,0.09868421052631579
nb-trend-weighted-role,0.9296963256677809,15,140,1.0,0.7142857142857143,0.0967741935483871
nb-trend-weighted-role,0.9291137296889003,15,141,1.0,0.7193877551020408,0.09615384615384616
nb-trend-weighted-role,0.927321941956274,15,146,1.0,0.7448979591836735,0.09316770186335403
nb-trend-weighted-role,0.926603915503584,15,147,1.0,0.75,0.09259259259259259
nb-trend-weighted-role,0.9243004793660899,15,150,1.0,0.7653061224489796,0.09090909090909091
nb-trend-weighted-role,0.92214504413183,15,152,1.0,0.7755102040816326,0.08982035928143713
nb-trend-weighted-role,0.9180782551801663,15,153,1.0,0.7806122448979592,0.08928571428571429
nb-trend-weighted-role,0.9128249584720365,15,154,1.0,0.7857142857142857,0.08875739644970414
nb-trend-weighted-role,0.9122604180265992,15,156,1.0,0.7959183673469388,0.08771929824561403
nb-trend-weighted-role,0.9084197501991644,15,157,1.0,0.8010204081632653,0.0872093023255814
nb-trend-weighted-role,0.9002059567230971,15,158,1.0,0.8061224489795918,0.08670520231213873
nb-trend-weighted-role,0.8994084867674325,15,159,1.0,0.8112244897959183,0.08620689655172414
nb-trend-weighted-role,0.8952647944202682,15,160,1.0,0.8163265306122449,0.08571428571428572
nb-trend-weighted-role,0.892369687416251,15,161,1.0,0.8214285714285714,0.08522727272727272
nb-trend-weighted-role,0.8922116942089597,15,162,1.0,0.826530612244898,0.0847457627118644
nb-trend-weighted-role,0.8897838401432812,15,163,1.0,0.8316326530612245,0.08426966292134831
nb-trend-weighted-role,0.8794317329093814,15,167,1.0,0.8520408163265306,0.08241758241758242
nb-trend-weighted-role,0.8577559622286937,15,169,1.0,0.8622448979591837,0.08152173913043478
nb-trend-weighted-role,0.7996476038738435,15,171,1.0,0.8724489795918368,0.08064516129032258
nb-trend-weighted-role,0.7891883392288846,15,172,1.0,0.8775510204081632,0.08021390374331551
nb-trend-weighted-role,0.6227234891961665,15,175,1.0,0.8928571428571429,0.07894736842105263
nb-trend-weighted-role,0.4818747065133891,15,176,1.0,0.8979591836734694,0.07853403141361257
nb-trend-weighted-role,0.39921680376079843,15,177,1.0,0.9030612244897959,0.078125
nb-trend-weighted-role,0.012588611986610229,15,179,1.0,0.9132653061224489,0.07731958762886598
nb-trend-weighted-role,0.0,15,196,1.0,1.0,0.07109004739336493
nb-trend-dual-weighted-role,inf,0,0,0.0,0.0,
nb-trend-dual-weighted-role,14.903672561052854,1,0,0.06666666666666667,0.0,1.0
nb-trend-dual-weighted-role,5.343562199871558,2,0,0.13333333333333333,0.0,1.0
nb-trend-dual-weighted-role,4.508209115175061,2,1,0.13333333333333333,0.00510204081632653,0.6666666666666666
nb-trend-dual-weighted-role,4.337691802533283,3,1,0.2,0.00510204081632653,0.75
nb-trend-dual-weighted-role,4.007914958672783,4,1,0.26666666666666666,0.00510204081632653,0.8
nb-trend-dual-weighted-role,3.4836032323127473,5,1,0.3333333333333333,0.00510204081632653,0.8333333333333334
nb-trend-dual-weighted-role,3.4098138898243553,6,1,0.4,0.00510204081632653,0.8571428571428571
nb-trend-dual-weighted-role,3.164233916168469,7,1,0.4666666666666667,0.00510204081632653,0.875
nb-trend-dual-weighted-role,3.1149162028420387,8,1,0.5333333333333333,0.00510204081632653,0.8888888888888888
nb-trend-dual-weighted-role,3.0494270007607645,8,2,0.5333333333333333,0.01020408163265306,0.8
nb-trend-dual-weighted-role,2.9895618191275712,9,2,0.6,0.01020408163265306,0.8181818181818182
nb-trend-dual-weighted-role,2.8021929709375977,9,3,0.6,0.015306122448979591,0.75
nb-trend-dual-weighted-role,2.671078330955027,10,3,0.6666666666666666,0.015306122448979591,0.7692307692307693
nb-trend-dual-weighted-role,2.6419829591234834,11,3,0.7333333333333333,0.015306122448979591,0.7857142857142857
nb-trend-dual-weighted-role,2.6380466833604084,11,4,0.7333333333333333,0.02040816326530612,0.7333333333333333
nb-trend-dual-weighted-role,2.6111756747925954,11,5,0.7333333333333333,0.025510204081632654,0.6875
nb-trend-dual-weighted-role,2.46255718740641,11,6,0.7333333333333333,0.030612244897959183,0.6470588235294118
nb-trend-dual-weighted-role,2.424311629190301,12,6,0.8,0.030612244897959183,0.6666666666666666
nb-trend-dual-weighted-role,2.412806951371084,13,6,0.8666666666666667,0.030612244897959183,0.6842105263157895
nb-trend-dual-weighted-role,2.3718224715611687,14,6,0.9333333333333333,0.030612244897959183,0.7
nb-trend-dual-weighted-role,2.3363190459189203,14,7,0.9333333333333333,0.03571428571428571,0.6666666666666666
nb-trend-dual-weighted-role,2.2599769107770253,14,8,0.9333333333333333,0.04081632653061224,0.6363636363636364
nb-trend-dual-weighted-role,2.1640839434709016,14,9,0.9333333333333333,0.04591836734693878,0.6086956521739131
nb-trend-dual-weighted-role,2.117155755714946,14,10,0.9333333333333333,0.05102040816326531,0.5833333333333334
nb-trend-dual-weighted-role,2.100244083587335,14,11,0.9333333333333333,0.05612244897959184,0.56
nb-trend-dual-weighted-role,2.082864643278574,14,12,0.9333333333333333,0.061224489795918366,0.5384615384615384
nb-trend-dual-weighted-role,2.065217551411349,14,13,0.9333333333333333,0.0663265306122449,0.5185185185185185
nb-trend-dual-weighted-role,2.0515782832508322,14,14,0.9333333333333333,0.07142857142857142,0.5
nb-trend-dual-weighted-role,2.0327403643277417,14,15,0.9333333333333333,0.07653061224489796,0.4827586206896552
nb-trend-dual-weighted-role,2.021419786054218,14,16,0.9333333333333333,0.08163265306122448,0.4666666666666667
nb-trend-dual-weighted-role,1.9695394836225908,14,17,0.9333333333333333,0.08673469387755102,0.45161290322580644
nb-trend-dual-weighted-role,1.9499852136796065,14,18,0.9333333333333333,0.09183673469387756,0.4375
nb-trend-dual-weighted-role,1.9481439000696341,14,19,0.9333333333333333,0.09693877551020408,0.42424242424242425
nb-trend-dual-weighted-role,1.9371587736631761,14,20,0.9333333333333333,0.10204081632653061,0.4117647058823529
nb-trend-dual-weighted-role,1.8962981816804605,14,21,0.9333333333333333,0.10714285714285714,0.4
nb-trend-dual-weighted-role,1.8786238123111112,14,22,0.9333333333333333,0.11224489795918367,0.3888888888888889
nb-trend-dual-weighted-role,1.860838670761922,14,23,0.9333333333333333,0.11734693877551021,0.3783783783783784
nb-trend-dual-weighted-role,1.788300703640213,14,24,0.9333333333333333,0.12244897959183673,0.3684210526315789
nb-trend-dual-weighted-role,1.774119356642208,14,25,0.9333333333333333,0.12755102040816327,0.358974358974359
nb-trend-dual-weighted-role,1.7517984726054152,14,26,0.9333333333333333,0.1326530612244898,0.35
nb-trend-dual-weighted-role,1.7366120530462679,14,27,0.9333333333333333,0.1377551020408163,0.34146341463414637
nb-trend-dual-weighted-role,1.728149063109081,14,28,0.9333333333333333,0.14285714285714285,0.3333333333333333
nb-trend-dual-weighted-role,1.716964012690877,14,29,0.9333333333333333,0.14795918367346939,0.32558139534883723
nb-trend-dual-weighted-role,1.708512212453876,14,30,0.9333333333333333,0.15306122448979592,0.3181818181818182
nb-trend-dual-weighted-role,1.6990413998581642,14,31,0.9333333333333333,0.15816326530612246,0.3111111111111111
nb-trend-dual-weighted-role,1.6965436493976056,14,32,0.9333333333333333,0.16326530612244897,0.30434782608695654
nb-trend-dual-weighted-role,1.6828009941530206,14,33,0.9333333333333333,0.1683673469387755,0.2978723404255319
nb-trend-dual-weighted-role,1.6771317535166335,14,34,0.9333333333333333,0.17346938775510204,0.2916666666666667
nb-trend-dual-weighted-role,1.67111022478416,14,35,0.9333333333333333,0.17857142857142858,0.2857142857142857
nb-trend-dual-weighted-role,1.6591839370800066,14,36,0.9333333333333333,0.1836734693877551,0.28
nb-trend-dual-weighted-role,1.657737276285132,14,37,0.9333333333333333,0.18877551020408162,0.27450980392156865
nb-trend-dual-weighted-role,1.657277407291041,14,38,0.9333333333333333,0.19387755102040816,0.2692307692307692
nb-trend-dual-weighted-role,1.6431394800536716,14,39,0.9333333333333333,0.1989795918367347,0.2641509433962264
nb-trend-dual-weighted-role,1.6415443773978717,14,40,0.9333333333333333,0.20408163265306123,0.25925925925925924
nb-trend-dual-weighted-role,1.6315617286908246,14,41,0.9333333333333333,0.20918367346938777,0.2545454545454545
nb-trend-dual-weighted-role,1.6176357256444436,14,42,0.9333333333333333,0.21428571428571427,0.25
nb-trend-dual-weighted-role,1.6165494475842548,14,43,0.9333333333333333,0.2193877551020408,0.24561403508771928
nb-trend-dual-weighted-role,1.6103234416416645,14,44,0.9333333333333333,0.22448979591836735,0.2413793103448276
nb-trend-dual-weighted-role,1.6061687064950765,14,45,0.9333333333333333,0.22959183673469388,0.23728813559322035
nb-trend-dual-weighted-role,1.6052081803589018,14,46,0.9333333333333333,0.23469387755102042,0.23333333333333334
nb-trend-dual-weighted-role,1.5893812253893072,14,47,0.9333333333333333,0.23979591836734693,0.22950819672131148
nb-trend-dual-weighted-role,1.5469041837622926,14,48,0.9333333333333333,0.24489795918367346,0.22580645161290322
nb-trend-dual-weighted-role,1.5407845108411418,15,48,1.0,0.24489795918367346,0.23809523809523808
nb-trend-dual-weighted-role,1.4814692477914073,15,49,1.0,0.25,0.234375
nb-trend-dual-weighted-role,1.476884855233047,15,50,1.0,0.25510204081632654,0.23076923076923078
nb-trend-dual-weighted-role,1.464403626885813,15,51,1.0,0.2602040816326531,0.22727272727272727
nb-trend-dual-weighted-role,1.4552927830311901,15,52,1.0,0.2653061224489796,0.22388059701492538
nb-trend-dual-weighted-role,1.4469950187485088,15,53,1.0,0.27040816326530615,0.22058823529411764
nb-trend-dual-weighted-role,1.4058941021056997,15,54,1.0,0.2755102040816326,0.21739130434782608
nb-trend-dual-weighted-role,1.3990615782891014,15,55,1.0,0.28061224489795916,0.21428571428571427
nb-trend-dual-weighted-role,1.3850302717260208,15,56,1.0,0.2857142857142857,0.2112676056338028
nb-trend-dual-weighted-role,1.3839113819527107,15,57,1.0,0.29081632653061223,0.20833333333333334
nb-trend-dual-weighted-role,1.3834700881162234,15,58,1.0,0.29591836734693877,0.2054794520547945
nb-trend-dual-weighted-role,1.3821497484785383,15,59,1.0,0.3010204081632653,0.20270270270270271
nb-trend-dual-weighted-role,1.374001260420454,15,63,1.0,0.32142857142857145,0.19230769230769232
nb-trend-dual-weighted-role,1.3709858376426716,15,64,1.0,0.32653061224489793,0.189873417721519
nb-trend-dual-weighted-role,1.3691754118146582,15,65,1.0,0.33163265306122447,0.1875
nb-trend-dual-weighted-role,1.3621536612555951,15,66,1.0,0.336734693877551,0.18518518518518517
nb-trend-dual-weighted-role,1.3565375738092085,15,67,1.0,0.34183673469387754,0.18292682926829268
nb-trend-dual-weighted-role,1.3452802726036146,15,68,1.0,0.3469387755102041,0.18072289156626506
nb-trend-dual-weighted-role,1.3434667739567174,15,70,1.0,0.35714285714285715,0.17647058823529413
nb-trend-dual-weighted-role,1.34239670911373,15,71,1.0,0.3622448979591837,0.1744186046511628
nb-trend-dual-weighted-role,1.3281836165983907,15,72,1.0,0.3673469387755102,0.1724137931034483
nb-trend-dual-weighted-role,1.3187670673516048,15,73,1.0,0.37244897959183676,0.17045454545454544
nb-trend-dual-weighted-role,1.316551441822512,15,74,1.0,0.37755102040816324,0.16853932584269662
nb-trend-dual-weighted-role,1.3071582674186792,15,75,1.0,0.3826530612244898,0.16666666666666666
nb-trend-dual-weighted-role,1.3060618113882603,15,76,1.0,0.3877551020408163,0.16483516483516483
nb-trend-dual-weighted-role,1.3054379407820937,15,77,1.0,0.39285714285714285,0.16304347826086957
nb-trend-dual-weighted-role,1.304110020895933,15,78,1.0,0.3979591836734694,0.16129032258064516
nb-trend-dual-weighted-role,1.2995787487300525,15,79,1.0,0.4030612244897959,0.1595744680851064
nb-trend-dual-weighted-role,1.2992447003825347,15,80,1.0,0.40816326530612246,0.15789473684210525
nb-trend-dual-weighted-role,1.296587658727928,15,81,1.0,0.413265306122449,0.15625
nb-trend-dual-weighted-role,1.2820442053440244,15,82,1.0,0.41836734693877553,0.15463917525773196
nb-trend-dual-weighted-role,1.2817792524767848,15,83,1.0,0.42346938775510207,0.15306122448979592
nb-trend-dual-weighted-role,1.279699411070507,15,84,1.0,0.42857142857142855,0.15151515151515152
nb-trend-dual-weighted-role,1.2789267449711395,15,85,1.0,0.4336734693877551,0.15
nb-trend-dual-weighted-role,1.2759980945133953,15,86,1.0,0.4387755102040816,0.1485148514851485
nb-trend-dual-weighted-role,1.2759980945133933,15,87,1.0,0.44387755102040816,0.14705882352941177
nb-trend-dual-weighted-role,1.2730834662443127,15,88,1.0,0.4489795918367347,0.14563106796116504
nb-trend-dual-weighted-role,1.2727449182367283,15,89,1.0,0.45408163265306123,0.14423076923076922
nb-trend-dual-weighted-role,1.2719556755140888,15,90,1.0,0.45918367346938777,0.14285714285714285
nb-trend-dual-weighted-role,1.2700113523170433,15,91,1.0,0.4642857142857143,0.14150943396226415
nb-trend-dual-weighted-role,1.266095607232165,15,92,1.0,0.46938775510204084,0.14018691588785046
nb-trend-dual-weighted-role,1.2639824122281058,15,93,1.0,0.4744897959183674,0.1388888888888889
nb-trend-dual-weighted-role,1.243704280128585,15,94,1.0,0.47959183673469385,0.13761467889908258
nb-trend-dual-weighted-role,1.240971489430195,15,95,1.0,0.4846938775510204,0.13636363636363635
nb-trend-dual-weighted-role,1.2397199109049641,15,96,1.0,0.4897959183673469,0.13513513513513514
nb-trend-dual-weighted-role,1.21305011218245,15,97,1.0,0.49489795918367346,0.13392857142857142
nb-trend-dual-weighted-role,1.2062185038208484,15,98,1.0,0.5,0.13274336283185842
nb-trend-dual-weighted-role,1.1832572940707318,15,99,1.0,0.5051020408163265,0.13157894736842105
nb-trend-dual-weighted-role,1.180004916042332,15,100,1.0,0.5102040816326531,0.13043478260869565
nb-trend-dual-weighted-role,1.171872092685481,15,101,1.0,0.5153061224489796,0.12931034482758622
nb-trend-dual-weighted-role,1.130872482646115,15,102,1.0,0.5204081632653061,0.1282051282051282
nb-trend-dual-weighted-role,1.1164288964326219,15,103,1.0,0.5255102040816326,0.1271186440677966
nb-trend-dual-weighted-role,1.0910467845808685,15,104,1.0,0.5306122448979592,0.12605042016806722
nb-trend-dual-weighted-role,1.0878346492961932,15,105,1.0,0.5357142857142857,0.125
nb-trend-dual-weighted-role,1.0828567294009956,15,106,1.0,0.5408163265306123,0.12396694214876033
nb-trend-dual-weighted-role,1.0798691150564579,15,107,1.0,0.5459183673469388,0.12295081967213115
nb-trend-dual-weighted-role,1.06970872670542,15,108,1.0,0.5510204081632653,0.12195121951219512
nb-trend-dual-weighted-role,1.0106079830826944,15,109,1.0,0.5561224489795918,0.12096774193548387
nb-trend-dual-weighted-role,0.976933827525379,15,110,1.0,0.5612244897959183,0.12
nb-trend-dual-weighted-role,0.9715656136323617,15,125,1.0,0.6377551020408163,0.10714285714285714
nb-trend-dual-weighted-role,0.9694333884510091,15,126,1.0,0.6428571428571429,0.10638297872340426
nb-trend-dual-weighted-role,0.96327845051068,15,127,1.0,0.6479591836734694,0.1056338028169014
nb-trend-dual-weighted-role,0.9492178211581097,15,131,1.0,0.6683673469387755,0.10273972602739725
nb-trend-dual-weighted-role,0.9419826098667854,15,132,1.0,0.673469387755102,0.10204081632653061
nb-trend-dual-weighted-role,0.939167647505542,15,134,1.0,0.6836734693877551,0.10067114093959731
nb-trend-dual-weighted-role,0.935757791728415,15,135,1.0,0.6887755102040817,0.1
nb-trend-dual-weighted-role,0.9296963256677809,15,138,1.0,0.7040816326530612,0.09803921568627451
nb-trend-dual-weighted-role,0.927321941956274,15,143,1.0,0.7295918367346939,0.0949367088607595
nb-trend-dual-weighted-role,0.926603915503584,15,144,1.0,0.7346938775510204,0.09433962264150944
nb-trend-dual-weighted-role,0.9243004793660899,15,147,1.0,0.75,0.09259259259259259
nb-trend-dual-weighted-role,0.92214504413183,15,149,1.0,0.7602040816326531,0.09146341463414634
nb-trend-dual-weighted-role,0.9180782551801663,15,151,1.0,0.7704081632653061,0.09036144578313253
nb-trend-dual-weighted-role,0.9128249584720365,15,152,1.0,0.7755102040816326,0.08982035928143713
nb-trend-dual-weighted-role,0.9122604180265992,15,154,1.0,0.7857142857142857,0.08875739644970414
nb-trend-dual-weighted-role,0.9084197501991644,15,155,1.0,0.7908163265306123,0.08823529411764706
nb-trend-dual-weighted-role,0.9016199931501957,15,156,1.0,0.7959183673469388,0.08771929824561403
nb-trend-dual-weighted-role,0.9002059567230971,15,157,1.0,0.8010204081632653,0.0872093023255814
nb-trend-dual-weighted-role,0.8994084867674325,15,158,1.0,0.8061224489795918,0.08670520231213873
nb-trend-dual-weighted-role,0.8952647944202682,15,159,1.0,0.8112244897959183,0.08620689655172414
nb-trend-dual-weighted-role,0.892369687416251,15,160,1.0,0.8163265306122449,0.08571428571428572
nb-trend-dual-weighted-role,0.8922116942089597,15,161,1.0,0.8214285714285714,0.08522727272727272
nb-trend-dual-weighted-role,0.8897838401432812,15,162,1.0,0.826530612244898,0.0847457627118644
nb-trend-dual-weighted-role,0.8794317329093814,15,166,1.0,0.8469387755102041,0.08287292817679558
nb-trend-dual-weighted-role,0.8577559622286937,15,168,1.0,0.8571428571428571,0.08196721311475409
nb-trend-dual-weighted-role,0.7996476038738435,15,170,1.0,0.8673469387755102,0.08108108108108109
nb-trend-dual-weighted-role,0.7891883392288846,15,171,1.0,0.8724489795918368,0.08064516129032258
nb-trend-dual-weighted-role,0.6227234891961665,15,174,1.0,0.8877551020408163,0.07936507936507936
nb-trend-dual-weighted-role,0.4818747065133891,15,175,1.0,0.8928571428571429,0.07894736842105263
nb-trend-dual-weighted-role,0.39921680376079843,15,176,1.0,0.8979591836734694,0.07853403141361257
nb-trend-dual-weighted-role,0.06601331147108522,15,177,1.0,0.9030612244897959,0.078125
nb-trend-dual-weighted-role,0.012255130287967814,15,179,1.0,0.9132653061224489,0.07731958762886598
nb-trend-dual-weighted-role,0.0,15,196,1.0,1.0,0.07109004739336493
ensemble-mean,inf,0,0,0.0,0.0,
ensemble-mean,1.0,3,2,0.2,0.01020408163265306,0.6
ensemble-mean,0.9973684210526316,4,2,0.26666666666666666,0.01020408163265306,0.6666666666666666
ensemble-mean,0.9972527472527473,5,2,0.3333333333333333,0.01020408163265306,0.7142857142857143
ensemble-mean,0.9939759036144578,6,2,0.4,0.01020408163265306,0.75
ensemble-mean,0.9886363636363636,6,3,0.4,0.015306122448979591,0.6666666666666666
ensemble-mean,0.9880952380952381,8,3,0.5333333333333333,0.015306122448979591,0.7272727272727273
ensemble-mean,0.9863013698630136,8,4,0.5333333333333333,0.02040816326530612,0.6666666666666666
ensemble-mean,0.9831460674157303,8,5,0.5333333333333333,0.025510204081632654,0.6153846153846154
ensemble-mean,0.9817073170731707,9,5,0.6,0.025510204081632654,0.6428571428571429
ensemble-mean,0.9811827956989247,9,6,0.6,0.030612244897959183,0.6
ensemble-mean,0.9780219780219781,10,7,0.6666666666666666,0.03571428571428571,0.5882352941176471
ensemble-mean,0.9722222222222223,11,7,0.7333333333333333,0.03571428571428571,0.6111111111111112
ensemble-mean,0.9662162162162162,11,8,0.7333333333333333,0.04081632653061224,0.5789473684210527
ensemble-mean,0.9659090909090909,11,9,0.7333333333333333,0.04591836734693878,0.55
ensemble-mean,0.9651162790697674,11,10,0.7333333333333333,0.05102040816326531,0.5238095238095238
ensemble-mean,0.9647887323943662,11,11,0.7333333333333333,0.05612244897959184,0.5
ensemble-mean,0.9596774193548387,11,12,0.7333333333333333,0.061224489795918366,0.4782608695652174
ensemble-mean,0.9583333333333333,11,13,0.7333333333333333,0.0663265306122449,0.4583333333333333
ensemble-mean,0.9578313253012049,11,14,0.7333333333333333,0.07142857142857142,0.44
ensemble-mean,0.956043956043956,12,14,0.8,0.07142857142857142,0.46153846153846156
ensemble-mean,0.9552238805970149,12,15,0.8,0.07653061224489796,0.4444444444444444
ensemble-mean,0.9545454545454546,13,15,0.8666666666666667,0.07653061224489796,0.4642857142857143
ensemble-mean,0.9507042253521126,13,16,0.8666666666666667,0.08163265306122448,0.4482758620689655
ensemble-mean,0.9505813953488372,13,17,0.8666666666666667,0.08673469387755102,0.43333333333333335
ensemble-mean,0.9488636363636365,14,17,0.9333333333333333,0.08673469387755102,0.45161290322580644
ensemble-mean,0.9461538461538461,14,18,0.9333333333333333,0.09183673469387756,0.4375
ensemble-mean,0.9423076923076923,15,18,1.0,0.09183673469387756,0.45454545454545453
ensemble-mean,0.9402173913043479,15,19,1.0,0.09693877551020408,0.4411764705882353
ensemble-mean,0.9395604395604396,15,20,1.0,0.10204081632653061,0.42857142857142855
ensemble-mean,0.9375,15,21,1.0,0.10714285714285714,0.4166666666666667
ensemble-mean,0.9366197183098591,15,22,1.0,0.11224489795918367,0.40540540540540543
ensemble-mean,0.936046511627907,15,23,1.0,0.11734693877551021,0.39473684210526316
ensemble-mean,0.9333333333333333,15,24,1.0,0.12244897959183673,0.38461538461538464
ensemble-mean,0.9325842696629214,15,25,1.0,0.12755102040816327,0.375
ensemble-mean,0.931159420289855,15,26,1.0,0.1326530612244898,0.36585365853658536
ensemble-mean,0.9266666666666666,15,27,1.0,0.1377551020408163,0.35714285714285715
ensemble-mean,0.9258241758241759,15,28,1.0,0.14285714285714285,0.3488372093023256
ensemble-mean,0.9242424242424243,15,29,1.0,0.14795918367346939,0.3409090909090909
ensemble-mean,0.9230769230769231,15,30,1.0,0.15306122448979592,0.3333333333333333
ensemble-mean,0.9225352112676057,15,31,1.0,0.15816326530612246,0.32608695652173914
ensemble-mean,0.9215116279069767,15,32,1.0,0.16326530612244897,0.3191489361702128
ensemble-mean,0.9202898550724637,15,33,1.0,0.1683673469387755,0.3125
ensemble-mean,0.9154929577464789,15,34,1.0,0.17346938775510204,0.30612244897959184
ensemble-mean,0.914179104477612,15,35,1.0,0.17857142857142858,0.3
ensemble-mean,0.9076086956521738,15,36,1.0,0.1836734693877551,0.29411764705882354
ensemble-mean,0.9038461538461539,15,37,1.0,0.18877551020408162,0.28846153846153844
ensemble-mean,0.9036144578313252,15,38,1.0,0.19387755102040816,0.2830188679245283
ensemble-mean,0.8953488372093024,15,39,1.0,0.1989795918367347,0.2777777777777778
ensemble-mean,0.8950617283950617,15,40,1.0,0.20408163265306123,0.2727272727272727
ensemble-mean,0.89453125,15,41,1.0,0.20918367346938777,0.26785714285714285
ensemble-mean,0.891025641025641,15,42,1.0,0.21428571428571427,0.2631578947368421
ensemble-mean,0.8842105263157894,15,43,1.0,0.2193877551020408,0.25862068965517243
ensemble-mean,0.8838028169014085,15,44,1.0,0.22448979591836735,0.2542372881355932
ensemble-mean,0.8791208791208791,15,46,1.0,0.23469387755102042,0.2459016393442623
ensemble-mean,0.8787878787878788,15,47,1.0,0.23979591836734693,0.24193548387096775
ensemble-mean,0.8782051282051282,15,48,1.0,0.24489795918367346,0.23809523809523808
ensemble-mean,0.878125,15,49,1.0,0.25,0.234375
ensemble-mean,0.875,15,51,1.0,0.2602040816326531,0.22727272727272727
ensemble-mean,0.8734939759036144,15,52,1.0,0.2653061224489796,0.22388059701492538
ensemble-mean,0.8733333333333333,15,53,1.0,0.27040816326530615,0.22058823529411764
ensemble-mean,0.8695652173913043,15,54,1.0,0.2755102040816326,0.21739130434782608
ensemble-mean,0.8666666666666667,15,55,1.0,0.28061224489795916,0.21428571428571427
ensemble-mean,0.8636363636363636,15,56,1.0,0.2857142857142857,0.2112676056338028
ensemble-mean,0.855072463768116,15,57,1.0,0.29081632653061223,0.20833333333333334
ensemble-mean,0.8482142857142858,15,58,1.0,0.29591836734693877,0.2054794520547945
ensemble-mean,0.8324175824175823,15,59,1.0,0.3010204081632653,0.20270270270270271
ensemble-mean,0.8255813953488371,15,60,1.0,0.30612244897959184,0.2
ensemble-mean,0.8116438356164384,15,61,1.0,0.3112244897959184,0.19736842105263158
ensemble-mean,0.8038461538461539,15,62,1.0,0.3163265306122449,0.19480519480519481
ensemble-mean,0.7932098765432098,15,63,1.0,0.32142857142857145,0.19230769230769232
ensemble-mean,0.791044776119403,15,64,1.0,0.32653061224489793,0.189873417721519
ensemble-mean,0.7848837209302326,15,65,1.0,0.33163265306122447,0.1875
ensemble-mean,0.7808988764044944,15,66,1.0,0.336734693877551,0.18518518518518517
ensemble-mean,0.773972602739726,15,67,1.0,0.34183673469387754,0.18292682926829268
ensemble-mean,0.7586206896551724,15,68,1.0,0.3469387755102041,0.18072289156626506
ensemble-mean,0.7318840579710144,15,69,1.0,0.3520408163265306,0.17857142857142858
ensemble-mean,0.7234848484848485,15,71,1.0,0.3622448979591837,0.1744186046511628
ensemble-mean,0.7068965517241379,15,73,1.0,0.37244897959183676,0.17045454545454544
ensemble-mean,0.6413043478260869,15,74,1.0,0.37755102040816324,0.16853932584269662
ensemble-mean,0.6339285714285714,15,75,1.0,0.3826530612244898,0.16666666666666666
ensemble-mean,0.6319444444444444,15,77,1.0,0.39285714285714285,0.16304347826086957
ensemble-mean,0.625,15,78,1.0,0.3979591836734694,0.16129032258064516
ensemble-mean,0.6136363636363636,15,80,1.0,0.40816326530612246,0.15789473684210525
ensemble-mean,0.6076388888888888,15,81,1.0,0.413265306122449,0.15625
ensemble-mean,0.6067415730337079,15,82,1.0,0.41836734693877553,0.15463917525773196
ensemble-mean,0.6059782608695652,15,85,1.0,0.4336734693877551,0.15
ensemble-mean,0.6032608695652174,15,87,1.0,0.44387755102040816,0.14705882352941177
ensemble-mean,0.6014492753623188,15,88,1.0,0.4489795918367347,0.14563106796116504
ensemble-mean,0.600609756097561,15,89,1.0,0.45408163265306123,0.14423076923076922
ensemble-mean,0.5994623655913979,15,90,1.0,0.45918367346938777,0.14285714285714285
ensemble-mean,0.5977011494252873,15,91,1.0,0.4642857142857143,0.14150943396226415
ensemble-mean,0.5933734939759037,15,92,1.0,0.46938775510204084,0.14018691588785046
ensemble-mean,0.5930851063829787,15,94,1.0,0.47959183673469385,0.13761467889908258
ensemble-mean,0.5845070422535211,15,95,1.0,0.4846938775510204,0.13636363636363635
ensemble-mean,0.5777777777777778,15,96,1.0,0.4897959183673469,0.13513513513513514
ensemble-mean,0.5755813953488372,15,97,1.0,0.49489795918367346,0.13392857142857142
ensemble-mean,0.536144578313253,15,98,1.0,0.5,0.13274336283185842
ensemble-mean,0.532967032967033,15,100,1.0,0.5102040816326531,0.13043478260869565
ensemble-mean,0.5232558139534884,15,101,1.0,0.5153061224489796,0.12931034482758622
ensemble-mean,0.5,15,113,1.0,0.576530612244898,0.1171875
ensemble-mean,0.4885057471264368,15,114,1.0,0.5816326530612245,0.11627906976744186
ensemble-mean,0.4807692307692308,15,115,1.0,0.5867346938775511,0.11538461538461539
ensemble-mean,0.48,15,121,1.0,0.6173469387755102,0.11029411764705882
ensemble-mean,0.47812499999999997,15,131,1.0,0.6683673469387755,0.10273972602739725
ensemble-mean,0.4707446808510638,15,143,1.0,0.7295918367346939,0.0949367088607595
ensemble-mean,0.46830985915492956,15,144,1.0,0.7346938775510204,0.09433962264150944
ensemble-mean,0.46726190476190477,15,151,1.0,0.7704081632653061,0.09036144578313253
ensemble-mean,0.46264367816091956,15,152,1.0,0.7755102040816326,0.08982035928143713
ensemble-mean,0.46236559139784944,15,153,1.0,0.7806122448979592,0.08928571428571429
ensemble-mean,0.46195652173913043,15,156,1.0,0.7959183673469388,0.08771929824561403
ensemble-mean,0.4612676056338028,15,160,1.0,0.8163265306122449,0.08571428571428572
ensemble-mean,0.45999999999999996,15,162,1.0,0.826530612244898,0.0847457627118644
ensemble-mean,0.45945945945945943,15,164,1.0,0.8367346938775511,0.08379888268156424
ensemble-mean,0.4553571428571429,15,171,1.0,0.8724489795918368,0.08064516129032258
ensemble-mean,0.45348837209302323,15,173,1.0,0.8826530612244898,0.0797872340425532
ensemble-mean,0.44140625,15,178,1.0,0.9081632653061225,0.07772020725388601
ensemble-mean,0.4396551724137931,15,181,1.0,0.923469387755102,0.07653061224489796
ensemble-mean,0.43478260869565216,15,184,1.0,0.9387755102040817,0.07537688442211055
ensemble-mean,0.4337349397590361,15,187,1.0,0.9540816326530612,0.07425742574257425
ensemble-mean,0.40988372093023256,15,188,1.0,0.9591836734693877,0.07389162561576355
ensemble-mean,0.3983516483516484,15,189,1.0,0.9642857142857143,0.07352941176470588
ensemble-mean,0.38186813186813184,15,190,1.0,0.9693877551020408,0.07317073170731707
ensemble-mean,0.0,15,196,1.0,1.0,0.07109004739336493
ensemble-max,inf,0,0,0.0,0.0,
ensemble-max,1.0,8,4,0.5333333333333333,0.02040816326530612,0.6666666666666666
ensemble-max,0.989010989010989,9,5,0.6,0.025510204081632654,0.6428571428571429
ensemble-max,0.9888888888888889,10,5,0.6666666666666666,0.025510204081632654,0.6666666666666666
ensemble-max,0.9887640449438202,10,7,0.6666666666666666,0.03571428571428571,0.5882352941176471
ensemble-max,0.9885057471264368,11,7,0.7333333333333333,0.03571428571428571,0.6111111111111112
ensemble-max,0.9875,11,8,0.7333333333333333,0.04081632653061224,0.5789473684210527
ensemble-max,0.9864864864864865,11,10,0.7333333333333333,0.05102040816326531,0.5238095238095238
ensemble-max,0.9859154929577465,11,11,0.7333333333333333,0.05612244897959184,0.5
ensemble-max,0.9850746268656716,11,12,0.7333333333333333,0.061224489795918366,0.4782608695652174
ensemble-max,0.9838709677419355,11,14,0.7333333333333333,0.07142857142857142,0.44
ensemble-max,0.978021978021978,12,16,0.8,0.08163265306122448,0.42857142857142855
ensemble-max,0.9772727272727273,12,17,0.8,0.08673469387755102,0.41379310344827586
ensemble-max,0.9767441860465116,12,20,0.8,0.10204081632653061,0.375
ensemble-max,0.975,12,21,0.8,0.10714285714285714,0.36363636363636365
ensemble-max,0.9733333333333334,12,22,0.8,0.11224489795918367,0.35294117647058826
ensemble-max,0.9712643678160919,13,22,0.8666666666666667,0.11224489795918367,0.37142857142857144
ensemble-max,0.9696969696969697,13,23,0.8666666666666667,0.11734693877551021,0.3611111111111111
ensemble-max,0.9659090909090909,15,24,1.0,0.12244897959183673,0.38461538461538464
ensemble-max,0.9657534246575342,15,26,1.0,0.1326530612244898,0.36585365853658536
ensemble-max,0.9655172413793104,15,27,1.0,0.1377551020408163,0.35714285714285715
ensemble-max,0.9637681159420289,15,28,1.0,0.14285714285714285,0.3488372093023256
ensemble-max,0.96,15,29,1.0,0.14795918367346939,0.3409090909090909
ensemble-max,0.9593023255813954,15,30,1.0,0.15306122448979592,0.3333333333333333
ensemble-max,0.9577464788732394,15,32,1.0,0.16326530612244897,0.3191489361702128
ensemble-max,0.9565217391304348,15,33,1.0,0.1683673469387755,0.3125
ensemble-max,0.9552238805970149,15,34,1.0,0.17346938775510204,0.30612244897959184
ensemble-max,0.9550561797752809,15,35,1.0,0.17857142857142858,0.3
ensemble-max,0.953125,15,36,1.0,0.1836734693877551,0.29411764705882354
ensemble-max,0.9523809523809523,15,37,1.0,0.18877551020408162,0.28846153846153844
ensemble-max,0.9518072289156626,15,38,1.0,0.19387755102040816,0.2830188679245283
ensemble-max,0.945054945054945,15,40,1.0,0.20408163265306123,0.2727272727272727
ensemble-max,0.9436619718309859,15,41,1.0,0.20918367346938777,0.26785714285714285
ensemble-max,0.9425287356321839,15,42,1.0,0.21428571428571427,0.2631578947368421
ensemble-max,0.9418604651162791,15,43,1.0,0.2193877551020408,0.25862068965517243
ensemble-max,0.9368421052631579,15,44,1.0,0.22448979591836735,0.2542372881355932
ensemble-max,0.9302325581395349,15,45,1.0,0.22959183673469388,0.25
ensemble-max,0.9285714285714286,15,46,1.0,0.23469387755102042,0.2459016393442623
ensemble-max,0.927710843373494,15,47,1.0,0.23979591836734693,0.24193548387096775
ensemble-max,0.927536231884058,15,48,1.0,0.24489795918367346,0.23809523809523808
ensemble-max,0.9244186046511628,15,49,1.0,0.25,0.234375
ensemble-max,0.9230769230769231,15,51,1.0,0.2602040816326531,0.22727272727272727
ensemble-max,0.9222222222222223,15,52,1.0,0.2653061224489796,0.22388059701492538
ensemble-max,0.9213483146067416,15,53,1.0,0.27040816326530615,0.22058823529411764
ensemble-max,0.9166666666666666,15,54,1.0,0.2755102040816326,0.21739130434782608
ensemble-max,0.9157894736842105,15,55,1.0,0.28061224489795916,0.21428571428571427
ensemble-max,0.9130434782608695,15,57,1.0,0.29081632653061223,0.20833333333333334
ensemble-max,0.9120879120879121,15,58,1.0,0.29591836734693877,0.2054794520547945
ensemble-max,0.9066666666666666,15,59,1.0,0.3010204081632653,0.20270270270270271
ensemble-max,0.9047619047619048,15,60,1.0,0.30612244897959184,0.2
ensemble-max,0.9041095890410958,15,61,1.0,0.3112244897959184,0.19736842105263158
ensemble-max,0.9012345679012346,15,62,1.0,0.3163265306122449,0.19480519480519481
ensemble-max,0.9010989010989011,15,63,1.0,0.32142857142857145,0.19230769230769232
ensemble-max,0.896551724137931,15,64,1.0,0.32653061224489793,0.189873417721519
ensemble-max,0.8955223880597015,15,66,1.0,0.336734693877551,0.18518518518518517
ensemble-max,0.8888888888888888,15,67,1.0,0.34183673469387754,0.18292682926829268
ensemble-max,0.8855421686746988,15,68,1.0,0.3469387755102041,0.18072289156626506
ensemble-max,0.8840579710144928,15,69,1.0,0.3520408163265306,0.17857142857142858
ensemble-max,0.875,15,70,1.0,0.35714285714285715,0.17647058823529413
ensemble-max,0.8698630136986302,15,71,1.0,0.3622448979591837,0.1744186046511628
ensemble-max,0.8681318681318682,15,72,1.0,0.3673469387755102,0.1724137931034483
ensemble-max,0.8255813953488372,15,73,1.0,0.37244897959183676,0.17045454545454544
ensemble-max,0.8181818181818182,15,75,1.0,0.3826530612244898,0.16666666666666666
ensemble-max,0.8103448275862069,15,76,1.0,0.3877551020408163,0.16483516483516483
ensemble-max,0.8055555555555556,15,78,1.0,0.3979591836734694,0.16129032258064516
ensemble-max,0.8043478260869565,15,79,1.0,0.4030612244897959,0.1595744680851064
ensemble-max,0.8035714285714286,15,80,1.0,0.40816326530612246,0.15789473684210525
ensemble-max,0.7840909090909091,15,82,1.0,0.41836734693877553,0.15463917525773196
ensemble-max,0.7666666666666667,15,84,1.0,0.42857142857142855,0.15151515151515152
ensemble-max,0.7663043478260869,15,86,1.0,0.4387755102040816,0.1485148514851485
ensemble-max,0.7608695652173914,15,87,1.0,0.44387755102040816,0.14705882352941177
ensemble-max,0.7569444444444444,15,88,1.0,0.4489795918367347,0.14563106796116504
ensemble-max,0.75,15,89,1.0,0.45408163265306123,0.14423076923076922
ensemble-max,0.7471264367816092,15,90,1.0,0.45918367346938777,0.14285714285714285
ensemble-max,0.7415730337078652,15,91,1.0,0.4642857142857143,0.14150943396226415
ensemble-max,0.7323943661971831,15,92,1.0,0.46938775510204084,0.14018691588785046
ensemble-max,0.7311827956989247,15,93,1.0,0.4744897959183674,0.1388888888888889
ensemble-max,0.7267441860465116,15,94,1.0,0.47959183673469385,0.13761467889908258
ensemble-max,0.7180851063829787,15,96,1.0,0.4897959183673469,0.13513513513513514
ensemble-max,0.7055555555555556,15,97,1.0,0.49489795918367346,0.13392857142857142
ensemble-max,0.7034883720930233,15,98,1.0,0.5,0.13274336283185842
ensemble-max,0.6807228915662651,15,99,1.0,0.5051020408163265,0.13157894736842105
ensemble-max,0.6758241758241759,15,101,1.0,0.5153061224489796,0.12931034482758622
ensemble-max,0.603448275862069,15,103,1.0,0.5255102040816326,0.1271186440677966
ensemble-max,0.5611111111111111,15,114,1.0,0.5816326530612245,0.11627906976744186
ensemble-max,0.527027027027027,15,122,1.0,0.6224489795918368,0.10948905109489052
ensemble-max,0.5266666666666666,15,123,1.0,0.6275510204081632,0.10869565217391304
ensemble-max,0.521978021978022,15,124,1.0,0.6326530612244898,0.1079136690647482
ensemble-max,0.5125,15,134,1.0,0.6836734693877551,0.10067114093959731
ensemble-max,0.4880952380952381,15,141,1.0,0.7193877551020408,0.09615384615384616
ensemble-max,0.4859154929577465,15,146,1.0,0.7448979591836735,0.09316770186335403
ensemble-max,0.484375,15,151,1.0,0.7704081632653061,0.09036144578313253
ensemble-max,0.4782608695652174,15,154,1.0,0.7857142857142857,0.08875739644970414
ensemble-max,0.47674418604651164,15,156,1.0,0.7959183673469388,0.08771929824561403
ensemble-max,0.4759036144578313,15,159,1.0,0.8112244897959183,0.08620689655172414
ensemble-max,0.4734042553191489,15,168,1.0,0.8571428571428571,0.08196721311475409
ensemble-max,0.47333333333333333,15,171,1.0,0.8724489795918368,0.08064516129032258
ensemble-max,0.47191011235955055,15,179,1.0,0.9132653061224489,0.07731958762886598
ensemble-max,0.47101449275362317,15,182,1.0,0.9285714285714286,0.07614213197969544
ensemble-max,0.46774193548387094,15,183,1.0,0.9336734693877551,0.07575757575757576
ensemble-max,0.4642857142857143,15,184,1.0,0.9387755102040817,0.07537688442211055
ensemble-max,0.4540229885057471,15,187,1.0,0.9540816326530612,0.07425742574257425
ensemble-max,0.4175824175824176,15,190,1.0,0.9693877551020408,0.07317073170731707
ensemble-max,0.0,15,196,1.0,1.0,0.07109004739336493
ensemble-threshold,inf,0,0,0.0,0.0,
ensemble-threshold,100.0,5,1,0.3333333333333333,0.00510204081632653,0.8333333333333334
ensemble-threshold,50.0,6,1,0.4,0.00510204081632653,0.8571428571428571
ensemble-threshold,14.285714285714288,7,1,0.4666666666666667,0.00510204081632653,0.875
ensemble-threshold,8.333333333333334,8,1,0.5333333333333333,0.00510204081632653,0.8888888888888888
ensemble-threshold,5.882352941176471,8,2,0.5333333333333333,0.01020408163265306,0.8
ensemble-threshold,1.6788448187569198,9,2,0.6,0.01020408163265306,0.8181818181818182
ensemble-threshold,1.573820546531657,10,2,0.6666666666666666,0.01020408163265306,0.8333333333333334
ensemble-threshold,1.4492753623188406,10,3,0.6666666666666666,0.015306122448979591,0.7692307692307693
ensemble-threshold,1.261774191005931,11,3,0.7333333333333333,0.015306122448979591,0.7857142857142857
ensemble-threshold,1.2591704192211322,12,3,0.8,0.015306122448979591,0.8
ensemble-threshold,1.2477629538338426,12,4,0.8,0.02040816326530612,0.75
ensemble-threshold,1.1570170617303064,13,4,0.8666666666666667,0.02040816326530612,0.7647058823529411
ensemble-threshold,1.0752688172043012,13,5,0.8666666666666667,0.025510204081632654,0.7222222222222222
ensemble-threshold,1.0472904162360435,13,6,0.8666666666666667,0.030612244897959183,0.6842105263157895
ensemble-threshold,1.0373012901894871,14,6,0.9333333333333333,0.030612244897959183,0.7
ensemble-threshold,1.0261447260659076,14,7,0.9333333333333333,0.03571428571428571,0.6666666666666666
ensemble-threshold,0.9792628168319641,14,8,0.9333333333333333,0.04081632653061224,0.6363636363636364
ensemble-threshold,0.9645629905372076,15,8,1.0,0.04081632653061224,0.6521739130434783
ensemble-threshold,0.9571585069219547,15,9,1.0,0.04591836734693878,0.625
ensemble-threshold,0.9563309779466524,15,10,1.0,0.05102040816326531,0.6
ensemble-threshold,0.8955904282316239,15,11,1.0,0.05612244897959184,0.5769230769230769
ensemble-threshold,0.8892452260789762,15,12,1.0,0.061224489795918366,0.5555555555555556
ensemble-threshold,0.8662222199547985,15,13,1.0,0.0663265306122449,0.5357142857142857
ensemble-threshold,0.8503060704157556,15,14,1.0,0.07142857142857142,0.5172413793103449
ensemble-threshold,0.8416142342713236,15,15,1.0,0.07653061224489796,0.5
ensemble-threshold,0.8031040950009984,15,16,1.0,0.08163265306122448,0.4838709677419355
ensemble-threshold,0.8010985246631922,15,17,1.0,0.08673469387755102,0.46875
ensemble-threshold,0.7979331090224475,15,18,1.0,0.09183673469387756,0.45454545454545453
ensemble-threshold,0.7815965297382058,15,19,1.0,0.09693877551020408,0.4411764705882353
ensemble-threshold,0.77801849701524,15,20,1.0,0.10204081632653061,0.42857142857142855
ensemble-threshold,0.7563011195102917,15,21,1.0,0.10714285714285714,0.4166666666666667
ensemble-threshold,0.7457385747370475,15,22,1.0,0.11224489795918367,0.40540540540540543
ensemble-threshold,0.7307885904389826,15,23,1.0,0.11734693877551021,0.39473684210526316
ensemble-threshold,0.7214761920364837,15,24,1.0,0.12244897959183673,0.38461538461538464
ensemble-threshold,0.7213736868044299,15,25,1.0,0.12755102040816327,0.375
ensemble-threshold,0.7185329591079209,15,26,1.0,0.1326530612244898,0.36585365853658536
ensemble-threshold,0.7143548650078588,15,27,1.0,0.1377551020408163,0.35714285714285715
ensemble-threshold,0.7004478962008025,15,28,1.0,0.14285714285714285,0.3488372093023256
ensemble-threshold,0.6836943874848734,15,29,1.0,0.14795918367346939,0.3409090909090909
ensemble-threshold,0.6574476734165295,15,30,1.0,0.15306122448979592,0.3333333333333333
ensemble-threshold,0.6513366385315128,15,31,1.0,0.15816326530612246,0.32608695652173914
ensemble-threshold,0.6505166614124839,15,32,1.0,0.16326530612244897,0.3191489361702128
ensemble-threshold,0.6497363358707977,15,34,1.0,0.17346938775510204,0.30612244897959184
ensemble-threshold,0.6453875298860198,15,36,1.0,0.1836734693877551,0.29411764705882354
ensemble-threshold,0.6340651867152521,15,37,1.0,0.18877551020408162,0.28846153846153844
ensemble-threshold,0.6312522234320093,15,38,1.0,0.19387755102040816,0.2830188679245283
ensemble-threshold,0.6273012352375418,15,39,1.0,0.1989795918367347,0.2777777777777778
ensemble-threshold,0.62493803359145,15,40,1.0,0.20408163265306123,0.2727272727272727
ensemble-threshold,0.6246669647572015,15,41,1.0,0.20918367346938777,0.26785714285714285
ensemble-threshold,0.6240317787799096,15,42,1.0,0.21428571428571427,0.2631578947368421
ensemble-threshold,0.6111542400630278,15,43,1.0,0.2193877551020408,0.25862068965517243
ensemble-threshold,0.6103318719055226,15,44,1.0,0.22448979591836735,0.2542372881355932
ensemble-threshold,0.6093393322388678,15,47,1.0,0.23979591836734693,0.24193548387096775
ensemble-threshold,0.6072294777939754,15,48,1.0,0.24489795918367346,0.23809523809523808
ensemble-threshold,0.6072248609231089,15,49,1.0,0.25,0.234375
ensemble-threshold,0.6030424923737365,15,50,1.0,0.25510204081632654,0.23076923076923078
ensemble-threshold,0.6025169875446362,15,51,1.0,0.2602040816326531,0.22727272727272727
ensemble-threshold,0.6019567108109077,15,52,1.0,0.2653061224489796,0.22388059701492538
ensemble-threshold,0.5991576536911593,15,53,1.0,0.27040816326530615,0.22058823529411764
ensemble-threshold,0.5921044734869247,15,54,1.0,0.2755102040816326,0.21739130434782608
ensemble-threshold,0.5789634922540954,15,55,1.0,0.28061224489795916,0.21428571428571427
ensemble-threshold,0.5774467130804272,15,56,1.0,0.2857142857142857,0.2112676056338028
ensemble-threshold,0.5746402015148924,15,57,1.0,0.29081632653061223,0.20833333333333334
ensemble-threshold,0.5700546598705005,15,74,1.0,0.37755102040816324,0.16853932584269662
ensemble-threshold,0.5638230816889748,15,75,1.0,0.3826530612244898,0.16666666666666666
ensemble-threshold,0.5600872597877483,15,76,1.0,0.3877551020408163,0.16483516483516483
ensemble-threshold,0.5551571698308372,15,77,1.0,0.39285714285714285,0.16304347826086957
ensemble-threshold,0.5535462544553625,15,78,1.0,0.3979591836734694,0.16129032258064516
ensemble-threshold,0.5479377300935501,15,81,1.0,0.413265306122449,0.15625
ensemble-threshold,0.5412174744325315,15,86,1.0,0.4387755102040816,0.1485148514851485
ensemble-threshold,0.538913286596279,15,88,1.0,0.4489795918367347,0.14563106796116504
ensemble-threshold,0.534567346652849,15,89,1.0,0.45408163265306123,0.14423076923076922
ensemble-threshold,0.519816785970794,15,93,1.0,0.4744897959183674,0.1388888888888889
ensemble-threshold,0.5084816767394157,15,94,1.0,0.47959183673469385,0.13761467889908258
ensemble-threshold,0.49684648157004196,15,100,1.0,0.5102040816326531,0.13043478260869565
ensemble-threshold,0.48625218927075337,15,101,1.0,0.5153061224489796,0.12931034482758622
ensemble-threshold,0.4857441312282427,15,104,1.0,0.5306122448979592,0.12605042016806722
ensemble-threshold,0.4728112272540535,15,107,1.0,0.5459183673469388,0.12295081967213115
ensemble-threshold,0.4578761419980218,15,108,1.0,0.5510204081632653,0.12195121951219512
ensemble-threshold,0.4419802723224855,15,110,1.0,0.5612244897959183,0.12
ensemble-threshold,0.4388488776915924,15,111,1.0,0.5663265306122449,0.11904761904761904
ensemble-threshold,0.43180090523368514,15,112,1.0,0.5714285714285714,0.11811023622047244
ensemble-threshold,0.41944212506446593,15,113,1.0,0.576530612244898,0.1171875
ensemble-threshold,0.4157505971606341,15,117,1.0,0.5969387755102041,0.11363636363636363
ensemble-threshold,0.4136505030133448,15,118,1.0,0.6020408163265306,0.11278195488721804
ensemble-threshold,0.40675456219341144,15,119,1.0,0.6071428571428571,0.11194029850746269
ensemble-threshold,0.40068884061172033,15,120,1.0,0.6122448979591837,0.1111111111111111
ensemble-threshold,0.3834943833745466,15,121,1.0,0.6173469387755102,0.11029411764705882
ensemble-threshold,0.38223306618177627,15,131,1.0,0.6683673469387755,0.10273972602739725
ensemble-threshold,0.37553391039104644,15,134,1.0,0.6836734693877551,0.10067114093959731
ensemble-threshold,0.3725088469210964,15,138,1.0,0.7040816326530612,0.09803921568627451
ensemble-threshold,0.3586853181966396,15,139,1.0,0.7091836734693877,0.09740259740259741
ensemble-threshold,0.35331389775633465,15,145,1.0,0.7397959183673469,0.09375
ensemble-threshold,0.34390752255703405,15,148,1.0,0.7551020408163265,0.09202453987730061
ensemble-threshold,0.34358838838042116,15,149,1.0,0.7602040816326531,0.09146341463414634
ensemble-threshold,0.34131898898936835,15,150,1.0,0.7653061224489796,0.09090909090909091
ensemble-threshold,0.34058892906940375,15,152,1.0,0.7755102040816326,0.08982035928143713
ensemble-threshold,0.33865170492662267,15,153,1.0,0.7806122448979592,0.08928571428571429
ensemble-threshold,0.33708491102929683,15,156,1.0,0.7959183673469388,0.08771929824561403
ensemble-threshold,0.3365045483584302,15,157,1.0,0.8010204081632653,0.0872093023255814
ensemble-threshold,0.3310520034684414,15,158,1.0,0.8061224489795918,0.08670520231213873
ensemble-threshold,0.32642964054651175,15,160,1.0,0.8163265306122449,0.08571428571428572
ensemble-threshold,0.31277890419981813,15,165,1.0,0.8418367346938775,0.08333333333333333
ensemble-threshold,0.30376946326401216,15,166,1.0,0.8469387755102041,0.08287292817679558
ensemble-threshold,0.28885175088899323,15,169,1.0,0.8622448979591837,0.08152173913043478
ensemble-threshold,0.2850339369138423,15,178,1.0,0.9081632653061225,0.07772020725388601
ensemble-threshold,0.2835487133017204,15,179,1.0,0.9132653061224489,0.07731958762886598
ensemble-threshold,0.2772744429422314,15,183,1.0,0.9336734693877551,0.07575757575757576
ensemble-threshold,0.249707684324041,15,186,1.0,0.9489795918367347,0.07462686567164178
ensemble-threshold,0.2495578851664485,15,187,1.0,0.9540816326530612,0.07425742574257425
ensemble-threshold,0.24626562960413612,15,190,1.0,0.9693877551020408,0.07317073170731707
ensemble-threshold,0.0,15,196,1.0,1.0,0.07109004739336493
ensemble-threshold-ratio,inf,0,0,0.0,0.0,
ensemble-threshold-ratio,100.0,5,1,0.3333333333333333,0.00510204081632653,0.8333333333333334
ensemble-threshold-ratio,50.0,6,1,0.4,0.00510204081632653,0.8571428571428571
ensemble-threshold-ratio,14.285714285714288,7,1,0.4666666666666667,0.00510204081632653,0.875
ensemble-threshold-ratio,10.4060073819524,8,1,0.5333333333333333,0.00510204081632653,0.8888888888888888
ensemble-threshold-ratio,9.671999999999999,9,1,0.6,0.00510204081632653,0.9
ensemble-threshold-ratio,8.899659219992428,10,1,0.6666666666666666,0.00510204081632653,0.9090909090909091
ensemble-threshold-ratio,7.416382683327022,11,1,0.7333333333333333,0.00510204081632653,0.9166666666666666
ensemble-threshold-ratio,6.80105279455024,11,2,0.7333333333333333,0.01020408163265306,0.8461538461538461
ensemble-threshold-ratio,6.240703718512595,11,3,0.7333333333333333,0.015306122448979591,0.7857142857142857
ensemble-threshold-ratio,5.933106146661618,11,4,0.7333333333333333,0.02040816326530612,0.7333333333333333
ensemble-threshold-ratio,5.882352941176471,11,5,0.7333333333333333,0.025510204081632654,0.6875
ensemble-threshold-ratio,5.189340813464235,11,6,0.7333333333333333,0.030612244897959183,0.6470588235294118
ensemble-threshold-ratio,5.028801843317972,11,7,0.7333333333333333,0.03571428571428571,0.6111111111111112
ensemble-threshold-ratio,4.816575258988422,11,8,0.7333333333333333,0.04081632653061224,0.5789473684210527
ensemble-threshold-ratio,4.800833333333333,11,9,0.7333333333333333,0.04591836734693878,0.55
ensemble-threshold-ratio,4.680527788884446,11,10,0.7333333333333333,0.05102040816326531,0.5238095238095238
ensemble-threshold-ratio,4.537965694307878,11,11,0.7333333333333333,0.05612244897959184,0.5
ensemble-threshold-ratio,4.4597174494081715,11,12,0.7333333333333333,0.061224489795918366,0.4782608695652174
ensemble-threshold-ratio,4.449829609996214,11,14,0.7333333333333333,0.07142857142857142,0.44
ensemble-threshold-ratio,4.251340996168582,11,15,0.7333333333333333,0.07653061224489796,0.4230769230769231
ensemble-threshold-ratio,4.203323558162268,11,16,0.7333333333333333,0.08163265306122448,0.4074074074074074
ensemble-threshold-ratio,3.9845925925925925,11,17,0.7333333333333333,0.08673469387755102,0.39285714285714285
ensemble-threshold-ratio,3.964130156290033,11,18,0.7333333333333333,0.09183673469387756,0.3793103448275862
ensemble-threshold-ratio,3.6839391595772106,11,19,0.7333333333333333,0.09693877551020408,0.36666666666666664
ensemble-threshold-ratio,3.6767123287671235,12,19,0.8,0.09693877551020408,0.3870967741935484
ensemble-threshold-ratio,3.6124314442413166,12,20,0.8,0.10204081632653061,0.375
ensemble-threshold-ratio,3.5759717314487633,12,21,0.8,0.10714285714285714,0.36363636363636365
ensemble-threshold-ratio,3.5257603972687774,12,22,0.8,0.11224489795918367,0.35294117647058826
ensemble-threshold-ratio,3.4791318864774627,12,23,0.8,0.11734693877551021,0.34285714285714286
ensemble-threshold-ratio,3.4585448392554987,12,24,0.8,0.12244897959183673,0.3333333333333333
ensemble-threshold-ratio,3.4034742707309076,12,25,0.8,0.12755102040816327,0.32432432432432434
ensemble-threshold-ratio,3.40052639727512,12,26,0.8,0.1326530612244898,0.3157894736842105
ensemble-threshold-ratio,3.363564041368337,12,27,0.8,0.1377551020408163,0.3076923076923077
ensemble-threshold-ratio,3.324797843665768,12,28,0.8,0.14285714285714285,0.3
ensemble-threshold-ratio,3.248780487804878,12,30,0.8,0.15306122448979592,0.2857142857142857
ensemble-threshold-ratio,3.2005555555555554,12,32,0.8,0.16326530612244897,0.2727272727272727
ensemble-threshold-ratio,3.1203518592562975,12,33,0.8,0.1683673469387755,0.26666666666666666
ensemble-threshold-ratio,2.9780399868895446,13,33,0.8666666666666667,0.1683673469387755,0.2826086956521739
ensemble-threshold-ratio,2.973144966272114,13,34,0.8666666666666667,0.17346938775510204,0.2765957446808511
ensemble-threshold-ratio,2.966553073330809,13,35,0.8666666666666667,0.17857142857142858,0.2708333333333333
ensemble-threshold-ratio,2.8265765765765765,13,36,0.8666666666666667,0.1836734693877551,0.2653061224489796
ensemble-threshold-ratio,2.692955847657567,13,37,0.8666666666666667,0.18877551020408162,0.26
ensemble-threshold-ratio,2.6909458775923114,13,38,0.8666666666666667,0.19387755102040816,0.2549019607843137
ensemble-threshold-ratio,2.6671296296296294,13,39,0.8666666666666667,0.1989795918367347,0.25
ensemble-threshold-ratio,2.644320297951583,13,40,0.8666666666666667,0.20408163265306123,0.24528301886792453
ensemble-threshold-ratio,2.575158867706528,13,41,0.8666666666666667,0.20918367346938777,0.24074074074074073
ensemble-threshold-ratio,2.5557071396089133,13,42,0.8666666666666667,0.21428571428571427,0.23636363636363636
ensemble-threshold-ratio,2.4962814874050374,13,43,0.8666666666666667,0.2193877551020408,0.23214285714285715
ensemble-threshold-ratio,2.408287629494211,13,44,0.8666666666666667,0.22448979591836735,0.22807017543859648
ensemble-threshold-ratio,2.390138408304498,13,45,0.8666666666666667,0.22959183673469388,0.22413793103448276
ensemble-threshold-ratio,2.3839811542991756,13,46,0.8666666666666667,0.23469387755102042,0.22033898305084745
ensemble-threshold-ratio,2.331410025243419,13,47,0.8666666666666667,0.23979591836734693,0.21666666666666667
ensemble-threshold-ratio,2.268982847153939,13,48,0.8666666666666667,0.24489795918367346,0.21311475409836064
ensemble-threshold-ratio,2.2689828471539384,14,48,0.9333333333333333,0.24489795918367346,0.22580645161290322
ensemble-threshold-ratio,2.2612612612612613,14,50,0.9333333333333333,0.25510204081632654,0.21875
ensemble-threshold-ratio,2.2350230414746544,14,51,0.9333333333333333,0.2602040816326531,0.2153846153846154
ensemble-threshold-ratio,2.2217453505007154,14,52,0.9333333333333333,0.2653061224489796,0.21212121212121213
ensemble-threshold-ratio,2.165853658536585,14,53,0.9333333333333333,0.27040816326530615,0.208955223880597
ensemble-threshold-ratio,2.1543646781260533,14,54,0.9333333333333333,0.2755102040816326,0.20588235294117646
ensemble-threshold-ratio,2.1527567020738494,14,56,0.9333333333333333,0.2857142857142857,0.2
ensemble-threshold-ratio,2.152756702073849,14,57,0.9333333333333333,0.29081632653061223,0.19718309859154928
ensemble-threshold-ratio,2.1072516758074347,14,58,0.9333333333333333,0.29591836734693877,0.19444444444444445
ensemble-threshold-ratio,2.101661779081134,14,59,0.9333333333333333,0.3010204081632653,0.1917808219178082
ensemble-threshold-ratio,1.9922962962962958,14,60,0.9333333333333333,0.30612244897959184,0.1891891891891892
ensemble-threshold-ratio,1.9820650781450164,14,61,0.9333333333333333,0.3112244897959184,0.18666666666666668
ensemble-threshold-ratio,1.7658054007921482,15,61,1.0,0.3112244897959184,0.19736842105263158
ensemble-threshold-ratio,1.751481912359426,15,62,1.0,0.3163265306122449,0.19480519480519481
ensemble-threshold-ratio,1.7388309977242784,15,63,1.0,0.32142857142857145,0.19230769230769232
ensemble-threshold-ratio,1.70026319863756,15,64,1.0,0.32653061224489793,0.189873417721519
ensemble-threshold-ratio,1.6817820206841685,15,65,1.0,0.33163265306122447,0.1875
ensemble-threshold-ratio,1.675319643549012,15,66,1.0,0.336734693877551,0.18518518518518517
ensemble-threshold-ratio,1.6002777777777777,15,69,1.0,0.3520408163265306,0.17857142857142858
ensemble-threshold-ratio,1.593425605536332,15,72,1.0,0.3673469387755102,0.1724137931034483
ensemble-threshold-ratio,1.4879999999999998,15,73,1.0,0.37244897959183676,0.17045454545454544
ensemble-threshold-ratio,1.4832765366654046,15,75,1.0,0.3826530612244898,0.16666666666666666
ensemble-threshold-ratio,1.481163567000477,15,76,1.0,0.3877551020408163,0.16483516483516483
ensemble-threshold-ratio,1.4492753623188406,15,77,1.0,0.39285714285714285,0.16304347826086957
ensemble-threshold-ratio,1.4048344505382897,15,78,1.0,0.3979591836734694,0.16129032258064516
ensemble-threshold-ratio,1.3910647981794224,15,79,1.0,0.4030612244897959,0.1595744680851064
ensemble-threshold-ratio,1.3587264150943394,15,80,1.0,0.40816326530612246,0.15789473684210525
ensemble-threshold-ratio,1.312209842154132,15,82,1.0,0.41836734693877553,0.15463917525773196
ensemble-threshold-ratio,1.2824685657826609,15,83,1.0,0.42346938775510207,0.15306122448979592
ensemble-threshold-ratio,1.2193956697596955,15,84,1.0,0.42857142857142855,0.15151515151515152
ensemble-threshold-ratio,1.2122229684351915,15,85,1.0,0.4336734693877551,0.15
ensemble-threshold-ratio,1.2041438147471055,15,86,1.0,0.4387755102040816,0.1485148514851485
ensemble-threshold-ratio,1.1919905771495878,15,87,1.0,0.44387755102040816,0.14705882352941177
ensemble-threshold-ratio,1.180532786885246,15,88,1.0,0.4489795918367347,0.14563106796116504
ensemble-threshold-ratio,1.1306306306306306,15,90,1.0,0.45918367346938777,0.14285714285714285
ensemble-threshold-ratio,1.1175115207373272,15,92,1.0,0.46938775510204084,0.14018691588785046
ensemble-threshold-ratio,1.1108726752503577,15,93,1.0,0.4744897959183674,0.1388888888888889
ensemble-threshold-ratio,1.1082659478885892,15,95,1.0,0.4846938775510204,0.13636363636363635
ensemble-threshold-ratio,1.0906593406593406,15,96,1.0,0.4897959183673469,0.13513513513513514
ensemble-threshold-ratio,1.0829268292682925,15,97,1.0,0.49489795918367346,0.13392857142857142
ensemble-threshold-ratio,1.0771823390630266,15,98,1.0,0.5,0.13274336283185842
ensemble-threshold-ratio,1.050830889540567,15,99,1.0,0.5051020408163265,0.13157894736842105
ensemble-threshold-ratio,1.0210631895687061,15,100,1.0,0.5102040816326531,0.13043478260869565
ensemble-threshold-ratio,1.0043596088134794,15,101,1.0,0.5153061224489796,0.12931034482758622
ensemble-threshold-ratio,0.9970501474926254,15,102,1.0,0.5204081632653061,0.1282051282051282
ensemble-threshold-ratio,0.9961481481481481,15,103,1.0,0.5255102040816326,0.1271186440677966
ensemble-threshold-ratio,0.8814400993171944,15,104,1.0,0.5306122448979592,0.12605042016806722
ensemble-threshold-ratio,0.8022655719959445,15,105,1.0,0.5357142857142857,0.125
ensemble-threshold-ratio,0.7296676075124752,15,106,1.0,0.5408163265306123,0.12396694214876033
ensemble-threshold-ratio,0.7096674233416208,15,107,1.0,0.5459183673469388,0.12295081967213115
ensemble-threshold-ratio,0.701645175633615,15,108,1.0,0.5510204081632653,0.12195121951219512
ensemble-threshold-ratio,0.6955323990897112,15,109,1.0,0.5561224489795918,0.12096774193548387
ensemble-threshold-ratio,0.5700546598705005,15,117,1.0,0.5969387755102041,0.11363636363636363
ensemble-threshold-ratio,0.5412174744325315,15,120,1.0,0.6122448979591837,0.1111111111111111
ensemble-threshold-ratio,0.538913286596279,15,121,1.0,0.6173469387755102,0.11029411764705882
ensemble-threshold-ratio,0.519816785970794,15,123,1.0,0.6275510204081632,0.10869565217391304
ensemble-threshold-ratio,0.49684648157004196,15,127,1.0,0.6479591836734694,0.1056338028169014
ensemble-threshold-ratio,0.4728112272540535,15,128,1.0,0.6530612244897959,0.1048951048951049
ensemble-threshold-ratio,0.4157505971606341,15,130,1.0,0.6632653061224489,0.10344827586206896
ensemble-threshold-ratio,0.3834943833745466,15,131,1.0,0.6683673469387755,0.10273972602739725
ensemble-threshold-ratio,0.38223306618177627,15,140,1.0,0.7142857142857143,0.0967741935483871
ensemble-threshold-ratio,0.37553391039104644,15,142,1.0,0.7244897959183674,0.09554140127388536
ensemble-threshold-ratio,0.3725088469210964,15,144,1.0,0.7346938775510204,0.09433962264150944
ensemble-threshold-ratio,0.35331389775633465,15,149,1.0,0.7602040816326531,0.09146341463414634
ensemble-threshold-ratio,0.34390752255703405,15,152,1.0,0.7755102040816326,0.08982035928143713
ensemble-threshold-ratio,0.34131898898936835,15,153,1.0,0.7806122448979592,0.08928571428571429
ensemble-threshold-ratio,0.34058892906940375,15,155,1.0,0.7908163265306123,0.08823529411764706
ensemble-threshold-ratio,0.33865170492662267,15,156,1.0,0.7959183673469388,0.08771929824561403
ensemble-threshold-ratio,0.33708491102929683,15,159,1.0,0.8112244897959183,0.08620689655172414
ensemble-threshold-ratio,0.3310520034684414,15,160,1.0,0.8163265306122449,0.08571428571428572
ensemble-threshold-ratio,0.32642964054651175,15,162,1.0,0.826530612244898,0.0847457627118644
ensemble-threshold-ratio,0.31277890419981813,15,167,1.0,0.8520408163265306,0.08241758241758242
ensemble-threshold-ratio,0.30376946326401216,15,168,1.0,0.8571428571428571,0.08196721311475409
ensemble-threshold-ratio,0.28885175088899323,15,170,1.0,0.8673469387755102,0.08108108108108109
ensemble-threshold-ratio,0.2850339369138423,15,179,1.0,0.9132653061224489,0.07731958762886598
ensemble-threshold-ratio,0.2772744429422314,15,183,1.0,0.9336734693877551,0.07575757575757576
ensemble-threshold-ratio,0.249707684324041,15,186,1.0,0.9489795918367347,0.07462686567164178
ensemble-threshold-ratio,0.2495578851664485,15,187,1.0,0.9540816326530612,0.07425742574257425
ensemble-threshold-ratio,0.24626562960413612,15,190,1.0,0.9693877551020408,0.07317073170731707
ensemble-threshold-ratio,0.0,15,196,1.0,1.0,0.07109004739336493
ensemble-veto-2,inf,0,0,0.0,0.0,
ensemble-veto-2,6.997235229440792,1,0,0.06666666666666667,0.0,1.0
ensemble-veto-2,4.835155376461379,2,0,0.13333333333333333,0.0,1.0
ensemble-veto-2,4.583197065781108,3,0,0.2,0.0,1.0
ensemble-veto-2,4.516229949646066,4,0,0.26666666666666666,0.0,1.0
ensemble-veto-2,4.487453912355054,5,0,0.3333333333333333,0.0,1.0
ensemble-veto-2,3.666533550624716,5,1,0.3333333333333333,0.00510204081632653,0.8333333333333334
ensemble-veto-2,3.6067660987086225,6,1,0.4,0.00510204081632653,0.8571428571428571
ensemble-veto-2,2.8167153233620805,7,1,0.4666666666666667,0.00510204081632653,0.875
ensemble-veto-2,2.5182672281353797,8,1,0.5333333333333333,0.00510204081632653,0.8888888888888888
ensemble-veto-2,2.3607308197974857,9,1,0.6,0.00510204081632653,0.9
ensemble-veto-2,1.8990866949437717,10,1,0.6666666666666666,0.00510204081632653,0.9090909090909091
ensemble-veto-2,1.8926612865088965,11,1,0.7333333333333333,0.00510204081632653,0.9166666666666666
ensemble-veto-2,1.8887556288316982,12,1,0.8,0.00510204081632653,0.9230769230769231
ensemble-veto-2,1.871644430750764,12,2,0.8,0.01020408163265306,0.8571428571428571
ensemble-veto-2,1.7355255925954596,13,2,0.8666666666666667,0.01020408163265306,0.8666666666666667
ensemble-veto-2,1.5709356243540653,13,3,0.8666666666666667,0.015306122448979591,0.8125
ensemble-veto-2,1.5559519352842308,14,3,0.9333333333333333,0.015306122448979591,0.8235294117647058
ensemble-veto-2,1.5392170890988615,14,4,0.9333333333333333,0.02040816326530612,0.7777777777777778
ensemble-veto-2,1.4688942252479462,14,5,0.9333333333333333,0.025510204081632654,0.7368421052631579
ensemble-veto-2,1.4468444858058114,15,5,1.0,0.025510204081632654,0.75
ensemble-veto-2,1.435737760382932,15,6,1.0,0.030612244897959183,0.7142857142857143
ensemble-veto-2,1.4344964669199787,15,7,1.0,0.03571428571428571,0.6818181818181818
ensemble-veto-2,1.3338678391184642,15,8,1.0,0.04081632653061224,0.6521739130434783
ensemble-veto-2,1.3028315096462832,15,9,1.0,0.04591836734693878,0.625
ensemble-veto-2,1.271913604969961,15,10,1.0,0.05102040816326531,0.6
ensemble-veto-2,1.2058938000797652,15,11,1.0,0.05612244897959184,0.5769230769230769
ensemble-veto-2,1.1581641989485605,15,12,1.0,0.061224489795918366,0.5555555555555556
ensemble-veto-2,0.885822574591523,15,13,1.0,0.0663265306122449,0.5357142857142857
ensemble-veto-2,0.8611450875010751,15,14,1.0,0.07142857142857142,0.5172413793103449
ensemble-veto-2,0.8412189044488078,15,15,1.0,0.07653061224489796,0.5
ensemble-veto-2,0.8212936619674946,15,16,1.0,0.08163265306122448,0.4838709677419355
ensemble-veto-2,0.7684549800243751,15,17,1.0,0.08673469387755102,0.46875
ensemble-veto-2,0.6791412389487267,15,19,1.0,0.09693877551020408,0.4411764705882353
ensemble-veto-2,0.0,15,196,1.0,1.0,0.07109004739336493
ensemble-veto-10,inf,0,0,0.0,0.0,
ensemble-veto-10,6.997235229440792,1,0,0.06666666666666667,0.0,1.0
ensemble-veto-10,4.835155376461379,2,0,0.13333333333333333,0.0,1.0
ensemble-veto-10,4.583197065781108,3,0,0.2,0.0,1.0
ensemble-veto-10,4.516229949646066,4,0,0.26666666666666666,0.0,1.0
ensemble-veto-10,4.487453912355054,5,0,0.3333333333333333,0.0,1.0
ensemble-veto-10,3.666533550624716,5,1,0.3333333333333333,0.00510204081632653,0.8333333333333334
ensemble-veto-10,3.6067660987086225,6,1,0.4,0.00510204081632653,0.8571428571428571
ensemble-veto-10,2.8167153233620805,7,1,0.4666666666666667,0.00510204081632653,0.875
ensemble-veto-10,2.5182672281353797,8,1,0.5333333333333333,0.00510204081632653,0.8888888888888888
ensemble-veto-10,2.3607308197974857,9,1,0.6,0.00510204081632653,0.9
ensemble-veto-10,1.8990866949437717,10,1,0.6666666666666666,0.00510204081632653,0.9090909090909091
ensemble-veto-10,1.8926612865088965,11,1,0.7333333333333333,0.00510204081632653,0.9166666666666666
ensemble-veto-10,1.7355255925954596,12,1,0.8,0.00510204081632653,0.9230769230769231
ensemble-veto-10,1.5709356243540653,12,2,0.8,0.01020408163265306,0.8571428571428571
ensemble-veto-10,1.5392170890988615,12,3,0.8,0.015306122448979591,0.8
ensemble-veto-10,1.4468444858058114,13,3,0.8666666666666667,0.015306122448979591,0.8125
ensemble-veto-10,1.1270248391551543,13,4,0.8666666666666667,0.02040816326530612,0.7647058823529411
ensemble-veto-10,1.1269872606566274,14,4,0.9333333333333333,0.02040816326530612,0.7777777777777778
ensemble-veto-10,1.0967508183997547,14,5,0.9333333333333333,0.025510204081632654,0.7368421052631579
ensemble-veto-10,1.0887127171793896,14,6,0.9333333333333333,0.030612244897959183,0.7
ensemble-veto-10,0.7477924853169899,14,7,0.9333333333333333,0.03571428571428571,0.6666666666666666
ensemble-veto-10,0.6791412389487267,14,8,0.9333333333333333,0.04081632653061224,0.6363636363636364
ensemble-veto-10,0.0,15,196,1.0,1.0,0.07109004739336493
ensemble-veto-v2role-2,inf,0,0,0.0,0.0,
ensemble-veto-v2role-2,8.676938047357218,1,0,0.06666666666666667,0.0,1.0
ensemble-veto-v2role-2,3.927020793329926,2,0,0.13333333333333333,0.0,1.0
ensemble-veto-v2role-2,3.9206246424491766,3,0,0.2,0.0,1.0
ensemble-veto-v2role-2,2.7231187185912598,4,0,0.26666666666666666,0.0,1.0
ensemble-veto-v2role-2,2.548525444981566,5,0,0.3333333333333333,0.0,1.0
ensemble-veto-v2role-2,2.3788737567665774,6,0,0.4,0.0,1.0
ensemble-veto-v2role-2,2.354932148668811,7,0,0.4666666666666667,0.0,1.0
ensemble-veto-v2role-2,2.3461440563249876,8,0,0.5333333333333333,0.0,1.0
ensemble-veto-v2role-2,2.3254005040076335,9,0,0.6,0.0,1.0
ensemble-veto-v2role-2,1.9711752294795593,10,0,0.6666666666666666,0.0,1.0
ensemble-veto-v2role-2,1.9568358407442608,11,0,0.7333333333333333,0.0,1.0
ensemble-veto-v2role-2,1.9466788565233841,11,1,0.7333333333333333,0.00510204081632653,0.9166666666666666
ensemble-veto-v2role-2,1.657071145850993,11,2,0.7333333333333333,0.01020408163265306,0.8461538461538461
ensemble-veto-v2role-2,1.470779259227717,11,3,0.7333333333333333,0.015306122448979591,0.7857142857142857
ensemble-veto-v2role-2,1.4110884599927094,12,3,0.8,0.015306122448979591,0.8
ensemble-veto-v2role-2,1.395163952904052,12,4,0.8,0.02040816326530612,0.75
ensemble-veto-v2role-2,1.317130429182018,12,5,0.8,0.025510204081632654,0.7058823529411765
ensemble-veto-v2role-2,1.3127786050549013,12,6,0.8,0.030612244897959183,0.6666666666666666
ensemble-veto-v2role-2,1.2862482775327673,13,6,0.8666666666666667,0.030612244897959183,0.6842105263157895
ensemble-veto-v2role-2,1.2562568082344983,14,6,0.9333333333333333,0.030612244897959183,0.7
ensemble-veto-v2role-2,1.2213957852646518,14,7,0.9333333333333333,0.03571428571428571,0.6666666666666666
ensemble-veto-v2role-2,1.2148500143218126,14,8,0.9333333333333333,0.04081632653061224,0.6363636363636364
ensemble-veto-v2role-2,1.1945018820318891,14,9,0.9333333333333333,0.04591836734693878,0.6086956521739131
ensemble-veto-v2role-2,1.056600853356358,14,10,0.9333333333333333,0.05102040816326531,0.5833333333333334
ensemble-veto-v2role-2,1.0235533056044555,15,10,1.0,0.05102040816326531,0.6
ensemble-veto-v2role-2,0.9446092047208458,15,11,1.0,0.05612244897959184,0.5769230769230769
ensemble-veto-v2role-2,0.8797356842225796,15,12,1.0,0.061224489795918366,0.5555555555555556
ensemble-veto-v2role-2,0.8475960750056308,15,13,1.0,0.0663265306122449,0.5357142857142857
ensemble-veto-v2role-2,0.7955078869955647,15,14,1.0,0.07142857142857142,0.5172413793103449
ensemble-veto-v2role-2,0.7697852609263199,15,15,1.0,0.07653061224489796,0.5
ensemble-veto-v2role-2,0.7693308017412535,15,16,1.0,0.08163265306122448,0.4838709677419355
ensemble-veto-v2role-2,0.6739566849920414,15,17,1.0,0.08673469387755102,0.46875
ensemble-veto-v2role-2,0.6383829426180254,15,18,1.0,0.09183673469387756,0.45454545454545453
ensemble-veto-v2role-2,0.6181548565472011,15,19,1.0,0.09693877551020408,0.4411764705882353
ensemble-veto-v2role-2,0.0,15,196,1.0,1.0,0.07109004739336493
ensemble-veto-v2role-10,inf,0,0,0.0,0.0,
ensemble-veto-v2role-10,8.676938047357218,1,0,0.06666666666666667,0.0,1.0
ensemble-veto-v2role-10,3.927020793329926,2,0,0.13333333333333333,0.0,1.0
ensemble-veto-v2role-10,3.9206246424491766,3,0,0.2,0.0,1.0
ensemble-veto-v2role-10,2.7231187185912598,4,0,0.26666666666666666,0.0,1.0
ensemble-veto-v2role-10,2.548525444981566,5,0,0.3333333333333333,0.0,1.0
ensemble-veto-v2role-10,2.3788737567665774,6,0,0.4,0.0,1.0
ensemble-veto-v2role-10,2.354932148668811,7,0,0.4666666666666667,0.0,1.0
ensemble-veto-v2role-10,2.3461440563249876,8,0,0.5333333333333333,0.0,1.0
ensemble-veto-v2role-10,2.3254005040076335,9,0,0.6,0.0,1.0
ensemble-veto-v2role-10,1.9711752294795593,10,0,0.6666666666666666,0.0,1.0
ensemble-veto-v2role-10,1.9568358407442608,11,0,0.7333333333333333,0.0,1.0
ensemble-veto-v2role-10,1.657071145850993,11,1,0.7333333333333333,0.00510204081632653,0.9166666666666666
ensemble-veto-v2role-10,1.470779259227717,11,2,0.7333333333333333,0.01020408163265306,0.8461538461538461
ensemble-veto-v2role-10,1.2862482775327673,12,2,0.8,0.01020408163265306,0.8571428571428571
ensemble-veto-v2role-10,1.2421715565886762,12,3,0.8,0.015306122448979591,0.8
ensemble-veto-v2role-10,1.1425381965954724,12,4,0.8,0.02040816326530612,0.75
ensemble-veto-v2role-10,1.1263731797014795,13,4,0.8666666666666667,0.02040816326530612,0.7647058823529411
ensemble-veto-v2role-10,1.0256298272047997,13,5,0.8666666666666667,0.025510204081632654,0.7222222222222222
ensemble-veto-v2role-10,1.0235533056044555,14,5,0.9333333333333333,0.025510204081632654,0.7368421052631579
ensemble-veto-v2role-10,0.7955078869955647,14,6,0.9333333333333333,0.030612244897959183,0.7
ensemble-veto-v2role-10,0.7208801899249512,14,7,0.9333333333333333,0.03571428571428571,0.6666666666666666
ensemble-veto-v2role-10,0.6181548565472011,14,8,0.9333333333333333,0.04081632653061224,0.6363636363636364
ensemble-veto-v2role-10,0.0,15,196,1.0,1.0,0.07109004739336493
ensemble-veto-tree-2,inf,0,0,0.0,0.0,
ensemble-veto-tree-2,6.997235229440792,1,0,0.06666666666666667,0.0,1.0
ensemble-veto-tree-2,4.835155376461379,2,0,0.13333333333333333,0.0,1.0
ensemble-veto-tree-2,4.583197065781108,3,0,0.2,0.0,1.0
ensemble-veto-tree-2,4.516229949646066,4,0,0.26666666666666666,0.0,1.0
ensemble-veto-tree-2,4.487453912355054,5,0,0.3333333333333333,0.0,1.0
ensemble-veto-tree-2,3.666533550624716,5,1,0.3333333333333333,0.00510204081632653,0.8333333333333334
ensemble-veto-tree-2,3.6067660987086225,6,1,0.4,0.00510204081632653,0.8571428571428571
ensemble-veto-tree-2,2.8167153233620805,7,1,0.4666666666666667,0.00510204081632653,0.875
ensemble-veto-tree-2,2.5182672281353797,8,1,0.5333333333333333,0.00510204081632653,0.8888888888888888
ensemble-veto-tree-2,2.3607308197974857,9,1,0.6,0.00510204081632653,0.9
ensemble-veto-tree-2,1.8990866949437717,10,1,0.6666666666666666,0.00510204081632653,0.9090909090909091
ensemble-veto-tree-2,1.8926612865088965,11,1,0.7333333333333333,0.00510204081632653,0.9166666666666666
ensemble-veto-tree-2,1.8887556288316982,12,1,0.8,0.00510204081632653,0.9230769230769231
ensemble-veto-tree-2,1.871644430750764,12,2,0.8,0.01020408163265306,0.8571428571428571
ensemble-veto-tree-2,1.7355255925954596,13,2,0.8666666666666667,0.01020408163265306,0.8666666666666667
ensemble-veto-tree-2,1.5709356243540653,13,3,0.8666666666666667,0.015306122448979591,0.8125
ensemble-veto-tree-2,1.5559519352842308,14,3,0.9333333333333333,0.015306122448979591,0.8235294117647058
ensemble-veto-tree-2,1.5392170890988615,14,4,0.9333333333333333,0.02040816326530612,0.7777777777777778
ensemble-veto-tree-2,1.4688942252479462,14,5,0.9333333333333333,0.025510204081632654,0.7368421052631579
ensemble-veto-tree-2,1.4468444858058114,15,5,1.0,0.025510204081632654,0.75
ensemble-veto-tree-2,1.435737760382932,15,6,1.0,0.030612244897959183,0.7142857142857143
ensemble-veto-tree-2,1.4344964669199787,15,7,1.0,0.03571428571428571,0.6818181818181818
ensemble-veto-tree-2,1.3338678391184642,15,8,1.0,0.04081632653061224,0.6521739130434783
ensemble-veto-tree-2,1.3028315096462832,15,9,1.0,0.04591836734693878,0.625
ensemble-veto-tree-2,1.271913604969961,15,10,1.0,0.05102040816326531,0.6
ensemble-veto-tree-2,1.2624213514069855,15,11,1.0,0.05612244897959184,0.5769230769230769
ensemble-veto-tree-2,1.2058938000797652,15,12,1.0,0.061224489795918366,0.5555555555555556
ensemble-veto-tree-2,1.2046561425014977,15,13,1.0,0.0663265306122449,0.5357142857142857
ensemble-veto-tree-2,1.1968996635336713,15,14,1.0,0.07142857142857142,0.5172413793103449
ensemble-veto-tree-2,1.1581641989485605,15,15,1.0,0.07653061224489796,0.5
ensemble-veto-tree-2,1.1186078621055713,15,16,1.0,0.08163265306122448,0.4838709677419355
ensemble-veto-tree-2,1.0777994386618814,15,17,1.0,0.08673469387755102,0.46875
ensemble-veto-tree-2,0.9861715101247943,15,18,1.0,0.09183673469387756,0.45454545454545453
ensemble-veto-tree-2,0.9770049577972691,15,19,1.0,0.09693877551020408,0.4411764705882353
ensemble-veto-tree-2,0.9569578063384911,15,20,1.0,0.10204081632653061,0.42857142857142855
ensemble-veto-tree-2,0.9409278545345807,15,21,1.0,0.10714285714285714,0.4166666666666667
ensemble-veto-tree-2,0.9045637385606048,15,22,1.0,0.11224489795918367,0.40540540540540543
ensemble-veto-tree-2,0.8412189044488078,15,24,1.0,0.12244897959183673,0.38461538461538464
ensemble-veto-tree-2,0.8066264041063436,15,26,1.0,0.1326530612244898,0.36585365853658536
ensemble-veto-tree-2,0.8053799188068091,15,27,1.0,0.1377551020408163,0.35714285714285715
ensemble-veto-tree-2,0.7970604787464367,15,28,1.0,0.14285714285714285,0.3488372093023256
ensemble-veto-tree-2,0.7684549800243751,15,29,1.0,0.14795918367346939,0.3409090909090909
ensemble-veto-tree-2,0.745269722355063,15,31,1.0,0.15816326530612246,0.32608695652173914
ensemble-veto-tree-2,0.7246327567341616,15,34,1.0,0.17346938775510204,0.30612244897959184
ensemble-veto-tree-2,0.6808337994223307,15,35,1.0,0.17857142857142858,0.3
ensemble-veto-tree-2,0.6791412389487267,15,37,1.0,0.18877551020408162,0.28846153846153844
ensemble-veto-tree-2,0.6664501765956222,15,38,1.0,0.19387755102040816,0.2830188679245283
ensemble-veto-tree-2,0.0,15,196,1.0,1.0,0.07109004739336493
ensemble-veto-tree-10,inf,0,0,0.0,0.0,
ensemble-veto-tree-10,6.997235229440792,1,0,0.06666666666666667,0.0,1.0
ensemble-veto-tree-10,4.835155376461379,2,0,0.13333333333333333,0.0,1.0
ensemble-veto-tree-10,4.583197065781108,3,0,0.2,0.0,1.0
ensemble-veto-tree-10,4.516229949646066,4,0,0.26666666666666666,0.0,1.0
ensemble-veto-tree-10,4.487453912355054,5,0,0.3333333333333333,0.0,1.0
ensemble-veto-tree-10,3.666533550624716,5,1,0.3333333333333333,0.00510204081632653,0.8333333333333334
ensemble-veto-tree-10,3.6067660987086225,6,1,0.4,0.00510204081632653,0.8571428571428571
ensemble-veto-tree-10,2.8167153233620805,7,1,0.4666666666666667,0.00510204081632653,0.875
ensemble-veto-tree-10,2.5182672281353797,8,1,0.5333333333333333,0.00510204081632653,0.8888888888888888
ensemble-veto-tree-10,2.3607308197974857,9,1,0.6,0.00510204081632653,0.9
ensemble-veto-tree-10,1.8990866949437717,10,1,0.6666666666666666,0.00510204081632653,0.9090909090909091
ensemble-veto-tree-10,1.8926612865088965,11,1,0.7333333333333333,0.00510204081632653,0.9166666666666666
ensemble-veto-tree-10,1.7355255925954596,12,1,0.8,0.00510204081632653,0.9230769230769231
ensemble-veto-tree-10,1.5709356243540653,12,2,0.8,0.01020408163265306,0.8571428571428571
ensemble-veto-tree-10,1.5392170890988615,12,3,0.8,0.015306122448979591,0.8
ensemble-veto-tree-10,1.4468444858058114,13,3,0.8666666666666667,0.015306122448979591,0.8125
ensemble-veto-tree-10,1.3671697427772034,14,3,0.9333333333333333,0.015306122448979591,0.8235294117647058
ensemble-veto-tree-10,1.3279542491931178,14,4,0.9333333333333333,0.02040816326530612,0.7777777777777778
ensemble-veto-tree-10,1.271913604969961,14,5,0.9333333333333333,0.025510204081632654,0.7368421052631579
ensemble-veto-tree-10,1.2624213514069855,14,6,0.9333333333333333,0.030612244897959183,0.7
ensemble-veto-tree-10,1.2046561425014977,14,7,0.9333333333333333,0.03571428571428571,0.6666666666666666
ensemble-veto-tree-10,1.1968996635336713,14,8,0.9333333333333333,0.04081632653061224,0.6363636363636364
ensemble-veto-tree-10,1.1186078621055713,14,9,0.9333333333333333,0.04591836734693878,0.6086956521739131
ensemble-veto-tree-10,1.1034524939330643,14,10,0.9333333333333333,0.05102040816326531,0.5833333333333334
ensemble-veto-tree-10,1.0241139236963235,14,11,0.9333333333333333,0.05612244897959184,0.56
ensemble-veto-tree-10,0.9861715101247943,14,12,0.9333333333333333,0.061224489795918366,0.5384615384615384
ensemble-veto-tree-10,0.9770049577972691,14,13,0.9333333333333333,0.0663265306122449,0.5185185185185185
ensemble-veto-tree-10,0.9409278545345807,14,14,0.9333333333333333,0.07142857142857142,0.5
ensemble-veto-tree-10,0.7579686599679324,14,15,0.9333333333333333,0.07653061224489796,0.4827586206896552
ensemble-veto-tree-10,0.7477924853169899,14,16,0.9333333333333333,0.08163265306122448,0.4666666666666667
ensemble-veto-tree-10,0.745269722355063,14,18,0.9333333333333333,0.09183673469387756,0.4375
ensemble-veto-tree-10,0.6791412389487267,14,19,0.9333333333333333,0.09693877551020408,0.42424242424242425
ensemble-veto-tree-10,0.6282616234411877,14,20,0.9333333333333333,0.10204081632653061,0.4117647058823529
ensemble-veto-tree-10,0.0,15,196,1.0,1.0,0.07109004739336493
ensemble-veto-v2role-tree-10,inf,0,0,0.0,0.0,
ensemble-veto-v2role-tree-10,8.676938047357218,1,0,0.06666666666666667,0.0,1.0
ensemble-veto-v2role-tree-10,3.927020793329926,2,0,0.13333333333333333,0.0,1.0
ensemble-veto-v2role-tree-10,3.9206246424491766,3,0,0.2,0.0,1.0
ensemble-veto-v2role-tree-10,2.7231187185912598,4,0,0.26666666666666666,0.0,1.0
ensemble-veto-v2role-tree-10,2.548525444981566,5,0,0.3333333333333333,0.0,1.0
ensemble-veto-v2role-tree-10,2.3788737567665774,6,0,0.4,0.0,1.0
ensemble-veto-v2role-tree-10,2.354932148668811,7,0,0.4666666666666667,0.0,1.0
ensemble-veto-v2role-tree-10,2.3461440563249876,8,0,0.5333333333333333,0.0,1.0
ensemble-veto-v2role-tree-10,2.3254005040076335,9,0,0.6,0.0,1.0
ensemble-veto-v2role-tree-10,1.9711752294795593,10,0,0.6666666666666666,0.0,1.0
ensemble-veto-v2role-tree-10,1.9568358407442608,11,0,0.7333333333333333,0.0,1.0
ensemble-veto-v2role-tree-10,1.657071145850993,11,1,0.7333333333333333,0.00510204081632653,0.9166666666666666
ensemble-veto-v2role-tree-10,1.5146076618759419,11,2,0.7333333333333333,0.01020408163265306,0.8461538461538461
ensemble-veto-v2role-tree-10,1.470779259227717,11,3,0.7333333333333333,0.015306122448979591,0.7857142857142857
ensemble-veto-v2role-tree-10,1.4035521484791282,12,3,0.8,0.015306122448979591,0.8
ensemble-veto-v2role-tree-10,1.3558893139377275,12,4,0.8,0.02040816326530612,0.75
ensemble-veto-v2role-tree-10,1.2862482775327673,13,4,0.8666666666666667,0.02040816326530612,0.7647058823529411
ensemble-veto-v2role-tree-10,1.2045510569152624,13,5,0.8666666666666667,0.025510204081632654,0.7222222222222222
ensemble-veto-v2role-tree-10,1.1919291167650903,13,6,0.8666666666666667,0.030612244897959183,0.6842105263157895
ensemble-veto-v2role-tree-10,1.1787167798290874,13,7,0.8666666666666667,0.03571428571428571,0.65
ensemble-veto-v2role-tree-10,1.1425381965954724,13,8,0.8666666666666667,0.04081632653061224,0.6190476190476191
ensemble-veto-v2role-tree-10,1.0596629866930685,13,9,0.8666666666666667,0.04591836734693878,0.5909090909090909
ensemble-veto-v2role-tree-10,1.056600853356358,13,10,0.8666666666666667,0.05102040816326531,0.5652173913043478
ensemble-veto-v2role-tree-10,1.0475646109847352,13,11,0.8666666666666667,0.05612244897959184,0.5416666666666666
ensemble-veto-v2role-tree-10,1.0235533056044555,14,11,0.9333333333333333,0.05612244897959184,0.56
ensemble-veto-v2role-tree-10,0.9749187053858169,14,12,0.9333333333333333,0.061224489795918366,0.5384615384615384
ensemble-veto-v2role-tree-10,0.9630498073608462,14,13,0.9333333333333333,0.0663265306122449,0.5185185185185185
ensemble-veto-v2role-tree-10,0.7955078869955647,14,14,0.9333333333333333,0.07142857142857142,0.5
ensemble-veto-v2role-tree-10,0.7208801899249512,14,15,0.9333333333333333,0.07653061224489796,0.4827586206896552
ensemble-veto-v2role-tree-10,0.701998842871805,14,16,0.9333333333333333,0.08163265306122448,0.4666666666666667
ensemble-veto-v2role-tree-10,0.6181548565472011,14,17,0.9333333333333333,0.08673469387755102,0.45161290322580644
ensemble-veto-v2role-tree-10,0.6064348388248596,14,19,0.9333333333333333,0.09693877551020408,0.42424242424242425
ensemble-veto-v2role-tree-10,0.4624124263716068,14,20,0.9333333333333333,0.10204081632653061,0.4117647058823529
ensemble-veto-v2role-tree-10,0.0,15,196,1.0,1.0,0.07109004739336493
ensemble-threshold-nbtrend,inf,0,0,0.0,0.0,
ensemble-threshold-nbtrend,7.091829846169213,1,0,0.06666666666666667,0.0,1.0
ensemble-threshold-nbtrend,4.664823486293861,2,0,0.13333333333333333,0.0,1.0
ensemble-threshold-nbtrend,3.223436917640919,3,0,0.2,0.0,1.0
ensemble-threshold-nbtrend,3.0554647105207384,4,0,0.26666666666666666,0.0,1.0
ensemble-threshold-nbtrend,3.0108199664307107,5,0,0.3333333333333333,0.0,1.0
ensemble-threshold-nbtrend,2.991635941570036,6,0,0.4,0.0,1.0
ensemble-threshold-nbtrend,2.600516367579391,6,1,0.4,0.00510204081632653,0.8571428571428571
ensemble-threshold-nbtrend,2.402625852184883,6,2,0.4,0.01020408163265306,0.75
ensemble-threshold-nbtrend,2.0448545707514203,7,2,0.4666666666666667,0.01020408163265306,0.7777777777777778
ensemble-threshold-nbtrend,1.8300274797441771,8,2,0.5333333333333333,0.01020408163265306,0.8
ensemble-threshold-nbtrend,1.6830007598705372,9,2,0.6,0.01020408163265306,0.8181818181818182
ensemble-threshold-nbtrend,1.6788448187569198,10,2,0.6666666666666666,0.01020408163265306,0.8333333333333334
ensemble-threshold-nbtrend,1.573820546531657,11,2,0.7333333333333333,0.01020408163265306,0.8461538461538461
ensemble-threshold-nbtrend,1.5102091741951178,11,3,0.7333333333333333,0.015306122448979591,0.7857142857142857
ensemble-threshold-nbtrend,1.4386323116422213,12,3,0.8,0.015306122448979591,0.8
ensemble-threshold-nbtrend,1.368906126398998,12,4,0.8,0.02040816326530612,0.75
ensemble-threshold-nbtrend,1.3526334363250174,12,5,0.8,0.025510204081632654,0.7058823529411765
ensemble-threshold-nbtrend,1.3180632161578687,13,5,0.8666666666666667,0.025510204081632654,0.7222222222222222
ensemble-threshold-nbtrend,1.2828158375742706,14,5,0.9333333333333333,0.025510204081632654,0.7368421052631579
ensemble-threshold-nbtrend,1.2550001122212842,14,6,0.9333333333333333,0.030612244897959183,0.7
ensemble-threshold-nbtrend,1.2477629538338426,14,7,0.9333333333333333,0.03571428571428571,0.6666666666666666
ensemble-threshold-nbtrend,1.1751050754849375,14,8,0.9333333333333333,0.04081632653061224,0.6363636363636364
ensemble-threshold-nbtrend,1.1153861243727499,14,9,0.9333333333333333,0.04591836734693878,0.6086956521739131
ensemble-threshold-nbtrend,1.0947840979766785,14,10,0.9333333333333333,0.05102040816326531,0.5833333333333334
ensemble-threshold-nbtrend,1.0801815080178296,14,11,0.9333333333333333,0.05612244897959184,0.56
ensemble-threshold-nbtrend,1.0671524010103446,14,12,0.9333333333333333,0.061224489795918366,0.5384615384615384
ensemble-threshold-nbtrend,1.0663544461408192,14,13,0.9333333333333333,0.0663265306122449,0.5185185185185185
ensemble-threshold-nbtrend,1.0626860424890683,14,14,0.9333333333333333,0.07142857142857142,0.5
ensemble-threshold-nbtrend,1.0608886335745153,14,15,0.9333333333333333,0.07653061224489796,0.4827586206896552
ensemble-threshold-nbtrend,1.0536824241894638,14,16,0.9333333333333333,0.08163265306122448,0.4666666666666667
ensemble-threshold-nbtrend,1.0472904162360435,14,17,0.9333333333333333,0.08673469387755102,0.45161290322580644
ensemble-threshold-nbtrend,1.0261447260659076,14,18,0.9333333333333333,0.09183673469387756,0.4375
ensemble-threshold-nbtrend,0.9948904151426564,14,19,0.9333333333333333,0.09693877551020408,0.42424242424242425
ensemble-threshold-nbtrend,0.9792628168319641,14,20,0.9333333333333333,0.10204081632653061,0.4117647058823529
ensemble-threshold-nbtrend,0.9704643816196407,14,21,0.9333333333333333,0.10714285714285714,0.4
ensemble-threshold-nbtrend,0.9692200131596037,14,22,0.9333333333333333,0.11224489795918367,0.3888888888888889
ensemble-threshold-nbtrend,0.9674990722859492,14,23,0.9333333333333333,0.11734693877551021,0.3783783783783784
ensemble-threshold-nbtrend,0.9645629905372076,15,23,1.0,0.11734693877551021,0.39473684210526316
ensemble-threshold-nbtrend,0.963136588794447,15,24,1.0,0.12244897959183673,0.38461538461538464
ensemble-threshold-nbtrend,0.9629759288290817,15,25,1.0,0.12755102040816327,0.375
ensemble-threshold-nbtrend,0.9619134971475091,15,26,1.0,0.1326530612244898,0.36585365853658536
ensemble-threshold-nbtrend,0.9563309779466524,15,27,1.0,0.1377551020408163,0.35714285714285715
ensemble-threshold-nbtrend,0.9512720855960544,15,28,1.0,0.14285714285714285,0.3488372093023256
ensemble-threshold-nbtrend,0.9123983181837821,15,29,1.0,0.14795918367346939,0.3409090909090909
ensemble-threshold-nbtrend,0.9036215738295906,15,30,1.0,0.15306122448979592,0.3333333333333333
ensemble-threshold-nbtrend,0.8725021101763321,15,31,1.0,0.15816326530612246,0.32608695652173914
ensemble-threshold-nbtrend,0.8720719475056081,15,32,1.0,0.16326530612244897,0.3191489361702128
ensemble-threshold-nbtrend,0.8716899043132021,15,33,1.0,0.1683673469387755,0.3125
ensemble-threshold-nbtrend,0.8709400531043398,15,34,1.0,0.17346938775510204,0.30612244897959184
ensemble-threshold-nbtrend,0.8668578570704919,15,35,1.0,0.17857142857142858,0.3
ensemble-threshold-nbtrend,0.8655834945906151,15,36,1.0,0.1836734693877551,0.29411764705882354
ensemble-threshold-nbtrend,0.8600528514261221,15,37,1.0,0.18877551020408162,0.28846153846153844
ensemble-threshold-nbtrend,0.8596387160420719,15,38,1.0,0.19387755102040816,0.2830188679245283
ensemble-threshold-nbtrend,0.8586950232248298,15,39,1.0,0.1989795918367347,0.2777777777777778
ensemble-threshold-nbtrend,0.8455496975974699,15,40,1.0,0.20408163265306123,0.2727272727272727
ensemble-threshold-nbtrend,0.8330773838352064,15,41,1.0,0.20918367346938777,0.26785714285714285
ensemble-threshold-nbtrend,0.832429453413686,15,42,1.0,0.21428571428571427,0.2631578947368421
ensemble-threshold-nbtrend,0.8193138812010444,15,43,1.0,0.2193877551020408,0.25862068965517243
ensemble-threshold-nbtrend,0.8104012685556674,15,44,1.0,0.22448979591836735,0.2542372881355932
ensemble-threshold-nbtrend,0.8049752547810121,15,45,1.0,0.22959183673469388,0.25
ensemble-threshold-nbtrend,0.7958138857597653,15,46,1.0,0.23469387755102042,0.2459016393442623
ensemble-threshold-nbtrend,0.77801849701524,15,47,1.0,0.23979591836734693,0.24193548387096775
ensemble-threshold-nbtrend,0.7758744346624695,15,48,1.0,0.24489795918367346,0.23809523809523808
ensemble-threshold-nbtrend,0.7701146404236187,15,49,1.0,0.25,0.234375
ensemble-threshold-nbtrend,0.7628614961446308,15,50,1.0,0.25510204081632654,0.23076923076923078
ensemble-threshold-nbtrend,0.7558516570364323,15,51,1.0,0.2602040816326531,0.22727272727272727
ensemble-threshold-nbtrend,0.7424963178730563,15,52,1.0,0.2653061224489796,0.22388059701492538
ensemble-threshold-nbtrend,0.7424963178730556,15,53,1.0,0.27040816326530615,0.22058823529411764
ensemble-threshold-nbtrend,0.7418039032308132,15,54,1.0,0.2755102040816326,0.21739130434782608
ensemble-threshold-nbtrend,0.7282285569603146,15,55,1.0,0.28061224489795916,0.21428571428571427
ensemble-threshold-nbtrend,0.7258108831636627,15,57,1.0,0.29081632653061223,0.20833333333333334
ensemble-threshold-nbtrend,0.7244801166654244,15,58,1.0,0.29591836734693877,0.2054794520547945
ensemble-threshold-nbtrend,0.7187913510282732,15,59,1.0,0.3010204081632653,0.20270270270270271
ensemble-threshold-nbtrend,0.7179039617296742,15,60,1.0,0.30612244897959184,0.2
ensemble-threshold-nbtrend,0.7172929092376019,15,61,1.0,0.3112244897959184,0.19736842105263158
ensemble-threshold-nbtrend,0.716670399092008,15,62,1.0,0.3163265306122449,0.19480519480519481
ensemble-threshold-nbtrend,0.7163536224963102,15,63,1.0,0.32142857142857145,0.19230769230769232
ensemble-threshold-nbtrend,0.7069458597014779,15,64,1.0,0.32653061224489793,0.189873417721519
ensemble-threshold-nbtrend,0.7004478962008025,15,65,1.0,0.33163265306122447,0.1875
ensemble-threshold-nbtrend,0.6994825702258528,15,66,1.0,0.336734693877551,0.18518518518518517
ensemble-threshold-nbtrend,0.6971805790267582,15,67,1.0,0.34183673469387754,0.18292682926829268
ensemble-threshold-nbtrend,0.6848962801600664,15,68,1.0,0.3469387755102041,0.18072289156626506
ensemble-threshold-nbtrend,0.6776447023461177,15,69,1.0,0.3520408163265306,0.17857142857142858
ensemble-threshold-nbtrend,0.6717099192972,15,70,1.0,0.35714285714285715,0.17647058823529413
ensemble-threshold-nbtrend,0.6709746294790557,15,71,1.0,0.3622448979591837,0.1744186046511628
ensemble-threshold-nbtrend,0.6705215429542547,15,72,1.0,0.3673469387755102,0.1724137931034483
ensemble-threshold-nbtrend,0.6696170718788702,15,73,1.0,0.37244897959183676,0.17045454545454544
ensemble-threshold-nbtrend,0.6660397657051499,15,74,1.0,0.37755102040816324,0.16853932584269662
ensemble-threshold-nbtrend,0.6634183968426559,15,75,1.0,0.3826530612244898,0.16666666666666666
ensemble-threshold-nbtrend,0.6628799491747626,15,76,1.0,0.3877551020408163,0.16483516483516483
ensemble-threshold-nbtrend,0.655616898067247,15,77,1.0,0.39285714285714285,0.16304347826086957
ensemble-threshold-nbtrend,0.6541041864000124,15,79,1.0,0.4030612244897959,0.1595744680851064
ensemble-threshold-nbtrend,0.6539980655872919,15,80,1.0,0.40816326530612246,0.15789473684210525
ensemble-threshold-nbtrend,0.652907862791075,15,81,1.0,0.413265306122449,0.15625
ensemble-threshold-nbtrend,0.651019435976221,15,82,1.0,0.41836734693877553,0.15463917525773196
ensemble-threshold-nbtrend,0.6493596521615961,15,83,1.0,0.42346938775510207,0.15306122448979592
ensemble-threshold-nbtrend,0.6456048065927743,15,84,1.0,0.42857142857142855,0.15151515151515152
ensemble-threshold-nbtrend,0.6448889858306662,15,85,1.0,0.4336734693877551,0.15
ensemble-threshold-nbtrend,0.6393493182471685,15,86,1.0,0.4387755102040816,0.1485148514851485
ensemble-threshold-nbtrend,0.634543000065605,15,87,1.0,0.44387755102040816,0.14705882352941177
ensemble-threshold-nbtrend,0.6331487190970383,15,88,1.0,0.4489795918367347,0.14563106796116504
ensemble-threshold-nbtrend,0.6330923270342348,15,89,1.0,0.45408163265306123,0.14423076923076922
ensemble-threshold-nbtrend,0.6325101586249817,15,90,1.0,0.45918367346938777,0.14285714285714285
ensemble-threshold-nbtrend,0.6312522234320093,15,91,1.0,0.4642857142857143,0.14150943396226415
ensemble-threshold-nbtrend,0.6273012352375418,15,92,1.0,0.46938775510204084,0.14018691588785046
ensemble-threshold-nbtrend,0.6189031184604337,15,93,1.0,0.4744897959183674,0.1388888888888889
ensemble-threshold-nbtrend,0.6154176039902288,15,94,1.0,0.47959183673469385,0.13761467889908258
ensemble-threshold-nbtrend,0.6093393322388678,15,95,1.0,0.4846938775510204,0.13636363636363635
ensemble-threshold-nbtrend,0.6080702218821525,15,96,1.0,0.4897959183673469,0.13513513513513514
ensemble-threshold-nbtrend,0.6071568386111619,15,97,1.0,0.49489795918367346,0.13392857142857142
ensemble-threshold-nbtrend,0.6025169875446362,15,98,1.0,0.5,0.13274336283185842
ensemble-threshold-nbtrend,0.5978939248395312,15,99,1.0,0.5051020408163265,0.13157894736842105
ensemble-threshold-nbtrend,0.5958634231942046,15,100,1.0,0.5102040816326531,0.13043478260869565
ensemble-threshold-nbtrend,0.5902887007091302,15,101,1.0,0.5153061224489796,0.12931034482758622
ensemble-threshold-nbtrend,0.5700546598705005,15,111,1.0,0.5663265306122449,0.11904761904761904
ensemble-threshold-nbtrend,0.5686344571658245,15,112,1.0,0.5714285714285714,0.11811023622047244
ensemble-threshold-nbtrend,0.5644459843571129,15,113,1.0,0.576530612244898,0.1171875
ensemble-threshold-nbtrend,0.561279320477402,15,114,1.0,0.5816326530612245,0.11627906976744186
ensemble-threshold-nbtrend,0.5479377300935501,15,115,1.0,0.5867346938775511,0.11538461538461539
ensemble-threshold-nbtrend,0.538913286596279,15,117,1.0,0.5969387755102041,0.11363636363636363
ensemble-threshold-nbtrend,0.5309950597951255,15,119,1.0,0.6071428571428571,0.11194029850746269
ensemble-threshold-nbtrend,0.5253050467426676,15,120,1.0,0.6122448979591837,0.1111111111111111
ensemble-threshold-nbtrend,0.5244984059675499,15,122,1.0,0.6224489795918368,0.10948905109489052
ensemble-threshold-nbtrend,0.519816785970794,15,126,1.0,0.6428571428571429,0.10638297872340426
ensemble-threshold-nbtrend,0.5156163178993339,15,127,1.0,0.6479591836734694,0.1056338028169014
ensemble-threshold-nbtrend,0.5149353547025768,15,129,1.0,0.6581632653061225,0.10416666666666667
ensemble-threshold-nbtrend,0.5144518358363567,15,130,1.0,0.6632653061224489,0.10344827586206896
ensemble-threshold-nbtrend,0.5132258009693107,15,131,1.0,0.6683673469387755,0.10273972602739725
ensemble-threshold-nbtrend,0.5060983216579501,15,132,1.0,0.673469387755102,0.10204081632653061
ensemble-threshold-nbtrend,0.5042145108759172,15,135,1.0,0.6887755102040817,0.1
ensemble-threshold-nbtrend,0.5028374784860739,15,136,1.0,0.6938775510204082,0.09933774834437085
ensemble-threshold-nbtrend,0.4970322282177812,15,138,1.0,0.7040816326530612,0.09803921568627451
ensemble-threshold-nbtrend,0.49684648157004196,15,142,1.0,0.7244897959183674,0.09554140127388536
ensemble-threshold-nbtrend,0.4946088716586781,15,143,1.0,0.7295918367346939,0.0949367088607595
ensemble-threshold-nbtrend,0.4842948067133213,15,146,1.0,0.7448979591836735,0.09316770186335403
ensemble-threshold-nbtrend,0.48060337238101297,15,147,1.0,0.75,0.09259259259259259
ensemble-threshold-nbtrend,0.4774274447593954,15,148,1.0,0.7551020408163265,0.09202453987730061
ensemble-threshold-nbtrend,0.4757699699345536,15,149,1.0,0.7602040816326531,0.09146341463414634
ensemble-threshold-nbtrend,0.47433486003458214,15,152,1.0,0.7755102040816326,0.08982035928143713
ensemble-threshold-nbtrend,0.47349077462920064,15,153,1.0,0.7806122448979592,0.08928571428571429
ensemble-threshold-nbtrend,0.4731234397736092,15,159,1.0,0.8112244897959183,0.08620689655172414
ensemble-threshold-nbtrend,0.47048216537338267,15,162,1.0,0.826530612244898,0.0847457627118644
ensemble-threshold-nbtrend,0.46840727305110524,15,163,1.0,0.8316326530612245,0.08426966292134831
ensemble-threshold-nbtrend,0.4677683319559445,15,164,1.0,0.8367346938775511,0.08379888268156424
ensemble-threshold-nbtrend,0.46543898878908124,15,167,1.0,0.8520408163265306,0.08241758241758242
ensemble-threshold-nbtrend,0.4634794643873288,15,168,1.0,0.8571428571428571,0.08196721311475409
ensemble-threshold-nbtrend,0.4592887534301516,15,170,1.0,0.8673469387755102,0.08108108108108109
ensemble-threshold-nbtrend,0.45888188100379207,15,172,1.0,0.8775510204081632,0.08021390374331551
ensemble-threshold-nbtrend,0.455290656845026,15,175,1.0,0.8928571428571429,0.07894736842105263
ensemble-threshold-nbtrend,0.4552100480657958,15,176,1.0,0.8979591836734694,0.07853403141361257
ensemble-threshold-nbtrend,0.45397134701187813,15,177,1.0,0.9030612244897959,0.078125
ensemble-threshold-nbtrend,0.44868965964764357,15,182,1.0,0.9285714285714286,0.07614213197969544
ensemble-threshold-nbtrend,0.4376305929738233,15,183,1.0,0.9336734693877551,0.07575757575757576
ensemble-threshold-nbtrend,0.4079834713642059,15,187,1.0,0.9540816326530612,0.07425742574257425
ensemble-threshold-nbtrend,0.4026471118514718,15,188,1.0,0.9591836734693877,0.07389162561576355
ensemble-threshold-nbtrend,0.28885175088899323,15,190,1.0,0.9693877551020408,0.07317073170731707
ensemble-threshold-nbtrend,0.0,15,196,1.0,1.0,0.07109004739336493
ensemble-veto-eb05dual-nbtrend-0,inf,0,0,0.0,0.0,
ensemble-veto-eb05dual-nbtrend-0,6.997235229440792,1,0,0.06666666666666667,0.0,1.0
ensemble-veto-eb05dual-nbtrend-0,4.835155376461379,2,0,0.13333333333333333,0.0,1.0
ensemble-veto-eb05dual-nbtrend-0,4.583197065781108,3,0,0.2,0.0,1.0
ensemble-veto-eb05dual-nbtrend-0,4.516229949646066,4,0,0.26666666666666666,0.0,1.0
ensemble-veto-eb05dual-nbtrend-0,4.487453912355054,5,0,0.3333333333333333,0.0,1.0
ensemble-veto-eb05dual-nbtrend-0,3.666533550624716,5,1,0.3333333333333333,0.00510204081632653,0.8333333333333334
ensemble-veto-eb05dual-nbtrend-0,3.6067660987086225,6,1,0.4,0.00510204081632653,0.8571428571428571
ensemble-veto-eb05dual-nbtrend-0,2.8167153233620805,7,1,0.4666666666666667,0.00510204081632653,0.875
ensemble-veto-eb05dual-nbtrend-0,2.5182672281353797,8,1,0.5333333333333333,0.00510204081632653,0.8888888888888888
ensemble-veto-eb05dual-nbtrend-0,2.3607308197974857,9,1,0.6,0.00510204081632653,0.9
ensemble-veto-eb05dual-nbtrend-0,1.8990866949437717,10,1,0.6666666666666666,0.00510204081632653,0.9090909090909091
ensemble-veto-eb05dual-nbtrend-0,1.8926612865088965,11,1,0.7333333333333333,0.00510204081632653,0.9166666666666666
ensemble-veto-eb05dual-nbtrend-0,1.8887556288316982,12,1,0.8,0.00510204081632653,0.9230769230769231
ensemble-veto-eb05dual-nbtrend-0,1.871644430750764,12,2,0.8,0.01020408163265306,0.8571428571428571
ensemble-veto-eb05dual-nbtrend-0,1.7355255925954596,13,2,0.8666666666666667,0.01020408163265306,0.8666666666666667
ensemble-veto-eb05dual-nbtrend-0,1.5709356243540653,13,3,0.8666666666666667,0.015306122448979591,0.8125
ensemble-veto-eb05dual-nbtrend-0,1.5559519352842308,14,3,0.9333333333333333,0.015306122448979591,0.8235294117647058
ensemble-veto-eb05dual-nbtrend-0,1.5392170890988615,14,5,0.9333333333333333,0.025510204081632654,0.7368421052631579
ensemble-veto-eb05dual-nbtrend-0,1.4688942252479462,14,6,0.9333333333333333,0.030612244897959183,0.7
ensemble-veto-eb05dual-nbtrend-0,1.4468444858058114,15,6,1.0,0.030612244897959183,0.7142857142857143
ensemble-veto-eb05dual-nbtrend-0,1.435737760382932,15,7,1.0,0.03571428571428571,0.6818181818181818
ensemble-veto-eb05dual-nbtrend-0,1.4344964669199787,15,8,1.0,0.04081632653061224,0.6521739130434783
ensemble-veto-eb05dual-nbtrend-0,1.343385642347436,15,9,1.0,0.04591836734693878,0.625
ensemble-veto-eb05dual-nbtrend-0,1.3338678391184642,15,10,1.0,0.05102040816326531,0.6
ensemble-veto-eb05dual-nbtrend-0,1.2993333299321979,15,11,1.0,0.05612244897959184,0.5769230769230769
ensemble-veto-eb05dual-nbtrend-0,1.2754591056236333,15,12,1.0,0.061224489795918366,0.5555555555555556
ensemble-veto-eb05dual-nbtrend-0,1.271913604969961,15,13,1.0,0.0663265306122449,0.5357142857142857
ensemble-veto-eb05dual-nbtrend-0,1.2624213514069855,15,14,1.0,0.07142857142857142,0.5172413793103449
ensemble-veto-eb05dual-nbtrend-0,1.2046561425014977,15,15,1.0,0.07653061224489796,0.5
ensemble-veto-eb05dual-nbtrend-0,1.2016477869947884,15,16,1.0,0.08163265306122448,0.4838709677419355
ensemble-veto-eb05dual-nbtrend-0,1.1968996635336713,15,17,1.0,0.08673469387755102,0.46875
ensemble-veto-eb05dual-nbtrend-0,1.1723947946073088,15,18,1.0,0.09183673469387756,0.45454545454545453
ensemble-veto-eb05dual-nbtrend-0,1.16702774552286,15,19,1.0,0.09693877551020408,0.4411764705882353
ensemble-veto-eb05dual-nbtrend-0,1.1581641989485605,15,20,1.0,0.10204081632653061,0.42857142857142855
ensemble-veto-eb05dual-nbtrend-0,1.1344516792654376,15,21,1.0,0.10714285714285714,0.4166666666666667
ensemble-veto-eb05dual-nbtrend-0,1.1186078621055713,15,22,1.0,0.11224489795918367,0.40540540540540543
ensemble-veto-eb05dual-nbtrend-0,1.0961828856584739,15,23,1.0,0.11734693877551021,0.39473684210526316
ensemble-veto-eb05dual-nbtrend-0,1.0822142880547256,15,24,1.0,0.12244897959183673,0.38461538461538464
ensemble-veto-eb05dual-nbtrend-0,1.0820605302066448,15,25,1.0,0.12755102040816327,0.375
ensemble-veto-eb05dual-nbtrend-0,1.0777994386618814,15,26,1.0,0.1326530612244898,0.36585365853658536
ensemble-veto-eb05dual-nbtrend-0,1.0715322975117882,15,27,1.0,0.1377551020408163,0.35714285714285715
ensemble-veto-eb05dual-nbtrend-0,1.0506718443012038,15,28,1.0,0.14285714285714285,0.3488372093023256
ensemble-veto-eb05dual-nbtrend-0,1.02554158122731,15,29,1.0,0.14795918367346939,0.3409090909090909
ensemble-veto-eb05dual-nbtrend-0,0.9861715101247943,15,30,1.0,0.15306122448979592,0.3333333333333333
ensemble-veto-eb05dual-nbtrend-0,0.9770049577972691,15,31,1.0,0.15816326530612246,0.32608695652173914
ensemble-veto-eb05dual-nbtrend-0,0.9757749921187259,15,32,1.0,0.16326530612244897,0.3191489361702128
ensemble-veto-eb05dual-nbtrend-0,0.9746045038061966,15,34,1.0,0.17346938775510204,0.30612244897959184
ensemble-veto-eb05dual-nbtrend-0,0.9680812948290297,15,36,1.0,0.1836734693877551,0.29411764705882354
ensemble-veto-eb05dual-nbtrend-0,0.9510977800728782,15,37,1.0,0.18877551020408162,0.28846153846153844
ensemble-veto-eb05dual-nbtrend-0,0.9409518528563127,15,38,1.0,0.19387755102040816,0.2830188679245283
ensemble-veto-eb05dual-nbtrend-0,0.9374070503871749,15,39,1.0,0.1989795918367347,0.2777777777777778
ensemble-veto-eb05dual-nbtrend-0,0.9370004471358022,15,40,1.0,0.20408163265306123,0.2727272727272727
ensemble-veto-eb05dual-nbtrend-0,0.9360476681698644,15,41,1.0,0.20918367346938777,0.26785714285714285
ensemble-veto-eb05dual-nbtrend-0,0.9167313600945417,15,42,1.0,0.21428571428571427,0.2631578947368421
ensemble-veto-eb05dual-nbtrend-0,0.9140089983583017,15,45,1.0,0.22959183673469388,0.25
ensemble-veto-eb05dual-nbtrend-0,0.9108442166909632,15,46,1.0,0.23469387755102042,0.2459016393442623
ensemble-veto-eb05dual-nbtrend-0,0.9108372913846634,15,47,1.0,0.23979591836734693,0.24193548387096775
ensemble-veto-eb05dual-nbtrend-0,0.9045637385606048,15,48,1.0,0.24489795918367346,0.23809523809523808
ensemble-veto-eb05dual-nbtrend-0,0.9037754813169544,15,49,1.0,0.25,0.234375
ensemble-veto-eb05dual-nbtrend-0,0.9029350662163615,15,50,1.0,0.25510204081632654,0.23076923076923078
ensemble-veto-eb05dual-nbtrend-0,0.8987364805367389,15,51,1.0,0.2602040816326531,0.22727272727272727
ensemble-veto-eb05dual-nbtrend-0,0.8881567102303871,15,52,1.0,0.2653061224489796,0.22388059701492538
ensemble-veto-eb05dual-nbtrend-0,0.8833169492583882,15,53,1.0,0.27040816326530615,0.22058823529411764
ensemble-veto-eb05dual-nbtrend-0,0.8684452383811431,15,54,1.0,0.2755102040816326,0.21739130434782608
ensemble-veto-eb05dual-nbtrend-0,0.8661700696206408,15,55,1.0,0.28061224489795916,0.21428571428571427
ensemble-veto-eb05dual-nbtrend-0,0.8619603022723386,15,56,1.0,0.2857142857142857,0.2112676056338028
ensemble-veto-eb05dual-nbtrend-0,0.8550819898057508,15,73,1.0,0.37244897959183676,0.17045454545454544
ensemble-veto-eb05dual-nbtrend-0,0.8457346225334621,15,74,1.0,0.37755102040816324,0.16853932584269662
ensemble-veto-eb05dual-nbtrend-0,0.8401308896816225,15,75,1.0,0.3826530612244898,0.16666666666666666
ensemble-veto-eb05dual-nbtrend-0,0.8327357547462557,15,76,1.0,0.3877551020408163,0.16483516483516483
ensemble-veto-eb05dual-nbtrend-0,0.8303193816830439,15,77,1.0,0.39285714285714285,0.16304347826086957
ensemble-veto-eb05dual-nbtrend-0,0.8219065951403252,15,80,1.0,0.40816326530612246,0.15789473684210525
ensemble-veto-eb05dual-nbtrend-0,0.812865100026964,15,81,1.0,0.413265306122449,0.15625
ensemble-veto-eb05dual-nbtrend-0,0.8118262116487973,15,86,1.0,0.4387755102040816,0.1485148514851485
ensemble-veto-eb05dual-nbtrend-0,0.8083699298944185,15,88,1.0,0.4489795918367347,0.14563106796116504
ensemble-veto-eb05dual-nbtrend-0,0.8018510199792735,15,89,1.0,0.45408163265306123,0.14423076923076922
ensemble-veto-eb05dual-nbtrend-0,0.779725178956191,15,93,1.0,0.4744897959183674,0.1388888888888889
ensemble-veto-eb05dual-nbtrend-0,0.7627225151091236,15,94,1.0,0.47959183673469385,0.13761467889908258
ensemble-veto-eb05dual-nbtrend-0,0.745269722355063,15,100,1.0,0.5102040816326531,0.13043478260869565
ensemble-veto-eb05dual-nbtrend-0,0.72937828390613,15,101,1.0,0.5153061224489796,0.12931034482758622
ensemble-veto-eb05dual-nbtrend-0,0.7286161968423641,15,104,1.0,0.5306122448979592,0.12605042016806722
ensemble-veto-eb05dual-nbtrend-0,0.7092168408810803,15,107,1.0,0.5459183673469388,0.12295081967213115
ensemble-veto-eb05dual-nbtrend-0,0.6868142129970327,15,108,1.0,0.5510204081632653,0.12195121951219512
ensemble-veto-eb05dual-nbtrend-0,0.6629704084837282,15,110,1.0,0.5612244897959183,0.12
ensemble-veto-eb05dual-nbtrend-0,0.6582733165373886,15,111,1.0,0.5663265306122449,0.11904761904761904
ensemble-veto-eb05dual-nbtrend-0,0.6477013578505277,15,112,1.0,0.5714285714285714,0.11811023622047244
ensemble-veto-eb05dual-nbtrend-0,0.6291631875966989,15,113,1.0,0.576530612244898,0.1171875
ensemble-veto-eb05dual-nbtrend-0,0.6236258957409512,15,117,1.0,0.5969387755102041,0.11363636363636363
ensemble-veto-eb05dual-nbtrend-0,0.6204757545200171,15,118,1.0,0.6020408163265306,0.11278195488721804
ensemble-veto-eb05dual-nbtrend-0,0.6101318432901172,15,119,1.0,0.6071428571428571,0.11194029850746269
ensemble-veto-eb05dual-nbtrend-0,0.6010332609175805,15,120,1.0,0.6122448979591837,0.1111111111111111
ensemble-veto-eb05dual-nbtrend-0,0.5752415750618199,15,121,1.0,0.6173469387755102,0.11029411764705882
ensemble-veto-eb05dual-nbtrend-0,0.5733495992726644,15,131,1.0,0.6683673469387755,0.10273972602739725
ensemble-veto-eb05dual-nbtrend-0,0.5633008655865697,15,134,1.0,0.6836734693877551,0.10067114093959731
ensemble-veto-eb05dual-nbtrend-0,0.5587632703816446,15,138,1.0,0.7040816326530612,0.09803921568627451
ensemble-veto-eb05dual-nbtrend-0,0.5380279772949594,15,139,1.0,0.7091836734693877,0.09740259740259741
ensemble-veto-eb05dual-nbtrend-0,0.529970846634502,15,145,1.0,0.7397959183673469,0.09375
ensemble-veto-eb05dual-nbtrend-0,0.5158612838355511,15,148,1.0,0.7551020408163265,0.09202453987730061
ensemble-veto-eb05dual-nbtrend-0,0.5153825825706317,15,149,1.0,0.7602040816326531,0.09146341463414634
ensemble-veto-eb05dual-nbtrend-0,0.5119784834840525,15,150,1.0,0.7653061224489796,0.09090909090909091
ensemble-veto-eb05dual-nbtrend-0,0.5108833936041056,15,152,1.0,0.7755102040816326,0.08982035928143713
ensemble-veto-eb05dual-nbtrend-0,0.507977557389934,15,153,1.0,0.7806122448979592,0.08928571428571429
ensemble-veto-eb05dual-nbtrend-0,0.5056273665439452,15,156,1.0,0.7959183673469388,0.08771929824561403
ensemble-veto-eb05dual-nbtrend-0,0.5047568225376453,15,157,1.0,0.8010204081632653,0.0872093023255814
ensemble-veto-eb05dual-nbtrend-0,0.49657800520266204,15,158,1.0,0.8061224489795918,0.08670520231213873
ensemble-veto-eb05dual-nbtrend-0,0.4896444608197676,15,160,1.0,0.8163265306122449,0.08571428571428572
ensemble-veto-eb05dual-nbtrend-0,0.4691683562997272,15,165,1.0,0.8418367346938775,0.08333333333333333
ensemble-veto-eb05dual-nbtrend-0,0.45565419489601827,15,166,1.0,0.8469387755102041,0.08287292817679558
ensemble-veto-eb05dual-nbtrend-0,0.4332776263334899,15,169,1.0,0.8622448979591837,0.08152173913043478
ensemble-veto-eb05dual-nbtrend-0,0.42755090537076346,15,178,1.0,0.9081632653061225,0.07772020725388601
ensemble-veto-eb05dual-nbtrend-0,0.42532306995258057,15,179,1.0,0.9132653061224489,0.07731958762886598
ensemble-veto-eb05dual-nbtrend-0,0.41591166441334715,15,183,1.0,0.9336734693877551,0.07575757575757576
ensemble-veto-eb05dual-nbtrend-0,0.3745615264860615,15,186,1.0,0.9489795918367347,0.07462686567164178
ensemble-veto-eb05dual-nbtrend-0,0.37433682774967275,15,187,1.0,0.9540816326530612,0.07425742574257425
ensemble-veto-eb05dual-nbtrend-0,0.3693984444062042,15,190,1.0,0.9693877551020408,0.07317073170731707
ensemble-veto-eb05dual-nbtrend-0,0.0,15,196,1.0,1.0,0.07109004739336493
ensemble-veto-eb05dual-nbtrend-1,inf,0,0,0.0,0.0,
ensemble-veto-eb05dual-nbtrend-1,6.997235229440792,1,0,0.06666666666666667,0.0,1.0
ensemble-veto-eb05dual-nbtrend-1,4.835155376461379,2,0,0.13333333333333333,0.0,1.0
ensemble-veto-eb05dual-nbtrend-1,4.583197065781108,3,0,0.2,0.0,1.0
ensemble-veto-eb05dual-nbtrend-1,4.516229949646066,4,0,0.26666666666666666,0.0,1.0
ensemble-veto-eb05dual-nbtrend-1,4.487453912355054,5,0,0.3333333333333333,0.0,1.0
ensemble-veto-eb05dual-nbtrend-1,3.666533550624716,5,1,0.3333333333333333,0.00510204081632653,0.8333333333333334
ensemble-veto-eb05dual-nbtrend-1,3.6067660987086225,6,1,0.4,0.00510204081632653,0.8571428571428571
ensemble-veto-eb05dual-nbtrend-1,2.8167153233620805,7,1,0.4666666666666667,0.00510204081632653,0.875
ensemble-veto-eb05dual-nbtrend-1,2.5182672281353797,8,1,0.5333333333333333,0.00510204081632653,0.8888888888888888
ensemble-veto-eb05dual-nbtrend-1,2.3607308197974857,9,1,0.6,0.00510204081632653,0.9
ensemble-veto-eb05dual-nbtrend-1,1.8990866949437717,10,1,0.6666666666666666,0.00510204081632653,0.9090909090909091
ensemble-veto-eb05dual-nbtrend-1,1.8926612865088965,11,1,0.7333333333333333,0.00510204081632653,0.9166666666666666
ensemble-veto-eb05dual-nbtrend-1,1.8887556288316982,12,1,0.8,0.00510204081632653,0.9230769230769231
ensemble-veto-eb05dual-nbtrend-1,1.871644430750764,12,2,0.8,0.01020408163265306,0.8571428571428571
ensemble-veto-eb05dual-nbtrend-1,1.7355255925954596,13,2,0.8666666666666667,0.01020408163265306,0.8666666666666667
ensemble-veto-eb05dual-nbtrend-1,1.5709356243540653,13,3,0.8666666666666667,0.015306122448979591,0.8125
ensemble-veto-eb05dual-nbtrend-1,1.5559519352842308,14,3,0.9333333333333333,0.015306122448979591,0.8235294117647058
ensemble-veto-eb05dual-nbtrend-1,1.5392170890988615,14,4,0.9333333333333333,0.02040816326530612,0.7777777777777778
ensemble-veto-eb05dual-nbtrend-1,1.4688942252479462,14,5,0.9333333333333333,0.025510204081632654,0.7368421052631579
ensemble-veto-eb05dual-nbtrend-1,1.4468444858058114,15,5,1.0,0.025510204081632654,0.75
ensemble-veto-eb05dual-nbtrend-1,1.435737760382932,15,6,1.0,0.030612244897959183,0.7142857142857143
ensemble-veto-eb05dual-nbtrend-1,1.4344964669199787,15,7,1.0,0.03571428571428571,0.6818181818181818
ensemble-veto-eb05dual-nbtrend-1,1.343385642347436,15,8,1.0,0.04081632653061224,0.6521739130434783
ensemble-veto-eb05dual-nbtrend-1,1.3338678391184642,15,9,1.0,0.04591836734693878,0.625
ensemble-veto-eb05dual-nbtrend-1,1.2993333299321979,15,10,1.0,0.05102040816326531,0.6
ensemble-veto-eb05dual-nbtrend-1,1.2754591056236333,15,11,1.0,0.05612244897959184,0.5769230769230769
ensemble-veto-eb05dual-nbtrend-1,1.271913604969961,15,12,1.0,0.061224489795918366,0.5555555555555556
ensemble-veto-eb05dual-nbtrend-1,1.2624213514069855,15,13,1.0,0.0663265306122449,0.5357142857142857
ensemble-veto-eb05dual-nbtrend-1,1.2046561425014977,15,14,1.0,0.07142857142857142,0.5172413793103449
ensemble-veto-eb05dual-nbtrend-1,1.2016477869947884,15,15,1.0,0.07653061224489796,0.5
ensemble-veto-eb05dual-nbtrend-1,1.1723947946073088,15,16,1.0,0.08163265306122448,0.4838709677419355
ensemble-veto-eb05dual-nbtrend-1,1.16702774552286,15,17,1.0,0.08673469387755102,0.46875
ensemble-veto-eb05dual-nbtrend-1,1.1581641989485605,15,18,1.0,0.09183673469387756,0.45454545454545453
ensemble-veto-eb05dual-nbtrend-1,1.1344516792654376,15,19,1.0,0.09693877551020408,0.4411764705882353
ensemble-veto-eb05dual-nbtrend-1,1.1186078621055713,15,20,1.0,0.10204081632653061,0.42857142857142855
ensemble-veto-eb05dual-nbtrend-1,1.0961828856584739,15,21,1.0,0.10714285714285714,0.4166666666666667
ensemble-veto-eb05dual-nbtrend-1,1.0822142880547256,15,22,1.0,0.11224489795918367,0.40540540540540543
ensemble-veto-eb05dual-nbtrend-1,1.0820605302066448,15,23,1.0,0.11734693877551021,0.39473684210526316
ensemble-veto-eb05dual-nbtrend-1,1.0777994386618814,15,24,1.0,0.12244897959183673,0.38461538461538464
ensemble-veto-eb05dual-nbtrend-1,1.0715322975117882,15,25,1.0,0.12755102040816327,0.375
ensemble-veto-eb05dual-nbtrend-1,1.02554158122731,15,26,1.0,0.1326530612244898,0.36585365853658536
ensemble-veto-eb05dual-nbtrend-1,0.9861715101247943,15,27,1.0,0.1377551020408163,0.35714285714285715
ensemble-veto-eb05dual-nbtrend-1,0.9770049577972691,15,28,1.0,0.14285714285714285,0.3488372093023256
ensemble-veto-eb05dual-nbtrend-1,0.9746045038061966,15,30,1.0,0.15306122448979592,0.3333333333333333
ensemble-veto-eb05dual-nbtrend-1,0.9680812948290297,15,31,1.0,0.15816326530612246,0.32608695652173914
ensemble-veto-eb05dual-nbtrend-1,0.9510977800728782,15,32,1.0,0.16326530612244897,0.3191489361702128
ensemble-veto-eb05dual-nbtrend-1,0.9370004471358022,15,33,1.0,0.1683673469387755,0.3125
ensemble-veto-eb05dual-nbtrend-1,0.9360476681698644,15,34,1.0,0.17346938775510204,0.30612244897959184
ensemble-veto-eb05dual-nbtrend-1,0.9167313600945417,15,35,1.0,0.17857142857142858,0.3
ensemble-veto-eb05dual-nbtrend-1,0.9140089983583017,15,37,1.0,0.18877551020408162,0.28846153846153844
ensemble-veto-eb05dual-nbtrend-1,0.9125558609140132,15,38,1.0,0.19387755102040816,0.2830188679245283
ensemble-veto-eb05dual-nbtrend-1,0.9108442166909632,15,39,1.0,0.1989795918367347,0.2777777777777778
ensemble-veto-eb05dual-nbtrend-1,0.9042456046014894,15,40,1.0,0.20408163265306123,0.2727272727272727
ensemble-veto-eb05dual-nbtrend-1,0.9029350662163615,15,41,1.0,0.20918367346938777,0.26785714285714285
ensemble-veto-eb05dual-nbtrend-1,0.8987364805367389,15,42,1.0,0.21428571428571427,0.2631578947368421
ensemble-veto-eb05dual-nbtrend-1,0.8881567102303871,15,43,1.0,0.2193877551020408,0.25862068965517243
ensemble-veto-eb05dual-nbtrend-1,0.8661700696206408,15,45,1.0,0.22959183673469388,0.25
ensemble-veto-eb05dual-nbtrend-1,0.8641788218722698,15,46,1.0,0.23469387755102042,0.2459016393442623
ensemble-veto-eb05dual-nbtrend-1,0.8619603022723386,15,47,1.0,0.23979591836734693,0.24193548387096775
ensemble-veto-eb05dual-nbtrend-1,0.8401308896816225,15,48,1.0,0.24489795918367346,0.23809523809523808
ensemble-veto-eb05dual-nbtrend-1,0.8303193816830439,15,49,1.0,0.25,0.234375
ensemble-veto-eb05dual-nbtrend-1,0.8228099407245578,15,50,1.0,0.25510204081632654,0.23076923076923078
ensemble-veto-eb05dual-nbtrend-1,0.8118262116487973,15,53,1.0,0.27040816326530615,0.22058823529411764
ensemble-veto-eb05dual-nbtrend-1,0.8106977562527583,15,55,1.0,0.28061224489795916,0.21428571428571427
ensemble-veto-eb05dual-nbtrend-1,0.8066264041063436,15,56,1.0,0.2857142857142857,0.2112676056338028
ensemble-veto-eb05dual-nbtrend-1,0.8053799188068091,15,57,1.0,0.29081632653061223,0.20833333333333334
ensemble-veto-eb05dual-nbtrend-1,0.8018510199792735,15,58,1.0,0.29591836734693877,0.2054794520547945
ensemble-veto-eb05dual-nbtrend-1,0.7970604787464367,15,60,1.0,0.30612244897959184,0.2
ensemble-veto-eb05dual-nbtrend-1,0.7481777617058367,15,61,1.0,0.3112244897959184,0.19736842105263158
ensemble-veto-eb05dual-nbtrend-1,0.7477924853169899,15,62,1.0,0.3163265306122449,0.19480519480519481
ensemble-veto-eb05dual-nbtrend-1,0.7354558774002936,15,63,1.0,0.32142857142857145,0.19230769230769232
ensemble-veto-eb05dual-nbtrend-1,0.731935007389709,15,64,1.0,0.32653061224489793,0.189873417721519
ensemble-veto-eb05dual-nbtrend-1,0.72937828390613,15,66,1.0,0.336734693877551,0.18518518518518517
ensemble-veto-eb05dual-nbtrend-1,0.7286161968423641,15,70,1.0,0.35714285714285715,0.17647058823529413
ensemble-veto-eb05dual-nbtrend-1,0.7015588120393262,15,71,1.0,0.3622448979591837,0.1744186046511628
ensemble-veto-eb05dual-nbtrend-1,0.6868142129970327,15,72,1.0,0.3673469387755102,0.1724137931034483
ensemble-veto-eb05dual-nbtrend-1,0.6647889553378232,15,75,1.0,0.3826530612244898,0.16666666666666666
ensemble-veto-eb05dual-nbtrend-1,0.6629704084837282,15,76,1.0,0.3877551020408163,0.16483516483516483
ensemble-veto-eb05dual-nbtrend-1,0.6582733165373886,15,77,1.0,0.39285714285714285,0.16304347826086957
ensemble-veto-eb05dual-nbtrend-1,0.6477013578505277,15,78,1.0,0.3979591836734694,0.16129032258064516
ensemble-veto-eb05dual-nbtrend-1,0.6369248108374372,15,79,1.0,0.4030612244897959,0.1595744680851064
ensemble-veto-eb05dual-nbtrend-1,0.6291631875966989,15,80,1.0,0.40816326530612246,0.15789473684210525
ensemble-veto-eb05dual-nbtrend-1,0.6282616234411877,15,81,1.0,0.413265306122449,0.15625
ensemble-veto-eb05dual-nbtrend-1,0.6236258957409512,15,84,1.0,0.42857142857142855,0.15151515151515152
ensemble-veto-eb05dual-nbtrend-1,0.623618769237029,15,85,1.0,0.4336734693877551,0.15
ensemble-veto-eb05dual-nbtrend-1,0.6204757545200171,15,86,1.0,0.4387755102040816,0.1485148514851485
ensemble-veto-eb05dual-nbtrend-1,0.6101318432901172,15,87,1.0,0.44387755102040816,0.14705882352941177
ensemble-veto-eb05dual-nbtrend-1,0.6079142394794731,15,88,1.0,0.4489795918367347,0.14563106796116504
ensemble-veto-eb05dual-nbtrend-1,0.6020952841361397,15,89,1.0,0.45408163265306123,0.14423076923076922
ensemble-veto-eb05dual-nbtrend-1,0.6010332609175805,15,90,1.0,0.45918367346938777,0.14285714285714285
ensemble-veto-eb05dual-nbtrend-1,0.5848253634835856,15,91,1.0,0.4642857142857143,0.14150943396226415
ensemble-veto-eb05dual-nbtrend-1,0.5817411338029987,15,92,1.0,0.46938775510204084,0.14018691588785046
ensemble-veto-eb05dual-nbtrend-1,0.5526334503401011,15,93,1.0,0.4744897959183674,0.1388888888888889
ensemble-veto-eb05dual-nbtrend-1,0.529970846634502,15,94,1.0,0.47959183673469385,0.13761467889908258
ensemble-veto-eb05dual-nbtrend-1,0.5192324292856301,15,95,1.0,0.4846938775510204,0.13636363636363635
ensemble-veto-eb05dual-nbtrend-1,0.5158612838355511,15,96,1.0,0.4897959183673469,0.13513513513513514
ensemble-veto-eb05dual-nbtrend-1,0.5115815447874046,15,97,1.0,0.49489795918367346,0.13392857142857142
ensemble-veto-eb05dual-nbtrend-1,0.5100740546864814,15,99,1.0,0.5051020408163265,0.13157894736842105
ensemble-veto-eb05dual-nbtrend-1,0.5087576304865843,15,100,1.0,0.5102040816326531,0.13043478260869565
ensemble-veto-eb05dual-nbtrend-1,0.507977557389934,15,101,1.0,0.5153061224489796,0.12931034482758622
ensemble-veto-eb05dual-nbtrend-1,0.4976331426944023,15,102,1.0,0.5204081632653061,0.1282051282051282
ensemble-veto-eb05dual-nbtrend-1,0.4807008146741205,15,105,1.0,0.5357142857142857,0.125
ensemble-veto-eb05dual-nbtrend-1,0.46012739437763617,15,106,1.0,0.5408163265306123,0.12396694214876033
ensemble-veto-eb05dual-nbtrend-1,0.45157875928255214,15,108,1.0,0.5510204081632653,0.12195121951219512
ensemble-veto-eb05dual-nbtrend-1,0.4332776263334899,15,110,1.0,0.5612244897959183,0.12
ensemble-veto-eb05dual-nbtrend-1,0.4098487288800601,15,111,1.0,0.5663265306122449,0.11904761904761904
ensemble-veto-eb05dual-nbtrend-1,0.25506464888341857,15,112,1.0,0.5714285714285714,0.11811023622047244
ensemble-veto-eb05dual-nbtrend-1,0.0,15,196,1.0,1.0,0.07109004739336493
ensemble-veto-nbtrend-ears-0,inf,0,0,0.0,0.0,
ensemble-veto-nbtrend-ears-0,13.899986498491657,1,0,0.06666666666666667,0.0,1.0
ensemble-veto-nbtrend-ears-0,5.575850397541355,2,0,0.13333333333333333,0.0,1.0
ensemble-veto-nbtrend-ears-0,5.097012080455607,2,1,0.13333333333333333,0.00510204081632653,0.6666666666666666
ensemble-veto-nbtrend-ears-0,4.7091466702823706,2,2,0.13333333333333333,0.01020408163265306,0.5
ensemble-veto-nbtrend-ears-0,4.554947937565841,3,2,0.2,0.01020408163265306,0.6
ensemble-veto-nbtrend-ears-0,4.007914958672783,4,2,0.26666666666666666,0.01020408163265306,0.6666666666666666
ensemble-veto-nbtrend-ears-0,3.586853860298587,5,2,0.3333333333333333,0.01020408163265306,0.7142857142857143
ensemble-veto-nbtrend-ears-0,3.434148505084059,6,2,0.4,0.01020408163265306,0.75
ensemble-veto-nbtrend-ears-0,3.298681489346253,7,2,0.4666666666666667,0.01020408163265306,0.7777777777777778
ensemble-veto-nbtrend-ears-0,3.1149162028420387,8,2,0.5333333333333333,0.01020408163265306,0.8
ensemble-veto-nbtrend-ears-0,3.0449148030928774,9,2,0.6,0.01020408163265306,0.8181818181818182
ensemble-veto-nbtrend-ears-0,2.9895618191275712,10,2,0.6666666666666666,0.01020408163265306,0.8333333333333334
ensemble-veto-nbtrend-ears-0,2.9600099814224308,10,3,0.6666666666666666,0.015306122448979591,0.7692307692307693
ensemble-veto-nbtrend-ears-0,2.819719330818754,11,3,0.7333333333333333,0.015306122448979591,0.7857142857142857
ensemble-veto-nbtrend-ears-0,2.683056007742036,11,4,0.7333333333333333,0.02040816326530612,0.7333333333333333
ensemble-veto-nbtrend-ears-0,2.651161535197034,11,5,0.7333333333333333,0.025510204081632654,0.6875
ensemble-veto-nbtrend-ears-0,2.5834039036694225,12,5,0.8,0.025510204081632654,0.7058823529411765
ensemble-veto-nbtrend-ears-0,2.5143190416455705,13,5,0.8666666666666667,0.025510204081632654,0.7222222222222222
ensemble-veto-nbtrend-ears-0,2.459800219953717,13,6,0.8666666666666667,0.030612244897959183,0.6842105263157895
ensemble-veto-nbtrend-ears-0,2.424311629190301,14,6,0.9333333333333333,0.030612244897959183,0.7
ensemble-veto-nbtrend-ears-0,2.3032059479504774,14,7,0.9333333333333333,0.03571428571428571,0.6666666666666666
ensemble-veto-nbtrend-ears-0,2.1861568037705896,14,8,0.9333333333333333,0.04081632653061224,0.6363636363636364
ensemble-veto-nbtrend-ears-0,2.14577683203429,14,9,0.9333333333333333,0.04591836734693878,0.6086956521739131
ensemble-veto-nbtrend-ears-0,2.117155755714946,14,10,0.9333333333333333,0.05102040816326531,0.5833333333333334
ensemble-veto-nbtrend-ears-0,2.0916187059802755,14,11,0.9333333333333333,0.05612244897959184,0.56
ensemble-veto-nbtrend-ears-0,2.0900547144360058,14,12,0.9333333333333333,0.061224489795918366,0.5384615384615384
ensemble-veto-nbtrend-ears-0,2.082864643278574,14,13,0.9333333333333333,0.0663265306122449,0.5185185185185185
ensemble-veto-nbtrend-ears-0,2.07934172180605,14,14,0.9333333333333333,0.07142857142857142,0.5
ensemble-veto-nbtrend-ears-0,2.065217551411349,14,15,0.9333333333333333,0.07653061224489796,0.4827586206896552
ensemble-veto-nbtrend-ears-0,1.9499852136796065,14,16,0.9333333333333333,0.08163265306122448,0.4666666666666667
ensemble-veto-nbtrend-ears-0,1.9371587736631761,14,17,0.9333333333333333,0.08673469387755102,0.45161290322580644
ensemble-veto-nbtrend-ears-0,1.914315325712685,14,18,0.9333333333333333,0.09183673469387756,0.4375
ensemble-veto-nbtrend-ears-0,1.9021101879744957,14,19,0.9333333333333333,0.09693877551020408,0.42424242424242425
ensemble-veto-nbtrend-ears-0,1.8996712257928232,14,20,0.9333333333333333,0.10204081632653061,0.4117647058823529
ensemble-veto-nbtrend-ears-0,1.8962981816804605,14,21,0.9333333333333333,0.10714285714285714,0.4
ensemble-veto-nbtrend-ears-0,1.887747714037116,14,22,0.9333333333333333,0.11224489795918367,0.3888888888888889
ensemble-veto-nbtrend-ears-0,1.887432820505,14,23,0.9333333333333333,0.11734693877551021,0.3783783783783784
ensemble-veto-nbtrend-ears-0,1.8853504544091177,14,24,0.9333333333333333,0.12244897959183673,0.3684210526315789
ensemble-veto-nbtrend-ears-0,1.8644932877682665,14,25,0.9333333333333333,0.12755102040816327,0.358974358974359
ensemble-veto-nbtrend-ears-0,1.788300703640213,14,26,0.9333333333333333,0.1326530612244898,0.35
ensemble-veto-nbtrend-ears-0,1.7710982847059975,14,27,0.9333333333333333,0.1377551020408163,0.34146341463414637
ensemble-veto-nbtrend-ears-0,1.7101041359456108,14,28,0.9333333333333333,0.14285714285714285,0.3333333333333333
ensemble-veto-nbtrend-ears-0,1.7092610171109919,14,29,0.9333333333333333,0.14795918367346939,0.32558139534883723
ensemble-veto-nbtrend-ears-0,1.708512212453876,14,30,0.9333333333333333,0.15306122448979592,0.3181818181818182
ensemble-veto-nbtrend-ears-0,1.7070425040845059,14,31,0.9333333333333333,0.15816326530612246,0.3111111111111111
ensemble-veto-nbtrend-ears-0,1.7054212147346404,14,32,0.9333333333333333,0.16326530612244897,0.30434782608695654
ensemble-veto-nbtrend-ears-0,1.6990413998581642,14,33,0.9333333333333333,0.1683673469387755,0.2978723404255319
ensemble-veto-nbtrend-ears-0,1.6965436493976056,14,34,0.9333333333333333,0.17346938775510204,0.2916666666666667
ensemble-veto-nbtrend-ears-0,1.6857035887951992,14,35,0.9333333333333333,0.17857142857142858,0.2857142857142857
ensemble-veto-nbtrend-ears-0,1.6848918834424609,14,36,0.9333333333333333,0.1836734693877551,0.28
ensemble-veto-nbtrend-ears-0,1.6830422455206664,14,37,0.9333333333333333,0.18877551020408162,0.27450980392156865
ensemble-veto-nbtrend-ears-0,1.657737276285132,14,38,0.9333333333333333,0.19387755102040816,0.2692307692307692
ensemble-veto-nbtrend-ears-0,1.657277407291041,14,39,0.9333333333333333,0.1989795918367347,0.2641509433962264
ensemble-veto-nbtrend-ears-0,1.6328316723170044,14,40,0.9333333333333333,0.20408163265306123,0.25925925925925924
ensemble-veto-nbtrend-ears-0,1.6315617286908246,14,41,0.9333333333333333,0.20918367346938777,0.2545454545454545
ensemble-veto-nbtrend-ears-0,1.605855207154047,14,42,0.9333333333333333,0.21428571428571427,0.25
ensemble-veto-nbtrend-ears-0,1.5883864863691082,14,43,0.9333333333333333,0.2193877551020408,0.24561403508771928
ensemble-veto-nbtrend-ears-0,1.5777514993707835,14,44,0.9333333333333333,0.22448979591836735,0.2413793103448276
ensemble-veto-nbtrend-ears-0,1.5709958838237887,15,44,1.0,0.22448979591836735,0.2542372881355932
ensemble-veto-nbtrend-ears-0,1.55979521608914,15,45,1.0,0.22959183673469388,0.25
ensemble-veto-nbtrend-ears-0,1.5207138919384402,15,46,1.0,0.23469387755102042,0.2459016393442623
ensemble-veto-nbtrend-ears-0,1.5094246952302925,15,47,1.0,0.23979591836734693,0.24193548387096775
ensemble-veto-nbtrend-ears-0,1.4952085324434765,15,48,1.0,0.24489795918367346,0.23809523809523808
ensemble-veto-nbtrend-ears-0,1.4814692477914073,15,49,1.0,0.25,0.234375
ensemble-veto-nbtrend-ears-0,1.4552927830311901,15,50,1.0,0.25510204081632654,0.23076923076923078
ensemble-veto-nbtrend-ears-0,1.455292783031189,15,51,1.0,0.2602040816326531,0.22727272727272727
ensemble-veto-nbtrend-ears-0,1.453935650332394,15,52,1.0,0.2653061224489796,0.22388059701492538
ensemble-veto-nbtrend-ears-0,1.4273279716422167,15,53,1.0,0.27040816326530615,0.22058823529411764
ensemble-veto-nbtrend-ears-0,1.422589331000779,15,55,1.0,0.28061224489795916,0.21428571428571427
ensemble-veto-nbtrend-ears-0,1.4199810286642318,15,56,1.0,0.2857142857142857,0.2112676056338028
ensemble-veto-nbtrend-ears-0,1.4088310480154154,15,57,1.0,0.29081632653061223,0.20833333333333334
ensemble-veto-nbtrend-ears-0,1.4070917649901613,15,58,1.0,0.29591836734693877,0.2054794520547945
ensemble-veto-nbtrend-ears-0,1.4058941021056997,15,59,1.0,0.3010204081632653,0.20270270270270271
ensemble-veto-nbtrend-ears-0,1.4046739822203358,15,60,1.0,0.30612244897959184,0.2
ensemble-veto-nbtrend-ears-0,1.4040531000927678,15,61,1.0,0.3112244897959184,0.19736842105263158
ensemble-veto-nbtrend-ears-0,1.3990615782891014,15,62,1.0,0.3163265306122449,0.19480519480519481
ensemble-veto-nbtrend-ears-0,1.3856138850148967,15,63,1.0,0.32142857142857145,0.19230769230769232
ensemble-veto-nbtrend-ears-0,1.3821497484785383,15,64,1.0,0.32653061224489793,0.189873417721519
ensemble-veto-nbtrend-ears-0,1.3709858376426716,15,65,1.0,0.33163265306122447,0.1875
ensemble-veto-nbtrend-ears-0,1.3664739348924462,15,66,1.0,0.336734693877551,0.18518518518518517
ensemble-veto-nbtrend-ears-0,1.34239670911373,15,67,1.0,0.34183673469387754,0.18292682926829268
ensemble-veto-nbtrend-ears-0,1.3281836165983907,15,68,1.0,0.3469387755102041,0.18072289156626506
ensemble-veto-nbtrend-ears-0,1.316551441822512,15,69,1.0,0.3520408163265306,0.17857142857142858
ensemble-veto-nbtrend-ears-0,1.3151102737789493,15,70,1.0,0.35714285714285715,0.17647058823529413
ensemble-veto-nbtrend-ears-0,1.3142222241903392,15,71,1.0,0.3622448979591837,0.1744186046511628
ensemble-veto-nbtrend-ears-0,1.3124494608825856,15,72,1.0,0.3673469387755102,0.1724137931034483
ensemble-veto-nbtrend-ears-0,1.3054379407820937,15,73,1.0,0.37244897959183676,0.17045454545454544
ensemble-veto-nbtrend-ears-0,1.3003000578116055,15,74,1.0,0.37755102040816324,0.16853932584269662
ensemble-veto-nbtrend-ears-0,1.2992447003825347,15,75,1.0,0.3826530612244898,0.16666666666666666
ensemble-veto-nbtrend-ears-0,1.2850091202118041,15,76,1.0,0.3877551020408163,0.16483516483516483
ensemble-veto-nbtrend-ears-0,1.2820442053440244,15,78,1.0,0.3979591836734694,0.16129032258064516
ensemble-veto-nbtrend-ears-0,1.2818362085510921,15,79,1.0,0.4030612244897959,0.1595744680851064
ensemble-veto-nbtrend-ears-0,1.279699411070507,15,80,1.0,0.40816326530612246,0.15789473684210525
ensemble-veto-nbtrend-ears-0,1.2759980945133933,15,81,1.0,0.413265306122449,0.15625
ensemble-veto-nbtrend-ears-0,1.2727449182367283,15,82,1.0,0.41836734693877553,0.15463917525773196
ensemble-veto-nbtrend-ears-0,1.2653854209218376,15,83,1.0,0.42346938775510207,0.15306122448979592
ensemble-veto-nbtrend-ears-0,1.2639824122281058,15,84,1.0,0.42857142857142855,0.15151515151515152
ensemble-veto-nbtrend-ears-0,1.2531246637644502,15,85,1.0,0.4336734693877551,0.15
ensemble-veto-nbtrend-ears-0,1.2437042801285858,15,86,1.0,0.4387755102040816,0.1485148514851485
ensemble-veto-nbtrend-ears-0,1.240971489430195,15,87,1.0,0.44387755102040816,0.14705882352941177
ensemble-veto-nbtrend-ears-0,1.2408609609871002,15,88,1.0,0.4489795918367347,0.14563106796116504
ensemble-veto-nbtrend-ears-0,1.2397199109049641,15,89,1.0,0.45408163265306123,0.14423076923076922
ensemble-veto-nbtrend-ears-0,1.21305011218245,15,90,1.0,0.45918367346938777,0.14285714285714285
ensemble-veto-nbtrend-ears-0,1.2062185038208484,15,91,1.0,0.4642857142857143,0.14150943396226415
ensemble-veto-nbtrend-ears-0,1.191817634889019,15,92,1.0,0.46938775510204084,0.14018691588785046
ensemble-veto-nbtrend-ears-0,1.1900274036778773,15,93,1.0,0.4744897959183674,0.1388888888888889
ensemble-veto-nbtrend-ears-0,1.188429288565709,15,94,1.0,0.47959183673469385,0.13761467889908258
ensemble-veto-nbtrend-ears-0,1.171872092685481,15,95,1.0,0.4846938775510204,0.13636363636363635
ensemble-veto-nbtrend-ears-0,1.167892309460641,15,96,1.0,0.4897959183673469,0.13513513513513514
ensemble-veto-nbtrend-ears-0,1.1569658533898952,15,97,1.0,0.49489795918367346,0.13392857142857142
ensemble-veto-nbtrend-ears-0,1.114523536045016,15,98,1.0,0.5,0.13274336283185842
ensemble-veto-nbtrend-ears-0,1.1063141293399412,15,99,1.0,0.5051020408163265,0.13157894736842105
ensemble-veto-nbtrend-ears-0,1.100107468135708,15,100,1.0,0.5102040816326531,0.13043478260869565
ensemble-veto-nbtrend-ears-0,1.0729157783044667,15,101,1.0,0.5153061224489796,0.12931034482758622
ensemble-veto-nbtrend-ears-0,1.040750317198446,15,103,1.0,0.5255102040816326,0.1271186440677966
ensemble-veto-nbtrend-ears-0,1.0295978916156285,15,104,1.0,0.5306122448979592,0.12605042016806722
ensemble-veto-nbtrend-ears-0,1.0280168756963979,15,106,1.0,0.5408163265306123,0.12396694214876033
ensemble-veto-nbtrend-ears-0,1.0106079830826944,15,107,1.0,0.5459183673469388,0.12295081967213115
ensemble-veto-nbtrend-ears-0,1.0092732952170504,15,110,1.0,0.5612244897959183,0.12
ensemble-veto-nbtrend-ears-0,1.0083255982392592,15,111,1.0,0.5663265306122449,0.11904761904761904
ensemble-veto-nbtrend-ears-0,1.0059225698998489,15,112,1.0,0.5714285714285714,0.11811023622047244
ensemble-veto-nbtrend-ears-0,0.9919527104495821,15,114,1.0,0.5816326530612245,0.11627906976744186
ensemble-veto-nbtrend-ears-0,0.9882604413167976,15,117,1.0,0.5969387755102041,0.11363636363636363
ensemble-veto-nbtrend-ears-0,0.9855614578327048,15,118,1.0,0.6020408163265306,0.11278195488721804
ensemble-veto-nbtrend-ears-0,0.976933827525379,15,119,1.0,0.6071428571428571,0.11194029850746269
ensemble-veto-nbtrend-ears-0,0.9741831673068512,15,121,1.0,0.6173469387755102,0.11029411764705882
ensemble-veto-nbtrend-ears-0,0.9694333884510091,15,122,1.0,0.6224489795918368,0.10948905109489052
ensemble-veto-nbtrend-ears-0,0.9499744716787967,15,123,1.0,0.6275510204081632,0.10869565217391304
ensemble-veto-nbtrend-ears-0,0.9492178211581097,15,127,1.0,0.6479591836734694,0.1056338028169014
ensemble-veto-nbtrend-ears-0,0.9419826098667854,15,128,1.0,0.6530612244897959,0.1048951048951049
ensemble-veto-nbtrend-ears-0,0.939167647505542,15,130,1.0,0.6632653061224489,0.10344827586206896
ensemble-veto-nbtrend-ears-0,0.935757791728415,15,132,1.0,0.673469387755102,0.10204081632653061
ensemble-veto-nbtrend-ears-0,0.9325091410717251,15,133,1.0,0.6785714285714286,0.10135135135135136
ensemble-veto-nbtrend-ears-0,0.9296963256677809,15,136,1.0,0.6938775510204082,0.09933774834437085
ensemble-veto-nbtrend-ears-0,0.9280419182732332,15,137,1.0,0.6989795918367347,0.09868421052631579
ensemble-veto-nbtrend-ears-0,0.927321941956274,15,144,1.0,0.7346938775510204,0.09433962264150944
ensemble-veto-nbtrend-ears-0,0.926603915503584,15,145,1.0,0.7397959183673469,0.09375
ensemble-veto-nbtrend-ears-0,0.9243004793660899,15,148,1.0,0.7551020408163265,0.09202453987730061
ensemble-veto-nbtrend-ears-0,0.92214504413183,15,151,1.0,0.7704081632653061,0.09036144578313253
ensemble-veto-nbtrend-ears-0,0.9180782551801663,15,152,1.0,0.7755102040816326,0.08982035928143713
ensemble-veto-nbtrend-ears-0,0.9168259306336513,15,153,1.0,0.7806122448979592,0.08928571428571429
ensemble-veto-nbtrend-ears-0,0.9128249584720365,15,154,1.0,0.7857142857142857,0.08875739644970414
ensemble-veto-nbtrend-ears-0,0.9122604180265992,15,157,1.0,0.8010204081632653,0.0872093023255814
ensemble-veto-nbtrend-ears-0,0.9084197501991644,15,158,1.0,0.8061224489795918,0.08670520231213873
ensemble-veto-nbtrend-ears-0,0.9046913123411757,15,159,1.0,0.8112244897959183,0.08620689655172414
ensemble-veto-nbtrend-ears-0,0.9002059567230971,15,161,1.0,0.8214285714285714,0.08522727272727272
ensemble-veto-nbtrend-ears-0,0.8994084867674325,15,163,1.0,0.8316326530612245,0.08426966292134831
ensemble-veto-nbtrend-ears-0,0.898033644442547,15,164,1.0,0.8367346938775511,0.08379888268156424
ensemble-veto-nbtrend-ears-0,0.8952647944202682,15,166,1.0,0.8469387755102041,0.08287292817679558
ensemble-veto-nbtrend-ears-0,0.892369687416251,15,169,1.0,0.8622448979591837,0.08152173913043478
ensemble-veto-nbtrend-ears-0,0.8922116942089597,15,170,1.0,0.8673469387755102,0.08108108108108109
ensemble-veto-nbtrend-ears-0,0.8897838401432812,15,171,1.0,0.8724489795918368,0.08064516129032258
ensemble-veto-nbtrend-ears-0,0.8794317329093814,15,176,1.0,0.8979591836734694,0.07853403141361257
ensemble-veto-nbtrend-ears-0,0.8744975704355816,15,177,1.0,0.9030612244897959,0.078125
ensemble-veto-nbtrend-ears-0,0.8577559622286937,15,178,1.0,0.9081632653061225,0.07772020725388601
ensemble-veto-nbtrend-ears-0,0.7996476038738435,15,182,1.0,0.9285714285714286,0.07614213197969544
ensemble-veto-nbtrend-ears-0,0.7891883392288846,15,183,1.0,0.9336734693877551,0.07575757575757576
ensemble-veto-nbtrend-ears-0,0.6227234891961665,15,186,1.0,0.9489795918367347,0.07462686567164178
ensemble-veto-nbtrend-ears-0,0.5850407987713573,15,187,1.0,0.9540816326530612,0.07425742574257425
ensemble-veto-nbtrend-ears-0,0.011831936230122048,15,189,1.0,0.9642857142857143,0.07352941176470588
ensemble-veto-nbtrend-ears-0,0.0,15,196,1.0,1.0,0.07109004739336493
ensemble-veto-nbtrend-ears-1,inf,0,0,0.0,0.0,
ensemble-veto-nbtrend-ears-1,13.899986498491657,1,0,0.06666666666666667,0.0,1.0
ensemble-veto-nbtrend-ears-1,5.575850397541355,2,0,0.13333333333333333,0.0,1.0
ensemble-veto-nbtrend-ears-1,5.097012080455607,2,1,0.13333333333333333,0.00510204081632653,0.6666666666666666
ensemble-veto-nbtrend-ears-1,4.7091466702823706,2,2,0.13333333333333333,0.01020408163265306,0.5
ensemble-veto-nbtrend-ears-1,4.554947937565841,3,2,0.2,0.01020408163265306,0.6
ensemble-veto-nbtrend-ears-1,4.007914958672783,4,2,0.26666666666666666,0.01020408163265306,0.6666666666666666
ensemble-veto-nbtrend-ears-1,3.586853860298587,5,2,0.3333333333333333,0.01020408163265306,0.7142857142857143
ensemble-veto-nbtrend-ears-1,3.434148505084059,6,2,0.4,0.01020408163265306,0.75
ensemble-veto-nbtrend-ears-1,3.298681489346253,7,2,0.4666666666666667,0.01020408163265306,0.7777777777777778
ensemble-veto-nbtrend-ears-1,3.1149162028420387,8,2,0.5333333333333333,0.01020408163265306,0.8
ensemble-veto-nbtrend-ears-1,3.0449148030928774,9,2,0.6,0.01020408163265306,0.8181818181818182
ensemble-veto-nbtrend-ears-1,2.9895618191275712,10,2,0.6666666666666666,0.01020408163265306,0.8333333333333334
ensemble-veto-nbtrend-ears-1,2.9600099814224308,10,3,0.6666666666666666,0.015306122448979591,0.7692307692307693
ensemble-veto-nbtrend-ears-1,2.819719330818754,11,3,0.7333333333333333,0.015306122448979591,0.7857142857142857
ensemble-veto-nbtrend-ears-1,2.683056007742036,11,4,0.7333333333333333,0.02040816326530612,0.7333333333333333
ensemble-veto-nbtrend-ears-1,2.651161535197034,11,5,0.7333333333333333,0.025510204081632654,0.6875
ensemble-veto-nbtrend-ears-1,2.5834039036694225,12,5,0.8,0.025510204081632654,0.7058823529411765
ensemble-veto-nbtrend-ears-1,2.5143190416455705,13,5,0.8666666666666667,0.025510204081632654,0.7222222222222222
ensemble-veto-nbtrend-ears-1,2.459800219953717,13,6,0.8666666666666667,0.030612244897959183,0.6842105263157895
ensemble-veto-nbtrend-ears-1,2.424311629190301,14,6,0.9333333333333333,0.030612244897959183,0.7
ensemble-veto-nbtrend-ears-1,2.3032059479504774,14,7,0.9333333333333333,0.03571428571428571,0.6666666666666666
ensemble-veto-nbtrend-ears-1,2.1861568037705896,14,8,0.9333333333333333,0.04081632653061224,0.6363636363636364
ensemble-veto-nbtrend-ears-1,2.14577683203429,14,9,0.9333333333333333,0.04591836734693878,0.6086956521739131
ensemble-veto-nbtrend-ears-1,2.117155755714946,14,10,0.9333333333333333,0.05102040816326531,0.5833333333333334
ensemble-veto-nbtrend-ears-1,2.082864643278574,14,11,0.9333333333333333,0.05612244897959184,0.56
ensemble-veto-nbtrend-ears-1,2.065217551411349,14,12,0.9333333333333333,0.061224489795918366,0.5384615384615384
ensemble-veto-nbtrend-ears-1,1.9499852136796065,14,13,0.9333333333333333,0.0663265306122449,0.5185185185185185
ensemble-veto-nbtrend-ears-1,1.9371587736631761,14,14,0.9333333333333333,0.07142857142857142,0.5
ensemble-veto-nbtrend-ears-1,1.914315325712685,14,15,0.9333333333333333,0.07653061224489796,0.4827586206896552
ensemble-veto-nbtrend-ears-1,1.9021101879744957,14,16,0.9333333333333333,0.08163265306122448,0.4666666666666667
ensemble-veto-nbtrend-ears-1,1.8996712257928232,14,17,0.9333333333333333,0.08673469387755102,0.45161290322580644
ensemble-veto-nbtrend-ears-1,1.8962981816804605,14,18,0.9333333333333333,0.09183673469387756,0.4375
ensemble-veto-nbtrend-ears-1,1.887747714037116,14,19,0.9333333333333333,0.09693877551020408,0.42424242424242425
ensemble-veto-nbtrend-ears-1,1.887432820505,14,20,0.9333333333333333,0.10204081632653061,0.4117647058823529
ensemble-veto-nbtrend-ears-1,1.8853504544091177,14,21,0.9333333333333333,0.10714285714285714,0.4
ensemble-veto-nbtrend-ears-1,1.8644932877682665,14,22,0.9333333333333333,0.11224489795918367,0.3888888888888889
ensemble-veto-nbtrend-ears-1,1.783500709305659,14,23,0.9333333333333333,0.11734693877551021,0.3783783783783784
ensemble-veto-nbtrend-ears-1,1.708512212453876,14,24,0.9333333333333333,0.12244897959183673,0.3684210526315789
ensemble-veto-nbtrend-ears-1,1.7070425040845059,14,25,0.9333333333333333,0.12755102040816327,0.358974358974359
ensemble-veto-nbtrend-ears-1,1.7054212147346404,14,26,0.9333333333333333,0.1326530612244898,0.35
ensemble-veto-nbtrend-ears-1,1.7020309710078352,14,27,0.9333333333333333,0.1377551020408163,0.34146341463414637
ensemble-veto-nbtrend-ears-1,1.7003477860331189,14,28,0.9333333333333333,0.14285714285714285,0.3333333333333333
ensemble-veto-nbtrend-ears-1,1.6972263632176294,14,29,0.9333333333333333,0.14795918367346939,0.32558139534883723
ensemble-veto-nbtrend-ears-1,1.6905734060099822,14,30,0.9333333333333333,0.15306122448979592,0.3181818181818182
ensemble-veto-nbtrend-ears-1,1.6848918834424609,14,31,0.9333333333333333,0.15816326530612246,0.3111111111111111
ensemble-veto-nbtrend-ears-1,1.6830422455206664,14,32,0.9333333333333333,0.16326530612244897,0.30434782608695654
ensemble-veto-nbtrend-ears-1,1.657737276285132,14,33,0.9333333333333333,0.1683673469387755,0.2978723404255319
ensemble-veto-nbtrend-ears-1,1.657277407291041,14,34,0.9333333333333333,0.17346938775510204,0.2916666666666667
ensemble-veto-nbtrend-ears-1,1.6328316723170044,14,35,0.9333333333333333,0.17857142857142858,0.2857142857142857
ensemble-veto-nbtrend-ears-1,1.6315617286908246,14,36,0.9333333333333333,0.1836734693877551,0.28
ensemble-veto-nbtrend-ears-1,1.597564572150008,14,37,0.9333333333333333,0.18877551020408162,0.27450980392156865
ensemble-veto-nbtrend-ears-1,1.5777514993707835,14,38,0.9333333333333333,0.19387755102040816,0.2692307692307692
ensemble-veto-nbtrend-ears-1,1.5709958838237887,15,38,1.0,0.19387755102040816,0.2830188679245283
ensemble-veto-nbtrend-ears-1,1.55979521608914,15,39,1.0,0.1989795918367347,0.2777777777777778
ensemble-veto-nbtrend-ears-1,1.5207138919384402,15,40,1.0,0.20408163265306123,0.2727272727272727
ensemble-veto-nbtrend-ears-1,1.5148168308286123,15,41,1.0,0.20918367346938777,0.26785714285714285
ensemble-veto-nbtrend-ears-1,1.5094246952302925,15,42,1.0,0.21428571428571427,0.2631578947368421
ensemble-veto-nbtrend-ears-1,1.4952085324434765,15,43,1.0,0.2193877551020408,0.25862068965517243
ensemble-veto-nbtrend-ears-1,1.4764873996730812,15,44,1.0,0.22448979591836735,0.2542372881355932
ensemble-veto-nbtrend-ears-1,1.4552927830311901,15,45,1.0,0.22959183673469388,0.25
ensemble-veto-nbtrend-ears-1,1.4413232284236106,15,46,1.0,0.23469387755102042,0.2459016393442623
ensemble-veto-nbtrend-ears-1,1.4273279716422167,15,47,1.0,0.23979591836734693,0.24193548387096775
ensemble-veto-nbtrend-ears-1,1.422589331000779,15,49,1.0,0.25,0.234375
ensemble-veto-nbtrend-ears-1,1.4199810286642318,15,50,1.0,0.25510204081632654,0.23076923076923078
ensemble-veto-nbtrend-ears-1,1.4088310480154154,15,51,1.0,0.2602040816326531,0.22727272727272727
ensemble-veto-nbtrend-ears-1,1.4070917649901613,15,52,1.0,0.2653061224489796,0.22388059701492538
ensemble-veto-nbtrend-ears-1,1.4058941021056997,15,53,1.0,0.27040816326530615,0.22058823529411764
ensemble-veto-nbtrend-ears-1,1.4040531000927678,15,54,1.0,0.2755102040816326,0.21739130434782608
ensemble-veto-nbtrend-ears-1,1.4040531000927674,15,55,1.0,0.28061224489795916,0.21428571428571427
ensemble-veto-nbtrend-ears-1,1.3990615782891014,15,56,1.0,0.2857142857142857,0.2112676056338028
ensemble-veto-nbtrend-ears-1,1.3821497484785383,15,57,1.0,0.29081632653061223,0.20833333333333334
ensemble-veto-nbtrend-ears-1,1.2653854209218376,15,58,1.0,0.29591836734693877,0.2054794520547945
ensemble-veto-nbtrend-ears-1,1.222046325679779,15,59,1.0,0.3010204081632653,0.20270270270270271
ensemble-veto-nbtrend-ears-1,1.201591077513129,15,60,1.0,0.30612244897959184,0.2
ensemble-veto-nbtrend-ears-1,0.9546325519213615,15,61,1.0,0.3112244897959184,0.19736842105263158
ensemble-veto-nbtrend-ears-1,0.9046913123411757,15,62,1.0,0.3163265306122449,0.19480519480519481
ensemble-veto-nbtrend-ears-1,0.9018138804468502,15,63,1.0,0.32142857142857145,0.19230769230769232
ensemble-veto-nbtrend-ears-1,0.7967568754359603,15,64,1.0,0.32653061224489793,0.189873417721519
ensemble-veto-nbtrend-ears-1,0.7711277260133891,15,65,1.0,0.33163265306122447,0.1875
ensemble-veto-nbtrend-ears-1,0.48589119402709274,15,66,1.0,0.336734693877551,0.18518518518518517
ensemble-veto-nbtrend-ears-1,0.0,15,196,1.0,1.0,0.07109004739336493
ensemble-veto-v2role-nbtrend-1,inf,0,0,0.0,0.0,
ensemble-veto-v2role-nbtrend-1,8.676938047357218,1,0,0.06666666666666667,0.0,1.0
ensemble-veto-v2role-nbtrend-1,3.927020793329926,2,0,0.13333333333333333,0.0,1.0
ensemble-veto-v2role-nbtrend-1,3.9206246424491766,3,0,0.2,0.0,1.0
ensemble-veto-v2role-nbtrend-1,2.7231187185912598,4,0,0.26666666666666666,0.0,1.0
ensemble-veto-v2role-nbtrend-1,2.548525444981566,5,0,0.3333333333333333,0.0,1.0
ensemble-veto-v2role-nbtrend-1,2.3788737567665774,6,0,0.4,0.0,1.0
ensemble-veto-v2role-nbtrend-1,2.354932148668811,7,0,0.4666666666666667,0.0,1.0
ensemble-veto-v2role-nbtrend-1,2.3461440563249876,8,0,0.5333333333333333,0.0,1.0
ensemble-veto-v2role-nbtrend-1,2.3254005040076335,9,0,0.6,0.0,1.0
ensemble-veto-v2role-nbtrend-1,1.9711752294795593,10,0,0.6666666666666666,0.0,1.0
ensemble-veto-v2role-nbtrend-1,1.9568358407442608,11,0,0.7333333333333333,0.0,1.0
ensemble-veto-v2role-nbtrend-1,1.9466788565233841,11,1,0.7333333333333333,0.00510204081632653,0.9166666666666666
ensemble-veto-v2role-nbtrend-1,1.657071145850993,11,2,0.7333333333333333,0.01020408163265306,0.8461538461538461
ensemble-veto-v2role-nbtrend-1,1.476392046619934,11,3,0.7333333333333333,0.015306122448979591,0.7857142857142857
ensemble-veto-v2role-nbtrend-1,1.470779259227717,11,4,0.7333333333333333,0.02040816326530612,0.7333333333333333
ensemble-veto-v2role-nbtrend-1,1.4110884599927094,12,4,0.8,0.02040816326530612,0.75
ensemble-veto-v2role-nbtrend-1,1.395163952904052,12,5,0.8,0.025510204081632654,0.7058823529411765
ensemble-veto-v2role-nbtrend-1,1.3908680420453128,12,6,0.8,0.030612244897959183,0.6666666666666666
ensemble-veto-v2role-nbtrend-1,1.3559105046698108,12,7,0.8,0.03571428571428571,0.631578947368421
ensemble-veto-v2role-nbtrend-1,1.3346473489587325,12,8,0.8,0.04081632653061224,0.6
ensemble-veto-v2role-nbtrend-1,1.317130429182018,12,9,0.8,0.04591836734693878,0.5714285714285714
ensemble-veto-v2role-nbtrend-1,1.3127786050549013,12,10,0.8,0.05102040816326531,0.5454545454545454
ensemble-veto-v2role-nbtrend-1,1.2862482775327673,13,10,0.8666666666666667,0.05102040816326531,0.5652173913043478
ensemble-veto-v2role-nbtrend-1,1.2562568082344983,14,10,0.9333333333333333,0.05102040816326531,0.5833333333333334
ensemble-veto-v2role-nbtrend-1,1.2213957852646518,14,11,0.9333333333333333,0.05612244897959184,0.56
ensemble-veto-v2role-nbtrend-1,1.2148500143218126,14,12,0.9333333333333333,0.061224489795918366,0.5384615384615384
ensemble-veto-v2role-nbtrend-1,1.2091795234135536,14,13,0.9333333333333333,0.0663265306122449,0.5185185185185185
ensemble-veto-v2role-nbtrend-1,1.1919291167650903,14,14,0.9333333333333333,0.07142857142857142,0.5
ensemble-veto-v2role-nbtrend-1,1.1787167798290874,14,15,0.9333333333333333,0.07653061224489796,0.4827586206896552
ensemble-veto-v2role-nbtrend-1,1.1786405615501763,14,16,0.9333333333333333,0.08163265306122448,0.4666666666666667
ensemble-veto-v2role-nbtrend-1,1.143781030665814,14,17,0.9333333333333333,0.08673469387755102,0.45161290322580644
ensemble-veto-v2role-nbtrend-1,1.1028814714976443,14,18,0.9333333333333333,0.09183673469387756,0.4375
ensemble-veto-v2role-nbtrend-1,1.0993270728286546,14,19,0.9333333333333333,0.09693877551020408,0.42424242424242425
ensemble-veto-v2role-nbtrend-1,1.09330217620862,14,20,0.9333333333333333,0.10204081632653061,0.4117647058823529
ensemble-veto-v2role-nbtrend-1,1.0596629866930685,14,21,0.9333333333333333,0.10714285714285714,0.4
ensemble-veto-v2role-nbtrend-1,1.056600853356358,14,22,0.9333333333333333,0.11224489795918367,0.3888888888888889
ensemble-veto-v2role-nbtrend-1,1.0484989932982802,14,23,0.9333333333333333,0.11734693877551021,0.3783783783783784
ensemble-veto-v2role-nbtrend-1,1.0235533056044555,15,23,1.0,0.11734693877551021,0.39473684210526316
ensemble-veto-v2role-nbtrend-1,1.0060301672545928,15,24,1.0,0.12244897959183673,0.38461538461538464
ensemble-veto-v2role-nbtrend-1,0.9869580438044763,15,25,1.0,0.12755102040816327,0.375
ensemble-veto-v2role-nbtrend-1,0.9858604708066715,15,26,1.0,0.1326530612244898,0.36585365853658536
ensemble-veto-v2role-nbtrend-1,0.9806679945322582,15,27,1.0,0.1377551020408163,0.35714285714285715
ensemble-veto-v2role-nbtrend-1,0.9749187053858169,15,28,1.0,0.14285714285714285,0.3488372093023256
ensemble-veto-v2role-nbtrend-1,0.9595560965353955,15,29,1.0,0.14795918367346939,0.3409090909090909
ensemble-veto-v2role-nbtrend-1,0.9506127236842996,15,30,1.0,0.15306122448979592,0.3333333333333333
ensemble-veto-v2role-nbtrend-1,0.9322565707228584,15,31,1.0,0.15816326530612246,0.32608695652173914
ensemble-veto-v2role-nbtrend-1,0.9175449605254236,15,32,1.0,0.16326530612244897,0.3191489361702128
ensemble-veto-v2role-nbtrend-1,0.9093690355108557,15,34,1.0,0.17346938775510204,0.30612244897959184
ensemble-veto-v2role-nbtrend-1,0.9013200547987039,15,35,1.0,0.17857142857142858,0.3
ensemble-veto-v2role-nbtrend-1,0.8956752775085491,15,36,1.0,0.1836734693877551,0.29411764705882354
ensemble-veto-v2role-nbtrend-1,0.8752694385265469,15,37,1.0,0.18877551020408162,0.28846153846153844
ensemble-veto-v2role-nbtrend-1,0.8555885526401112,15,38,1.0,0.19387755102040816,0.2830188679245283
ensemble-veto-v2role-nbtrend-1,0.8538258854068096,15,39,1.0,0.1989795918367347,0.2777777777777778
ensemble-veto-v2role-nbtrend-1,0.8475960750056308,15,40,1.0,0.20408163265306123,0.2727272727272727
ensemble-veto-v2role-nbtrend-1,0.8441078324183334,15,41,1.0,0.20918367346938777,0.26785714285714285
ensemble-veto-v2role-nbtrend-1,0.8414514695876494,15,42,1.0,0.21428571428571427,0.2631578947368421
ensemble-veto-v2role-nbtrend-1,0.840283581610075,15,43,1.0,0.2193877551020408,0.25862068965517243
ensemble-veto-v2role-nbtrend-1,0.8284575256716448,15,45,1.0,0.22959183673469388,0.25
ensemble-veto-v2role-nbtrend-1,0.8266028305562624,15,46,1.0,0.23469387755102042,0.2459016393442623
ensemble-veto-v2role-nbtrend-1,0.8245554191521637,15,47,1.0,0.23979591836734693,0.24193548387096775
ensemble-veto-v2role-nbtrend-1,0.8210713373173306,15,48,1.0,0.24489795918367346,0.23809523809523808
ensemble-veto-v2role-nbtrend-1,0.8046144480174287,15,49,1.0,0.25,0.234375
ensemble-veto-v2role-nbtrend-1,0.7999003775590446,15,51,1.0,0.2602040816326531,0.22727272727272727
ensemble-veto-v2role-nbtrend-1,0.7955078869955647,15,52,1.0,0.2653061224489796,0.22388059701492538
ensemble-veto-v2role-nbtrend-1,0.7868068459341355,15,53,1.0,0.27040816326530615,0.22058823529411764
ensemble-veto-v2role-nbtrend-1,0.7491263408709219,15,54,1.0,0.2755102040816326,0.21739130434782608
ensemble-veto-v2role-nbtrend-1,0.7487104170720956,15,55,1.0,0.28061224489795916,0.21428571428571427
ensemble-veto-v2role-nbtrend-1,0.7443248831849896,15,56,1.0,0.2857142857142857,0.2112676056338028
ensemble-veto-v2role-nbtrend-1,0.743444202664614,15,57,1.0,0.29081632653061223,0.20833333333333334
ensemble-veto-v2role-nbtrend-1,0.7381482613626397,15,58,1.0,0.29591836734693877,0.2054794520547945
ensemble-veto-v2role-nbtrend-1,0.7290563856207242,15,59,1.0,0.3010204081632653,0.20270270270270271
ensemble-veto-v2role-nbtrend-1,0.7144743806347853,15,60,1.0,0.30612244897959184,0.2
ensemble-veto-v2role-nbtrend-1,0.7135913121012486,15,61,1.0,0.3112244897959184,0.19736842105263158
ensemble-veto-v2role-nbtrend-1,0.7038376303373954,15,63,1.0,0.32142857142857145,0.19230769230769232
ensemble-veto-v2role-nbtrend-1,0.7033563789511004,15,64,1.0,0.32653061224489793,0.189873417721519
ensemble-veto-v2role-nbtrend-1,0.7008687889689641,15,66,1.0,0.336734693877551,0.18518518518518517
ensemble-veto-v2role-nbtrend-1,0.6969744390158847,15,67,1.0,0.34183673469387754,0.18292682926829268
ensemble-veto-v2role-nbtrend-1,0.6881023737845062,15,69,1.0,0.3520408163265306,0.17857142857142858
ensemble-veto-v2role-nbtrend-1,0.6781470047101341,15,70,1.0,0.35714285714285715,0.17647058823529413
ensemble-veto-v2role-nbtrend-1,0.666255798694594,15,71,1.0,0.3622448979591837,0.1744186046511628
ensemble-veto-v2role-nbtrend-1,0.6612821843956094,15,72,1.0,0.3673469387755102,0.1724137931034483
ensemble-veto-v2role-nbtrend-1,0.6418967116038631,15,73,1.0,0.37244897959183676,0.17045454545454544
ensemble-veto-v2role-nbtrend-1,0.6372701248176508,15,74,1.0,0.37755102040816324,0.16853932584269662
ensemble-veto-v2role-nbtrend-1,0.6340853614600086,15,75,1.0,0.3826530612244898,0.16666666666666666
ensemble-veto-v2role-nbtrend-1,0.6146440872021164,15,76,1.0,0.3877551020408163,0.16483516483516483
ensemble-veto-v2role-nbtrend-1,0.5915013581173816,15,77,1.0,0.39285714285714285,0.16304347826086957
ensemble-veto-v2role-nbtrend-1,0.583874609117975,15,79,1.0,0.4030612244897959,0.1595744680851064
ensemble-veto-v2role-nbtrend-1,0.5834202753510126,15,82,1.0,0.41836734693877553,0.15463917525773196
ensemble-veto-v2role-nbtrend-1,0.5785493071580714,15,83,1.0,0.42346938775510207,0.15306122448979592
ensemble-veto-v2role-nbtrend-1,0.5761548306430145,15,84,1.0,0.42857142857142855,0.15151515151515152
ensemble-veto-v2role-nbtrend-1,0.5739215795642172,15,85,1.0,0.4336734693877551,0.15
ensemble-veto-v2role-nbtrend-1,0.5728088172677278,15,86,1.0,0.4387755102040816,0.1485148514851485
ensemble-veto-v2role-nbtrend-1,0.5548651905230976,15,87,1.0,0.44387755102040816,0.14705882352941177
ensemble-veto-v2role-nbtrend-1,0.5489890328876965,15,88,1.0,0.4489795918367347,0.14563106796116504
ensemble-veto-v2role-nbtrend-1,0.5443629234441896,15,89,1.0,0.45408163265306123,0.14423076923076922
ensemble-veto-v2role-nbtrend-1,0.5396692952952838,15,90,1.0,0.45918367346938777,0.14285714285714285
ensemble-veto-v2role-nbtrend-1,0.5375009515480959,15,91,1.0,0.4642857142857143,0.14150943396226415
ensemble-veto-v2role-nbtrend-1,0.5361981362591683,15,92,1.0,0.46938775510204084,0.14018691588785046
ensemble-veto-v2role-nbtrend-1,0.5308227676542003,15,93,1.0,0.4744897959183674,0.1388888888888889
ensemble-veto-v2role-nbtrend-1,0.5121653135962048,15,95,1.0,0.4846938775510204,0.13636363636363635
ensemble-veto-v2role-nbtrend-1,0.48913918760898734,15,97,1.0,0.49489795918367346,0.13392857142857142
ensemble-veto-v2role-nbtrend-1,0.4870559610781708,15,98,1.0,0.5,0.13274336283185842
ensemble-veto-v2role-nbtrend-1,0.4834964027455457,15,99,1.0,0.5051020408163265,0.13157894736842105
ensemble-veto-v2role-nbtrend-1,0.4704244198459997,15,100,1.0,0.5102040816326531,0.13043478260869565
ensemble-veto-v2role-nbtrend-1,0.4579360840267431,15,101,1.0,0.5153061224489796,0.12931034482758622
ensemble-veto-v2role-nbtrend-1,0.4487366964515989,15,102,1.0,0.5204081632653061,0.1282051282051282
ensemble-veto-v2role-nbtrend-1,0.4304597352683312,15,103,1.0,0.5255102040816326,0.1271186440677966
ensemble-veto-v2role-nbtrend-1,0.4230766882842186,15,106,1.0,0.5408163265306123,0.12396694214876033
ensemble-veto-v2role-nbtrend-1,0.42207766767841787,15,108,1.0,0.5510204081632653,0.12195121951219512
ensemble-veto-v2role-nbtrend-1,0.40081010937397926,15,109,1.0,0.5561224489795918,0.12096774193548387
ensemble-veto-v2role-nbtrend-1,0.23967461254478312,15,110,1.0,0.5612244897959183,0.12
ensemble-veto-v2role-nbtrend-1,0.0,15,196,1.0,1.0,0.07109004739336493
