Substance Name,Synonyms,Chemical Name,Chemical Formula,NFLIS Detailed Drug Category,Date Added to NFLIS-Drug,Chemical Structures
"(2,6-Dimethylphenoxy)acetic acid",,,,Other substances,07-2019,Structure Image cannot be exported
(2-Bromoethyl)benzene,,,,Other substances,01-2021,Structure Image cannot be exported
"(6aR,9S)-Delta-10-Tetrahydrocannabinol",,,,Cannabinoids,12-2020,Structure Image cannot be exported
(9R)-delta 6a(10a)-Tetrahydrocannabinol,(9R)-delta 6a(10a)-THC,"(R)-3,10,10-trimethyl-7-pentyl-2,3,4,10-tetrahydro-1H-9-oxaphenanthren-5-ol",C21H30O2,Cannabinoids,10-2022,Structure Image cannot be exported
(9S)-Delta-6a(10a)-Tetrahydrocannabinol,,,,Cannabinoids,12-2020,Structure Image cannot be exported
"(S)-N-Methyl-1-(1-(1,4Cycloheadienyl))-2-Propanamine",,,,Other substances,02-2004,Structure Image cannot be exported
"1,1,1-Trichloroethane (Methyl Chloroform)",,,,Other substances,11-2002,Structure Image cannot be exported
"1,2,3,4-Tetrahydroharmine",,,,Hallucinogens,10-1998,Structure Image cannot be exported
"1,2,3,4-Tetrahydronaphthalene",,,,Other substances,10-1998,Structure Image cannot be exported
"1,2-Benzenedicarboxamide",,,,Other substances,10-1998,Structure Image cannot be exported
"1,2-Cyclopentanedione",,,,Other,05-2013,Structure Image cannot be exported
"1,2-Dibromo-4,5-methylenedioxybenzene",,"5,6-dibromo-2H-1,3-benzodioxole",C7H4Br2O2,Other substances,06-2019,Structure Image cannot be exported
"1,2-Difluoroethane",,,,Other substances,05-2017,Structure Image cannot be exported
"1,2-Dihydroxybenzene",,,,Other substances,11-2017,Structure Image cannot be exported
"1,2-Dimethyl-3-Phenylaziridine",,,,Other substances,09-2003,Structure Image cannot be exported
"1,2-Ethanediol",,,,Other substances,06-2018,Structure Image cannot be exported
"1,2-Octanediol",,,,Other substances,09-2021,Structure Image cannot be exported
"1,3,5-Triazine-2,4,6-Triol (Cyanuric Acid)",,,,Other substances,08-2008,Structure Image cannot be exported
"1,3,5-trimethoxybenzene",,,,Other substances,06-2014,Structure Image cannot be exported
"1,3-Dicyclohexylcarbodiimide",,,,Other substances,10-1998,Structure Image cannot be exported
"1,3-Dimethylbarbituric Acid",,,,Depressants and Tranquilizers,11-2011,Structure Image cannot be exported
"1,4,6-Androstatriene-3,17-Dione",,,,Steroids,07-2010,Structure Image cannot be exported
"1,4-Androstadien-11Beta-Ol-3,17-Dione",,,,Other substances,05-2011,Structure Image cannot be exported
"1,4-Benzodiazepine",,"1H-1,4-benzodiazepine",C9H8N2,Benzodiazepines,01-2021,Structure Image cannot be exported
"1,4-Benzoquinone",,,,Other substances,06-2010,Structure Image cannot be exported
"1,4-Butanediol",,,,Other substances,10-1998,Structure Image cannot be exported
"1,4-Dibenzylpiperazine ",DBZP,"1,4-dibenzylpiperazine",C18H22N2,Piperazines (Stimulant),07-2008,Structure Image cannot be exported
"1,4-Dimethoxy-2-Methylbenzene",,,,Other substances,10-1998,Structure Image cannot be exported
"1,4-dimethyoxybenzene",,,,Other substances,06-2014,Structure Image cannot be exported
"1-(1,3-Diphenylpropan-2-yl)-pyrrolidine",1-[2-phenyl-1-(phenylmethyl)ethyl]-pyrrolidine,"1-(1,3-diphenylpropan-2-yl)pyrrolidine",C19H23N,Other substances,12-2018,Structure Image cannot be exported
1-(1-Cyclohexenyl)-Piperidine,,,,Other substances,10-1998,Structure Image cannot be exported
1-(1-Methyl-2-Phenylethyl)-N-Phenyl-4-Piperidinamine,,,,Other substances,10-1998,Structure Image cannot be exported
1-(2-Fluorophenyl)piperazine,2-FPP;oFPP;ortho-fluorophenylpiperazine,1-(2-fluorophenyl)piperazine,C10H13FN2,Piperazines (Hallucinogen),03-2012,Structure Image cannot be exported
1-(2-Methoxyphenyl)piperazine,2-MeOPP;ortho-MeOPP,1-(2-methoxyphenyl)piperazine,C11H16N2O,Piperazines (Stimulant),07-2008,Structure Image cannot be exported
1-(2-Phenyladamantan-2-yl)piperidine,phenyladamantylpiperidine,1-(2-phenyl-2-adamantyl)piperidine,C21H29N ,New Drug,01-2024,Structure Image cannot be exported
"1-(2-Phenylethyl)-4-Phenyl-1,2,5,6-Tetrahydropyridine",,,,Narcotics,10-1998,Structure Image cannot be exported
1-(2-Phenylethyl)-4-Phenyl-4-Acetyloxypiperidine,,,,Narcotics,10-1998,Structure Image cannot be exported
"1-(3,4 Methylenedioxiphenyl)-2-Bromopropane",,,,Other,07-2003,Structure Image cannot be exported
"1-(3,4-Methylenedioxyphenyl)-1,2-propanedione",,"1-(2H-1,3-benzodioxol-5-yl)propane-1,2-dione",C10H8O4,Other substances,01-2022,Structure Image cannot be exported
1-(3-Methoxyphenyl)piperazine ,3-MeOPP;meta-MeOPP,1-(3-methoxyphenyl)piperazine,C11H16N2O,Piperazines (Stimulant),05-2018,Structure Image cannot be exported
1-(3-Trifluoromethylphenyl)piperazine ,TFMPP,1-[3-(trifluoromethyl)phenyl]piperazine,C11H13F3N2,Piperazines (Hallucinogen),04-2002,Structure Image cannot be exported
1-(4-Bromophenyl)pentan-1-one (4'-Bromovalerophenone),4'-Bromovalerophenone;p-Bromovalerophenone,1-(4-bromophenyl)pentan-1-one,C11H13BrO,Other substances,01-2026,Structure Image cannot be exported
1-(4-Chlorophenyl)piperazine,4-CPP;pCPP;para-chlorophenylpiperazine,1-(4-chlorophenyl)piperazine,C10H13ClN2,Piperazines (Hallucinogen),07-2003,Structure Image cannot be exported
1-(4-Fluorobenzyl)piperazine,4F-BZP;para-fluoro-BZP;para-fluoro-benzylpiperazine,1-(4-fluorobenzyl)piperazine,C11H15FN2,Piperazines (Stimulant),05-2017,Structure Image cannot be exported
1-(4-Fluorophenyl)piperazine,4-FPP;pFPP;para-fluorophenylpiperazine,1-(4-fluorophenyl)piperazine,C10H13FN2,Piperazines (Hallucinogen),07-2008,Structure Image cannot be exported
1-(4-Methoxyphenyl)piperazine,4-MeOPP;para-MeOPP,1-(4-methoxyphenyl)piperazine,C11H16N2O,Piperazines (Hallucinogen),04-2011,Structure Image cannot be exported
1-(Alpha-Methylphenethyl)-4-Piperidone,,,,Other substances,10-1998,Structure Image cannot be exported
1-4-Dioxa-8-Azaspiro{4.5}Decane,,,,Other substances,10-1998,Structure Image cannot be exported
1-Acetylpiperidine,,1-1-piperidyl-1-ethanone,C7H13NO,Other substances,10-1998,Structure Image cannot be exported
1-Amino-5-phosphonoindan-1-carboxylic acid (APICA),,,,Other,10-2012,Structure Image cannot be exported
1-Androstenediol (3-alpha),,,,Steroids,07-2006,Structure Image cannot be exported
1-Androstenediol (3-beta),,,,Steroids,07-2006,Structure Image cannot be exported
1-Androstenedione,,,,Steroids,07-2006,Structure Image cannot be exported
1-Benzoylpiperazine,[(Piperazin-1-yl)carbonyl]benzene,phenyl(piperazin-1-yl)methanone,C11H14N2O,Piperazines (Stimulant),12-2025,Structure Image cannot be exported
1-Benzyl-4-Piperidone,,,,Other substances,10-1998,Structure Image cannot be exported
1-Benzylpiperidine,,1-benzylpiperidine,C12H17N,Other substances,10-2022,Structure Image cannot be exported
1-Boc-4-(4-fluoroanilino)piperidine ,,tert-butyl 4-(4-fluorophenylamino)piperidine-1-carboxylate,C16H23FN2O2,Fentanyl and Fentanyl-related,05-2021,Structure Image cannot be exported
1-Boc-4-anilinopiperidine ,1-BOC-4-(phenylamino)piperidine;4-ANBocP;4-anilino-1-Boc-piperidine;N-Boc-4-AP,tert-butyl 4-(phenylamino)piperidine-1-carboxylate,C16H24N2O2,Other substances,05-2020,Structure Image cannot be exported
1-Boc-4-hydroxypiperidine,N-boc-4-hydroxypiperidine,tert-butyl 4-hydroxypiperidine-1-carboxylate,C10H19NO3,Fentanyl and Fentanyl-related,03-2025,Structure Image cannot be exported
1-Boc-4-piperidone,,tert-butyl 4-oxopiperidine-1-carboxylate,C10H17NO3,Fentanyl and Fentanyl-related,02-2022,Structure Image cannot be exported
1-Bromo-3-Methylbutane,,,,Other substances,10-1998,Structure Image cannot be exported
1-Bromobutane,Butyl bromide;butylbromide,1-bromobutane,C4H9Br,Other substances,09-2023,Structure Image cannot be exported
1-Butylimidazole,,,,Other,06-2014,Structure Image cannot be exported
1-Cbz-4-Piperidone,1-Benzyloxycarbonyl-4-piperidone;1-CBZ-piperidinone;N-Cbz-4-piperidone,benzyl 4-oxopiperidine-1-carboxylate,C13H15NO3 ,New Drug,10-2023,Structure Image cannot be exported
1-Cyclohexylpiperazine,N-cyclohexylpiperazine,,C10H20N2,Other substances,01-2023,Structure Image cannot be exported
1-Dehydromethandrostenolone,,,,Steroids,08-2008,Structure Image cannot be exported
1-Formylpiperidine,,1-piperidinecarbaldehyde,C6H11NO,Other substances,10-1998,Structure Image cannot be exported
1-Methyl-3-Hydroxypiperidine,,,,Other substances,10-1998,Structure Image cannot be exported
1-Methyl-4-(1-Methylenthenyl)-2-Cyclohexen-1-Ol,,,,Other substances,10-1998,Structure Image cannot be exported
"1-Methyl-4-Phenyl-1,2,5,6-Tetrahydropyridine",,,,Narcotics,10-1998,Structure Image cannot be exported
1-Methylpiperazine,,,,Other substances,05-2017,Structure Image cannot be exported
1-Methylpiperidine,,1-methylpiperidine,C6H13N,Other substances,10-1998,Structure Image cannot be exported
1-Phenethyl-4-Piperidone,,,,Other substances,10-1998,Structure Image cannot be exported
1-Phenethyl-4-hydroxypiperidine,,1-(2-phenylethyl)piperidin-4-ol,C13H19NO,Fentanyl and Fentanyl-related,09-2021,Structure Image cannot be exported
1-Phenethyl-4-propionyloxypiperidine,,1-phenethylpiperidin-4-yl propionate,C16H23NO2,Fentanyl and Fentanyl-related,09-2021,Structure Image cannot be exported
1-Phenethylpiperidin-4-ol,,,,Other substances,09-2023,Structure Image cannot be exported
"1-Phenyl-1,2-propanedione-2-oxime",alpha-isonitropropiophenone,(2E)-2-hydroxyimino-1-phenylpropan-1-one,C9H9NO2,New Drug,12-2023,Structure Image cannot be exported
1-Phenyl-2-Propanone,,,,Other substances,10-1998,Structure Image cannot be exported
1-Phenyl-2-nitropropene ,P2NP,[(1E)-2-nitroprop-1-en-1-yl]benzene,C9H9NO2,Other substances,10-2018,Structure Image cannot be exported
1-Phenylcyclohexanol,,,,Other substances,10-1998,Structure Image cannot be exported
1-Phenylcyclohexylamine,,,,Other substances,10-1998,Structure Image cannot be exported
1-Phenylcyclohexylmorpholine,,,,Other substances,10-1998,Structure Image cannot be exported
1-Propionyl-4-anilinopiperidine,,1-(4-anilinopiperid-1-yl)propan-1-one,C14H20N2O,Fentanyl and Fentanyl-related,06-2021,Structure Image cannot be exported
1-Pyrrolidinocyclohexanecarbonitrile,,,,Other substances,05-2011,Structure Image cannot be exported
1-naphthaleneacetic acid,,,,Other,06-2014,Structure Image cannot be exported
1-{1-(2-Thienyl)Cyclohexyl}Pyrrolidine,,,,Other substances,10-1998,Structure Image cannot be exported
10-Alpha-Hydroxynaltrexone,,,,Narcotics,10-1998,Structure Image cannot be exported
10-Hydroxy-Naltrexone,,,,Narcotics,10-1998,Structure Image cannot be exported
10-Ketonaltrexone,,,,Narcotics,10-1998,Structure Image cannot be exported
10-hydroxycarbazepine,,,,Other substances,10-2023,Structure Image cannot be exported
11-CARBOXY-DELTA-9-TETRAHYDROCANNABINOL,,,,Cannabinoids,11-2023,Structure Image cannot be exported
11-Carboxy-delta-8-tetrahydrocannabinol,,,,Cannabinoids,06-2023,Structure Image cannot be exported
11-Nor-delta-9-THC-9-carboxy,,,,Cannabinoids,09-2020,Structure Image cannot be exported
11-OH-THC,,,,Cannabinoids,06-2023,Structure Image cannot be exported
11-carboxy-tetrahydrocannabinol,,,,Cannabinoids,09-2023,Structure Image cannot be exported
11Beta-Hydroxyandrostenedione,,"11Beta-hydroxyandrost-4-ene-3,17-dione",,Steroids,07-2009,Structure Image cannot be exported
13Beta-ethyl-17alpha-hydroxygon-4-en-3-one,,,,Steroids,07-2006,Structure Image cannot be exported
14 Hydroxycodeinone,,,,Narcotics,10-1998,Structure Image cannot be exported
14-Hydroxymorphinon,,,,Narcotics,10-1998,Structure Image cannot be exported
14-Hydroxynormorphine,,,,Narcotics,10-1998,Structure Image cannot be exported
17-Alpha-Methyltestosterone,,,,Steroids,08-2003,Structure Image cannot be exported
17-Hydroxyprogesterone,,,,Other substances,10-2012,Structure Image cannot be exported
"17Alpha-methyl-3alpha,17beta-dihydroxy-5alpha-androstane",,,,Steroids,07-2006,Structure Image cannot be exported
"17Alpha-methyl-3beta, 17beta-Dihydroxy-5alpha-Androstane",,,,Steroids,07-2006,Structure Image cannot be exported
"17Alpha-methyl-3beta,17beta-dihydroxyandrost-4-ene",,,,Steroids,07-2006,Structure Image cannot be exported
17Alpha-methyl-4-hydroxynandrolone,,,,Steroids,07-2006,Structure Image cannot be exported
17Alpha-methyl-delta1-dihydrotestosterone,,,,Steroids,07-2006,Structure Image cannot be exported
18-Hydroxy-Deoxycorticosterone,,,,Other substances,04-2011,Structure Image cannot be exported
"19-Nor-4,9(10)-androstadienedione",,,,Steroids,07-2010,Structure Image cannot be exported
19-Nor-4-androstenediol (3-alpha),,,,Steroids,07-2006,Structure Image cannot be exported
19-Nor-4-androstenediol (3-beta),,,,Steroids,07-2006,Structure Image cannot be exported
19-Nor-4-androstenedione,,,,Steroids,07-2006,Structure Image cannot be exported
19-Nor-5-androstenediol (3-alpha),,,,Steroids,07-2006,Structure Image cannot be exported
19-Nor-5-androstenediol (3-beta),,,,Steroids,07-2006,Structure Image cannot be exported
19-Nor-5-androstenedione,,,,Steroids,07-2006,Structure Image cannot be exported
19-Norandrostenedione,,,,Steroids,11-2005,Structure Image cannot be exported
1B-LSD,1-butanoyl LSD;1-butanoyl lysergic acid diethylamide,"4-butyryl-N,N-diethyl-7-methyl-4,6,6a,7,8,9-hexahydroindolo[4,3-fg]quinoline-9-carboxamide",C24H31N3O2,Psychedelics,02-2020,Structure Image cannot be exported
1P-LSD,1-propionyl LSD;1-propionyl lysergic acid diethylamide,"N,N-diethyl-7-methyl-4-propionyl-4,6,6a,7,8,9-hexahydro-4,7-diazaacephenanthrylene-9-carboxamide",C23H29N3O2,Hallucinogens,03-2018,Structure Image cannot be exported
1V-LSD,1-valeryl LSD ;1-valeryl lysergic acid diethylamide,"N,N-diethyl-7-methyl-4-valeryl-4,6,6a,7,8,9-hexahydro-4,7-diazaacephenanthrylene-9-carboxamide",C25H33N3O2,Psychedelics,11-2022,Structure Image cannot be exported
1cP-LSD,1-cyclopropionyl LSD;1-cyclopropionyl lysergic acid diethylamide,"N,N-diethyl-4-cyclopropylcarbonyl-7-methyl-4,6,6a,7,8,9-hexahydro-4,7-diazaacephenanthrylene-9-carboxamide",C24H29N3O2,Psychedelics,10-2021,Structure Image cannot be exported
"2,2'-Ethylenedioxydiethyl bis(2-ethylhexanoate)",,"2-[2-[2-(2-ethylhexanoyloxy)ethoxy]ethoxy]ethyl 2-ethylhexanoate (Alternative chemical name: (ethane-1,2-diylbis(oxy))bis(ethane-2,1-diyl) bis(2-ethylhexanoate))",C22H42O6,Other substances,06-2025,Structure Image cannot be exported
"2,2'-thiobis(4-tert-butylphenol)",,,,Other substances,07-2019,Structure Image cannot be exported
"2,2,3,4-Tetramethyl-5-Phenyloxazolidine",,,,Other substances,06-2010,Structure Image cannot be exported
"2,2,6,6-Tetramethyl-4-piperidinol",,"2,2,6,6-tetramethylpiperidin-4-ol",C9H19NO,Other substances,06-2025,Structure Image cannot be exported
"2,2,6,6-Tetramethyl-N-phenylpiperidin-4-amine (TM-4-AP)","4-anilino-2,2,6,6-tetramethylpiperadine;TM-4-AP;tetramethyl 4-AP","2,2,6,6-tetramethyl-N-phenyl-4-piperidinamine",C15H24N2,Other,08-2025,Structure Image cannot be exported
"2,2-Bis-Oxymorphone",,,,Narcotics,10-1998,Structure Image cannot be exported
"2,2-Dimethoxyethanamine",,,,Other substances,10-1998,Structure Image cannot be exported
"2,3-Butanediol",,,,Other substances,04-2011,Structure Image cannot be exported
"2,3-Dichlorophenylpiperazine","2,3-DCPP","1-(2,3-dichlorophenyl)piperazine",C10H12Cl2N2,Piperazines (Hallucinogen),12-2019,Structure Image cannot be exported
"2,3-MDA","2,3-methylenedioxyamphetamine","1-(2H-1,3-benzodioxol-4-yl)propan-2-amine",C10H13NO2,Phenethylamines (Amphetamines) (H),06-2018,Structure Image cannot be exported
"2,3-MDMA","2,3-methylenedioxymethamphetamine","N-methyl[2-(2H-1,3-benzodioxol-4-yl)-1-methylethyl]amine",C11H15NO2,Phenethylamines (Other) (H),02-2017,Structure Image cannot be exported
"2,3-MDMC","2,3-methylenedioxymethcathinone","1-(2H-1,3-benzodioxol-4-yl)-2-(methylamino)propan-1-one",C11H13NO3,Synthetic Cathinones,05-2013,Structure Image cannot be exported
"2,3-Pentylone isomer",,"1-(2H-1,3-benzodioxol-4-yl)-2-(methylamino)pentan-1-one",C13H17NO3,Synthetic Cathinones,03-2018,Structure Image cannot be exported
"2,4-Difluorobenzaldehyde",,,,Other substances,07-2019,Structure Image cannot be exported
"2,5-DMA","2,5-dimethoxyamphetamine","2,5-dimethoxyamphetamine",C11H17NO2,Phenethylamines (D Series) (H),10-1998,Structure Image cannot be exported
"2,5-DMMA","2,5-dimethoxymethamphetamine","N-methyl[2-(2,5-dimethoxyphenyl)-1-methylethyl]amine",C12H19NO2,Phenethylamines (Amphetamines) (H),12-2013,Structure Image cannot be exported
"2,5-Diethoxytetrahydrofuran",,,,Other substances,10-1998,Structure Image cannot be exported
"2,5-Dimethoxy-4-Methylbenzyl Alcohol",,,,Other substances,10-1998,Structure Image cannot be exported
"2,5-Dimethoxy-beta-nitrostyrene",,"1,4-dimethoxy-2-[(E)-2-nitroethenyl]benzene",C10H11NO4,Other substances,03-2025,Structure Image cannot be exported
"2,5-Dimethoxybenzaldehyde",,,,Other substances,10-1998,Structure Image cannot be exported
"2,5-Dimethoxycinnamaldehyde",,,,Other substances,02-2012,Structure Image cannot be exported
"2,5-Dimethoxytetrahydrofuran",,,,Other substances,10-1998,Structure Image cannot be exported
"2,5-Dimethylamphetamine",,,,Phenethylamines (Amphetamines) (S),03-2023,Structure Image cannot be exported
"2,5-dimethylpyrazine",,,,Other,06-2014,Structure Image cannot be exported
"2,6-Dinitrotoluene",,,,Other substances,10-1998,Structure Image cannot be exported
2-(Boc-amino)ethanethiol,,,,Other substances,07-2019,Structure Image cannot be exported
2-AI,2-aminoindane,2-aminoindane,C9H11N,Phenethylamines (Aminoindanes) (H),05-2013,Structure Image cannot be exported
2-APB,2-(2-aminopropyl)benzofuran,2-(2-aminopropyl)benzofuran,C11H13NO,Phenethylamines (Amphetamines) (H),06-2018,Structure Image cannot be exported
2-Acetyl-2-Methyl-1-Phenylhydrazine,N-methyl-N-phenyl-acetohydrazide,N-methyl-N'-phenylacetohydrazide,C9H12N2O,Other substances,09-2023,Structure Image cannot be exported
2-Amino-5-Chlorobenzophenone,,,,Other substances,10-1998,Structure Image cannot be exported
2-Amino-5-Chlorobenzophenone Oxime,,,,Other substances,10-1998,Structure Image cannot be exported
2-Amino-5-methylhexane,,"1,4-dimethylpentylamine",C7H17N,Other substances,01-2022,Structure Image cannot be exported
2-Aminoacetophenone,,,,Other substances,01-2021,Structure Image cannot be exported
2-Aminoisoheptane,,"1,4-dimethylpentylamine",C7H17N,Stimulants,12-2019,Structure Image cannot be exported
"2-Bromo-4,5-DMPEA","2-bromo-4,5-dimethoxyphenethylamine;6-bromo-3,4-DMPEA;6-bromo-3,4-dimethoxyphenethylamine","2-(2-bromo-4,5-dimethoxyphenyl)ethylamine",C10H14BrNO2,Phenethylamines (Other) (H),06-2020,Structure Image cannot be exported
2-Bromoamphetamine,2-BA,1-(2-bromophenyl)propan-2-amine,C9H12BrN,Phenethylamines (Amphetamines) (S),06-2019,Structure Image cannot be exported
2-Bromopentane,,,,Other substances,10-1998,Structure Image cannot be exported
2-Bromopropiophenone,,2-bromo-1-phenylpropan-1-one,C9H9BrO,Other substances,09-2021,Structure Image cannot be exported
2-Bromopropylbenzene,,,,Other substances,10-1998,Structure Image cannot be exported
2-Bromopyridine,,,,Other substances,10-1998,Structure Image cannot be exported
2-Bromothiophene,,,,Other substances,10-1998,Structure Image cannot be exported
2-CEC,2-chloro-N-ethylcathinone;2-chloroethcathinone,1-(2-chlorophenyl)-2-(ethylamino)propan-1-one,C11H14ClNO,Synthetic Cathinones,04-2018,Structure Image cannot be exported
2-Chloro 4-ANPP,,,C19H23ClN2,Fentanyl and Fentanyl-related,06-2021,Structure Image cannot be exported
2-Chloro-4-fluorobenzaldehyde,,,,Other substances,07-2019,Structure Image cannot be exported
2-Chloroacetophenone,,,,Other substances,03-2016,Structure Image cannot be exported
2-Chlorobenzonitrile,o-Chlorobenzonitrile;o-Chlorocyanobenzene,2-chlorobenzonitrile,C7H4ClN,Other,09-2024,Structure Image cannot be exported
2-Chloromethcathinone,2-Cmc,1-(2-chlorophenyl)-2-(methylamino)propan-1-one,C10H12ClNO,Synthetic Cathinones,09-2024,Structure Image cannot be exported
2-Chloropyridine,,,,Other substances,10-1998,Structure Image cannot be exported
2-Ethylamino-1-phenylbutane,,N-ethyl(1-benzylpropyl)amine,C12H19N,Phenethylamines (Amphetamines) (S),06-2015,Structure Image cannot be exported
2-Fluoro 4-ANPP,,,C19H23FN2,Fentanyl and Fentanyl-related,09-2022,Structure Image cannot be exported
2-Fluoro viminol,,2-(disec-butylamino)-1-[1-[(2-fluorophenyl)methyl]pyrrol-2-yl]ethanol,C21H31FN2O,Narcotic Analgesics,06-2020,Structure Image cannot be exported
2-Fluoro-4-methoxybenzaldehyde,,,,Other substances,07-2019,Structure Image cannot be exported
2-Fluoroamphetamine ,2-FA,1-(2-fluorophenyl)propan-2-amine,C9H12FN,Phenethylamines (Amphetamines) (S),08-2012,Structure Image cannot be exported
2-Fluorodeschloroketamine,,2-(methylamino)-2-(2-fluorophenyl)cyclohexan-1-one,C13H16FNO,Depressants and Tranquilizers,06-2018,Structure Image cannot be exported
2-Fluoromethamphetamine ,2-FMA,1-(2-fluorophenyl)-N-methyl-propan-2-amine,C10H14FN,Phenethylamines (Amphetamines) (S),05-2012,Structure Image cannot be exported
2-MAPB,"N,alpha-dimethyl-2-benzofuranethylamine","N,alpha-dimethyl-2-benzofuranethanamine",C12H15NO,Phenethylamines (Amphetamines) (H),06-2015,Structure Image cannot be exported
2-Mercaptobenzothiazole,,,,Other,10-2012,Structure Image cannot be exported
2-Methoxydiphenidine,,,,Hallucinogens,06-2015,Structure Image cannot be exported
2-Methoxymethamphetamine,2-MMA;proasma,1-(2-methoxyphenyl)-N-methyl-propan-2-amine,C11H17NO,Phenethylamines (Amphetamines) (H),01-2020,Structure Image cannot be exported
2-Methyl AP-237,2-methyl bucinnazine,1‐{2‐methyl‐4‐[(2E)‐3‐phenylprop‐2‐en‐1‐yl]piperazin‐1‐yl}butan‐1‐one,C18H26N2O,Narcotic Analgesics,12-2019,Structure Image cannot be exported
2-Methyl-3-phenyloxirane-2-carboxylic acid (BMK Glycidic Acid),BMK Glycidic Acid,2-methyl-3-phenyloxirane-2-carboxylic acid,C10H10O3,Other substances,03-2025,Structure Image cannot be exported
2-Methyl-alpha-PiHP,1-(2-methylphenyl)-4-methyl-2-(pyrrolidin-1-yl)pentan-1-one;2-Methyl-PiHP;2-Methyl-alpha-PiHP;2-Methyl-alpha-pyrrolidinoisohexanophenone;ortho-Methyl-PiHP,4-methyl-2-(pyrrolidin-1-yl)-1-(o-tolyl)pentan-1-one,C17H25NO,Synthetic Cathinones,08-2025,Structure Image cannot be exported
2-Methylmethcathinone (2-MMC),2-MMC,2-(methylamino)-1-(2-methylphenyl)propan-1-one,C11H15NO,Synthetic Cathinones (Hallucinogen),12-2024,Structure Image cannot be exported
2-Methylpiperidine,,2-methylpiperidine,C6H13N,Other substances,10-1998,Structure Image cannot be exported
2-Naphthyl U-47700,,N-[2-(dimethylamino)cyclohexyl]-N-methylnaphthalene-2-carboxamide,C20H26N2O,Narcotic Analgesics,01-2022,Structure Image cannot be exported
2-Phenoxyethanol,,,,Other substances,02-2018,Structure Image cannot be exported
2-Phenylethyl chloride,2-Phenylethyl chloride;2-chloroethylbenzene;Phenethyl chloride,2-chloroethylbenzene,C8H9Cl,Other,08-2024,Structure Image cannot be exported
2-Phenylnaphthalene,,2-phenylnaphthalene,C16H12,Other substances,01-2023,Structure Image cannot be exported
2-Propenylbenzene,,,,Other substances,10-1998,Structure Image cannot be exported
2-Thiothinone,bk-MPA,2-(methylamino)-1-(thien-2-yl)propan-1-one,C8H11NOS,Synthetic Cathinones,06-2018,Structure Image cannot be exported
2-amino-5-benzoylaminohydroquinone diethyl ether,,,,Other,06-2014,Structure Image cannot be exported
2-aminothiazole-5-ca,,,,Other,06-2014,Structure Image cannot be exported
2-bromo Deschloroketamine,2-(2-bromophenyl)-2-(methylamino)-cyclohexanone;2-BDCK;2-Br-2'-Oxo-PCM;Bromoketamine,2-(2-bromophenyl)-2-(methylamino)cyclohexan-1-one,C13H16BrNO,Depressants and Tranquilizers,10-2023,Structure Image cannot be exported
2-bromo-4'-chloropropiophenone,alpha-bromo-4'-chloropropiophenone;alpha-bromo-p-chloropropiophenone,2-bromo-1-(4-chlorophenyl)propan-1-one,C9H8BrClO,Synthetic Cathinones,12-2025,Structure Image cannot be exported
2-ethylhexyl fumarate,,,,Other substances,06-2018,Structure Image cannot be exported
2-fluoro-2-oxo-PCE,2-FDCNEK;2-fluoro DCNEK;2-fluoro NENDCK;2-fluoro-N-ethylnordeschloroketamine;2F-2-oxo-PCE;CanKet,2-(ethylamino)-2-(2-fluorophenyl)cyclohexan-1-one,C14H18FNO,Other substances,11-2022,Structure Image cannot be exported
2-hydroxypropyl methacrylate (HPMA),,,,Other,06-2014,Structure Image cannot be exported
2-{4-(2-hydroxyethyl)piperazine-1-yl}ethanesulfonic acid aka HEPES,,,,Other substances,06-2014,Structure Image cannot be exported
21-hydroxyprogesterone,,,,Steroids,01-2020,Structure Image cannot be exported
25B-NBF,2C-B-NBF,"[2-(4-bromo-2,5-dimethoxyphenyl)ethyl][(2-fluorophenyl)methyl]amine",C17H19BrFNO2,Phenethylamines (2C Series) (H),03-2018,Structure Image cannot be exported
25B-NBOH,2C-B-NBOH,"2-({[2-(4-bromo-2,5-dimethoxyphenyl)ethyl]amino}methyl)phenol",C17H20BrNO3,Phenethylamines (2C Series) (H),05-2017,Structure Image cannot be exported
25B-NBOMe,2C-B-NBOMe,"2-(4-bromo-2,5-dimethoxyphenyl)-N-(2-methoxybenzyl)ethanamine",C18H22BrNO3,Phenethylamines (2C Series) (H),05-2013,Structure Image cannot be exported
25C-NBF,2C-C-NBF,"2-(4-chloro-2,5-dimethoxyphenyl)-N-(2-fluorobenzyl)ethanamine",C17H19ClFNO2,Phenethylamines (2C Series) (H),03-2018,Structure Image cannot be exported
25C-NBOH,2C-C-NBOH,"2-({[2-(4-chloro-2,5-dimethoxyphenyl)ethyl]amino}methyl)phenol",C17H20ClNO3,Phenethylamines (2C Series) (H),05-2017,Structure Image cannot be exported
25C-NBOMe,2C-C-NBOMe,"2-(4-chloro-2,5-dimethoxyphenyl)-N-(2-methoxybenzyl)ethanamine",C18H22ClNO3,Phenethylamines (2C Series) (H),05-2012,Structure Image cannot be exported
25D-NBOMe,2C-D-NBOMe,"2-(4-methyl-2,5-dimethoxyphenyl)-N-(2-methoxybenzyl)ethanamine",C19H25NO3,Phenethylamines (2C Series) (H),06-2015,Structure Image cannot be exported
25E-NBOH,2C-E-NBOH,"2-({[2-(4-ethyl-2,5-dimethoxyphenyl)ethyl]amino}methyl)phenol",C19H25NO3,Phenethylamines (2C Series) (H),12-2018,Structure Image cannot be exported
25E-NBOMe,2C-E-NBOMe,"2-(4-ethyl-2,5-dimethoxyphenyl)-N-(2-methoxybenzyl)ethanamine",C20H27NO3,Phenethylamines (2C Series) (H),06-2015,Structure Image cannot be exported
25H-NBOH,2C-H-NBOH,"2-({[2-(2,5-dimethoxyphenyl)ethyl]amino}methyl)phenol",C17H21NO3,Phenethylamines (2C Series) (H),12-2018,Structure Image cannot be exported
25H-NBOMe,2C-H-NBOMe,"2-(2,5-dimethoxyphenyl)-N-(2-methoxybenzyl)ethanamine",C18H23NO3,Phenethylamines (2C Series) (H),07-2013,Structure Image cannot be exported
25I-NBF,2C-I-NBF,"2-(4-iodo-2,5-dimethoxyphenyl)-N-(2-fluorobenzyl)ethanamine",C17H19FINO2,Phenethylamines (2C Series) (H),06-2018,Structure Image cannot be exported
25I-NBOH,2C-I-NBOH,"2-(4-iodo-2,5-dimethoxyphenyl)-N-(2-hydroxybenzyl)ethanamine",C17H20INO3,Phenethylamines (2C Series) (H),03-2016,Structure Image cannot be exported
25I-NBOMe,2C-I-NBOMe,"2-(4-iodo-2,5-dimethoxyphenyl)-N-(2-methoxybenzyl)ethanamine",C18H22INO3,Phenethylamines (2C Series) (H),05-2012,Structure Image cannot be exported
25N-NBOMe,2C-N-NBOMe,"2-(4-nitro-2,5-dimethoxyphenyl)-N-(2-methoxybenzyl)ethanamine",C18H22N2O5,Phenethylamines (2C Series) (H),05-2015,Structure Image cannot be exported
2C-B,"4-bromo-2,5-dimethoxyphenethylamine","4-bromo-2,5-dimethoxyphenethylamine",C10H14BrNO2,Phenethylamines (2C Series) (H),10-1998,Structure Image cannot be exported
2C-B-BZP,2C-B-benzylpiperazine,"1-[(4-bromo-2,5-dimethoxyphenyl)methyl]piperazine",C13H19BrN2O2,Piperazines (Stimulant),04-2014,Structure Image cannot be exported
2C-B-FLY,,"2-(4-bromo-2,3,6,7-tetrahydrofuro[2,3-f][1]benzofuran-8-yl)ethanamine",C12H14BrNO2,Phenethylamines (2C Series) (H),06-2017,Structure Image cannot be exported
2C-C,"2,5-dimethoxy-4-chlorophenethylamine","2-(4-chloro-2,5-dimethoxyphenyl)ethanamine",C10H14ClNO2,Phenethylamines (2C Series) (H),07-2006,Structure Image cannot be exported
2C-D,"2,5-dimethoxy-4-methylphenethylamine","2-(2,5-dimethoxy-4-methylphenyl)ethanamine",C11H17NO2,Phenethylamines (2C Series) (H),07-2006,Structure Image cannot be exported
2C-E,"2,5-dimethoxy-4-ethylphenethylamine","2-(2,5-dimethoxy-4-ethylphenyl)ethanamine",C12H19NO2,Phenethylamines (2C Series) (H),07-2006,Structure Image cannot be exported
2C-H,"2,5-dimethoxyphenethylamine","2-(2,5-dimethoxyphenyl)ethanamine",C10H15NO2,Phenethylamines (2C Series) (H),07-2006,Structure Image cannot be exported
2C-I,"2,5-dimethoxy-4-iodophenethylamine","2-(4-iodo-2,5-dimethoxyphenyl)ethanamine",C10H14INO2,Phenethylamines (2C Series) (H),07-2006,Structure Image cannot be exported
2C-N,"2,5-dimethoxy-4-nitrophenethylamine","2-(2,5-dimethoxy-4-nitro-phenyl)ethanamine",C10H14N2O4,Phenethylamines (2C Series) (H),07-2006,Structure Image cannot be exported
2C-P,"2,5-dimethoxy-4-propylphenethylamine","2-(2,5-dimethoxy-4-propylphenyl)ethanamine",C13H21NO2,Phenethylamines (2C Series) (H),07-2006,Structure Image cannot be exported
2C-T-2,"2,5-dimethoxy-4-ethylthiophenethylamine","2-(4-ethylthio-2,5-dimethoxyphenyl)ethanamine",C12H19NO2S,Phenethylamines (2C Series) (H),04-2003,Structure Image cannot be exported
2C-T-21,"2,5-dimethoxy-4-fluoroethylthiophenethylamine","2,5-dimethoxy-4-fluoroethylthiophenethylamine",C12H18FNO2S,Phenethylamines (2C Series) (H),07-2006,Structure Image cannot be exported
2C-T-4,"2,5-dimethoxy-4-isopropylthiophenethylamine","2-(4-isopropylthio)-2,5-dimethoxyphenyl)ethanamine",C13H21NO2S,Phenethylamines (2C Series) (H),06-2010,Structure Image cannot be exported
2C-T-7,"2,5-dimethoxy-4-propylthiophenethylamine","2,5-dimethoxy-4-propylthiophenethylamine",C13H21NO2S,Phenethylamines (2C Series) (H),07-2006,Structure Image cannot be exported
2C-T-8,"2,5-dimethoxy-4-cyclopropylmethylthiophenethylamine","2,5-dimethoxy-4-cyclopropylmethylthiophenethylamine",C14H21NO2S,Phenethylamines (2C Series) (H),07-2014,Structure Image cannot be exported
"2Cl-4,5-MDA","2-chloro-4,5-methylenedioxyamphetamine","1-(6-chloro-2H-1,3-benzodioxol-5-yl)propan-2-amine",C10H12ClNO2,Phenethylamines (Amphetamines) (H),06-2018,Structure Image cannot be exported
"3',4'-Dimethoxy fentanyl",,"N-(1-(3,4-dimethoxyphenethyl)piperidin-4-yl)-N-phenylpropionamide",C24H32N2O3,Fentanyl and Fentanyl-related,12-2019,Structure Image cannot be exported
3'4'-Methylenedioxy-alpha-dimethylamino-isovalerophenone,,,,Synthetic Cathinones,09-2023,Structure Image cannot be exported
3'4'-Methylenedioxy-alpha-ethylamino-isovalerophenone,,,,Synthetic Cathinones,09-2023,Structure Image cannot be exported
"3,17-Dihydroxy-Delta-5-Etiocholane-7-One Diethylcarbonate",,,,Other substances,02-2009,Structure Image cannot be exported
"3,4,-Dichloromethylphenidate","3,4-CTMP","methyl (3,4-dichlorophenyl)(piperid-2-yl)acetate",C14H17Cl2NO2,Piperidines/PEA,05-2017,Structure Image cannot be exported
"3,4,5-Trimethoxy-beta-nitrostyrene",,"1,2,3-trimethoxy-5-[(E)-2-nitroethenyl]benzene",C11H13NO5,Other substances,03-2025,Structure Image cannot be exported
"3,4,5-Trimethoxybenzaldehyde",,,,Other substances,10-1998,Structure Image cannot be exported
"3,4,5-Trimethoxybenzoic Acid",,,,Other substances,10-1998,Structure Image cannot be exported
"3,4,5-Trimethoxybenzoyl Chloride",,,,Other substances,10-1998,Structure Image cannot be exported
"3,4,5-Trimethoxybenzyl Alcohol",,,,Other substances,10-1998,Structure Image cannot be exported
"3,4,5-Trimethoxybenzyl Chloride",,,,Other substances,10-1998,Structure Image cannot be exported
"3,4,5-Trimethoxycocaine",,"methyl (1R,2R,3S,5S)-8-methyl-3-3,4,5-trimethyloxyphenylcarbonyloxy-8-azabicyclo[3.2.1]octane-2-carboxylate",C20H27NO7,Cocaine Alkaloids,06-2022,Structure Image cannot be exported
"3,4-DMMC","3,4-dimethylmethcathinone","1-(3,4-dimethylphenyl)-2-(methylamino)propan-1-one",C12H17NO,Synthetic Cathinones,11-2011,Structure Image cannot be exported
"3,4-Diaminobenzoic acid",,,,Other,06-2014,Structure Image cannot be exported
"3,4-Dihydroxycinnamic acid",,,,Other,06-2014,Structure Image cannot be exported
"3,4-Dimethoxy-alpha-PHP","3,4-dimethoxy-alpha-pyrrolidinohexanophenone","1-(3,4-dimethoxyphenyl)-2-(pyrrolidin-1-yl)hexan-1-one",C18H27NO3,Synthetic Cathinones (Hallucinogen),05-2018,Structure Image cannot be exported
"3,4-Dimethyl-5-Phenyloxazolidine",,,,Other substances,06-2008,Structure Image cannot be exported
"3,4-EDMA","3,4-ethylenedioxy-N-methylamphetamine","3,4-ethylenedioxy-N-methylamphetamine",C12H17NO2,Phenethylamines (Other) (H),05-2017,Structure Image cannot be exported
"3,4-MDPA","3,4-methylenedioxy-N-propylamphetamine;MDPR","N-propyl[2-(2H-1,3-benzodioxol-5-yl)-1-methylethyl]amine",C13H19NO2,Phenethylamines (Amphetamines) (H),10-2011,Structure Image cannot be exported
"3,4-MDPHP","3,4-methylenedioxy-alpha-pyrrolidinohexanophenone","1-(2H-1,3-benzodioxol-5-yl)-2-(pyrrolidin-1-yl)hexan-1-one",C17H23NO3,Synthetic Cathinones (Hallucinogen),12-2016,Structure Image cannot be exported
"3,4-Methylenedioxy PV8","3,4-methylenedioxy-alpha-pyrrolidinoheptaphenone","1-(2H-1,3-benzodioxol-5-yl)-2-(pyrrolidin-1-yl)heptan-1-one",C18H25NO3,Synthetic Cathinones,09-2019,Structure Image cannot be exported
"3,4-Methylenedioxy U-47700","3,4-MDO U-47700","N-[2-(dimethylamino)cyclohexyl]-N-methyl-2H-1,3-benzodioxole-5-carboxamide",C17H24N2O3,Narcotic Analgesics,05-2018,Structure Image cannot be exported
"3,4-Methylenedioxy-N-isopropylaminocathinone",iPRONE,"1-(2H-1,3-benzodioxol-5-yl)-2-(isopropylamino)propan-1-one",C13H17NO3,Synthetic Cathinones,04-2019,Structure Image cannot be exported
"3,4-difluoro U-47700","3,4-Difluoro-N-[2-(dimethylamino)cyclohexyl]-N-methylbenzamide","N-[(1S,2S)-2-(dimethylamino)cyclohexyl]-3,4-difluoro-N-methylbenzamide",C16H22F2N2O,Narcotic Analgesics,12-2023,Structure Image cannot be exported
"3,5-dimethylpyrazole",,,,Other,06-2014,Structure Image cannot be exported
"3,6-Dichloro-2-methoxybenzoic acid (Dicamba)",,,,Other substances,10-2012,Structure Image cannot be exported
3-Acetylmorphine,,,,Narcotics,10-1998,Structure Image cannot be exported
3-BMC,3-bromo-N-methylcathinone;3-bromomethcathinone,1-(3-bromophenyl)-2-(methylamino)propan-1-one,C10H12BrNO,Synthetic Cathinones,06-2015,Structure Image cannot be exported
3-Bromo-1-Propene,,,,Other substances,10-1998,Structure Image cannot be exported
3-Bromoamphetamine,3-BA,1-(3-bromophenyl)propan-2-amine,C9H12BrN,Phenethylamines (Amphetamines) (S),06-2019,Structure Image cannot be exported
3-CEC,3-chloro-N-ethylcathinone;3-chloroethcathinone,1-(3-chlorophenyl)-2-(ethylamino)propan-1-one,C11H14ClNO,Synthetic Cathinones,05-2017,Structure Image cannot be exported
3-CMC,3-chloro-N-methylcathinone;3-chloromethcathinone,1-(3-chlorophenyl)-2-(methylamino)propan-1-one,C10H12ClNO,Synthetic Cathinones,01-2016,Structure Image cannot be exported
3-Chloro PCP,3-chloro-PCP;3-chloro-phencyclidine;3Cl-PCP,1-[1-(3-chlorophenyl)cyclohexyl]piperidine,C17H24ClN,Depressants and Tranquilizers,03-2021,Structure Image cannot be exported
3-Cyclopropyl-Methylnaltrexone,,,,Narcotics,10-1998,Structure Image cannot be exported
3-EMC,2-ethylmethcathinone;3-ethyl-N-methylcathinone,1-(3-ethylphenyl)-2-(methylamino)propan-1-one,C12H17NO,Synthetic Cathinones,11-2014,Structure Image cannot be exported
3-FMC,3-fluoro-N-methylcathinone;3-fluoromethcathinone,1-(3-fluorophenyl)-2-(methylamino)propan-1-one,C10H12FNO,Synthetic Cathinones,12-2014,Structure Image cannot be exported
3-FPM,,,,Stimulants,11-2016,Structure Image cannot be exported
3-Fluoro PCP,3-fluoro-PCP;3-fluoro-phencyclidine;3F-PCP,1-[1-(3-fluorophenyl)cyclohexyl]piperidine,C17H24FN,Depressants and Tranquilizers,05-2022,Structure Image cannot be exported
3-Fluoroamphetamine,3-FA,1-(3-fluorophenyl)propan-2-amine,C9H12FN,Phenethylamines (Amphetamines) (S),05-2017,Structure Image cannot be exported
3-Fluoroethamphetamine,3-FEA;3-fluoro-N-ethylamphetamine;meta-fluoroethamphetamine,ethyl[1-(3-fluorophenyl)propan-2-yl]amine,C11H16FN,Stimulants,12-2018,Structure Image cannot be exported
3-Fluorofentanyl,,,C22H27FN2O,Fentanyl and Fentanyl-related,06-2018,Structure Image cannot be exported
3-Fluoromethamphetamine ,3-FMA,1-(3-fluorophenyl)-N-methyl-propan-2-amine,C10H14FN,Phenethylamines (Amphetamines) (S),05-2012,Structure Image cannot be exported
3-Furanyl fentanyl,,N-(1-phenethylpiperidin-4-yl)-N-phenylfuran-3-carboxamide,C24H26N2O2,Fentanyl and Fentanyl-related,05-2018,Structure Image cannot be exported
3-Hydroxy PCE,3-hydroxy eticyclidine;3OH-PCE,3-[1-(ethylamino)cyclohexyl]phenol,C14H21NO,Other substances,06-2019,Structure Image cannot be exported
3-Hydroxy PCP,3-hydroxy-PCP;3-hydroxy-phencyclidine;3OH-PCP,3-[1-(piperidin-1-yl)cyclohexyl]phenol,C17H25NO,Depressants and Tranquilizers,11-2018,Structure Image cannot be exported
"3-Hydroxy-1,2,3-benzotriazin-4(3H)-one",,,,Other substances,10-2012,Structure Image cannot be exported
3-Hydroxyphenazepam,,"7-bromo-5-(2-chlorophenyl)-3-hydroxy-1,3-dihydro-1,4-benzodiazepin-2-one",C15H10BrClN2O2,Benzodiazepines,11-2016,Structure Image cannot be exported
3-MAPB,3-(2-methylaminopropyl)benzofuran,1-(benzofuran-3-yl)-N-methylpropan-2-amine,C12H15NO,Phenethylamines (Amphetamines) (H),12-2016,Structure Image cannot be exported
3-MEC,3-methyl-N-ethylcathinone;3-methylethcathinone,2-(ethylamino)-1-(3-methylphenyl)propan-1-one,C12H17NO,Synthetic Cathinones,10-2012,Structure Image cannot be exported
3-MMC,3-methyl-N-methylcathinone;3-methylmethcathinone,2-(methylamino)-1-(3-methylphenyl)propan-1-one,C11H15NO,Synthetic Cathinones,05-2013,Structure Image cannot be exported
3-MeOMC,3-methoxy-N-methylcathinone;3-methoxymethcathinone,1-(3-methoxyphenyl)-2-(methylamino)propan-1-one,C11H15NO2,Synthetic Cathinones,06-2015,Structure Image cannot be exported
3-Methoxy PCE,3-MeO-PCE;3-methoxy eticyclidine;3-methoxy-PCE,N-ethyl[1-(3-methoxyphenyl)cyclohexyl]amine,C15H23NO,Other substances,05-2017,Structure Image cannot be exported
3-Methoxy PCP,3-MeO-PCP;3-methoxy phencyclidine,1-[1-(3-methoxyphenyl)cyclohexyl]piperidine,C18H27NO,Hallucinogens,05-2012,Structure Image cannot be exported
3-Methyl PCP,3-Methyl Phencyclidine;Meta-methyl-pcp,1-[1-(3-methylphenyl)cyclohexyl]piperidine,C18H27N,Hallucinogens,12-2024,Structure Image cannot be exported
3-Methyl Phenol,,,,Other,08-2008,Structure Image cannot be exported
3-Methylfentanyl,,N-(3-methyl-1-phenethylpiperid-4-yl)-N-phenyl-propionamide,C23H30N2O,Fentanyl and Fentanyl-related,10-1998,Structure Image cannot be exported
3-Methylnordiazepam,3-Methyl-N-1-nordiazepam;Ro 5-2751,"7-chloro-1,3-dihydro-3-methyl-5-phenyl-2H-1,4-Benzodiazepin-2-one",C16H13ClN2O,Benzodiazepines,12-2023,Structure Image cannot be exported
3-Methylthiofentanyl,,N-(3-methyl-1-(2-(thien-2-yl)ethyl)piperidin-4-yl)-N-phenylpropionamide,C21H28N2OS,Fentanyl and Fentanyl-related,10-1998,Structure Image cannot be exported
"3Alpha,17beta-dihydroxy-5alpha-androstane",,,,Steroids,07-2006,Structure Image cannot be exported
"3Beta,17beta-dihydroxy-5alpha-androstane",,,,Steroids,07-2006,Structure Image cannot be exported
3C-P,"3,5-methoxy-4-propoxyamphetamine;4-propoxy-3,5-DMA;4-propoxy-3,5-dimethoxyamphetamine;proscaline amphetamine","1-(3,5-dimethoxy-4-propoxyphenyl)propan-2-amine",C14H23NO3,Phenethylamines (Other) (H),11-2014,Structure Image cannot be exported
3F-AMB,3-fluoro-AMB,methyl-2-(1-(3-fluoropentyl)-1H-indazole)-3-carboxamido)-3-methylbutanoate,C19H26FN3O3,Synthetic Cannabinoids,12-2017,Structure Image cannot be exported
3F-NNEI,3-fluoro-NNEI;3F-MN-24,1-(3-fluoropentyl)-N-(naphthalen-1-yl)-1H-indole-3-carboxamide,C24H23FN2O,Synthetic Cannabinoids,12-2017,Structure Image cannot be exported
3beta-Hydroxy-4-androstenone,,,,Steroids,09-2023,Structure Image cannot be exported
4'-Chloro deschloroalprazolam,,"1-methyl-6-(4-chlorophenyl)-4H-[1,2,4]triazolo[4,3-a][1,4]benzodiazepine",C17H13ClN4,Benzodiazepines,09-2022,Structure Image cannot be exported
4'-Chlorodiazepam,Ro 5-4864,"7-chloro-5-(4-chlorophenyl)-1,3-dihydro-1-methyl-2H-1,4-benzodiazepin-2-one",C16H12Cl2N2O,Benzodiazepines,07-2019,Structure Image cannot be exported
4'-Methyl acetyl fentanyl,4-methylphenethyl acetyl fentanyl;acetyl fentanyl 4-methylphenethyl analog,N-(1-(4-methylphenethyl)piperidin-4-yl)-N-phenylacetamide ,C22H28N2O,Fentanyl and Fentanyl-related,12-2018,Structure Image cannot be exported
4'-Methylpropiophenone,4-Methylpropiophenone;p-Methylpropiophenone,1-(4-methylphenyl)propan-1-one,C10H12O,Other substances,09-2023,Structure Image cannot be exported
"4,4'-Methylenedianiline",,,,Other substances,03-2018,Structure Image cannot be exported
"4,4'-Sulfonyldiphenol",,,,Other substances,06-2012,Structure Image cannot be exported
"4,6-Androstadiene-3,17-Dione",,,,Steroids,07-2010,Structure Image cannot be exported
4-(Difluoromethoxy)aniline,,,,Other substances,07-2019,Structure Image cannot be exported
4-(Trifluoromethyl) U-47700,,"N-[2-(dimethylamino)cyclohexyl]-N,4-dimethylbenzamide",C17H23F3N2O,Narcotic Analgesics,06-2022,Structure Image cannot be exported
4-ANPP,4-anilino-1-phenethylpiperidine;despropionyl fentanyl,4-anilino-N-phenethyl-4-piperidine,C19H24N2,Fentanyl and Fentanyl-related,10-1998,Structure Image cannot be exported
4-APB,4-(2-aminopropyl)benzofuran,1-(benzofuran-4-yl)-propan-2-amine,C11H13NO,Phenethylamines (Amphetamines) (H),12-2016,Structure Image cannot be exported
4-AcO-DET,"4-acetoxy-DET;4-acetoxy-N,N-diethyltryptamine",3-[2-(diethylamino)ethyl]indol-4-yl acetate,C16H22N2O2,Tryptamines,07-2006,Structure Image cannot be exported
4-AcO-DMT,"4-acetoxy-DMT;4-acetoxy-N,N-dimethyltryptamine",3-[2-(dimethylamino)ethyl]indol-4-yl acetate,C14H18N2O2,Tryptamines,06-2010,Structure Image cannot be exported
4-AcO-DPT,"4-acetoxy-DPT;4-acetoxy-N,N-dipropyltryptamine",3-[2-(dipropylamino)ethyl]-1H-indol-4-yl acetate,C18H26N2O2,Tryptamines,05-2018,Structure Image cannot be exported
4-AcO-DiPT,,"4-Acetoxy-N,N-diisopropyltryptamine",,Tryptamines,07-2006,Structure Image cannot be exported
4-AcO-MET,4-acetoxy-MET;4-acetoxy-N-methyl-N-ethyltryptamine,3-[2-(N-ethyl-N-methylamino)ethyl]indol-4-yl acetate,C15H20N2O2,Tryptamines,12-2016,Structure Image cannot be exported
4-AcO-MiPT,,4-Acetoxy-N-Methyl-N-Isopropyltryptamine,,Tryptamines,07-2006,Structure Image cannot be exported
4-Aminobenzoic Acid,,,,Other,05-2017,Structure Image cannot be exported
"4-Androstene-3,11,17-trione",,,,Steroids,07-2010,Structure Image cannot be exported
"4-Androstene-3,17-Dione",,,,Steroids,07-2000,Structure Image cannot be exported
"4-Androstene-3,6,17-Trione",,,,Steroids,07-2010,Structure Image cannot be exported
4-Androstenediol,,,,Steroids,07-2006,Structure Image cannot be exported
4-Androstenedione,,,,Steroids,07-2006,Structure Image cannot be exported
4-BEC,4-bromo-N-ethylcathinone;4-bromoethcathinone,1-(4-bromophenyl)-2-(ethylamino)propan-1-one,C11H14BrNO,Synthetic Cathinones,05-2017,Structure Image cannot be exported
4-BMC,4-bromo-N-methylcathinone;4-bromomethcathinone;brephedrone,1-(4-bromophenyl)-2-(methylamino)propan-1-one,C10H12BrNO,Synthetic Cathinones,08-2014,Structure Image cannot be exported
"4-Benzyloxy-3,5-dimethoxyphenethylamine",,"2-[4-(benzyloxy)-3,5-dimethoxyphenyl]ethylamine",C17H21NO3,Phenethylamines (Other) (H),10-1998,Structure Image cannot be exported
4-Benzyloxyindole,,,,Other substances,10-1998,Structure Image cannot be exported
4-Benzylpiperidine,,4-benzylpiperidine,C12H17N,Other substances,05-2018,Structure Image cannot be exported
4-Bromo-2-fluoropyridine,,,,Other substances,07-2019,Structure Image cannot be exported
4-Bromo-3-fluoroaniline,,,,Other substances,07-2019,Structure Image cannot be exported
4-Bromoamphetamine,4-BA,1-(4-bromophenyl)propan-2-amine,C9H12BrN,Phenethylamines (Amphetamines) (S),06-2019,Structure Image cannot be exported
4-CBC,4-chlorobutylcathinone;N-butyl-4-chlorocathinone,2-(butylamino)-1-(4-chlorophenyl)propan-1-one,C13H18ClNO,Synthetic Cathinones,04-2018,Structure Image cannot be exported
4-CEC,4-chloro-N-ethylcathinone;4-chloroethcathinone,1-(4-chlorophenyl)-2-(ethylamino)propan-1-one,C11H14ClNO,Synthetic Cathinones,10-2016,Structure Image cannot be exported
4-CIC,4-chloro-N-isopropylcathinone;4-chloro-alpha-isopropylaminopropiophenone;4-chloroiprcathinone;clipredrone,1-(4-chlorophenyl)-2-[(propan-2-yl)amino]propan-1-one,C12H16ClNO,Synthetic Cathinones,05-2017,Structure Image cannot be exported
4-CMC,4-chloro-N-methylcathinone;4-chloromethcathinone,1-(4-chlorophenyl)-2-(methylamino)propan-1-one,C10H12ClNO,Synthetic Cathinones,06-2015,Structure Image cannot be exported
4-Carbomethoxy 4-ANPP,despropionyl carfentanil,methyl 4-anilino-1-phenethylpiperidine-4-carboxylate,C21H26N2O2,Fentanyl and Fentanyl-related,01-2022,Structure Image cannot be exported
4-Chloro-2-fluorobenzaldehyde,,,,Other substances,07-2019,Structure Image cannot be exported
"4-Cyano-2-Dimethylamino-4,4-Diphenylbutane",,"4-Cyano-2-dimethylamino-4,4-diphenylbutane",,Narcotic Analgesics,10-1998,Structure Image cannot be exported
4-EEC,4-ethyl-N-ethylcathinone;4-ethylethcathinone,2-(ethylamino)-1-(4-ethylphenyl)propan-1-one,C13H19NO,Synthetic Cathinones,03-2015,Structure Image cannot be exported
4-EMC,4-ethyl-N-methylcathinone;4-ethylmethcathinone,1-(4-ethylphenyl)-2-(methylamino)propan-1-one,C12H17NO,Synthetic Cathinones,11-2013,Structure Image cannot be exported
4-Ethynylanisole,,,,Other substances,07-2019,Structure Image cannot be exported
4-FEC,4-fluoro-N-ethylcathinone;4-fluoroethcathinone,2-(ethylamino)-1-(4-fluorophenyl)propan-1-one,C11H14FNO,Synthetic Cathinones,05-2018,Structure Image cannot be exported
4-FMC,4-fluoro-N-methylcathinone;4-fluoromethcathinone;flephedrone,1-(4-fluorophenyl)-2-(methylamino)propan-1-one,C10H12FNO,Synthetic Cathinones,12-2014,Structure Image cannot be exported
4-Fluoro-methylbenzylpiperazine,4-fluoro MBZP,1-[(4-fluorophenyl)methyl]-4-methyl-piperazine,C12H17FN2,Piperazines (Hallucinogen),12-2023,Structure Image cannot be exported
4-Fluoroamphetamine ,4-FA,1-(4-fluorophenyl)propan-2-amine,C9H12FN,Phenethylamines (Amphetamines) (S),10-2014,Structure Image cannot be exported
4-Fluoroethamphetamine,4-FEA;4-fluoro-N-ethylamphetamine;para-fluoroethamphetamine,ethyl[1-(4-fluorophenyl)propan-2-yl]amine,C11H16FN,Stimulants,06-2018,Structure Image cannot be exported
4-Fluoroethylphenidate ,4F-EPH,ethyl 2-(4-fluorophenyl)-2-(piperidin-2-yl)acetate,C15H20FNO2,Stimulants,05-2018,Structure Image cannot be exported
4-Fluoroisocathinone,,,,Stimulants,11-2012,Structure Image cannot be exported
4-Fluoromethamphetamine,4-FMA,1-(4-fluorophenyl)-N-methyl-propan-2-amine,C10H14FN,Phenethylamines (Amphetamines) (S),03-2012,Structure Image cannot be exported
4-Fluoromethylphenidate,4-FMPH;4F-MPH,methyl (4-fluorophenyl)(piperid-2-yl)acetate,C14H18FNO2,Stimulants,05-2017,Structure Image cannot be exported
4-Hydroxy PCP,4-hydroxy phencyclidine;4OH-PCP;para-hydroxy PCP,4-[1-(piperidin-1-yl)cyclohexyl]phenol,C17H25NO,Depressants and Tranquilizers,04-2019,Structure Image cannot be exported
"4-Hydroxy-19-nortestosterone (4,17beta-dihydroxy-estr-4-en-3-one)",,,,Steroids,07-2006,Structure Image cannot be exported
4-Hydroxycoumarin,,,,Other substances,07-2019,Structure Image cannot be exported
4-Hydroxycyclohexanone,,,,Other substances,05-2017,Structure Image cannot be exported
4-Hydroxyephedrine,,,,Other substances,06-2015,Structure Image cannot be exported
4-Hydroxytestosterone,,,,Steroids,07-2006,Structure Image cannot be exported
4-ME-NEP,,,,Synthetic Cathinones,06-2018,Structure Image cannot be exported
4-MEC,4-methyl-N-ethylcathinone;4-methylethcathinone,2-(ethylamino)-1-(4-methylphenyl)propan-1-one,C12H17NO,Synthetic Cathinones,05-2011,Structure Image cannot be exported
4-MTA,4-methylthioamphetamine,4-methylthioamphetamine,C10H15NS,Phenethylamines (Amphetamines) (H),07-2006,Structure Image cannot be exported
4-MeO-MiPT,,4-Methoxy-N-methyl-N-isopropyltryptamine,,Tryptamines,07-2006,Structure Image cannot be exported
4-MeO-PV8,4-methoxy-alpha-pyrrolidinoheptaphenone,1-(4-methoxyphenyl)-2-(pyrrolidin-1-yl)heptan-1-one,C18H27NO2,Synthetic Cathinones,05-2017,Structure Image cannot be exported
4-MeO-alpha-PVP,4-methoxy-alpha-PVP;4-methoxy-alpha-pyrrolidinopentiophenone?;4-methoxy-alpha-pyrrolidinovalerophenone, 1-(4-methoxyphenyl)-2-(pyrrolidin-1-yl)pentan-1-one,C16H23NO2,Synthetic Cathinones,06-2015,Structure Image cannot be exported
4-MeOEC,4-methoxy-N-ethylcathinone;4-methoxyethcathinone,2-(ethylamino)-1-(4-methoxyphenyl)propan-1-one,C12H17NO2,Synthetic Cathinones,07-2013,Structure Image cannot be exported
4-MePPP,4-methyl-alpha-PPP;4-methyl-alpha-pyrrolidinopropiophenone,1-(4-methylphenyl)-2-(pyrrolidin-1-yl)propan-1-one,C14H19NO,Synthetic Cathinones,11-2011,Structure Image cannot be exported
4-Methoxy PCP,4-MeO-PCP;4-methoxy phencyclidine;methoxydine,1-[1-(4-methoxyphenyl)cyclohexyl]piperidine,C18H27NO,Hallucinogens,12-2014,Structure Image cannot be exported
4-Methoxy-1H-Indole,,,,Other substances,10-1998,Structure Image cannot be exported
4-Methoxyamphetamine,PMA,4-methoxyamphetamine,C10H15NO,Phenethylamines (Amphetamines) (H),10-1998,Structure Image cannot be exported
4-Methoxymethamphetamine,PMMA;para-methoxymethamphetamine,1-(4-methoxyphenyl)-N-methyl-propan-2-amine,C11H17NO,Phenethylamines (Amphetamines) (H),10-2005,Structure Image cannot be exported
4-Methoxyphenol,,,,Other substances,06-2012,Structure Image cannot be exported
4-Methyl-5-thiazoleethanol,,,,Other,05-2014,Structure Image cannot be exported
4-Methyl-AET,,4-Methyl-alpha-ethyltryptamine,,Tryptamines,03-2015,Structure Image cannot be exported
4-Methylaminoantipyrine,,,,Other substances,05-2017,Structure Image cannot be exported
4-Methylaminorex,,,,Stimulants,10-1998,Structure Image cannot be exported
4-Methylbenzenesulfonic Acid Monohydrate,,,,Other substances,10-1998,Structure Image cannot be exported
4-Methylbuphedrone,4-methyl BP;4-methyl-N-methylbutiophenone,2-(methylamino)-1-(4-methylphenyl)butan-1-one,C12H17NO,Synthetic Cathinones,10-2012,Structure Image cannot be exported
4-Methylcatechol,,,,Other substances,07-2019,Structure Image cannot be exported
4-Methylpentedrone,4-MPD;4-methyl-alpha-methylamino-valerophenone,2-(methylamino)-1-(4-methylphenyl)pentan-1-one,C13H19NO,Synthetic Cathinones,05-2017,Structure Image cannot be exported
4-Methylphenmetrazine ,4-MPM;mephenmetrazine,3-methyl-2-(4-methylphenyl)morpholine,C12H17NO,Stimulants,07-2019,Structure Image cannot be exported
4-Methylpiperidine,,4-methylpiperidine,C6H13N,Other substances,10-1998,Structure Image cannot be exported
4-Methylthio-N-benzylcathinone,,2-(benzylamino)-1-(4-(methylthio)phenyl)propan-1-one,C17H19NOS,Synthetic Cathinones,12-2019,Structure Image cannot be exported
4-OH-DET,,"4-Hydroxy-N,N-diethyltryptamine",,Tryptamines,10-1998,Structure Image cannot be exported
4-OH-DiPT,,"4-Hydroxy-N,N-diisopropyltryptamine",,Tryptamines,07-2006,Structure Image cannot be exported
4-OH-MET,,4-Hydroxy-N-methyl-N-ethyltryptamine,,Tryptamines,08-2012,Structure Image cannot be exported
4-OH-MiPT,,4-Hydroxy-N-methyl-N-isopropyltryptamine,,Tryptamines,05-2011,Structure Image cannot be exported
4-Phenyl-2-pyrrolidinone,,4‐phenylpyrrolidin‐2‐one,C10H11NO,Other substances,06-2021,Structure Image cannot be exported
4-Phosphoryloxy-DET,,"4-Phosphoryloxy-N,N-diethyltryptamine",,Tryptamines,10-1998,Structure Image cannot be exported
4-Piperidone,,4-piperidinone,C5H9NO,Other substances,10-1998,Structure Image cannot be exported
4-Propanoyloxy DMT,"4-Propionoyloxy-N,N-dimethyltryptamine",[3-[2-(dimethylamino)ethyl]-1H-indol-4-yl] propanoate (Alternative chemical name: 3-(2-(dimethylamino)ethyl)-1H-indol-4-yl propionate),C15H20N2O2,Tryptamines,06-2025,Structure Image cannot be exported
4-Quinolinol,,,,Other,06-2014,Structure Image cannot be exported
4-amino-2-chlorobenzoic acid,,,,Other,06-2014,Structure Image cannot be exported
4-aminophenol,,,,Other,06-2014,Structure Image cannot be exported
"4-bromo-2,6-dichloroaniline",,,,Other substances,06-2018,Structure Image cannot be exported
4-hydroxyandrostenedione,,,,Steroids,07-2010,Structure Image cannot be exported
"4-methyl-N,N-DMC","4-methyl-N,N-dimethylcathinone",2-(dimethylamino)-1-(4-methylphenyl)propan-1-one,C12H17NO,Synthetic Cathinones,05-2018,Structure Image cannot be exported
4Br-alpha-PVP,4-bromo-alpha-PVP;4-bromo-alpha-pyrrolidinopentiophenone?;4-bromo-alpha-pyrrolidinovalerophenone, 1-(4-bromophenyl)-2-(pyrrolidin-1-yl)pentan-1-one,C15H20BrNO,Synthetic Cathinones,12-2016,Structure Image cannot be exported
4CN-CUMYL-BUTINACA,4-cyano-CUMYL-BUTINACA;4CN-CUMYL-BINACA;SGT-78,1-(4-cyanobutyl)-N-(2-phenylpropan-2-yl)-1H-indazole-3-carboxamide,C22H24N4O,Synthetic Cannabinoids,05-2017,Structure Image cannot be exported
4CN-MDMB-BUTINACA,4-cyano-MDMB-BUTINACA;4CN-BINACA-ADB;4CN-MDMB-BINACA,1-(4-cyanobutyl)-N-(2-phenylpropan-2-yl)-1H-indazole-3-carboxamide,C20H26N4O3,Synthetic Cannabinoids,12-2019,Structure Image cannot be exported
"4Cl-N,N-DMC","4-chloro-N,N-DMC;4-chloro-N,N-dimethylcathinone",1-(4-chlorophenyl)-2-(dimethylamino)propan-1-one,C11H14ClNO,Synthetic Cathinones,12-2018,Structure Image cannot be exported
4Cl-Pentedrone,4-CPD;4-chloro-alpha-methylamino-pentiophenone;4-chloro-alpha-methylamino-valerophenone;4-chloropentedrone,1-(4-chlorophenyl)-2-(methylamino)pentan-1-one,C12H16ClNO,Synthetic Cathinones,05-2017,Structure Image cannot be exported
4Cl-alpha-PPP,4-chloro-alpha-PPP;4-chloro-alpha-pyrrolidinopropiophenone,1-(4-chlorophenyl)-2-(pyrrolidin-1-yl)propan-1-one,C13H16ClNO,Synthetic Cathinones,05-2016,Structure Image cannot be exported
4Cl-alpha-PVP,4'-chloro-alpha-pyrrolidinopentiophenone;4'-chloro-alpha-pyrrolidinovalerophenone;4-chloro-alpha-PVP, 1-(4-chlorophenyl)-2-(pyrrolidin-1-yl)pentan-1-one,C15H20ClNO,Synthetic Cathinones,05-2016,Structure Image cannot be exported
4F-3-Methyl-alpha-PVP,4-fluoro-3-methyl-alpha-PVP;4-fluoro-3-methyl-alpha-pyrrolidinopentiophenone;4-fluoro-3-methyl-alpha-pyrrolidinovalerophenone,1-(4-fluoro-3-methylphenyl)-2-(pyrrolidin-1-yl)pentan-1-one,C16H22FNO,Synthetic Cathinones,11-2020,Structure Image cannot be exported
4F-AB-PINACA,4-fluoro-AB-PINACA,N-(1-amino-3-methyl-1-oxobutan-2-yl)-1-(4-fluoropentyl)-1H-indazole-3-carboxamide,C18H25FN4O2,Synthetic Cannabinoids,11-2014,Structure Image cannot be exported
4F-ABUTINACA,4-fluoro-ABUTINACA;4F-admantyl-BINACA;N-(4-fluorobutyl)-APINACA,N-(1-adamantyl)-1-(4-fluorobutyl)indazole-3-carboxamide,C22H28FN3O,Synthetic Cannabinoids,01-2021,Structure Image cannot be exported
4F-AMB,4-fluoro-AMB,methyl-2-(1-(4-fluoropentyl)-1H-indazole)-3-carboxamido)-3-methylbutanoate,C19H26FN3O3,Synthetic Cannabinoids,05-2017,Structure Image cannot be exported
4F-MDMB-BUTICA,4-fluoro-MDMB-BUTICA;4F-MDMB-BICA,"methyl 2-(1-(4-fluorobutyl)-1H-indole-3-carboxamido)-3,3-dimethylbutanoate",C20H27FN2O3,Synthetic Cannabinoids,10-2020,Structure Image cannot be exported
4F-MDMB-BUTINACA,4-fluoro-MDMB-BUTINACA;4F-MDMB-BINACA,"methyl 2-(1-(4-fluorobutyl)-1H-indazole-3-carboxamido)-3,3-dimethylbutanoate",C19H26FN3O3,Synthetic Cannabinoids,04-2019,Structure Image cannot be exported
4F-NNEI,4-fluoro-NNEI;4F-MN-24,1-(4-fluoropentyl)-N-(naphthalen-1-yl)-1H-indole-3-carboxamide,C24H23FN2O,Synthetic Cannabinoids,05-2017,Structure Image cannot be exported
4F-PV8,4-fluoro-alpha-pyrrolidinoheptaphenone,1-(4-fluorophenyl)-2-(pyrrolidin-1-yl)heptan-1-one,C17H24FNO,Synthetic Cathinones,05-2017,Structure Image cannot be exported
4F-PV9,4-fuoro-alpha-pyrrolidinooctanophenone,1-(4-fluorophenyl)-2-(pyrrolidin-1-yl)octan-1-one,C18H26FNO,Synthetic Cathinones,05-2017,Structure Image cannot be exported
4F-Pentedrone,4-FPD;4-fluoro-alpha-methylamino-valerophenone;4-fluoropentedrone,1-(4-fluorophenyl)-2-(methylamino)pentan-1-one,C12H16FNO,Synthetic Cathinones,05-2017,Structure Image cannot be exported
4F-Phenibut,,4-amino-3-(4-fluorophenyl)butyric acid,C10H12FNO2,Other substances,06-2022,Structure Image cannot be exported
4F-alpha-PHP,4-fluoro-alpha-PHP;4-fluoro-alpha-pyrrolidinohexanophenone,1-(4-fluorophenyl)-2-(pyrrolidin-1-yl)hexan-1-one,C16H22FNO,Synthetic Cathinones,05-2017,Structure Image cannot be exported
4F-alpha-PVP,4-fluoro-alpha-PVP;4-fluoro-alpha-pyrrolidinopentiophenone?;4-fluoro-alpha-pyrrolidinovalerophenone, 1-(4-fluorophenyl)-2-(pyrrolidin-1-yl)pentan-1-one,C15H20FNO,Synthetic Cathinones,03-2015,Structure Image cannot be exported
4F-alpha-PiHP,4-fluoro-alpha-PiHP;4-fluoro-alpha-pyrrolidinoisohexanophenone,1-(4-fluorophenyl)-4-methyl-2-(pyrrolidin-1-yl)pentan-1-one,C16H22FNO,Synthetic Cathinones,06-2023,Structure Image cannot be exported
"5,6-dichloro Brorphine (SR-14968)",SR-14968,"1-[1-[1-(4-bromophenyl)ethyl]-4-piperidinyl]-5,6-dichloro-1,3-dihydro-2H-benzimidazol-2-one",C20H20BrCl2N3O,Narcotic Analgesics,01-2026,Structure Image cannot be exported
"5-(1,1-Dimethyl-Heptyl)Resorcinol",,,,Cannabinoids,06-2012,Structure Image cannot be exported
5-(Hydroxymethyl)Furfural,,,,Other substances,02-2011,Structure Image cannot be exported
5-APB,5-(2-aminopropyl)benzofuran,1-(benzofuran-5-yl)-propan-2-amine,C11H13NO,Phenethylamines (Amphetamines) (H),09-2012,Structure Image cannot be exported
5-APDB,"3-desoxy-MDA;5-(2-aminopropyl)-2,3-dihydrobenzofuran","1-(2,3-dihydrobenzofuran-5-yl)propan-2-amine",C11H15NO,Phenethylamines (Amphetamines) (H),01-2014,Structure Image cannot be exported
"5-AcO-DMT (5-acetoxy-N,N-dimethyltryptamine)","5-acetoxy-N,N-dimethyltryptamine;Acetylbufotenine",[3-[2-(dimethylamino)ethyl]-1H-indol-5-yl] acetate,C14H18N2O2,Tryptamines,12-2024,Structure Image cannot be exported
5-Amino-2-chloropyridine,,,,Other substances,07-2019,Structure Image cannot be exported
5-Androstenediol,,,,Steroids,07-2006,Structure Image cannot be exported
5-Androstenedione,,,,Steroids,07-2006,Structure Image cannot be exported
5-BPDi,"3',4'-trimethylene-alpha-pyrrolidinohexanophenone;indanyl-alpha-PHP;indanyl-alpha-pyrrolidinohexanophenone",1-(indan-5-yl)-2-(pyrrolidin-1-yl)hexan-1-one,C19H27NO,Synthetic Cathinones,08-2016,Structure Image cannot be exported
5-Bromoisatin,,,,Other substances,10-1998,Structure Image cannot be exported
5-Chloro-2-Methylaminobenzophenone,,,,Other substances,10-1998,Structure Image cannot be exported
5-EAPB,5-(2-ethylaminopropyl)benzofuran,1-(benzofuran-5-yl)-N-ethylpropan-2-amine,C13H17NO,Phenethylamines (Amphetamines) (H),11-2014,Structure Image cannot be exported
5-Ethyl-5-(1-Piperidyl)Barbituric Acid,,,,Depressants and Tranquilizers,10-1998,Structure Image cannot be exported
5-HT,,5-Hydroxytryptamine,,Tryptamines,05-2011,Structure Image cannot be exported
5-Hydroxyindole,,,,Other substances,10-1998,Structure Image cannot be exported
5-Hydroxytryptophan (5-Htp),,,,Other substances,06-2010,Structure Image cannot be exported
5-IAI,5-iodo-2-aminoindane,5-iodo-2-aminoindane,C9H10IN,Phenethylamines (Aminoindanes) (H),05-2012,Structure Image cannot be exported
5-IT,5-(2-aminopropyl) indole;5-API,5-(2-aminopropyl) indole,C11H14N2,Phenethylamines (Amphetamines) (H),07-2006,Structure Image cannot be exported
5-MAPB,5-(2-methylaminopropyl)benzofuran,1-(benzofuran-5-yl)-N-methylpropan-2-amine,C12H15NO,Phenethylamines (Amphetamines) (H),05-2014,Structure Image cannot be exported
5-MAPDB,"1-(2,3-dihydrobenzofuran-5-yl)-N-methylpropan-2-amine","1-(2,3-dihydrobenzofuran-5-yl)-N-methylpropan-2-amine",C12H17NO,Phenethylamines (Amphetamines) (H),11-2015,Structure Image cannot be exported
5-MT,,5-Methoxytryptamine,,Tryptamines,04-2011,Structure Image cannot be exported
5-MeO-AMT,,5-Methoxy-alpha-methyltryptamine,,Tryptamines,12-2003,Structure Image cannot be exported
5-MeO-DALT,,"N,N Diallyl-5-methoxytryptamine",,Tryptamines,06-2011,Structure Image cannot be exported
5-MeO-DBT,"5-MeO-BET;5-methoxy-N,N-dibutyltryptamine;N,N-dibutyl-5-methoxytryptamine","N,N-dibutyl-5-methoxy-1H-indole-3-ethanamine",C19H30N2O,Tryptamines,09-2019,Structure Image cannot be exported
5-MeO-DET,,"5-Methoxy-N,N-diethyltryptamine",,Tryptamines,07-2006,Structure Image cannot be exported
5-MeO-DMT,,"5-Methoxy-N,N-dimethyltryptamine",,Tryptamines,10-1998,Structure Image cannot be exported
5-MeO-DPT,"5-methoxy-DPT;5-methoxy-N,N-dipropyltryptamine",[2-(5-methoxyindol-3-yl)ethyl]dipropylamine,C17H26N2O,Tryptamines,07-2006,Structure Image cannot be exported
5-MeO-DiPT,,"5-Methoxy-N,N-diisopropyltryptamine",,Tryptamines,10-1998,Structure Image cannot be exported
5-MeO-MALT,,5-Methoxy-N-methyl-N-allyltryptamine,,Tryptamines,05-2017,Structure Image cannot be exported
5-MeO-MiPT,,5-Methoxy-N-methyl-N-isopropyltryptamine,,Tryptamines,07-2006,Structure Image cannot be exported
5-Methyl Etodesnitazene,5-Methyl Etonitazene,"2-[2-[(4-ethoxyphenyl)methyl]-5-methylbenzimidazol-1-yl]-N,N-diethylethanamine",C23H31N3O,Narcotic Analgesics,12-2024,Structure Image cannot be exported
5-OH-DMT,,"5-Hydroxy-N,N-dimethyltryptamine",,Tryptamines,10-1998,Structure Image cannot be exported
5-PPDi,"3',4'-trimethylene-alpha-pyrrolidinobutiophenone;indanyl-alpha-PBP;indanyl-alpha-pyrrolidinobutiophenone",1-(indan-5-yl)-2-(pyrrolidin-1-yl)butan-1-one,C17H23NO,Synthetic Cathinones,12-2016,Structure Image cannot be exported
"5-beta-Androstan-3,17-dione",,,,Steroids,01-2020,Structure Image cannot be exported
5-bromo-1-pentene,5-Bromopent-1-ene,5-bromopent-1-ene,C5H9Br,Other substances,09-2023,Structure Image cannot be exported
5Br-AKB48,5-bromo-AKB48,N-(1-adamantyl)-1-(5-bromopentyl)-1H-indazole-3-carboxamide,C23H30BrN3O,Synthetic Cannabinoids,05-2018,Structure Image cannot be exported
5Br-UR-144,5-bromo-UR-144 ,"[1-(5-bromopentyl)-1H-indol-3-yl](2,2,3,3-tetramethylcyclopropyl)methanone",C21H28BrNO,Synthetic Cannabinoids,06-2015,Structure Image cannot be exported
5Cl-AB-PINACA,5-chloro-AB-PINACA,N-(1-amino-3-methyl-1-oxobutan-2-yl)-1-(5-chloropentyl)-1H-indazole-3-carboxamide,C18H25ClN4O2,Synthetic Cannabinoids,11-2017,Structure Image cannot be exported
5Cl-AKB48,5-chloro-AKB48,N-(1-adamantyl)-1-(5-chloropentyl)-1H-indazole-3-carboxamide,C23H30ClN3O,Synthetic Cannabinoids,03-2016,Structure Image cannot be exported
5Cl-UR-144,5-chloro-UR-144;UR-144 N-(5-chloropentyl) analog ,"[1-(5-chloropentyl)-1H-indol-3-yl](2,2,3,3-tetramethylcyclopropyl)methanone",C21H28ClNO,Synthetic Cannabinoids,05-2013,Structure Image cannot be exported
"5F-3,5-AB-PFUPPYCA","5-fluoro-3,5-AB-PFUPPYCA",N-(1-amino-3-methyl-1-oxobutan-2-yl)-1-(5-fluoropentyl)-3-(4-fluorophenyl)-1H-pyrazole-5-carboxamide,C20H26F2N4O2,Synthetic Cannabinoids,02-2018,Structure Image cannot be exported
5F-AB-P7AICA,5-fluoro-AB-P7AICA;5F-AB-7-PAICA,"N-(1-amino-3-methyl-1-oxobutan-2-yl)-1-(5-fluoropentyl)-1H-pyrrolo[2,3-b]pyridine-3-carboxamide",C18H25FN4O2,Synthetic Cannabinoids,01-2021,Structure Image cannot be exported
5F-AB-PINACA,5-fluoro-AB-PINACA,N-(1-amino-3-methyl-1-oxobutan-2-yl)-1-(5-fluoropentyl)-1H-indazole-3-carboxamide,C18H25FN4O2,Synthetic Cannabinoids,12-2013,Structure Image cannot be exported
5F-ABICA,5-fluoro-ABICA,N-(1-amino-3-methyl-1-oxobutan-2-yl)-1-(5-fluoropentyl)-1H-indole-3-carboxamide,C19H26FN3O2,Synthetic Cannabinoids,11-2014,Structure Image cannot be exported
5F-ADB ,5-fluoro-ADB;5F-MDMB-PINACA,"methyl 2-(1-(5-fluoropentyl)-1H-indazole-3-carboxamido)-3,3-dimethylbutanoate",C20H28FN3O3,Synthetic Cannabinoids,06-2015,Structure Image cannot be exported
5F-ADB-PINACA,5-fluoro-ADB-PINACA,"N-(1-amino-3,3-dimethyl-1-oxobutan-2-yl)-1-(5-fluoropentyl-1H-indazole-3-carboxamide",C19H27FN4O2,Synthetic Cannabinoids,03-2016,Structure Image cannot be exported
5F-ADBICA,5-fluoro-ADBICA,"N-(1-amino-3,3-dimethyl-1-oxobutan-2-yl)-1-(5-fluoropentyl)-1H-indole-3-carboxamide",C20H28FN3O2,Synthetic Cannabinoids,11-2013,Structure Image cannot be exported
5F-AEB,5-fluoro-AEB;5F-EMB-PINACA,ethyl 2-(1-(5-fluoropentyl)-1H-indazole-3-carboxamido)-3-methylbutanoate,C20H28FN3O3,Synthetic Cannabinoids,05-2017,Structure Image cannot be exported
5F-AKB48 ,5-fluoro-AKB48;5F-APINACA,N-(adamantan-1-yl)-1-(5-fluoropentyl)-1H-indazole-3-carboxamide,C23H30FN3O,Synthetic Cannabinoids,10-2012,Structure Image cannot be exported
5F-AMB,5-fluoro-AMB,methyl 2-(1-(5-fluoropentyl)-1H-indazole)-3-carboxamido)-3-methylbutanoate,C19H26FN3O3,Synthetic Cannabinoids,11-2014,Structure Image cannot be exported
5F-APINAC,5-fluoro-APINAC;5F-AKB57,N-(1-adamantyl)-1-(5-fluoropentyl)-1H-indazole-3-carboxylate,C23H29FN2O2,Synthetic Cannabinoids,05-2017,Structure Image cannot be exported
5F-BZO-POXIZID,5-fluoro-BZO-POXIZID;5-fluoropentyl MDA-19,"N'-[(3Z)-1-(5-fluoropentyl)-2-oxo-1,2-dihydro-3H-indol-3-ylidene]benzohydrazide",C20H20FN3O2,Synthetic Cannabinoids,01-2022,Structure Image cannot be exported
5F-CUMYL-P7AICA,5-fluoro-CUMYL-P7AICA,"(1-(5-fluoropentyl)-N-(2-phenylpropan-2-yl)-1H-pyrrolo[2,3-b]pyridine-3- carboxamide)",C22H26FN3O,Synthetic Cannabinoids,06-2021,Structure Image cannot be exported
5F-CUMYL-PICA,5-fluoro-CUMYL-PICA;SGT-67,1-(5-fluoropentyl)-N-(2-phenylpropan-2-yl)-1H-indole-3-carboxamide,C23H27FN2O,Synthetic Cannabinoids,05-2017,Structure Image cannot be exported
5F-CUMYL-PINACA,5-fluoro-CUMYL-PINACA;SGT-25 ,1-(5-fluoropentyl)-N-(2-phenylpropan-2-yl)-1H-indazole-3-carboxamide,C22H26FN3O,Synthetic Cannabinoids,06-2018,Structure Image cannot be exported
5F-EDMB-PICA,5-fluoro-EDMB-PICA;5F-EDMB-2201,"ethyl 2-(1-(5-fluoropentyl)-1H-indole-3-carboxamido)-3,3-dimethylbutanoate",C22H31FN2O3,Synthetic Cannabinoids,01-2021,Structure Image cannot be exported
5F-EDMB-PINACA,5-fluoro-EDMB-PINACA,"ethyl 2-(1-(5-fluoropentyl)-1H-indazole-3-carboxamido)-3,3-dimethylbutanoate",C21H30FN3O3,Synthetic Cannabinoids,11-2017,Structure Image cannot be exported
5F-EMB-PICA,5-fluoro-EMB-PICA;EMB-2201,ethyl 2-(1-(5-fluoropentyl)-1H-indole-3-carboxamido)-3-methylbutanoate,C21H29FN2O3,Synthetic Cannabinoids,11-2020,Structure Image cannot be exported
5F-MDMB-PICA,5-fluoro-MDMB-PICA;5F-MDMB-2201,"methyl 2-(1-(5-fluoropentyl)-1H-indole-3-carboxamido)-3,3-dimethylbutanoate",C21H29FN2O3,Synthetic Cannabinoids,05-2017,Structure Image cannot be exported
5F-MMB-PICA,5-fluoro-MMB-PICA;5F-AMB-PICA;I-AMB;MMB-2201,methyl 2-(1-(5-fluoropentyl)-1H-indole-3-carboxamido)-3-methylbutanoate,C20H27FN2O3,Synthetic Cannabinoids,02-2016,Structure Image cannot be exported
5F-MN-18,5-fluoro-MN-18,1-(5-fluoropentyl)-N-(naphthalen-1-yl)-1H-indazole-3-carboxamide,C23H22FN3O,Synthetic Cannabinoids,06-2015,Structure Image cannot be exported
5F-MPP-PICA,5-fluoro-MPP-PICA;5F-MPhP-PICA;MPHP-2201,methyl (1-(5-fluoropentyl)-1H-indole-3-carbonyl)phenylalaninate,C24H27FN2O3,Synthetic Cannabinoids,06-2019,Structure Image cannot be exported
5F-NNEI,5-fluoro-NNEI;5F-MN-24,1-(5-fluoropentyl)-N-(naphthalen-1-yl)-1H-indole-3-carboxamide,C24H23FN2O,Synthetic Cannabinoids,06-2015,Structure Image cannot be exported
5F-NPB-22,5-fluoro-NPB-22,quinolin-8-yl 1-(5-fluoropentyl)-1H-indazole-3-carboxylate,C22H20FN3O2,Synthetic Cannabinoids,12-2014,Structure Image cannot be exported
5F-PB-22,5-fluoro-PB-22,1-(5-fluoropentyl)-N-(naphthalen-1-yl)-1H-indole-3-carboxamide,C23H21FN2O2,Synthetic Cannabinoids,05-2013,Structure Image cannot be exported
5F-PY-PINACA,5-fluoro-PY-PINACA,(1-(5-fluoropentyl)-1H-indazol-3-yl)(pyrrolidin-1-yl)methanone,C17H22FN3O,Synthetic Cannabinoids,03-2018,Structure Image cannot be exported
5F-SDB-005,5-fluoro-SDB-005,naphthalen-1-yl 1-(5-fluoropentyl)-1H-indazole-3-carboxylate,C23H21FN2O2,Synthetic Cannabinoids,12-2014,Structure Image cannot be exported
5F-SDB-006,5-fluoro-SDB-006,N-benzyl-1-(5-fluoropentyl)-1H-indole-3-carboxamide,C21H23FN2O,Synthetic Cannabinoids,12-2014,Structure Image cannot be exported
"5alpha-Androstane-3,6,17-trione",,,,Steroids,06-2018,Structure Image cannot be exported
6-APB,6-(2-aminopropyl)benzofuran,1-(benzofuran-6-yl)-propan-2-amine,C11H13NO,Phenethylamines (Amphetamines) (H),08-2012,Structure Image cannot be exported
6-APDB,"4-desoxy-MDA;6-(2-aminopropyl)-2,3-dihydrobenzofuran","1-(2,3-dihydrobenzofuran-6-yl)propan-2-amine",C11H15NO,Phenethylamines (Amphetamines) (H),05-2012,Structure Image cannot be exported
6-Acetylcodeine (6-MAC),,,,Narcotic Analgesics,11-2011,Structure Image cannot be exported
6-Acetylmorphine,,,,Narcotics,10-1998,Structure Image cannot be exported
6-MAPB,6-(2-methylaminopropyl)benzofuran,1-(benzofuran-6-yl)-N-methylpropan-2-amine,C12H15NO,Phenethylamines (Amphetamines) (H),06-2015,Structure Image cannot be exported
6-MeO-DiPT,"6-methoxy-DIPT;6-methoxy-N,N-diisopropyltryptamine",[2-(6-methoxy-1H-indol-3-yl)ethyl]bis(propan-2-yl)amine,C17H26N2O,Tryptamines,02-2018,Structure Image cannot be exported
6-Methoxymethylone,,"1-(6-methoxy-2H-1,3-benzodioxol-5-yl)-2-(methylamino)propan-1-one",C12H15NO4,Synthetic Cathinones (Hallucinogen),12-2017,Structure Image cannot be exported
"6-Methyl-3-Pyridinecarboxylic Acid, Methyl Ester",,,,Other substances,10-1998,Structure Image cannot be exported
6-allyl-6-nor-LSD,,,,Hallucinogens,05-2014,Structure Image cannot be exported
6-alpha-Chloro testosterone,,6alpha-chloro-17beta-hydroxy-androst-4-en-3-one,,Steroids,11-2019,Structure Image cannot be exported
6PPD,,,,Other substances,05-2017,Structure Image cannot be exported
"7-(2,3-dihydroxypropyl)theophylline",,,,Other,06-2014,Structure Image cannot be exported
7-APB,7-(2-aminopropyl)benzofuran,1-(benzofuran-7-yl)-propan-2-amine,C11H13NO,Phenethylamines (Amphetamines) (H),03-2015,Structure Image cannot be exported
7-Aminoclonazepam,,"7-amino-5-(2-chlorophenyl)-1,3-dihydro-1,4-benzodiazepin-2-one",C15H12ClN3O,Benzodiazepines,05-2017,Structure Image cannot be exported
7-Aminonitrazepam,"7-amino nitrazepam;7-amino-1,3-dihydro-5-phenyl-1,4-benzodiazepin-2-one;7-amino-1,3-dihydro-5-phenyl-2H-1,4-Benzodiazepin-2-one","7-amino-5-phenyl-1,3-dihydro-1,4-benzodiazepin-2-one",C15H13N3O,New Drug,07-2023,Structure Image cannot be exported
7-Hydroxymitragynine,9-Methoxycorynantheidine;Mitragynine hydroxyindolenine,"methyl (E)-2-[(2S,3S,7aS,12bS)-3-ethyl-7a-hydroxy-8-methoxy-2,3,4,6,7,12b-hexahydro-1H-indolo[2,3-a]quinolizin-2-yl]-3-methoxyprop-2-enoate",C23H30N2O5,Narcotic Analgesics,08-2025,Structure Image cannot be exported
7-KETO Dehydroepiandrosterone,,,,Other substances,10-2012,Structure Image cannot be exported
7-Keto-DHEA,,,,Other,06-2014,Structure Image cannot be exported
8-Chlorotheophylline,,,,Stimulants,06-2010,Structure Image cannot be exported
8-Hydroxyquinoline,,,,Other substances,06-2018,Structure Image cannot be exported
9(R)-Hexahydrocannabiphorol,9(R)-HHCP;9-beta-HHCP;9-beta-Hexahydrocannabiphorol,"(6-alpha-S,9S,10-alpha-S)-3-heptyl-6,6,9-trimethyl-6-alpha,7,8,9,10,10-alpha-hexahydrobenzo[c]chromen-1-ol",C23H36O2,Cannabinoids,03-2025,Structure Image cannot be exported
9-Chloroacridine,,,,Other substances,12-2018,Structure Image cannot be exported
A-796260,,"[1-(2-morpholinoethyl)-1H-indol-3-yl](2,2,3,3-tetramethylcyclopropyl)methanone",C22H30N2O2,Synthetic Cannabinoids,10-2012,Structure Image cannot be exported
A-834735,,"1-[(tetrahydro-2H-pyran-4-yl)methyl]-1H-indol-3-yl-(2,2,3,3-tetramethylcyclopropyl)methanone",C22H29NO2,Synthetic Cannabinoids,05-2013,Structure Image cannot be exported
A-836339,,"N-[3-(2-methoxyethyl)-4,5-dimethylthiazol-2-ylidene]-2,2,3,3-tetramethyl-cyclopropanecarboxamide",C16H26N2O2S,Synthetic Cannabinoids,03-2015,Structure Image cannot be exported
A-Acetylphenylacetonitrile,,,,Other substances,10-1998,Structure Image cannot be exported
AB-001,JWH-018 adamantyl analog,1-pentyl-3-(1-adamantoyl)indole,C24H31NO,Synthetic Cannabinoids,02-2012,Structure Image cannot be exported
AB-005,,"[1-[(1-methyl-2-piperidinyl)methyl]-1H-indol-3-yl](2,2,3,3-tetramethylcyclopropyl)methanone",C23H32N2O,Synthetic Cannabinoids,12-2014,Structure Image cannot be exported
AB-CHFUPYCA,,N-(1-carbamoyl-2-methylpropyl)-1-(cyclohexylmethyl)-3-(4-fluorophenyl)pyrazole-5-carboxamide,C22H29FN4O2,Synthetic Cannabinoids,11-2019,Structure Image cannot be exported
AB-CHMICA,,N-(1-amino-3-methyl-1-oxobutan-2-yl)-1-(cyclohexylmethyl)-1H-indole-3-carboxamide,C21H29N3O2,Synthetic Cannabinoids,12-2016,Structure Image cannot be exported
AB-CHMINACA,,N-(1-amino-3-methyl-1-oxobutan-2-yl)-1-(cyclohexylmethyl)-1H-indazole-3-carboxamide,C20H28N4O2,Synthetic Cannabinoids,05-2014,Structure Image cannot be exported
AB-FUBINACA,,N-(1-amino-3-methyl-1-oxobutan-2-yl)-1-(4-fluorobenzyl)-1H-indazole-3-carboxamide,C20H21FN4O2,Synthetic Cannabinoids,10-2013,Structure Image cannot be exported
AB-FUBINACA 3-fluorobenzyl isomer,,N-(1-amino-3-methyl-1-oxobutan-2-yl)-1-(3-fluorobenzyl)-1H-indazole-3-carboxamide,C20H21FN4O2,Synthetic Cannabinoids,05-2017,Structure Image cannot be exported
AB-MDMSBA,,"(S)-N-(1-amino-3-methyl-1-oxobutan-2-yl)-3-(N,N-dimethylsulfamoyl)-4-methylbenzamide",C15H23N3O4S,Synthetic Cannabinoids,02-2025,Structure Image cannot be exported
AB-PINACA,,N-(1-amino-3-methyl-1-oxobutan-2-yl)-1-pentyl-1H-indazole-3-carboxamide,C18H26N4O2,Synthetic Cannabinoids,10-2013,Structure Image cannot be exported
ADB-4en-PFUPPYCA,,,,Synthetic Cannabinoids,11-2022,Structure Image cannot be exported
ADB-4en-PINACA,,"N-(1-amino-3,3-dimethyl-1-oxobutan-2-yl)-1-(pent-4-en-1-yl)-1H-indazole-3-carboxamide",C19H26N4O2,Synthetic Cannabinoids,06-2021,Structure Image cannot be exported
ADB-5Br-4en-PINACA,ADB-4en-P-5'Br-INACA;ADB-5'Br-4en-PINACA,"N-(1-carbamoyl-2,2-dimethylpropyl)-5-bromo-1-4-pentenyl-1H-indazole-3-carboxamide",C19H25BrN4O2,Synthetic Cannabinoids,06-2023,Structure Image cannot be exported
ADB-5Br-BUTINACA,ADB-5'Br-BUTINACA,"N-(1-carbamoyl-2,2-dimethylpropyl)-5-bromo-1-butyl-1H-indazole-3-carboxamide",C18H25BrN4O2,Synthetic Cannabinoids,09-2022,Structure Image cannot be exported
ADB-5Br-INACA,,"N-(1-amino-3,3-dimethyl-1-oxobutan-2-yl)-5-bromo-1H-indazole-3-carboxamide",C14H17BrN4O2,Synthetic Cannabinoids,03-2022,Structure Image cannot be exported
ADB-BINACA,,"N-(1-amino-3,3-dimethyl-1-oxobutan-2-yl)-1-benzyl-1H-indazole-3-carboxamide",C21H24N4O2,Synthetic Cannabinoids,01-2021,Structure Image cannot be exported
ADB-BUTINACA,,"N-(1-amino-3,3-dimethyl-1-oxobutan-2-yl)-1-butyl-1H-indazole-3-carboxamide",C18H26N4O2,Synthetic Cannabinoids,05-2020,Structure Image cannot be exported
ADB-FUBIATA,AD-18;FUB-ACADB,"N-(1-amino-3,3-dimethyl-1-oxobutan-2-yl)-1-(4-fluorobenzyl)-1H-indole-3-acetamide",C23H26FN3O2,Synthetic Cannabinoids,01-2022,Structure Image cannot be exported
ADB-FUBINACA,,"N-(1-amino-3,3-dimethyl-1-oxobutan-2-yl)-1-(4-fluorobenzyl)-1H-indazole-3-carboxamide",C21H23FN4O2,Synthetic Cannabinoids,05-2014,Structure Image cannot be exported
ADB-HEXINACA,ADB-HINACA,"N-(1-amino-3,3-dimethyl-1-oxobutan-2-yl)-1-hexyl-1H-indazole-3-carboxamide",C20H30N4O2,Synthetic Cannabinoids,06-2021,Structure Image cannot be exported
ADB-INACA,,"N-(1-carbamoyl-2,2-dimethylpropyl)-1H-indazole-3-carboxamide",C14H18N4O2,Synthetic Cannabinoids,06-2023,Structure Image cannot be exported
ADB-PHETINACA,ADB-PHTINACA,"N-(1-amino-3,3-dimethyl-1-oxobutan-2-yl)-1-phenethyl-1H-indazole-3-carboxamide",C22H26N4O2,Synthetic Cannabinoids,09-2021,Structure Image cannot be exported
ADB-PINACA,,"N-(1-amino-3,3-dimethyl-1-oxobutan-2-yl)-1-pentyl-1H-indazole-3-carboxamide",C19H28N4O2,Synthetic Cannabinoids,11-2013,Structure Image cannot be exported
ADB-en-PINACA,,,C19H26N4O2,Synthetic Cannabinoids,06-2023,Structure Image cannot be exported
ADBICA,,"N-(1-amino-3,3-dimethyl-1-oxobutan-2-yl)-1-pentyl-1H-indole-3-carboxamide",C20H29N3O2,Synthetic Cannabinoids,12-2014,Structure Image cannot be exported
AEP-CHMINACA,AB-CHMINACA isomer 1,N-[(2S)-1-amino-1-oxopentan-2-yl]-1-(cyclohexylmethyl)indazole-3-carboxamide,C20H28N4O2,Synthetic Cannabinoids,09-2024,Structure Image cannot be exported
AET,,alpha-Ethyltryptamine,,Tryptamines,10-1998,Structure Image cannot be exported
AFUBIATA,adamantyl-FUBIATA,N-adamant-1-yl-1-(4-fluorobenzyl)-1H-indole-3-acetamide,C27H29FN2O,Synthetic Cannabinoids,03-2023,Structure Image cannot be exported
AH-7921,,"3,4-Dichloro-N-[(1-dimethylamino)cyclohexylmethyl]benzamide",,Narcotic Analgesics,11-2013,Structure Image cannot be exported
AKB48,APINACA,N-(1-adamantyl)-1-pentyl-1H-indazole-3-carboxamide,C23H31N3O,Synthetic Cannabinoids,08-2012,Structure Image cannot be exported
ALD-52,1-acetyl LSD;1-acetyllysergic acid diethylamide,"(8)-1-acetyl-N,N-diethyl-6-methyl-9,10-didehydroergoline-8-carboxamide",C22H27N3O2,Psychedelics,05-2018,Structure Image cannot be exported
AM-1172,,"N-5Z,8Z,11Z,14Z-eicosatetraenyl-4-hydroxy-benzamide",C27H39NO2,Synthetic Cannabinoids,12-2015,Structure Image cannot be exported
AM-1220,,[1-[(1-methyl-2-piperidinyl)methyl]-1H-indol-3-yl]-1-naphthalenyl-methanone,C26H26N2O,Synthetic Cannabinoids,03-2012,Structure Image cannot be exported
AM-1220 azepane isomer,,(1-((1-methylazepan-3-yl)methyl)-1H-indol-3-yl)(naphthalen-1-yl)methanone,C26H26N2O,Synthetic Cannabinoids,05-2012,Structure Image cannot be exported
AM-1241,,(2-iodo-5-nitrophenyl)-(1-(1-methylpiperidin-2-ylmethyl)-1H-indol-3-yl)methanone,C22H22IN3O3,Synthetic Cannabinoids,11-2012,Structure Image cannot be exported
AM-1248,,1-[(N-methylpiperidin-2-yl)methyl]-3-(adamant-1-oyl)indole,C26H34N2O,Synthetic Cannabinoids,05-2012,Structure Image cannot be exported
AM-2233,,1-[(N-methyl-2-piperidinyl)methyl]-3-(2-iodobenzoyl)indole,C22H23IN2O,Synthetic Cannabinoids,03-2012,Structure Image cannot be exported
AM-356,methanandamide,arachidonyl-1'-hydroxy-2'-propylamide,C23H39NO2,Synthetic Cannabinoids,04-2011,Structure Image cannot be exported
AM-679,,1-pentyl-3-(2-iodobenzoyl)indole,C20H20INO,Synthetic Cannabinoids,10-2012,Structure Image cannot be exported
AM-694,,1-(5-fluoropentyl)-3-(2-iodobenzoyl)indole,C20H19FINO,Synthetic Cannabinoids,04-2011,Structure Image cannot be exported
AM2201,,1-(5-fluoropentyl)-3-(1-naphthoyl)indole,C24H22FNO,Synthetic Cannabinoids,04-2011,Structure Image cannot be exported
AM2201 N-(4-fluoropentyl) analog,,1-(4-fluoropentyl)-3-(1-naphthoyl)indole,C24H22FNO,Synthetic Cannabinoids,10-2012,Structure Image cannot be exported
AM2201 benzimidazole analog,BIM-2201;BZ-2201;FUBIMINA,(1-(5-fluoropentyl)-1H-benzimidazol-2-yl)(naphthalene-1-yl)methanone,C23H21FN2O,Synthetic Cannabinoids,05-2014,Structure Image cannot be exported
AMB,,methyl 2-(1-(5-fluoropentyl)-1H-indazole)-3-carboxamido)-3-methylbutanoate,C19H27N3O3,Synthetic Cannabinoids,06-2015,Structure Image cannot be exported
AMP-4en-PINACA,ABO-4en-PINACA;ABO-PENINACA,N-(1-amino-1-oxobutan-2-yl)-1-(pent-4-en-1-yl)-1H-indazole-3-carboxamide,C17H22N4O2,Synthetic Cannabinoids,01-2022,Structure Image cannot be exported
AMT,,alpha-Methyltryptamine,,Tryptamines,10-1998,Structure Image cannot be exported
AP-238,,"1-[4-[(E)-cinnamyl]-2,6-dimethyl-piperazin-1-yl]propan-1-one",C18H26N2O,Narcotic Analgesics,01-2021,Structure Image cannot be exported
APB,,,C11H13NO,Phenethylamines (Amphetamines) (H),05-2017,Structure Image cannot be exported
APDB,,,C11H15NO,Phenethylamines (Amphetamines) (H),12-2017,Structure Image cannot be exported
APINAC,AKB57,N-(1-adamantyl)-1-pentyl)-1H-indazole-3-carboxylate,C23H30N2O2,Synthetic Cannabinoids,05-2017,Structure Image cannot be exported
APP-BUTINACA,APP-BINACA,N-(1-amino-1-oxo-3-phenylpropan-2-yl)-1-butyl-1H-indazole-3-carboxamide,C21H24N4O2,Synthetic Cannabinoids,05-2019,Structure Image cannot be exported
Abacavir,,,,Other substances,07-2000,Structure Image cannot be exported
Abacavir Sulfate,,,,Other substances,01-2005,Structure Image cannot be exported
Abietic acid,,,,Other substances,03-2022,Structure Image cannot be exported
Acamprosate,,,,Other substances,07-2005,Structure Image cannot be exported
Acarbose,,,,Other substances,06-2018,Structure Image cannot be exported
Acebutolol,,,,Other substances,08-2008,Structure Image cannot be exported
Acecarbromal,,,,Depressants and Tranquilizers,10-1998,Structure Image cannot be exported
Acepromazine,,,,Other substances,02-2000,Structure Image cannot be exported
Acetaldehyde,,,,Other substances,10-1998,Structure Image cannot be exported
Acetamide,,,,Other substances,10-1998,Structure Image cannot be exported
Acetaminophen,,,,Analgesics,10-1998,Structure Image cannot be exported
Acetanilide,,,,Analgesics,10-1998,Structure Image cannot be exported
Acetazolamide,,,,Other substances,07-2004,Structure Image cannot be exported
Acetic Anhydride,,,,Other substances,10-1998,Structure Image cannot be exported
Acetildenafil,hongdenafil,"5-[2-ethoxy-5-[2-(4-ethyl-1-piperazinyl)acetyl]phenyl]-1,6-dihydro-1-methyl-3-propyl-7H-pyrazolo[4,3-d]pyrimidin-7-one",C25H34N6O3,Other substances,07-2019,Structure Image cannot be exported
Acetonedicarboxylic Acid,,,,Other substances,10-1998,Structure Image cannot be exported
Acetonitrile,,,,Other substances,10-1998,Structure Image cannot be exported
Acetophenazine,,,,Depressants and Tranquilizers,10-1998,Structure Image cannot be exported
Acetopromazine,,,,Depressants and Tranquilizers,07-2003,Structure Image cannot be exported
Acetorphine,,,,Narcotics,10-1998,Structure Image cannot be exported
Acetyl fentanyl,,N-(1-phenethylpiperidin-4-yl)-N-phenylacetamide,C21H26N2O,Fentanyl and Fentanyl-related,02-2014,Structure Image cannot be exported
Acetyl norfentanyl,,N-phenyl-N-(piperidin-4-yl)acetamide,C13H18N2O,Fentanyl and Fentanyl-related,12-2016,Structure Image cannot be exported
Acetyl-L-Carnitine Hydrochloride,,,,Other,06-2014,Structure Image cannot be exported
Acetyl-alpha-methylfentanyl,alpha-methyl acetyl fentanyl,N-(1-(phenylpropan-2-yl)piperidin-4-yl)-N-phenylacetamide ,C22H28N2O,Fentanyl and Fentanyl-related,10-1998,Structure Image cannot be exported
Acetylcodeine,,,,Narcotic Analgesics,10-1998,Structure Image cannot be exported
Acetylcysteine,,,,Other substances,06-2010,Structure Image cannot be exported
Acetyldihydrocodeine,,,,Narcotic Analgesics,10-1998,Structure Image cannot be exported
Acetylglutamine,,,,Other substances,08-2008,Structure Image cannot be exported
Acetylmethadol,,,,Narcotic Analgesics,10-1998,Structure Image cannot be exported
Acetylmorphine,,,,Narcotics,11-1999,Structure Image cannot be exported
Acetylprocaine,N-acetylprocaine,2-(diethylamino)ethyl 4-acetylaminobenzoate,C15H22N2O3,Other substances,10-1998,Structure Image cannot be exported
Aciphex,,,,Other substances,08-2003,Structure Image cannot be exported
Acrivastine,,,,Other substances,03-2006,Structure Image cannot be exported
Acryl fentanyl,acryloylfentanyl,N-(1-phenethylpiperidin-4-yl)-N-phenylacrylamide,C22H26N2O,Fentanyl and Fentanyl-related,11-2016,Structure Image cannot be exported
Acryl-alpha-methylfentanyl,,N-(1-(1-methyl-2-phenylethyl)piperidin-4-yl)-N-phenylacrylamide,C23H28N2O,Fentanyl and Fentanyl-related,10-1998,Structure Image cannot be exported
Acyclovir,,,,Other substances,03-2000,Structure Image cannot be exported
Adenosine,,,,Other substances,06-2018,Structure Image cannot be exported
Adinazolam,,"8-chloro-N,N-dimethyl-6-phenyl-4H-[1,2,4]triazolo[4,3-a][1,4]benzodiazepine-1-methanamine",C19H18ClN5,Benzodiazepines,11-2019,Structure Image cannot be exported
Adrafinil,2-((diphenylmethyl)sulfinyl)-N-hydroxyacetamide,(benzhydrylsulfinyl)acetohydroxamic acid,C15H15NO3S,Stimulants,12-2017,Structure Image cannot be exported
Albendazole,,,,Other,02-2010,Structure Image cannot be exported
Albuterol,,,,Other substances,11-1999,Structure Image cannot be exported
Alendronate,,,,Other substances,03-2008,Structure Image cannot be exported
Alendronate Sodium,,,,Other substances,12-2004,Structure Image cannot be exported
Alfaxalone,,,,Other substances,06-2016,Structure Image cannot be exported
Alfentanil,,"N-{1-[2-(4-ethyl-5-oxo-1,4-dihydrotetraazol-1-yl)ethyl]-4-(methoxymethyl)piperid-4-yl}-N-phenyl-propionamide",C21H32N6O3,Fentanyl and Fentanyl-related,10-1998,Structure Image cannot be exported
Alirocumab,,,,Other substances,11-2019,Structure Image cannot be exported
Aliskiren Hemifumarate,,,,Other,06-2010,Structure Image cannot be exported
Allethrin,,,,Other,06-2014,Structure Image cannot be exported
Allobarbital,,,,Depressants and Tranquilizers,10-1998,Structure Image cannot be exported
Allococaine,,methyl 3-benzoyloxy-8-methyl-8-azabicyclo[3.2.1]octane-2-carboxylate,C17H21NO4,Cocaine Alkaloids,05-2016,Structure Image cannot be exported
Allopurinol,,,,Other substances,02-2000,Structure Image cannot be exported
Allyboronic acid pinacol ester,,,,Other substances,07-2019,Structure Image cannot be exported
Allylchloride,,,,Other substances,10-1998,Structure Image cannot be exported
Allylescaline,"4-allyloxy-3,5-dimethoxyphenethylamine","2-[3,5-dimethoxy-4-(prop-2-enyloxy)phenyl]ethylamine",C13H19NO3,Phenethylamines (Other) (H),11-2012,Structure Image cannot be exported
Allylisopropylacetylurea,,,,Depressants and Tranquilizers,10-1998,Structure Image cannot be exported
Allylprodine,,,,Narcotic Analgesics,10-1998,Structure Image cannot be exported
Almotriptan Malate,,,,Other substances,07-2008,Structure Image cannot be exported
Alogliptin),,,,Other substances,05-2015,Structure Image cannot be exported
Alpha-Galactosidase,,,,Other substances,03-2008,Structure Image cannot be exported
Alpha-Methylstyrene,,,,Other substances,10-1998,Structure Image cannot be exported
Alpha-naphthoflavone,"7,8-Benzoflavone",2-phenyl-4H-benzo[h]chromen-4-one,C19H12O2,Other substances,09-2023,Structure Image cannot be exported
Alpha-pinene,,,,Other substances,03-2015,Structure Image cannot be exported
Alphacetylmethadol,,,,Narcotic Analgesics,10-1998,Structure Image cannot be exported
Alphameprodine,,,,Narcotics,10-1998,Structure Image cannot be exported
Alphamethadol,,,,Narcotic Analgesics,10-1998,Structure Image cannot be exported
Alphanormethadol,,,,Narcotic Analgesics,10-1998,Structure Image cannot be exported
Alphaprodine,,,,Narcotic Analgesics,10-1998,Structure Image cannot be exported
Alprazolam,,"12-chloro-3-methyl-9-phenyl-2,4,5,8-tetraazatricyclo[8.4.0.0²,⁶]tetradeca-1(14),3,5,8,10,12-hexaene",C17H13ClN4,Benzodiazepines,10-1998,Structure Image cannot be exported
Alprenolol Hydrochloride,,,,Other substances,04-2004,Structure Image cannot be exported
Alprostadil,,,,Other substances,05-2017,Structure Image cannot be exported
Aluminum Chloride,,,,Other substances,10-1998,Structure Image cannot be exported
Aluminum Lithium Hydride,,,,Other substances,10-1998,Structure Image cannot be exported
Aluminum Potassium Sulfate,Potash alum;Potassium alum;Potassium aluminum sulfate,aluminum;potassium;disulfate,AlKO8S2,Other substances,09-2023,Structure Image cannot be exported
Amanita Muscaria,,,,Hallucinogens,10-1998,Structure Image cannot be exported
Amantadine,,,,Other substances,07-2003,Structure Image cannot be exported
Amforol,,,,Other substances,11-2011,Structure Image cannot be exported
Amikacin,,,,Other substances,05-2018,Structure Image cannot be exported
Amiloride,,,,Other substances,03-2006,Structure Image cannot be exported
Aminocaproic Acid,,,,Other substances,08-2008,Structure Image cannot be exported
Aminoclonazolam,,,C15H12ClN3O,Benzodiazepines,06-2021,Structure Image cannot be exported
Aminoglutethimide,,,,Other substances,10-1998,Structure Image cannot be exported
Aminophylline,,,,Other substances,08-2008,Structure Image cannot be exported
Aminopyrine,,,,Analgesics,10-1998,Structure Image cannot be exported
Aminorex,,,,Stimulants,10-1998,Structure Image cannot be exported
Amiodarone,,,,Other substances,01-2005,Structure Image cannot be exported
Amisole,,,,Other,06-2010,Structure Image cannot be exported
Amitriptyline,,,,Antidepressants,10-1998,Structure Image cannot be exported
Amlodipine,,,,Other substances,12-1999,Structure Image cannot be exported
Ammonia Gas,,,,Other substances,10-1998,Structure Image cannot be exported
Ammonium Acetate,,,,Other substances,10-1998,Structure Image cannot be exported
Ammonium Chloride,,,,Other substances,10-1998,Structure Image cannot be exported
Ammonium Ferric Citrate,,,,Other substances,08-2008,Structure Image cannot be exported
Ammonium Formate,,,,Other substances,10-1998,Structure Image cannot be exported
Ammonium bicarbonate,,,,Other substances,10-2017,Structure Image cannot be exported
Amobarbital,,,,Depressants and Tranquilizers,10-1998,Structure Image cannot be exported
Amoxapine,,,,Other substances,08-2008,Structure Image cannot be exported
Amoxicillin,,,,Other substances,11-1999,Structure Image cannot be exported
Amphenidone,,,,Depressants and Tranquilizers,10-1998,Structure Image cannot be exported
Amphetamine,,1-methyl-2-phenylethylamine,C9H13N,Phenethylamines (Amphetamines) (S),10-1998,Structure Image cannot be exported
Amphotericin B,,,,Other substances,12-2018,Structure Image cannot be exported
Ampicillin,,,,Other substances,10-1998,Structure Image cannot be exported
Amprenavir,,,,Other substances,10-2003,Structure Image cannot be exported
Amyl Nitrite,,,,Other substances,10-1998,Structure Image cannot be exported
Amylocaine,,,,Other substances,10-1998,Structure Image cannot be exported
Anastrozole,,,,Other substances,07-2003,Structure Image cannot be exported
"Androst-5-en-3-ol-7,17-dione acetate",,,,Steroids,05-2018,Structure Image cannot be exported
"Androsta-1,4-diene-3,11,17-trione",,,,Steroids,10-2015,Structure Image cannot be exported
"Androsta-3,5-diene-17-one","3,5-androstadien-17-one","(8R,9S,10R,13S,14S)-10,13-dimethyl-1,2,7,8,9,11,12,14,15,16-decahydrocyclopenta[a]phenanthren-17-one",C19H26O,Steroids,09-2023,Structure Image cannot be exported
"Androsta-3,5-diene-7,17-dione",,,,Steroids,06-2015,Structure Image cannot be exported
Androstenediol,,,,Steroids,04-2002,Structure Image cannot be exported
Androstenedione,,,,Steroids,05-2003,Structure Image cannot be exported
Androsterone,,,,Other substances,04-2011,Structure Image cannot be exported
Anethole,,,,Other,11-2012,Structure Image cannot be exported
Anhalamine,,,,Hallucinogens,10-1998,Structure Image cannot be exported
Anhalonidine,,,,Hallucinogens,10-1998,Structure Image cannot be exported
Anhalonine,,,,Hallucinogens,10-1998,Structure Image cannot be exported
Anhydroecgonine methyl ester,,,,Narcotics,11-2020,Structure Image cannot be exported
Anileridine,,,,Narcotic Analgesics,10-1998,Structure Image cannot be exported
Aniline,,,,Other substances,10-1998,Structure Image cannot be exported
Aniracetam,,,,Other substances,06-2015,Structure Image cannot be exported
Antazoline,,,,Other substances,10-1998,Structure Image cannot be exported
Anthranilic Acid,,,,Other substances,10-1998,Structure Image cannot be exported
Antipyrine,,,,Analgesics,10-1998,Structure Image cannot be exported
Apigenin,,,,Other substances,07-2019,Structure Image cannot be exported
Apixaban,,,,Other,11-2017,Structure Image cannot be exported
Apocynin,,,,Other substances,11-2014,Structure Image cannot be exported
Apomorphine,,,,Narcotics,10-1998,Structure Image cannot be exported
Apremilast,,,,Other substances,06-2018,Structure Image cannot be exported
Aprobarbital,,,,Depressants and Tranquilizers,10-1998,Structure Image cannot be exported
Arecoline,,,,Stimulants,01-2005,Structure Image cannot be exported
Arginine,,,,Other substances,08-2008,Structure Image cannot be exported
Aripiprazole,,,,Other substances,08-2004,Structure Image cannot be exported
Armodafinil,,,,Stimulants,06-2010,Structure Image cannot be exported
Arnica Montana (Arnica),,,,Other substances,05-2018,Structure Image cannot be exported
Articaine,,methyl 4-methyl-3-[2-(propylamino)propionylamino]thiophene-2-carboxylate,C13H20N2O3S,Other substances,05-2004,Structure Image cannot be exported
Ascorbic Acid,,,,Other substances,10-1998,Structure Image cannot be exported
Ascriptin,,,,Other substances,08-2003,Structure Image cannot be exported
Asenapine,,,,Other substances,11-2011,Structure Image cannot be exported
Asparagine Monohydrate,,,,Other substances,08-2008,Structure Image cannot be exported
Aspirin,,,,Analgesics,10-1998,Structure Image cannot be exported
Astemizole,,,,Other substances,02-2009,Structure Image cannot be exported
Atazanavir Sulfate,,,,Other substances,01-2005,Structure Image cannot be exported
Atenolol,,,,Other substances,11-1999,Structure Image cannot be exported
Atomoxetine,,,,Other substances,03-2004,Structure Image cannot be exported
Atorvastatin,,,,Other substances,07-2003,Structure Image cannot be exported
Atovaquone,,,,Other substances,04-2011,Structure Image cannot be exported
Atropa Belladonna,,,,Other substances,10-1998,Structure Image cannot be exported
Atropine,,,,Other substances,10-1998,Structure Image cannot be exported
Augmentin,,,,Other substances,09-2000,Structure Image cannot be exported
Avanafil,,,,Other substances,05-2017,Structure Image cannot be exported
Axid,,,,Other substances,01-2001,Structure Image cannot be exported
Azacyclonol,,,,Depressants and Tranquilizers,10-1998,Structure Image cannot be exported
Azaperone,,1-(4-fluorophenyl)-4-[4-(pyrid-2-yl)piperazin-1-yl]butan-1-one,C19H22FN3O,Depressants and Tranquilizers,06-2018,Structure Image cannot be exported
Azatadine,,,,Other substances,07-2003,Structure Image cannot be exported
Azathioprine,,,,Other substances,03-2001,Structure Image cannot be exported
Azelastine,,,,Other substances,11-2007,Structure Image cannot be exported
Azidothymidine,,,,Other substances,05-2000,Structure Image cannot be exported
Azithromycin,,,,Other substances,05-2000,Structure Image cannot be exported
Azithromycin Dihydrate,,,,Other substances,02-2005,Structure Image cannot be exported
Azulene,,,,Other substances,05-2017,Structure Image cannot be exported
BB-22,,quinolin-8-yl 1-(cyclohexylmethyl)-1H-indole-3-carboxylate,C25H24N2O2,Synthetic Cannabinoids,05-2014,Structure Image cannot be exported
BETAINE HYDROCHLORIDE,,,,Other,06-2014,Structure Image cannot be exported
BMC,bromo-N-methylcathinone;bromomethcathinone,,C10H12BrNO,Synthetic Cathinones,05-2017,Structure Image cannot be exported
BMDP,"3,4-methylenedioxy-N-benzylcathinone","1-(2H-1,3-benzodioxol-5-yl)-2-benzylaminopropan-1-one",C17H17NO3,Synthetic Cathinones,06-2018,Structure Image cannot be exported
BMK methyl glycidate,,methyl 2-methyl-3-phenyloxirane-2-carboxylate,C11H12O3,Other substances,06-2023,Structure Image cannot be exported
BNMPA,alpha-benzyl-N-methylphenethylamine,N-methyl(1-benzyl-2-phenylethyl)amine,C16H19N,Phenethylamines (Other) (S),06-2015,Structure Image cannot be exported
"BTMPS (Bis(2,2,6,6-tetramethyl-4-piperidinyl) Sebacate)","Bis(2,2,6,6-tetramethyl-4-piperidinyl) Sebacate;Bis(2,2,6,6-tetramethyl-4-piperidyl) Sebacate;Sanol;Tinuvin 770","bis(2,2,6,6-tetramethylpiperidin-4-yl) decanedioate",C28H52N2O4,Other,12-2024,Structure Image cannot be exported
BTS 54-505,,,,Stimulants,06-2014,Structure Image cannot be exported
BZO-4en-POXIZID,4en-pentyl MDA-19,(Z)-N'-(2-oxo-1-(pent-4-en-1-yl)indolin-3-ylidene)benzohydrazide,C20H19N3O2,Synthetic Cannabinoids,03-2022,Structure Image cannot be exported
BZO-CHMOXIZID,,3-(2-Benzoylhydrazono)-1-(cyclohexylmethyl)-2-indolinone,C22H23N3O2,Synthetic Cannabinoids,05-2022,Structure Image cannot be exported
BZO-HEXOXIZID,MDA-19,"N'-[(3Z)-1-hexyl-2-oxo-1,2-dihydro-3H-indol-3-ylidene]benzohydrazide",C21H23N3O2,Synthetic Cannabinoids,01-2022,Structure Image cannot be exported
BZO-POXIZID,pentyl MDA-19,"N'-[(3Z)-1-pentyl-2-oxo-1,2-dihydro-3H-indol-3-ylidene]benzohydrazide",C20H21N3O2,Synthetic Cannabinoids,01-2022,Structure Image cannot be exported
Baclofen,,,,Other substances,11-1999,Structure Image cannot be exported
Bacteriostatic Water,,,,Other substances,01-2004,Structure Image cannot be exported
Bactrim,,,,Other substances,07-2000,Structure Image cannot be exported
Balsalazide Disodium,,,,Other substances,08-2008,Structure Image cannot be exported
Banisteriopsis Caapi,,,,Hallucinogens,10-1998,Structure Image cannot be exported
Barbital,,,,Depressants and Tranquilizers,10-1998,Structure Image cannot be exported
Barbituric Acid,,,,Depressants and Tranquilizers,09-2007,Structure Image cannot be exported
Baricitinib,,"2‐[1‐(ethanesulfonyl)‐3‐(4‐{7H‐pyrrolo[2,3‐d]pyrimidin‐4‐yl}‐1H‐pyrazol‐1‐yl)azetidin‐3‐yl]acetonitrile",C16H17N7O2S,Other substances,03-2022,Structure Image cannot be exported
Barium Sulfate,,,,Other substances,10-1998,Structure Image cannot be exported
"Beclomethasone Dipropionate, Monohydrate",,,,Other substances,06-2010,Structure Image cannot be exported
Bemegride,,,,Stimulants,10-1998,Structure Image cannot be exported
Benactyzine,,,,Depressants and Tranquilizers,10-1998,Structure Image cannot be exported
Benazepril,,,,Other substances,07-2003,Structure Image cannot be exported
Bendazol,,,,Other substances,04-2011,Structure Image cannot be exported
Bendroflumethiazide,,,,Other substances,05-2012,Structure Image cannot be exported
Benocyclidine,BTCP,2-[1-(piperid-1-yl)cyclohexyl]-1-benzothiophene,C19H25NS,Piperidines/PEA,03-2012,Structure Image cannot be exported
Benzaldehyde,,,,Other substances,10-1998,Structure Image cannot be exported
"Benzaldehyde, 3,4-dimethoxy-, methylmonoacetal","(3,4-dimethoxyphenyl)-methoxymethanol",,C10H14O4,Other substances,01-2023,Structure Image cannot be exported
Benzamide,,,,Other,06-2010,Structure Image cannot be exported
Benzamidenafil,,"N-(3,4-dimethoxyphenyl)methyl-2-(2-hydroxy-1-methylethylamino)-5-nitrobenzamide",C19H23N3O6,Other substances,06-2019,Structure Image cannot be exported
Benzapril,,,,Other substances,08-2005,Structure Image cannot be exported
Benzedrone,4-MBC;4-methylbenzylcathinone,2‐(benzylamino)‐1‐(4‐methylphenyl)propan‐1‐one,C17H19NO,Synthetic Cathinones (Hallucinogen),11-2019,Structure Image cannot be exported
Benzeneacetamide,,,,Other substances,09-2018,Structure Image cannot be exported
Benzenesulfonyl Chloride,,,,Other substances,10-1998,Structure Image cannot be exported
Benzethidine,,,,Narcotic Analgesics,10-1998,Structure Image cannot be exported
Benzethonium Chloride,,,,Other substances,02-2009,Structure Image cannot be exported
Benzilic Acid,,,,Other substances,10-1998,Structure Image cannot be exported
Benzocaine,,ethyl 4-aminobenzoate,C9H11NO2,Other substances,10-1998,Structure Image cannot be exported
Benzodiazepine,,,,Benzodiazepines,07-2000,Structure Image cannot be exported
Benzodioxole fentanyl,,"N-(1-phenethylpiperidine-4-yl)-N-phenyl-2H-1,3-benzodioxole-5-carboxamide",C27H28N2O3,Fentanyl and Fentanyl-related,11-2017,Structure Image cannot be exported
Benzoic Acid,,,,Other substances,10-1998,Structure Image cannot be exported
Benzoic Anhydride,,,,Other substances,10-1998,Structure Image cannot be exported
Benzonatate,,,,Other substances,04-2001,Structure Image cannot be exported
Benzonitrile,,,,Other substances,10-1998,Structure Image cannot be exported
Benzophenone,,,,Other substances,06-2015,Structure Image cannot be exported
Benzoyl Chloride,,,,Other substances,10-1998,Structure Image cannot be exported
Benzoylbenzyl fentanyl,,N-(1-benzylpiperidin-4-yl)-N-phenylbenzamide,C25H26N2O,Fentanyl and Fentanyl-related,02-2018,Structure Image cannot be exported
Benzoylecgonine,,,,Narcotics,10-1998,Structure Image cannot be exported
Benzoylglycolic Acid,,,,Other substances,10-1998,Structure Image cannot be exported
Benzphetamine,,N-methyl-N-phenylmethyl-1-methyl-2-phenylethylamine,C17H21N,Phenethylamines (Other) (S),10-1998,Structure Image cannot be exported
Benzquinamide,,,,Depressants and Tranquilizers,10-1998,Structure Image cannot be exported
Benzyl Alcohol,,,,Other substances,02-2008,Structure Image cannot be exported
Benzyl Benzoate,,,,Other substances,07-2008,Structure Image cannot be exported
Benzyl Chloride,,,,Other substances,10-1998,Structure Image cannot be exported
Benzyl Diolamine,,,,Other substances,10-1998,Structure Image cannot be exported
Benzylacryl fentanyl,,N-(1-benzylpiperidin-4-yl)-N-phenylacrylamide,C21H24N2O,Fentanyl and Fentanyl-related,01-2022,Structure Image cannot be exported
Benzylfentanyl,,N-(1-benzylpiperidin-4-yl)-N-phenylpropionamide,C21H26N2O,Fentanyl and Fentanyl-related,10-1998,Structure Image cannot be exported
Benzylmorphine,,,,Narcotic Analgesics,10-1998,Structure Image cannot be exported
Berberine HCl,,,,Other,06-2014,Structure Image cannot be exported
Beta-Sitosterol,,,,Other substances,03-2018,Structure Image cannot be exported
Beta-bromoallyl sec-amylbarbituric acid,,,,Depressants and Tranquilizers,10-1998,Structure Image cannot be exported
Beta-pinene,,,,Other substances,03-2015,Structure Image cannot be exported
Betacetylmethadol,,,,Narcotic Analgesics,10-1998,Structure Image cannot be exported
Betahistine,,,,Other substances,07-2013,Structure Image cannot be exported
Betameprodine,,,,Narcotics,10-1998,Structure Image cannot be exported
Betamethadol,,,,Narcotic Analgesics,10-1998,Structure Image cannot be exported
Betamethasone,,,,Other substances,02-2010,Structure Image cannot be exported
Betaprodine,,,,Narcotic Analgesics,10-1998,Structure Image cannot be exported
Betaxolol,,,,Other substances,04-2011,Structure Image cannot be exported
Bethanechol,,,,Other substances,07-2000,Structure Image cannot be exported
Bethanechol Chloride,,,,Other substances,12-2005,Structure Image cannot be exported
Bezitramide,,,,Narcotic Analgesics,10-1998,Structure Image cannot be exported
Biaxin,,,,Other substances,09-2000,Structure Image cannot be exported
Bicalutamide,,,,Other substances,03-2006,Structure Image cannot be exported
Bictegravir,,,,Other substances,06-2019,Structure Image cannot be exported
Biperiden,,,,Other substances,12-2005,Structure Image cannot be exported
Biphenyl,,,,Other substances,10-1998,Structure Image cannot be exported
Bipiperidinyl 4-ANPP,,"N-phenyl-1'-phenethyl-1,4'-bipiperidin-4-amine",C24H33N3,Fentanyl and Fentanyl-related,09-2022,Structure Image cannot be exported
Bis(2-ethylhexyl) phthalate,Bis(2-ethylhexyl)phthalate;DEHP;DOP;Di(2- Ethylhexyl)phthalate;Diethylhexyl Phthalate;Octyl Phthalate;dioctyl phthalate,"bis(2-ethylhexyl) benzene-1,2-dicarboxylate",C24H38O4,New Drug,12-2023,Structure Image cannot be exported
Bisacodyl,,,,Other substances,03-2000,Structure Image cannot be exported
Bismuth Subcarbonate,,,,Other substances,04-2011,Structure Image cannot be exported
Bismuth Subsalicylate,,,,Other substances,12-2005,Structure Image cannot be exported
Bisoprolol,,,,Other substances,07-2003,Structure Image cannot be exported
Bk-2C-B,"beta-keto 2C-B;bk-4-bromo-2,5-dimethoxyphenethylamine","2-amino-1-(4-bromo-2,5-dimethoxyphenyl)ethan-1-one",C10H12BrNO3,Phenethylamines (2C Series) (H),05-2017,Structure Image cannot be exported
Black Cohosh,,,,Other substances,03-2006,Structure Image cannot be exported
Bolasterone,,,,Steroids,07-2006,Structure Image cannot be exported
Boldenone,,,,Steroids,10-1998,Structure Image cannot be exported
Boldione,,,,Steroids,07-2010,Structure Image cannot be exported
Boric Acid,,,,Other substances,10-1998,Structure Image cannot be exported
Borneol,,,,Other substances,05-2011,Structure Image cannot be exported
Boron Trichloride,,,,Other substances,10-1998,Structure Image cannot be exported
Boron Trifluoride Etherate,,,,Other substances,10-1998,Structure Image cannot be exported
Bosentan,,,,Other,06-2010,Structure Image cannot be exported
Brallobarbital,,,,Depressants and Tranquilizers,10-1998,Structure Image cannot be exported
Brexpiprazole,,,,Other substances,02-2018,Structure Image cannot be exported
Brispen,,,,Other substances,08-2003,Structure Image cannot be exported
Brivaracetam,,(2S)‐2‐[(4R)‐2‐oxo‐4‐propylpyrrolidin‐1-yl]butanamide,C11H20N2O2,Other substances,06-2020,Structure Image cannot be exported
Brodifacoum,bromfenacoum,"3-[3-(4'-bromo-4-biphenylyl)-1,2,3,4-tetrahydro-1-naphthalenyl]-4-hydroxy-2H-chromen-2-one",C31H23BrO3,Other substances,05-2018,Structure Image cannot be exported
Bromal Hydrate,,,,Depressants and Tranquilizers,10-1998,Structure Image cannot be exported
Bromantane,iadasten,N‐(4‐bromophenyl)adamantan‐2‐amine,C16H20BrN,Stimulants,12-2020,Structure Image cannot be exported
Bromazepam,,"7-bromo-5-(pyrid-2-yl)-1,3-dihydro-1,4-benzodiazepin-2-one",C14H10BrN3O,Benzodiazepines,10-1998,Structure Image cannot be exported
Bromazolam,,"8-bromo-1-methyl-6-phenyl-4H-[1,2,4]triazolo[4,3- a][1,4]benzodiazepine",C17H13BrN4,Benzodiazepines,09-2017,Structure Image cannot be exported
Brometone,,,,Depressants and Tranquilizers,10-1998,Structure Image cannot be exported
Bromfenac Sodium,,,,Other substances,07-2000,Structure Image cannot be exported
Bromhexine,,,,Other substances,06-2009,Structure Image cannot be exported
Bromisovalum,,,,Depressants and Tranquilizers,10-1998,Structure Image cannot be exported
Bromo-dragonfly,DOB-DFLY,"2-(8-bromo-1,5-dioxa-s-indacen-4-yl)-1-methylethylamine",C13H12BrNO2,Phenethylamines (D Series) (H),06-2010,Structure Image cannot be exported
Bromoacetyl Bromide,,,,Other substances,10-1998,Structure Image cannot be exported
Bromobenzene,,,,Other substances,10-1998,Structure Image cannot be exported
Bromocriptine,,,,Other substances,07-2003,Structure Image cannot be exported
Bromoethylbenzene,,,,Other substances,10-2020,Structure Image cannot be exported
Bromoisovalerylurea,,,,Depressants and Tranquilizers,10-1998,Structure Image cannot be exported
Brompheniramine,,,,Other substances,07-2003,Structure Image cannot be exported
Brorphine,,"1-(1-(1-(4-bromophenyl)ethyl)piperidin-4-yl)-1,3-dihydro-2H-benzo[d]imidazol-2-one",C20H22BrN3O,Narcotic Analgesics,11-2019,Structure Image cannot be exported
Brotizolam,,"4-bromo-7-(2-chlorophenyl)-13-methyl-3-thia-1,8,11,12-tetraazatricyclo[8.3.0.0²,⁶]trideca-2(6),4,7,10,12-pentaene",C15H10BrClN4S,Benzodiazepines,10-1998,Structure Image cannot be exported
Brucine,"2,3-dimethoxystrychnidin-10-one;2,3-dimethoxystrychnine","2,3-dimethoxystrychnidin-10-one",C23H26N2O4,Stimulants,10-1998,Structure Image cannot be exported
Budesonide,,,,Other substances,06-2004,Structure Image cannot be exported
Bumetanide,,,,Other substances,02-2000,Structure Image cannot be exported
Buphedrone,MABP;alpha-methylamino-butyrophenone,2-(methylamino)-1-phenylbutan-1-one,C11H15NO,Synthetic Cathinones,06-2012,Structure Image cannot be exported
Bupivacaine,,"N-2,6-dimethylphenyl-1-butylpiperidine-2-carboxamide",C18H28N2O,Other substances,11-1999,Structure Image cannot be exported
Buprenorphine,,"(1S,2S,6R,14R,15R,16R)-5-(cyclopropylmethyl)-16-(1-hydroxy-1,2,2-trimethylpropyl)-15-methoxy-13-oxa-5-azahexacyclo[13.2.2.1²,⁸.0¹,⁶.0²,¹⁴.0¹²,²⁰]icosa-8,10,12(20)-trien-11-ol",C29H41NO4,Narcotic Analgesics,10-1998,Structure Image cannot be exported
Bupropion,,,,Antidepressants,11-1999,Structure Image cannot be exported
Buspirone,,,,Other substances,11-1999,Structure Image cannot be exported
Butabarbital,,,,Depressants and Tranquilizers,10-1998,Structure Image cannot be exported
Butacaine,,3-(dibutylamino)propyl 4-aminobenzoate,C18H30N2O2,Other substances,10-1998,Structure Image cannot be exported
Butalbital,,,,Depressants and Tranquilizers,10-1998,Structure Image cannot be exported
Butallylonal,,,,Depressants and Tranquilizers,10-1998,Structure Image cannot be exported
Butaperazine,,,,Depressants and Tranquilizers,10-1998,Structure Image cannot be exported
Butethal,,,,Depressants and Tranquilizers,10-1998,Structure Image cannot be exported
Butonitazene,butoxynitazene,"2-(2-(4-butoxybenzyl)-5-nitro-1H-benzimidazol-1-yl)-N,N-diethylethan-1-amine",C24H32N4O3,Narcotic Analgesics,09-2021,Structure Image cannot be exported
Butorphanol,,,,Narcotic Analgesics,10-1998,Structure Image cannot be exported
Butyl Acetate,,,,Other substances,10-1998,Structure Image cannot be exported
Butyl Nitrite,,,,Other substances,10-1998,Structure Image cannot be exported
Butylamine,,,,Other substances,10-1998,Structure Image cannot be exported
Butylone,beta-keto-N-methylbenzodioxolylpropylamine;bk-MBDB,"1-(2H-1,3-benzodioxol-5-yl)-2-(methylamino)butan-1-one",C12H15NO3,Synthetic Cathinones,05-2011,Structure Image cannot be exported
Butylpentedrone,N-butyl Pentedrone,2-(butylamino)-1-phenylpentan-1-one,C15H23NO,Synthetic Cathinones,08-2024,Structure Image cannot be exported
Butylpentylone,,,C16H23NO3,Synthetic Cathinones,05-2019,Structure Image cannot be exported
Butyryl fentanyl,,N-(1-phenethylpiperidin-4-yl)-N-phenylbutyramide,C23H30N2O,Fentanyl and Fentanyl-related,03-2015,Structure Image cannot be exported
Butyryl/Isobutyryl fentanyl,,,,Fentanyl and Fentanyl-related,11-2023,Structure Image cannot be exported
CALCIUM PHOSPHATE,,,,Other substances,06-2014,Structure Image cannot be exported
CB-13,,1-naphthalenyl[4-(pentyloxy)-1-naphthalenyl]methanone,C26H24O2,Synthetic Cannabinoids,02-2012,Structure Image cannot be exported
CBC,chlorobutylcathinone,,C13H18ClNO,Synthetic Cathinones,05-2021,Structure Image cannot be exported
CEC,chloro-N-ethylcathinone;chloroethcathinone,,C11H14ClNO,Synthetic Cathinones,05-2017,Structure Image cannot be exported
CH-PIATA,,N-cyclohexyl-2-(1-pentylindol-3-yl)acetamide,C21H30N2O,Synthetic Cannabinoids,05-2022,Structure Image cannot be exported
CHO-4'Me-5'Br-FUBOXPYRA,,,,Synthetic Cannabinoids,09-2023,Structure Image cannot be exported
CHOLESTYRAMINE,,,,Other substances,03-2012,Structure Image cannot be exported
CIC,chloro-N-isopropylcathinone;chloroisopropylcathinone,,C12H16ClNO,Synthetic Cathinones,05-2018,Structure Image cannot be exported
"CL-218,872",,,,Depressants and Tranquilizers,09-2012,Structure Image cannot be exported
CMC,chloro-N-methylcathinone;chloromethcathinone,,C10H12ClNO,Synthetic Cathinones,12-2016,Structure Image cannot be exported
"CP 47,497",,"5-(1,1-dimethylheptyl)-2-(3-hydroxycyclohexyl)phenol",C21H34O2,Synthetic Cannabinoids,07-2010,Structure Image cannot be exported
"CP 47,497 C6 Homolog",,"5-(1,1-dimethylhexyl)-2-(3-hydroxycyclohexyl)phenol",C20H32O2,Synthetic Cannabinoids,07-2010,Structure Image cannot be exported
"CP 47,497 C8 Homolog",,"5-(1,1-dimethyloctyl)-2-(3-hydroxycyclohexyl)phenol",C22H36O2,Synthetic Cannabinoids,07-2010,Structure Image cannot be exported
"CP 47,497 C9 Homolog",,"5-(1,1-dimethylnonyl)-2-(3-hydroxycyclohexyl)phenol",C23H38O2,Synthetic Cannabinoids,07-2010,Structure Image cannot be exported
CUMYL-INACA,cumyl indazole-carboxamide,N-(2-phenylpropan-2-yl)-1H-indazole-3-carboxamide,C17H17N3O,Synthetic Cannabinoids,08-2024,Structure Image cannot be exported
CUMYL-PINACA,SGT-24,1-pentyl-N-(2-phenylpropan-2-yl)indazole-3-carboxamide,C22H27N3O,Synthetic Cannabinoids,08-2025,Structure Image cannot be exported
Cabergoline,,,,Other substances,10-2011,Structure Image cannot be exported
Caffeine,,"1,3,7-trimethyl-3,7-dihydro-2,6(1H)-purinedione",C8H10N4O2,Stimulants,10-1998,Structure Image cannot be exported
Calcitrol,,,,Other substances,05-2006,Structure Image cannot be exported
Calcium Acetate,,,,Other substances,08-2008,Structure Image cannot be exported
Calcium Chloride,,,,Other substances,02-2008,Structure Image cannot be exported
Calcium Gluconate,,,,Other substances,08-2004,Structure Image cannot be exported
Calcium Polycarbophil,,,,Other substances,08-2008,Structure Image cannot be exported
Calusterone,,,,Steroids,07-2006,Structure Image cannot be exported
Camazepam,,"7-chloro-3-(dimethylaminocarbonyloxy)-1-methyl-5-phenyl-1,3-dihydro-1,4-benzodiazepin-2-one",C19H18ClN3O3,Benzodiazepines,10-1998,Structure Image cannot be exported
Campesterol (Methylcholesterol),,,,Other substances,08-2008,Structure Image cannot be exported
Camphor,,,,Other substances,08-2008,Structure Image cannot be exported
Canagliflozin,,,,Other substances,05-2017,Structure Image cannot be exported
Cannabichromene,,,,Cannabinoids,10-1998,Structure Image cannot be exported
Cannabicitran,,"(6alpha,9beta,10aalpha)-6a,7,8,9,10,10a-hexahydro-6,6,9-trimethyl-3-pentyl-1,9-epoxy-6H-dibenzo[b,d]pyran",C21H30O2,Cannabinoids,06-2019,Structure Image cannot be exported
Cannabicoumaronone,,,C21H28O3,Cannabinoids,01-2023,Structure Image cannot be exported
Cannabicyclol,,,,Cannabinoids,10-1998,Structure Image cannot be exported
Cannabidibutol,,,,Cannabinoids,09-2023,Structure Image cannot be exported
Cannabidiol,,,,Cannabinoids,10-1998,Structure Image cannot be exported
Cannabidiolic acid,,"2,4-dihydroxy-3-[(1R,6R)-3-methyl-6-(prop-1-en-2-yl)cyclohex-2-en-1-yl]-6-pentylbenzoic acid",C22H30O4,Cannabinoids,03-2018,Structure Image cannot be exported
Cannabidivarin,CBDV,"2-[(1R,6R)-3-methyl-6-(prop-1-en-2-yl)cyclohex-2-en-1-yl]-5-propylbenzene-1,3-diol",C19H26O2,Cannabinoids,05-2019,Structure Image cannot be exported
Cannabielsoic acid,,,C22H30O5,Cannabinoids,07-2019,Structure Image cannot be exported
Cannabigerol,,,,Cannabinoids,10-1998,Structure Image cannot be exported
Cannabigerol monomethyl ether,CBGM;O-methyl cannabigerol,"2-[(2E)-3,7-dimethylocta-2,6-dienyl]-3-methoxy-5-pentylphenol",C22H34O2,Cannabinoids,01-2023,Structure Image cannot be exported
Cannabigerolic acid,,"3-[(2E)-3,7-dimethyl-2,6-octadien-1-yl]-2,4-dihydroxy-6-pentyl-benzoic acid",C22H32O4,Cannabinoids,06-2023,Structure Image cannot be exported
Cannabinol,,,,Cannabinoids,10-1998,Structure Image cannot be exported
Cannabinolic Acid,,,,Cannabinoids,06-2020,Structure Image cannot be exported
Cannabis/THC,,,,Cannabinoids,10-1998,Structure Image cannot be exported
Canrenone,,,,Other substances,05-2017,Structure Image cannot be exported
Capecitabine (Xeloda),,,,Other substances,08-2004,Structure Image cannot be exported
Caprolactam,,,,Other substances,05-2011,Structure Image cannot be exported
Caprylic acid,,,,Other substances,06-2014,Structure Image cannot be exported
Capsaicin,,,,Analgesics,02-2009,Structure Image cannot be exported
Capsicum,,,,Other substances,08-2008,Structure Image cannot be exported
Captodiame,,,,Depressants and Tranquilizers,10-1998,Structure Image cannot be exported
Captopril,,,,Other substances,06-2000,Structure Image cannot be exported
Carbamazepine,,,,Other substances,12-1999,Structure Image cannot be exported
"Carbamazepine-10,11-epoxide",,,,Other substances,10-2023,Structure Image cannot be exported
Carbamide peroxide,,,,Other,11-2012,Structure Image cannot be exported
Carbamoyl Chloride,,,,Other substances,10-1998,Structure Image cannot be exported
Carbidopa,,,,Other substances,11-1999,Structure Image cannot be exported
Carbinoxamine Maleate,,,,Other substances,10-1998,Structure Image cannot be exported
Carbomethoxypropional Chloride,,,,Other substances,10-1998,Structure Image cannot be exported
Carbon Tetrachloride,,,,Other substances,10-1998,Structure Image cannot be exported
Carboxymethylmorphine,,,,Narcotics,10-1998,Structure Image cannot be exported
Carbromal,,,,Depressants and Tranquilizers,10-1998,Structure Image cannot be exported
Cardarine,GW501516,"2-{2-methyl-4-[({4-methyl-2-[4-(trifluoromethyl)phenyl]-1,3-thiazol-5-yl}methyl)sulfanyl]phenoxy}acetic acid",C21H18F3NO3S2,Other substances,12-2018,Structure Image cannot be exported
Carfentanil,4-carbomethoxy fentanyl,methyl 4-(N-phenylpropionylamino)-1-phenethylpiperidine-4-carboxylate,C24H30N2O3,Fentanyl and Fentanyl-related,10-1998,Structure Image cannot be exported
Cariprazine,,,,Other substances,05-2018,Structure Image cannot be exported
Carisoprodol,,,,Depressants and Tranquilizers,10-1998,Structure Image cannot be exported
Carphenazine Maleate,,,,Depressants and Tranquilizers,10-1998,Structure Image cannot be exported
Carprofen,,,,Analgesics,07-2003,Structure Image cannot be exported
Carvacrol (Cymophenol),,,,Other substances,02-2009,Structure Image cannot be exported
Carvedilol,,,,Other substances,01-2005,Structure Image cannot be exported
Casanthranol,,,,Other substances,08-2008,Structure Image cannot be exported
Cathine,,2-amino-1-phenyl-1-propanol,C9H13NO,Phenethylamines (Other) (S),10-1998,Structure Image cannot be exported
Cathinone,,2-amino-1-phenyl-1-propanone,C9H11NO,Phenethylamines (Other) (S),10-1998,Structure Image cannot be exported
Cefaclor,,,,Other substances,05-2000,Structure Image cannot be exported
Cefadroxil,,,,Other substances,11-1999,Structure Image cannot be exported
Cefazolin,,,,Other,06-2010,Structure Image cannot be exported
Cefdinir,,,,Other substances,01-2005,Structure Image cannot be exported
Cefditoren Pivoxil,,,,Other substances,03-2008,Structure Image cannot be exported
Cefixime,,,,Other substances,02-2006,Structure Image cannot be exported
Cefpodoxime,,,,Other substances,10-2005,Structure Image cannot be exported
Cefprozil,,,,Other,02-2008,Structure Image cannot be exported
Cefradine,,,,Other substances,04-2011,Structure Image cannot be exported
Ceftibuten,,,,Other substances,05-2014,Structure Image cannot be exported
Ceftriaxone Sodium,,,,Other substances,01-2004,Structure Image cannot be exported
Cefuroxime,,,,Other substances,03-2001,Structure Image cannot be exported
Cefuroxime Axetil,,,,Other substances,08-2001,Structure Image cannot be exported
Celebrex,,,,Other substances,07-2000,Structure Image cannot be exported
Celecoxib,,,,Other substances,09-2000,Structure Image cannot be exported
Celexa,,,,Other substances,01-2001,Structure Image cannot be exported
Centrum,,,,Other substances,08-2004,Structure Image cannot be exported
Cephalexin,,,,Other substances,11-1999,Structure Image cannot be exported
Ceraphyl,,,,Other substances,08-2012,Structure Image cannot be exported
Cetirizine,,,,Other substances,11-1999,Structure Image cannot be exported
Cevimeline (Evoxac),,,,Other substances,04-2011,Structure Image cannot be exported
Chlophedianol,,,,Other substances,06-2016,Structure Image cannot be exported
Chloral Betaine,,,,Depressants and Tranquilizers,10-1998,Structure Image cannot be exported
Chloral Hydrate,,,,Depressants and Tranquilizers,10-1998,Structure Image cannot be exported
Chloralformamide,,,,Depressants and Tranquilizers,10-1998,Structure Image cannot be exported
Chloralimide,,,,Depressants and Tranquilizers,10-1998,Structure Image cannot be exported
Chloralurethane,,,,Depressants and Tranquilizers,10-1998,Structure Image cannot be exported
Chloramphenicol,,,,Other substances,09-2003,Structure Image cannot be exported
Chlorcyclizine,,,,Other substances,10-1998,Structure Image cannot be exported
Chlordiazepoxide,,"N-methyl(Z)-(9-chloro-5-hydroxy-6-phenyl-2,5-diazabicyclo[5.4.0]undeca-1,6,8,10-tetraen-3-ylidene)amine",C16H14ClN3O,Benzodiazepines,10-1998,Structure Image cannot be exported
Chlorhexadol,,,,Depressants and Tranquilizers,10-1998,Structure Image cannot be exported
Chloro 4-ANPP,despropionyl chlorofentanyl,,C19H23ClN2,Fentanyl and Fentanyl-related,09-2021,Structure Image cannot be exported
Chloro-AB-PINACA,,,C18H25ClN4O2,Synthetic Cannabinoids,03-2018,Structure Image cannot be exported
"Chloro-N,N-DMC","chloro-N,N-dimethylcathinone",,C11H14ClNO,Synthetic Cathinones,05-2018,Structure Image cannot be exported
Chloro-PIHP (Chloro-alpha-pyrrolidinoisohexanophenone),Chloro-alpha-pyrrolidinoisohexanophenone,,C16H22ClNO,Synthetic Cathinones,12-2024,Structure Image cannot be exported
Chloro-alpha-PPP,chloro-alpha-pyrrolidinopropiophenone,,C13H16ClNO,Synthetic Cathinones,03-2018,Structure Image cannot be exported
Chloro-alpha-PVP,chloro-alpha-pyrrolidinovalerophenone,,C15H20ClNO,Synthetic Cathinones,03-2018,Structure Image cannot be exported
Chloroacetone,,,,Other substances,10-1998,Structure Image cannot be exported
Chlorobenzoxazolon,,,,Other substances,07-2000,Structure Image cannot be exported
Chlorobutanol,,,,Depressants and Tranquilizers,10-1998,Structure Image cannot be exported
Chlorocyclopentane,Cyclopentyl chloride,chlorocyclopentane,C5H9Cl ,Other substances,09-2024,Structure Image cannot be exported
Chlorodeschloroalprazolam,,,C17H13ClN4,Benzodiazepines,09-2022,Structure Image cannot be exported
Chloroephedrine,,,,Other substances,10-1998,Structure Image cannot be exported
Chlorofentanyl,,,C22H27ClN2O,Fentanyl and Fentanyl-related,10-2020,Structure Image cannot be exported
Chloroform,,,,Other substances,10-1998,Structure Image cannot be exported
Chloropentedrone,,,C12H16ClNO,Synthetic Cathinones,05-2018,Structure Image cannot be exported
Chlorophenylpiperazine,CPP,,C10H13ClN2,Piperazines (Hallucinogen),05-2017,Structure Image cannot be exported
Chloroprocaine,,2-(diethylamino)ethyl 4-amino-2-chlorobenzoate,C13H19ClN2O2,Other substances,03-2018,Structure Image cannot be exported
Chloropseudoephedrine,,,,Other substances,10-1998,Structure Image cannot be exported
Chloroquine,,,,Other substances,07-2006,Structure Image cannot be exported
Chlorothen Citrate,,,,Other substances,10-1998,Structure Image cannot be exported
Chlorpheniramine,,,,Other substances,12-2005,Structure Image cannot be exported
Chlorphentermine,,"2-4-chlorophenyl-1,1-dimethylethylamine",C10H14ClN,Phenethylamines (Other) (S),10-1998,Structure Image cannot be exported
Chlorphine,"1-[1-[1-(4-chlorophenyl)ethyl]-4-piperidinyl]-1,3-dihydro-2H-benzimidazol-2-one",3-[1-[1-(4-chlorophenyl)ethyl]piperidin-4-yl]-1H-benzimidazol-2-one,C20H22ClN3O,Narcotic Analgesics,01-2026,Structure Image cannot be exported
Chlorpromazine,,,,Depressants and Tranquilizers,10-1998,Structure Image cannot be exported
Chlorpropamide,,,,Other substances,07-2005,Structure Image cannot be exported
Chlorprothixene,,,,Depressants and Tranquilizers,10-1998,Structure Image cannot be exported
Chlorthalidone,,,,Other substances,12-1999,Structure Image cannot be exported
Chlorzoxazone,,,,Other substances,10-1998,Structure Image cannot be exported
Cholecalciferol,,,,Other,06-2016,Structure Image cannot be exported
Choline Magnesium Salicylate,,,,Other substances,05-2000,Structure Image cannot be exported
Chondroitin,,,,Other substances,12-2019,Structure Image cannot be exported
Chorionic Gonadotropin,,,,Other substances,02-2006,Structure Image cannot be exported
Chromic Acid,,,,Other substances,10-1998,Structure Image cannot be exported
Chromium Picolinate,,,,Other,02-2004,Structure Image cannot be exported
Chromium Trioxide,,,,Other substances,10-1998,Structure Image cannot be exported
Ciclopirox,,,,Other substances,05-2011,Structure Image cannot be exported
Cilostazol,,,,Other substances,06-2004,Structure Image cannot be exported
Cimetidine,,,,Other substances,12-1999,Structure Image cannot be exported
Cinacalcet,,,,Other substances,08-2008,Structure Image cannot be exported
Cinazepam,BD-798;Levana,"4-[[7-bromo-5-(2-chlorophenyl)-2-oxo-1,3-dihydro-1,4-benzodiazepin-3-yl]oxy]-4-oxobutanoic acid (Alternative chemical name: 4-((7-bromo-5-(2-chlorophenyl)-2-hydroxy-3H-benzo[e][1,4]diazepin-3-yl)oxy)-4-oxobutanoic acid)",C19H14BrClN2O5,Benzodiazepines,05-2025,Structure Image cannot be exported
Cinnamic Acid,,,,Other substances,10-1998,Structure Image cannot be exported
Cinnamoylcocaine,methylecgonine cinnamate,methyl 3-[(E)-2-phenylethenylcarbonyloxy]-8-methyl-8-azabicyclo[3.2.1]octane-2-carboxylate,C19H23NO4,Cocaine Alkaloids,06-2018,Structure Image cannot be exported
Cinnarizine,,,,Other substances,05-2020,Structure Image cannot be exported
Cinquefoil,,,,Other substances,10-1998,Structure Image cannot be exported
Ciprofloxacin,,,,Other substances,11-1999,Structure Image cannot be exported
Cisapride,,,,Other substances,12-1999,Structure Image cannot be exported
Citalopram,,,,Antidepressants,07-2000,Structure Image cannot be exported
Clarithromycin,,,,Other substances,08-2000,Structure Image cannot be exported
Claritin,,,,Other substances,11-2000,Structure Image cannot be exported
Clavulanate,,,,Other substances,07-2000,Structure Image cannot be exported
Clavulanic Acid,,,,Other substances,01-2004,Structure Image cannot be exported
Clemastine Fumarate,,,,Other substances,07-2003,Structure Image cannot be exported
Clenbuterol,,,,Other substances,10-1998,Structure Image cannot be exported
Clidinium,,,,Other substances,05-2011,Structure Image cannot be exported
Clidinium Bromide,,,,Depressants and Tranquilizers,07-2003,Structure Image cannot be exported
Clindamycin,,,,Other substances,07-2000,Structure Image cannot be exported
Clioquinol,,,,Other,06-2010,Structure Image cannot be exported
Clobazam,,"7-chloro-1-methyl-5-phenyl-2,3,4,5-tetrahydro-1H-1,5-benzodiazepine-2,4-dione",C16H13ClN2O2,Benzodiazepines,10-1998,Structure Image cannot be exported
Clobenzorex,,,,Stimulants,11-1999,Structure Image cannot be exported
Clobenztropine,,,,Other substances,06-2019,Structure Image cannot be exported
Clobetasol propionate,,,,Other substances,10-2012,Structure Image cannot be exported
Clomethiazole,chlormethiazole,"5-(2-chloroethyl)-4-methyl-1,3-thiazole",C6H8ClNS,Depressants and Tranquilizers,06-2018,Structure Image cannot be exported
Clomiphene,,,,Other substances,11-1999,Structure Image cannot be exported
Clomiphene Citrate,,,,Other substances,09-2000,Structure Image cannot be exported
Clomipramine,,,,Other substances,04-2001,Structure Image cannot be exported
Clonazepam,,"5-(2-chlorophenyl)-7-nitro-1,3-dihydro-1,4-benzodiazepin-2-one",C15H10ClN3O3,Benzodiazepines,10-1998,Structure Image cannot be exported
Clonazolam,clonitrazolam,"9-(2-chlorophenyl)-3-methyl-12-nitro-2,4,5,8-tetraazatricyclo[8.4.0.0²,⁶]tetradeca-1(10),3,5,8,11,13-hexaene",C17H12ClN5O2,Benzodiazepines,02-2016,Structure Image cannot be exported
Clonidine,,,,Other substances,10-1998,Structure Image cannot be exported
Clonitazene,,"N,N-diethyl-2-(2-(4-chlorobenzyl)-5-nitro-1H-benzimidazol-1-yl]ethan-1-amine",C20H23ClN4O2,Narcotic Analgesics,10-1998,Structure Image cannot be exported
Clopidogrel,,,,Other substances,06-2004,Structure Image cannot be exported
Clopidogrel Bisulfate,,,,Other substances,10-2003,Structure Image cannot be exported
Clorazepate,,"7-chloro-2-oxo-5-phenyl-1,3-dihydro-1,4-benzodiazepine-3-carboxylic acid",C16H11ClN2O3,Benzodiazepines,10-1998,Structure Image cannot be exported
Clortermine,,,,Stimulants,10-1998,Structure Image cannot be exported
Clorzoxazone,,,,Other,07-2008,Structure Image cannot be exported
Clostebol,,,,Steroids,10-1998,Structure Image cannot be exported
Clotiazepam,,"4-(2-chlorophenyl)-2-ethyl-8-methyl-6,8-dihydro-1-thia-5,8-diazaazulen-7-one",C16H15ClN2OS,Benzodiazepines,10-1998,Structure Image cannot be exported
Clotrimazole,,,,Other substances,10-2003,Structure Image cannot be exported
Cloxacillin,,,,Other substances,01-2001,Structure Image cannot be exported
Cloxazolam,,"10-chloro-11b-(2-chlorophenyl)-2,3,5,7-tetrahydro-[1,3]oxazolo[3,2-d][1,4]benzodiazepin-6-one",C17H14Cl2N2O2,Benzodiazepines,10-1998,Structure Image cannot be exported
Clozapine,,,,Other substances,07-2003,Structure Image cannot be exported
Cobicistat,,,,Other substances,05-2017,Structure Image cannot be exported
Cocaine,,"methyl (1R,2R,3S,5S)-3-benzoyloxy-8-methyl-8-azabicyclo[3.2.1]octane-2-carboxylate",C17H21NO4,Cocaine Alkaloids,10-1998,Structure Image cannot be exported
Codeine,,,,Narcotic Analgesics,10-1998,Structure Image cannot be exported
Codeine Methylbromide,,,,Narcotic Analgesics,10-1998,Structure Image cannot be exported
Codeine-N-Oxide,,,,Narcotic Analgesics,10-1998,Structure Image cannot be exported
Codoxime,,,,Narcotic Analgesics,10-1998,Structure Image cannot be exported
Coenzyme Q10,,,,Other substances,07-2008,Structure Image cannot be exported
Colace,,,,Other substances,10-2003,Structure Image cannot be exported
Colchicine,,,,Other substances,07-2000,Structure Image cannot be exported
Colesevelam,,,,Other substances,07-2003,Structure Image cannot be exported
Colestid,,,,Other substances,03-2006,Structure Image cannot be exported
Coluracetam,MKC 231;bci-540,"N-(2,3-dimethyl-5,6,7,8-tetrahydrofuro[2,3-b]quinolin-4-yl)-2-(2-oxopyrrolidin-1-yl)acetamide",C19H23N3O3,New Drug,12-2023,Structure Image cannot be exported
Copper Sulfate,,,,Other substances,10-1998,Structure Image cannot be exported
Corazepam,,,,Depressants and Tranquilizers,02-2006,Structure Image cannot be exported
Cotarnine,,,,Narcotics,10-1998,Structure Image cannot be exported
Cotinine,,,,Other substances,10-2023,Structure Image cannot be exported
Coumarin,,,,Other substances,05-2018,Structure Image cannot be exported
Crotonyl fentanyl,,(E)-N-(1-phenethylpiperidin-4-yl)-N-phenylbut-2-enamide,C23H28N2O,Fentanyl and Fentanyl-related,11-2017,Structure Image cannot be exported
Crotylbarbital,,,,Depressants and Tranquilizers,04-2011,Structure Image cannot be exported
Cryptenamine,,,,Depressants and Tranquilizers,10-1998,Structure Image cannot be exported
Cuprous Oxide,,,,Other substances,10-1998,Structure Image cannot be exported
Curlone,,,,Other substances,05-2020,Structure Image cannot be exported
Cyano-CUMYL-BUTINACA,,,C22H24N4O,Synthetic Cannabinoids,04-2019,Structure Image cannot be exported
Cyanocobalamin,,,,Other substances,10-2003,Structure Image cannot be exported
Cyanogen Bromide,,,,Other substances,10-1998,Structure Image cannot be exported
Cyclandelate,,,,Other substances,10-1998,Structure Image cannot be exported
Cyclazodone,,"2-(cyclopropylamino)-5-phenyl-1,3-oxazol-4(5H)-one",C12H12N2O2,Stimulants,12-2022,Structure Image cannot be exported
Cyclizine,,,,Other substances,10-1998,Structure Image cannot be exported
Cyclobarbital,,,,Depressants and Tranquilizers,10-1998,Structure Image cannot be exported
Cyclobenzaprine,,,,Depressants and Tranquilizers,11-1999,Structure Image cannot be exported
Cyclofenil,,,,Other substances,10-1998,Structure Image cannot be exported
Cyclohexanone,,,,Other substances,10-1998,Structure Image cannot be exported
Cyclohexyl Nitrite,,,,Other substances,12-1999,Structure Image cannot be exported
Cyclohexylamine,,,,Other substances,10-1998,Structure Image cannot be exported
Cyclopentobarbital,,,,Depressants and Tranquilizers,10-1998,Structure Image cannot be exported
Cyclopentyl Nitrite,,,,Other substances,06-2014,Structure Image cannot be exported
Cyclopentyl fentanyl,,N-(1-phenethylpiperidin-4-yl)-N-phenylcyclopentanecarboxamide,C25H32N2O,Fentanyl and Fentanyl-related,11-2017,Structure Image cannot be exported
Cyclopropyl fentanyl,,N-(1-phenethylpiperidin-4-yl)-N-phenylcyclopropanecarboxamide,C23H28N2O,Fentanyl and Fentanyl-related,08-2017,Structure Image cannot be exported
Cyclopropyl/Crotonyl Fentanyl,,,,Fentanyl and Fentanyl-related,03-2018,Structure Image cannot be exported
Cyclosporine,,,,Other,06-2010,Structure Image cannot be exported
Cyfluthrin,,,,Other substances,05-2019,Structure Image cannot be exported
Cypermetherin,,,,Other substances,02-2018,Structure Image cannot be exported
Cyprenorphine,,,,Narcotics,10-1998,Structure Image cannot be exported
Cyproheptadine,,,,Other substances,07-2000,Structure Image cannot be exported
Cyproterone,,,,Other,06-2010,Structure Image cannot be exported
Cysteine,,,,Other substances,12-2019,Structure Image cannot be exported
D-2-Bromo-Lysergide,,,,Hallucinogens,10-1998,Structure Image cannot be exported
D-2-Iodo-Lysergide,,,,Hallucinogens,10-1998,Structure Image cannot be exported
D-Carvone),,,,Other substances,05-2015,Structure Image cannot be exported
D-Hyoscyamine,,,,Hallucinogens,10-1998,Structure Image cannot be exported
D-Isolysergide,,,,Hallucinogens,10-1998,Structure Image cannot be exported
D-Lysergic Acid Amylamide,,,,Hallucinogens,10-1998,Structure Image cannot be exported
D-Lysergic Acid Butylamide,,,,Hallucinogens,10-1998,Structure Image cannot be exported
D-Lysergic Acid Di-Isopropylamide,,,,Hallucinogens,10-1998,Structure Image cannot be exported
D-Lysergic Acid Dibutylamide,,,,Hallucinogens,10-1998,Structure Image cannot be exported
D-Lysergic Acid Dimethylamide,,,,Hallucinogens,10-1998,Structure Image cannot be exported
D-Lysergic Acid Dipropylamide,,,,Hallucinogens,10-1998,Structure Image cannot be exported
D-Lysergic Acid Ethylamide,,,,Hallucinogens,10-1998,Structure Image cannot be exported
D-Lysergic Acid Ethylpropylamide,,,,Hallucinogens,10-1998,Structure Image cannot be exported
D-Lysergic Acid Heptylamide,,,,Hallucinogens,10-1998,Structure Image cannot be exported
D-Lysergic Acid Hexylamide,,,,Hallucinogens,10-1998,Structure Image cannot be exported
D-Lysergic Acid Methylamide,,,,Hallucinogens,10-1998,Structure Image cannot be exported
D-Lysergic Acid Methylethylamide,,,,Hallucinogens,10-1998,Structure Image cannot be exported
D-Lysergic Acid Methylisopropylamide,,,,Hallucinogens,10-1998,Structure Image cannot be exported
D-Lysergic Acid Methylpropylamide,,,,Hallucinogens,10-1998,Structure Image cannot be exported
D-Lysergic Acid Morpholide,,,,Hallucinogens,10-1998,Structure Image cannot be exported
D-Lysergic Acid Piperidide,,,,Hallucinogens,10-1998,Structure Image cannot be exported
D-Lysergic Acid Propylamide,,,,Hallucinogens,10-1998,Structure Image cannot be exported
D-Lysergic Acid Pyrrolidide,,,,Hallucinogens,10-1998,Structure Image cannot be exported
D-Tertylone,3'4'-methylonedioxy-N-tert-butylcathinone,"1-(2H-1,3-benzodioxol-5-yl)-2-(tert-butylamino)propan-1-one",C14H19NO3,Synthetic Cathinones,05-2017,Structure Image cannot be exported
DIPHENYL METHYLPHOSPHONATE,,,,Other substances,02-2012,Structure Image cannot be exported
DMA,dimethoxyamphetamine,,C11H17NO2,Phenethylamines (D Series) (H),11-2019,Structure Image cannot be exported
DMG,,,,Other substances,01-2009,Structure Image cannot be exported
DMPEA,"3,4-dimethoxyphenethylamine","3,4-dimethoxyphenethylamine",C10H15NO2,Phenethylamines (Amphetamines) (H),10-1998,Structure Image cannot be exported
DNP,,,,Other substances,07-2008,Structure Image cannot be exported
DOB,"4-bromo-2,5-dimethoxyamphetamine ;4-bromo-DMA","4-bromo-2,5-dimethoxyamphetamine",C11H16BrNO2,Phenethylamines (D Series) (H),10-1998,Structure Image cannot be exported
DOC,"2,5-dimethoxy-4-chloroamphetamine;4-chloro-2,5-DMA;4-chloro-2,5-dimethoxyamphetamine","2,5-dimethoxy-4-chloroamphetamine",C11H16ClNO2,Phenethylamines (D Series) (H),08-2006,Structure Image cannot be exported
DOET,"2,5-dimethoxy-4-ethylamphetamine","2,5-dimethoxy-4-ethylamphetamine",C13H21NO2,Phenethylamines (D Series) (H),10-1998,Structure Image cannot be exported
DOI,"2,5-dimethoxy-4-iodoamphetamine;4-iodo-2,5-dimethoxyamphetamine","2,5-dimethoxy-4-iodoamphetamine",C11H16INO2,Phenethylamines (D Series) (H),10-2007,Structure Image cannot be exported
DOM,"2,5-dimethoxy-4-methylamphetamine","4-methyl-2,5-dimethoxyamphetamine",C12H19NO2,Phenethylamines (D Series) (H),10-1998,Structure Image cannot be exported
Dabigatran,,,,Other substances,10-2015,Structure Image cannot be exported
Dalfampridine,,,,Other,05-2021,Structure Image cannot be exported
Dantrolene,,,,Other substances,08-2008,Structure Image cannot be exported
Dapagliflozin,,,,Other,11-2017,Structure Image cannot be exported
Dapoxetine,,,,Other,11-2012,Structure Image cannot be exported
Dapsone,,,,Other substances,08-2008,Structure Image cannot be exported
Daridorexant,Nemorexant;Quviviq,[(2S)-2-(5-chloro-4-methyl-1H-benzimidazol-2-yl)-2-methylpyrrolidin-1-yl]-[5-methoxy-2-(triazol-2-yl)phenyl]methanone,C23H23ClN6O2,Other substances,03-2025,Structure Image cannot be exported
Darifenacin,,,,Other substances,04-2011,Structure Image cannot be exported
Darunavir,,,,Other substances,11-2011,Structure Image cannot be exported
Datura Strammonium,,,,Hallucinogens,10-1998,Structure Image cannot be exported
Decabromodiphenyl ethane (DBDPE),,,,Other substances,10-2012,Structure Image cannot be exported
Decahydronaphthalene,Decalin,"1,2,3,4,4-alpha,5,6,7,8,8-alpha-decahydronaphthalene",C10H18,Other substances,03-2025,Structure Image cannot be exported
Deflazacort,"21-(acetyloxy)-11-hydroxy-2'-methyl-5'H-Pregna-1,4-dieno[17,16-d]oxazole-3,20-dione;Emflaza;Jaythari;Pyquvi","[2-[(1S,2S,4R,8S,9S,11S,12S,13R)-11-hydroxy-6,9,13-trimethyl-16-oxo-5-oxa-7-azapentacyclo[10.8.0.02,9.04,8.013,18]icosa-6,14,17-trien-8-yl]-2-oxoethyl] acetate",C25H31NO6,Other substances,08-2025,Structure Image cannot be exported
Dehydrochloromethyltestosterone,,,,Steroids,10-1998,Structure Image cannot be exported
Dehydroepiandrosterone,,,,Steroids,10-1998,Structure Image cannot be exported
Dehydroisoandrosterone,,,,Other substances,07-2003,Structure Image cannot be exported
Delorazepam,,"7-chloro-5-(2-chlorophenyl)-1,3-dihydro-1,4-benzodiazepin-2-one",C15H10Cl2N2O,Benzodiazepines,10-1998,Structure Image cannot be exported
Delta-10-Tetrahydrocannabinol,,,,Cannabinoids,06-2021,Structure Image cannot be exported
Delta-6-Tetrahydrocannabinol,,,,Cannabinoids,06-2018,Structure Image cannot be exported
Delta-6-Tetrahydrocannabinol Acetate,,,,Cannabinoids,09-2023,Structure Image cannot be exported
Delta-8-Tetrahydrocannabinol Acetate,,,,Cannabinoids,11-2022,Structure Image cannot be exported
Delta-8-Tetrahydrocannabinol/Delta-8-Tetrahydrocannabinolic acid,,,,Cannabinoids,01-2023,Structure Image cannot be exported
Delta1-Dihydrotestosterone,,,,Steroids,07-2006,Structure Image cannot be exported
Demeclocycline,,,,Other substances,10-2011,Structure Image cannot be exported
Denatonium,,,,Other substances,11-2019,Structure Image cannot be exported
Deoxymethoxetamine,3-methyl-2'-oxo-PCE;3D-Mxe;DMXE,2-(ethylamino)-2-(3-methylphenyl)cyclohexan-1-one,C15H21NO,Hallucinogens,08-2024,Structure Image cannot be exported
Depakote,,,,Other substances,07-2000,Structure Image cannot be exported
Desalkylflurazepam,N-desalkyl-2-oxoquazepam;N-desalkylflurazepam;Ro 5-3367;norflurazepam,"7-chloro-5-(2-fluorophenyl)-2,3-dihydro-1H-1,4-benzodiazepin-2-one",C15H10ClFN2O,Benzodiazepines,06-2018,Structure Image cannot be exported
Desalkylgidazepam,,"7-bromo-5-phenyl-1,3-dihydro-1,4-benzodiazepin-2-one",C15H11BrN2O,Benzodiazepines,09-2022,Structure Image cannot be exported
Desalkylquazepam,N-Desalkylquazepam,"7-chloro-5-(2-fluorophenyl)-1,3-dihydro-2H-1,4-benzodiazepine-2-thione",C15H10ClFN2S,Benzodiazepines,12-2024,Structure Image cannot be exported
Deschloroetizolam,,"2-ethyl-9-methyl-4-phenyl-6H-thieno[3,2-f][1,2,4]triazolo[4,3-a][1,4]diazepine",C17H16N4S,Benzodiazepines,06-2019,Structure Image cannot be exported
Deschloroketamine,2'-oxo-PCM;deschloro-N-methyl-ketamine,2-(methylamino)-2-(phenyl)cyclohexan-1-one,C13H17NO,Depressants and Tranquilizers,10-2016,Structure Image cannot be exported
Desipramine,,,,Antidepressants,10-1998,Structure Image cannot be exported
Desloratadine,,,,Other substances,10-2023,Structure Image cannot be exported
Desmethoxyyangonin,"Demethoxyyangonin;trans-5,6-Dehydrokavain",4-methoxy-6-[(E)-2-phenylethenyl]pyran-2-one,C14H12O3,Other substances,12-2024,Structure Image cannot be exported
Desmethylprodine,,1-Methyl-4-phenyl-4-propionoxypiperidine,,Narcotic Analgesics,10-1998,Structure Image cannot be exported
Desmethylsertraline,,,,Other,11-2023,Structure Image cannot be exported
Desmopressin,,,,Other substances,03-2008,Structure Image cannot be exported
Desogestrel,,,,Other,06-2010,Structure Image cannot be exported
Desomorphine,,,,Narcotic Analgesics,10-1998,Structure Image cannot be exported
Desoxymethyltestosterone,,,,Steroids,07-2010,Structure Image cannot be exported
Desoxyminoxidil,,"6-(piperid-1-yl)pyrimidine-2,4-diamine",C9H15N5,Other substances,06-2023,Structure Image cannot be exported
Desoxypipradrol,2-DPMP;2-diphenylmethylpiperidine,2-(diphenylmethyl)piperidine,C18H21N,Piperidines/PEA,11-2011,Structure Image cannot be exported
Desvenlafaxine,,,,Antidepressants,04-2010,Structure Image cannot be exported
Detomidine,,,,Depressants and Tranquilizers,07-2003,Structure Image cannot be exported
Dexamethasone,,,,Analgesics,09-2000,Structure Image cannot be exported
Dexamisole,,,,Other substances,07-2006,Structure Image cannot be exported
Dexbrompheniramine,,,,Other substances,01-2004,Structure Image cannot be exported
Dexmedetomidine,,"4‐[(1S)‐1‐(2,3‐dimethylphenyl)ethyl]‐1H‐imidazole",C13H16N2,Analgesics,03-2022,Structure Image cannot be exported
Dexmethylphenidate,,methyl (R)-[(R)-piperid-2-yl]phenylacetate,C14H19NO2,Piperidines/PEA,08-2006,Structure Image cannot be exported
Dexmethylphenidate/Serdexmethylphenidate,d-threo-Methylphenidate,methyl (2R)-2-phenyl-[(2R)-piperidin-2-yl]acetate,C14H19NO2,Depressants and Tranquilizers,01-2024,Structure Image cannot be exported
Dexpanthenol,,,,Other substances,05-2011,Structure Image cannot be exported
Dextromethorphan,,,,Other substances,10-1998,Structure Image cannot be exported
Dextromoramide,,,,Narcotic Analgesics,10-1998,Structure Image cannot be exported
Dextropropoxyphene,,,,Narcotic Analgesics,07-2003,Structure Image cannot be exported
Dextropropoxyphene/Levopropoxyphene,,,,Narcotic Analgesics,02-2018,Structure Image cannot be exported
Dextrorphan,,,,Narcotics,10-1998,Structure Image cannot be exported
DiPT,,"N,N-Diisopropyltryptamine",,Tryptamines,07-2006,Structure Image cannot be exported
Diacetamide,,,,Other substances,03-2015,Structure Image cannot be exported
Diacetone alcohol,,4-hydroxy-4-methyl-2-pentanone,C6H12O2,Other substances,09-2022,Structure Image cannot be exported
Diampromide,,,,Narcotic Analgesics,10-1998,Structure Image cannot be exported
Diazepam,,"7-chloro-1-methyl-5-phenyl-1,3-dihydro-1,4-benzodiazepin-2-one",C16H13ClN2O,Benzodiazepines,10-1998,Structure Image cannot be exported
Diazoxide,,,,Other substances,11-2014,Structure Image cannot be exported
Dibenzazepine,,,,Other substances,10-2012,Structure Image cannot be exported
Dibenzothiazepine,,,,Other substances,10-2003,Structure Image cannot be exported
Dibromomethane,,,,Other substances,10-1998,Structure Image cannot be exported
Dibutylone,bk-DMBDB,"1-(2H-1,3-benzodioxol-5-yl)-2-(dimethylamino)butan-1-one",C13H17NO3,Synthetic Cathinones,05-2012,Structure Image cannot be exported
Dicalcium Phosphate Dihydrate,,,,Other,06-2014,Structure Image cannot be exported
Dichloralphenazone,,,,Depressants and Tranquilizers,02-2003,Structure Image cannot be exported
Dichlorobenzene,,,,Other,06-2004,Structure Image cannot be exported
Dichloroethane,,,,Other substances,10-1998,Structure Image cannot be exported
Dichloromethane,,,,Other substances,10-2004,Structure Image cannot be exported
Dichloropane,,"methyl (1S,2S,3R,5S)-3-(3,4-dichlorophenyl)-8-methyl-8-azabicyclo[3.2.1]octane-2-carboxylate",C16H19Cl2NO2,Stimulants,12-2018,Structure Image cannot be exported
Dichlorpheniramine,,,,Other substances,07-2003,Structure Image cannot be exported
Diclazepam,2'-chlorodiazepam;Ro 5-3448,"7-chloro-5-(2-chlorophenyl)-1-methyl-1,3-dihydro-1,4-benzodiazepin-2-one",C16H12Cl2N2O,Benzodiazepines,06-2015,Structure Image cannot be exported
Diclofenac,,,,Other substances,05-1999,Structure Image cannot be exported
Dicloqualone (SL-164),SL-164,"5-chloro-3-(4-chloro-2-methylphenyl)-2-methyl-3,4-dihydro-4-quinazolinone",C16H12Cl2N2O,Depressants and Tranquilizers,06-2022,Structure Image cannot be exported
Dicloxacillin,,,,Other substances,12-1999,Structure Image cannot be exported
Dicyclomine,,,,Other substances,05-2000,Structure Image cannot be exported
Didanosine,,,,Other substances,07-2003,Structure Image cannot be exported
Didesmethylsibutramine,,,,Other substances,06-2012,Structure Image cannot be exported
Diethyl Phosphite,,,,Other substances,07-2008,Structure Image cannot be exported
Diethyl phthalate,,,,Other substances,06-2015,Structure Image cannot be exported
Diethylamine,,,,Other substances,10-1998,Structure Image cannot be exported
Diethylene Glycol,,,,Other substances,10-1998,Structure Image cannot be exported
Diethylmalonate,,,,Other substances,10-1998,Structure Image cannot be exported
Diethylpentylone,,,C16H23NO3,Synthetic Cathinones,01-2020,Structure Image cannot be exported
Diethylpropion,,2-diethylamino-1-phenyl-1-propanone,C13H19NO,Phenethylamines (Other) (S),10-1998,Structure Image cannot be exported
Diethylstilbestrol,,,,Other substances,11-2017,Structure Image cannot be exported
Diethylthiambutene,,,,Narcotic Analgesics,10-1998,Structure Image cannot be exported
Diethyltryptamine,"DET;N,N-diethyltryptamine","N,N-diethyl[2-(indol-3-yl)ethyl]amine",C14H20N2,Tryptamines,10-1998,Structure Image cannot be exported
Difenoxin,,,,Narcotics,10-1998,Structure Image cannot be exported
Differin (Adapalene),,,,Other substances,05-2011,Structure Image cannot be exported
Diflunisal,,,,Analgesics,12-1999,Structure Image cannot be exported
Difluoro deschloro U-47700,,,C16H22F2N2O,Narcotic Analgesics,06-2022,Structure Image cannot be exported
Difluoroethane,,,,Other substances,06-2021,Structure Image cannot be exported
Difluorophenylcyclopropanamine,,,C9H9F2N,Other substances,09-2022,Structure Image cannot be exported
Digoxin,,,,Other substances,11-1999,Structure Image cannot be exported
Dihydro-D-Lysergide,,,,Hallucinogens,10-1998,Structure Image cannot be exported
Dihydrocapsaicin,,,,Other substances,05-2017,Structure Image cannot be exported
Dihydrocodeine,,,,Narcotic Analgesics,10-1998,Structure Image cannot be exported
Dihydroergotamine,,,,Other,07-2003,Structure Image cannot be exported
Dihydroetorphine,,,,Narcotic Analgesics,10-1998,Structure Image cannot be exported
Dihydrokavain,Dihydrokawain,"(2S)-4-methoxy-2-(2-phenylethyl)-2,3-dihydropyran-6-one",C14H16O3,Other substances,12-2024,Structure Image cannot be exported
Dihydromethysticin,,,,Other substances,06-2018,Structure Image cannot be exported
Dihydromorphine,,,,Narcotic Analgesics,10-1998,Structure Image cannot be exported
Dihydromorphone,,,,Narcotic Analgesics,05-2011,Structure Image cannot be exported
Dihydronormorphinone,,,,Narcotics,10-1998,Structure Image cannot be exported
Dihydroresorcinol,,,,Other substances,10-1998,Structure Image cannot be exported
Dihydrostreptomycin,,,,Other substances,08-2008,Structure Image cannot be exported
Dihydrotachysterol,,,,Other substances,07-2009,Structure Image cannot be exported
Dihydrothebaine,,,,Narcotics,10-1998,Structure Image cannot be exported
Dihydrothebainone,,,,Narcotics,10-1998,Structure Image cannot be exported
Dihydroxyprogesterone Acetophenide,,,,Other substances,08-2008,Structure Image cannot be exported
Diindolylmethane,,,,Other substances,09-2021,Structure Image cannot be exported
Diiodohydroxyquinoline,,,,Other substances,12-1999,Structure Image cannot be exported
Diiodomethane,,,,Other,07-2010,Structure Image cannot be exported
Diltiazem,,,,Other substances,09-2005,Structure Image cannot be exported
Dimenhydrinate,,,,Other substances,10-1998,Structure Image cannot be exported
Dimenoxadol,,,,Narcotic Analgesics,10-1998,Structure Image cannot be exported
Dimepheptanol,,,,Narcotic Analgesics,10-1998,Structure Image cannot be exported
Dimethazine,,,,Steroids,02-2021,Structure Image cannot be exported
Dimethocaine,,"3-(diethylamino)-2,2-dimethylpropyl 4-aminobenzoate",C16H26N2O2,Stimulants,05-2014,Structure Image cannot be exported
Dimethyl Carbonate,,,,Other substances,10-1998,Structure Image cannot be exported
Dimethyl Isophthalate,,,,Other,06-2010,Structure Image cannot be exported
Dimethyl Phthalate,,,,Other substances,10-1998,Structure Image cannot be exported
Dimethyl Sulfate,,,,Other substances,10-1998,Structure Image cannot be exported
Dimethyl Sulfoxide (DMSO),,,,Other substances,05-2011,Structure Image cannot be exported
Dimethyl Terephthalate,,,,Other substances,10-1998,Structure Image cannot be exported
"Dimethyl-1,3 Acetone Dicarboxylate",,,,Other substances,10-1998,Structure Image cannot be exported
Dimethylamine,,,,Other substances,10-1998,Structure Image cannot be exported
Dimethylamphetamine,DMA,,C11H17N,Phenethylamines (Amphetamines) (S),09-2003,Structure Image cannot be exported
Dimethylheptyl Tetrahydrocannabinol,,,,Cannabinoids,10-1998,Structure Image cannot be exported
Dimethylheptylpyran,DMHP,"6,6,9‐trimethyl‐3‐(3‐methyloctan‐2‐yl)‐6H,7H,8H,9H,10H‐cyclohexa[c]chromen‐1‐ol",C25H38O2,Synthetic Cannabinoids,06-2015,Structure Image cannot be exported
Dimethylone,beta-keto-methylenedioxy-dimethylamphetamine;bk-MDDMA,"1-(2H-1,3-benzodioxol-5-yl)-2-(dimethylamino)propan-1-one",C12H15NO3,Synthetic Cathinones,03-2012,Structure Image cannot be exported
"Dimethylpentyl-3,4-DMA",,,,Phenethylamines (Amphetamines) (S),05-2021,Structure Image cannot be exported
Dimethylphenidate,,,,Stimulants,05-2018,Structure Image cannot be exported
Dimethylsulfone,,,,Other substances,10-1998,Structure Image cannot be exported
Dimethylthiambutene,,,,Narcotic Analgesics,10-1998,Structure Image cannot be exported
Dimethyltryptamine,"DMT;N,N-dimethyltryptamine","N,N-dimethyl[2-(indol-3-yl)ethyl]amine",C12H16N2,Tryptamines,10-1998,Structure Image cannot be exported
Dioxaphetyl Butyrate,,,,Narcotic Analgesics,10-1998,Structure Image cannot be exported
Dipentylone,"N,N-dimethylpentylone;bk-DMBDP","1-(2H-1,3-benzodioxol-5-yl)-2-(dimethylamino)pentan-1-one",C14H19NO3,Synthetic Cathinones,09-2015,Structure Image cannot be exported
Diphenhydramine,,,,Other substances,10-1998,Structure Image cannot be exported
Diphenidine,,,,Hallucinogens,03-2016,Structure Image cannot be exported
Diphenidol,,,,Other,11-2012,Structure Image cannot be exported
Diphenoxylate,,,,Narcotics,10-1998,Structure Image cannot be exported
Diphenoxylate/Atropine,,,,Narcotics,08-2003,Structure Image cannot be exported
Diphenyl Sulfone,,,,Other substances,12-2018,Structure Image cannot be exported
Diphenylacetonitrile,,,,Other substances,10-1998,Structure Image cannot be exported
Diphenylhydantoin,,,,Other substances,02-2000,Structure Image cannot be exported
Diphenylprolinol ,,diphenyl(pyrrolidin-2-yl)methanol,C17H19NO,Phenethylamines (Amphetamines) (S),05-2013,Structure Image cannot be exported
Diphenylpyraline,,,,Other substances,07-2011,Structure Image cannot be exported
Dipipanone,,,,Narcotic Analgesics,10-1998,Structure Image cannot be exported
Diprenorphine,,,,Narcotics,10-1998,Structure Image cannot be exported
Dipropylbarbituric Acid,,,,Depressants and Tranquilizers,10-1998,Structure Image cannot be exported
Dipropyltryptamine,"DPT;N,N-dipropyltryptamine",[2-(indol-3-yl)ethyl]dipropylamine,C16H24N2,Tryptamines,10-1998,Structure Image cannot be exported
Dipyanone,N-pyrrolidino methadone,"4,4-diphenyl-6-(pyrrolidin-1-yl)heptan-3-one",C23H29NO,Narcotic Analgesics,03-2022,Structure Image cannot be exported
Dipyridamole,,,,Other substances,10-1998,Structure Image cannot be exported
Dipyrone,,,,Analgesics,10-1998,Structure Image cannot be exported
Diroximel Fumarate,,,,Other substances,10-2020,Structure Image cannot be exported
Disopyramide,,,,Other,01-2004,Structure Image cannot be exported
Disulfiram,,,,Other,07-2008,Structure Image cannot be exported
Divalproex,,,,Other substances,11-2000,Structure Image cannot be exported
Divalproex Sodium,,,,Other substances,11-1999,Structure Image cannot be exported
"Dl-2-Methoxy-4,5-Methylenedioxyamphetamine",,,,Hallucinogens,10-1998,Structure Image cannot be exported
Dl-Acetyl-Lysergic Acid Monoethylamide,,,,Hallucinogens,10-1998,Structure Image cannot be exported
Dl-Acetyl-Lysergide,,,,Hallucinogens,10-1998,Structure Image cannot be exported
Dl-Methyl-2-Bromo-Lysergide,,,,Hallucinogens,10-1998,Structure Image cannot be exported
Dl-Methyl-Lysergic Acid Monoethylamide,,,,Hallucinogens,10-1998,Structure Image cannot be exported
Dl-Methyl-Lysergic Acid Pyrolidide,,,,Hallucinogens,10-1998,Structure Image cannot be exported
Dl-Methyl-Lysergide,,,,Hallucinogens,10-1998,Structure Image cannot be exported
Dl-Oxymethyl-Lysergide,,,,Hallucinogens,10-1998,Structure Image cannot be exported
Dobutamine,,,,Other,01-2005,Structure Image cannot be exported
Docusate,,,,Other substances,08-2003,Structure Image cannot be exported
Dolasetron,,,,Other substances,11-2012,Structure Image cannot be exported
Dolutegravir,,,,Other substances,02-2018,Structure Image cannot be exported
Domperidone,,,,Other,03-2008,Structure Image cannot be exported
Donepezil,,,,Other substances,07-2000,Structure Image cannot be exported
Dopamine,,"4-(2-aminoethyl)benzene-1,2-diol",C8H11NO2,Phenethylamines,06-2010,Structure Image cannot be exported
Dothiepin,,,,Antidepressants,06-2008,Structure Image cannot be exported
Doxazosin,,,,Other substances,02-2001,Structure Image cannot be exported
Doxazosin Mesylate,,,,Other substances,07-2000,Structure Image cannot be exported
Doxepin,,,,Depressants and Tranquilizers,10-1998,Structure Image cannot be exported
Doxycycline,,,,Other substances,11-1999,Structure Image cannot be exported
Doxylamine,,,,Other substances,10-1998,Structure Image cannot be exported
Dronabinol,,,,Cannabinoids,10-1998,Structure Image cannot be exported
Dronedarone,,,,Other substances,06-2016,Structure Image cannot be exported
Droperidol,,,,Depressants and Tranquilizers,08-2008,Structure Image cannot be exported
Drospirenone,,,,Other substances,08-2008,Structure Image cannot be exported
Drostanolone,,,,Steroids,10-1998,Structure Image cannot be exported
Drotaverine,,,,Other substances,11-2019,Structure Image cannot be exported
Drotebanol,,,,Narcotics,10-1998,Structure Image cannot be exported
Duloxetine,,,,Other substances,02-2008,Structure Image cannot be exported
Dutasteride,,,,Other substances,05-2011,Structure Image cannot be exported
Dyazide,,,,Other,07-2008,Structure Image cannot be exported
Dyclonine,,,,Other substances,10-1998,Structure Image cannot be exported
Dyphylline,,,,Other,09-2007,Structure Image cannot be exported
EAM-2201,JWH-210 N-(5-fluoropentyl) analog,1-(5-fluoropentyl)-3-(4-ethyl-1-naphthoyl)indole,C26H26FNO,Synthetic Cannabinoids,11-2012,Structure Image cannot be exported
EAPB,,,C13H17NO,Phenethylamines (Amphetamines) (H),02-2018,Structure Image cannot be exported
EDDP,,"2-Ethylidene-1,5-dimethyl-3,3-diphenylpyrrolidine",,Other substances,09-2020,Structure Image cannot be exported
EDMB-4en-PINACA,,"ethyl 3,3-dimethyl-2-(1-(pent-4-en-1-yl)-1H-indazole-3-carboxamido)butanoate",C21H29N3O3,Synthetic Cannabinoids,09-2021,Structure Image cannot be exported
EDMB-PINACA,,"ethyl 3,3-dimethyl-2-(1-pentyl-1H-indazole-3-carboxamido)butanoate",C21H31N3O3,Synthetic Cannabinoids,09-2021,Structure Image cannot be exported
EG-018,,naphthalen-1-yl(9-pentyl-9H-carbazol-3-yl)methanone,C28H25NO,Synthetic Cannabinoids,03-2015,Structure Image cannot be exported
EG-2201,,(9-(5-fluoropentyl)-9H-carbazol-3-yl)(naphthalen-1-yl)methanone,C28H24FNO,Synthetic Cannabinoids,09-2015,Structure Image cannot be exported
EMB-FUBINACA,,ethyl 2-(1-(4-fluorobenzyl)-1H-indazole-3-carboxamido)-3-methylbutanoate,C22H24FN3O3,Synthetic Cannabinoids,11-2016,Structure Image cannot be exported
ETH-LAD,,6-Ethyl-6-nor-lysergic acid diethylamide,,Hallucinogens,03-2018,Structure Image cannot be exported
Ecgonidine,,,,Narcotics,10-1998,Structure Image cannot be exported
Ecgonine,,,,Narcotics,10-1998,Structure Image cannot be exported
"Ecgonine 2,6-Dimethylbenzoylmethylester",,,,Narcotics,10-1998,Structure Image cannot be exported
Ecgonine Benzoylethylester,,,,Narcotics,10-1998,Structure Image cannot be exported
Ecgonine Cinnamoylmethylester,,,,Narcotics,10-1998,Structure Image cannot be exported
Ecgonine Methylester,,,,Narcotics,10-1998,Structure Image cannot be exported
Ecgonine Phenylacetylmethylester,,,,Narcotics,10-1998,Structure Image cannot be exported
Ecgonine ethyl ester,,,,Cannabinoids,09-2020,Structure Image cannot be exported
Ectylurea,,,,Depressants and Tranquilizers,10-1998,Structure Image cannot be exported
Efavirenz,,,,Other,05-2004,Structure Image cannot be exported
Effexor,,,,Other,10-2003,Structure Image cannot be exported
Eletriptan,,,,Other,03-2006,Structure Image cannot be exported
Eluxadoline,viberzi,"5-{[2-amino-3-(4-carbamoyl-2,6-dimethylphenyl)-N-[1-(5-phenyl-1H-imidazol-2-yl)ethyl]propanamido]methyl}-2-methoxybenzoic acid",C32H35N5O5,Other substances,04-2018,Structure Image cannot be exported
Elvitegravir,,,,Other substances,02-2018,Structure Image cannot be exported
Embutramide,,,,Depressants and Tranquilizers,07-2006,Structure Image cannot be exported
Empagliflozin,,,,Other substances,02-2018,Structure Image cannot be exported
Emtricitabine,,,,Other,03-2008,Structure Image cannot be exported
Emtricitabine/Tenofovir disoproxil,,,,Other,07-2008,Structure Image cannot be exported
Emylcamate,,,,Depressants and Tranquilizers,10-1998,Structure Image cannot be exported
Enalapril,,,,Other substances,06-2000,Structure Image cannot be exported
Enallylpropymal,,,,Depressants and Tranquilizers,10-1998,Structure Image cannot be exported
Enoxaparin,,,,Other substances,05-2011,Structure Image cannot be exported
Entacapone,,,,Other substances,04-2011,Structure Image cannot be exported
Epena,,,,Hallucinogens,10-1998,Structure Image cannot be exported
Ephedra Extract,,,,Other substances,07-2000,Structure Image cannot be exported
Ephedrine,,1-hydroxy-2-methylaminopropylbenzene,C10H15NO,Phenethylamines (Other) (S),10-1998,Structure Image cannot be exported
Ephenidine,EPE;NEDPA,"N-ethyl-1,2-diphenylethan-1-amine ",C16H19N,Phenethylamines (Other) (H),05-2019,Structure Image cannot be exported
Epiandrosterone,,,,Other substances,05-2011,Structure Image cannot be exported
Epimedium,,,,Other substances,05-2011,Structure Image cannot be exported
Epinephrine,,,,Other substances,10-1998,Structure Image cannot be exported
Eplerenone,,,,Other,07-2008,Structure Image cannot be exported
Epoetin Alfa,,,,Other substances,01-2001,Structure Image cannot be exported
Epoxiconazole,,,,Other substances,06-2014,Structure Image cannot be exported
Erbium Oxide,,,,Other substances,06-2012,Structure Image cannot be exported
Ergocalciferol,,,,Other,04-2004,Structure Image cannot be exported
Ergocristine,,,,Other substances,07-2010,Structure Image cannot be exported
Ergonovine,,,,Other substances,10-1998,Structure Image cannot be exported
Ergosterol,,,,Other substances,02-2009,Structure Image cannot be exported
Ergotamine,,,,Other substances,10-1998,Structure Image cannot be exported
Erithromycin,,,,Other,03-2006,Structure Image cannot be exported
Erlotinib,,,,Other substances,08-2008,Structure Image cannot be exported
Erythritol,,"1,2,3,4-butanetetrol",C4H10O4,Other substances,12-2019,Structure Image cannot be exported
Erythrityl Tetranitrate,,,,Other substances,10-1998,Structure Image cannot be exported
Erythromycin,,,,Other substances,11-1999,Structure Image cannot be exported
Escaline,"3,5-dimethoxy-4-ethoxyphenylethylamine;4-methoxy mescaline","2-(4-ethoxy-3,5-dimethoxyphenyl)ethylamine",C12H19NO3,Phenethylamines (Other) (H),08-2014,Structure Image cannot be exported
Escitalopram,,,,Antidepressants,08-2003,Structure Image cannot be exported
Esomeprazole,,,,Other substances,07-2003,Structure Image cannot be exported
Estazolam,,"8-chloro-6-phenyl-4H-[1,2,4]triazolo[4,3-a][1,4]benzodiazepine",C16H11ClN4,Benzodiazepines,10-1998,Structure Image cannot be exported
Estradiol,,,,Other substances,11-1999,Structure Image cannot be exported
Estriol,,,,Other substances,06-2012,Structure Image cannot be exported
Estrogen,,,,Other substances,06-2000,Structure Image cannot be exported
Estropipate,,,,Other substances,05-2015,Structure Image cannot be exported
Eszopiclone,,,,Depressants and Tranquilizers,04-2006,Structure Image cannot be exported
Etanercept,,,,Other,08-2004,Structure Image cannot be exported
Etaqualone,,,,Depressants and Tranquilizers,02-2012,Structure Image cannot be exported
Ethambutol,,,,Other substances,07-2008,Structure Image cannot be exported
Ethamivan,,,,Stimulants,10-1998,Structure Image cannot be exported
Ethanamine,,,,Other substances,04-2011,Structure Image cannot be exported
Ethcathinone,N-ethylcathinone,2-(ethylamino)-1-phenylpropan-1-one,C11H15NO,Synthetic Cathinones,03-2012,Structure Image cannot be exported
Ethchlorvynol,,,,Depressants and Tranquilizers,10-1998,Structure Image cannot be exported
Ethinamate,,,,Depressants and Tranquilizers,10-1998,Structure Image cannot be exported
Ethinyl Estradiol,,,,Other substances,02-2000,Structure Image cannot be exported
Ethomoxane,,,,Depressants and Tranquilizers,10-1998,Structure Image cannot be exported
Ethosuximide,,,,Other substances,10-1998,Structure Image cannot be exported
Ethotoin,,,,Other substances,10-1998,Structure Image cannot be exported
Ethyl 4-ANPP,,N-ethyl-N-phenyl-1-(2-phenylethyl)piperidin-4-amine,C21H28N2,Fentanyl and Fentanyl-related,09-2022,Structure Image cannot be exported
Ethyl 4-oxo-1-piperidinecarboxylate ,N-Carbethoxy-4-piperidone,ethyl 4-oxopiperidine-1-carboxylate,C8H13NO3,New Drug,10-2023,Structure Image cannot be exported
Ethyl Bromide,,,,Other substances,10-1998,Structure Image cannot be exported
Ethyl Bromopyruvate,,,,Other substances,10-1998,Structure Image cannot be exported
Ethyl Magnesium Bromide,,,,Other substances,10-1998,Structure Image cannot be exported
Ethyl Maltol,,,,Other substances,10-2012,Structure Image cannot be exported
Ethyl Oleate,,,,Other,06-2010,Structure Image cannot be exported
Ethyl U-47700,,"3,4-dichloro-N-[2-(dimethylamino)cyclohexyl]-N-ethylbenzamide",C17H24Cl2N2O,Narcotic Analgesics,06-2022,Structure Image cannot be exported
Ethyl loflazepate,,"ethyl 7-chloro-5-(2-fluorophenyl)-2-oxo-1,3-dihydro-1,4-benzodiazepine-3-carboxylate",C18H14ClFN2O3,Benzodiazepines,10-1998,Structure Image cannot be exported
Ethyl methacrylate,,,,Other substances,11-2015,Structure Image cannot be exported
Ethylbenzene,,,,Other substances,03-2015,Structure Image cannot be exported
Ethylbenzoylecgonine,,,,Narcotics,10-2012,Structure Image cannot be exported
Ethylbromazolam,,"8-bromo-1-ethyl-6-phenyl-4H-[1,2,4]triazolo[4,3-a][1,4]benzodiazepine (Alternative chemical name: 8-bromo-1-ethyl-6-phenyl-4H-benzo[f][1,2,4]triazolo[4,3-a][1,4]diazepine)",C18H15BrN4,Benzodiazepines,06-2025,Structure Image cannot be exported
Ethylene Chlorohydrin,,,,Other substances,10-1998,Structure Image cannot be exported
Ethylene Dichloride,,,,Other substances,10-1998,Structure Image cannot be exported
Ethylene Etonitazene,,"2-(2-(4-ethoxyphenethyl)-5-nitro-1H-benzo[d]imidazol-1-yl)-N,N-diethylethan-1-amine",C23H30N4O3,Narcotic Analgesics,12-2024,Structure Image cannot be exported
Ethylene Glycol,,,,Other substances,02-2000,Structure Image cannot be exported
Ethylene Glycol Monobenzoate,,,,Other substances,10-1998,Structure Image cannot be exported
Ethyleneoxynitazene,"3'-desoxy-3',4'-Methylenedioxynitazene;Tetrahydrofuranitazene","2-(2-((2,3-dihydrobenzofuran-5-yl)methyl)-5-nitro-1H-benzo[d]imidazol-1-yl)-N,N-diethylethan-1-amine",C22H26N4O3,Narcotic Analgesics,09-2023,Structure Image cannot be exported
Ethylestrenol,,,,Steroids,10-1998,Structure Image cannot be exported
Ethylidine Chloride,,,,Other substances,10-1998,Structure Image cannot be exported
Ethylmethylthiambutene,,,,Narcotic Analgesics,10-1998,Structure Image cannot be exported
Ethylmorphine,,,,Narcotic Analgesics,10-1998,Structure Image cannot be exported
Ethylone,"3,4,-methylonedioxy-N-ethylcathinone ;MDEC;bk-MDEA","1-(2H-1,3-benzodioxol-5-yl)-2-(ethylamino)propan-1-one",C12H15NO3,Synthetic Cathinones,11-2011,Structure Image cannot be exported
Ethylphenacemide,,,,Other substances,10-1998,Structure Image cannot be exported
Ethylphenidate,,ethyl 2-phenyl-2-(piperidin-2-yl)acetate,C15H21NO2,Piperidines/PEA,07-2013,Structure Image cannot be exported
Eticyclidine,,N-ethyl(1-phenylcyclohexyl)amine,C14H21N,Other substances,10-1998,Structure Image cannot be exported
Eticyclidone,,,,Depressants and Tranquilizers,05-2017,Structure Image cannot be exported
Etiracetam,,,,Other substances,05-2011,Structure Image cannot be exported
Etizolam,,"7-(2-chlorophenyl)-4-ethyl-13-methyl-3-thia-1,8,11,12-tetraazatricyclo[8.3.0.0²,⁶]trideca-2(6),4,7,10,12-pentaene",C17H15ClN4S,Benzodiazepines,06-2012,Structure Image cannot be exported
Etodesnitazene,desnitroetonitazene;etazene;etazone,"2-(2-(4-ethoxybenzyl)- 1H-benzimidazol-1-yl)-N,N-diethylethan-1-amine",C22H29N3O,Narcotic Analgesics,06-2021,Structure Image cannot be exported
Etodolac,,,,Analgesics,11-1999,Structure Image cannot be exported
Etomidate,,,,Depressants and Tranquilizers,06-2016,Structure Image cannot be exported
Etonitazene,,"N,N-diethyl-2-(2-(4-ethoxybenzyl)-5-nitro-1H-benzimidazol-1-yl]ethan-1-amine",C22H28N4O3,Narcotic Analgesics,10-1998,Structure Image cannot be exported
Etorphine,,,,Narcotic Analgesics,10-1998,Structure Image cannot be exported
Etoxeridine,,,,Narcotics,10-1998,Structure Image cannot be exported
Etravirine,,,,Other substances,05-2012,Structure Image cannot be exported
Eucalyptol,,,,Other,06-2010,Structure Image cannot be exported
Eutylone,"3,4-methylenedioxy-alpha-ethylaminobutiophenone;N-ethylbutylone;beta-keto-ethylbenzodioxolylbutanamine;bk-EBDB","1-(2H-1,3-benzodioxol-5-yl)-2-(ethylamino)butan-1-one",C13H17NO3,Synthetic Cathinones,10-2017,Structure Image cannot be exported
Exemestane,,,,Other substances,05-2011,Structure Image cannot be exported
Extenze,,,,Other,06-2010,Structure Image cannot be exported
Ezetimibe,,,,Other,08-2004,Structure Image cannot be exported
FDU-PB-22,,naphthalen-1-yl 1-(4-fluorobenzyl)-1H-indole-3-carboxylate,C26H18FNO2,Synthetic Cannabinoids,05-2014,Structure Image cannot be exported
FEC,fluoro-N-ethylcathinone;fluoroethcathinone,,C11H14FNO,Synthetic Cathinones,11-2019,Structure Image cannot be exported
FENOFIBRIC ACID,,,,Other substances,04-2012,Structure Image cannot be exported
FMC,fluoro-N-methylcathinone;fluoromethcathinone,,C10H12FNO,Synthetic Cathinones,04-2011,Structure Image cannot be exported
FUB-144,,"(1-(4-fluorobenzyl)-1H-indol-3-yl)(2,2,3,3-tetramethylcyclopropyl)methanone",C23H24FNO,Synthetic Cannabinoids,11-2014,Structure Image cannot be exported
FUB-AKB48,AKB48 N-(4-fluorobenzyl);FUB-APINACA,N-(1-adaman-1-yl)-1-(4-fluorobenzyl)-1H-indazole-3-carboxamide,C25H26FN3O,Synthetic Cannabinoids,11-2014,Structure Image cannot be exported
FUB-AMB ,AMB-FUBINACA;MMB-FUBINACA,methyl 2-(1-(4-fluorobenzyl)-1H-indazole-3-carboxamido)-3-methylbutanoate,C21H22FN3O3,Synthetic Cannabinoids,12-2014,Structure Image cannot be exported
FUB-JWH-018,,(1-(4-fluorobenzyl)-1H-indol-3-yl)(naphthalen-1-yl)methanone,C26H18FNO,Synthetic Cannabinoids,06-2015,Structure Image cannot be exported
FUB-PB-22,,quinolin-8-yl-1-(4-fluorobenzyl)-1H-indole-3-carboxylate,C25H17FN2O2,Synthetic Cannabinoids,05-2014,Structure Image cannot be exported
Famciclovir,,,,Other substances,12-2000,Structure Image cannot be exported
Famotidine,,,,Other substances,11-1999,Structure Image cannot be exported
Febantel,,,,Other substances,05-2013,Structure Image cannot be exported
Febuxostat,,,,Other substances,12-2018,Structure Image cannot be exported
Felbamate,,,,Other,08-2008,Structure Image cannot be exported
Felodipine,,,,Other,01-2004,Structure Image cannot be exported
Fencamfamin,,,,Stimulants,10-1998,Structure Image cannot be exported
Fenethylline,,"1,3-dimethyl-7-2-1-methyl-2-phenylethylaminoethyl-3,7-dihydro-2,6(1H)-purinedione",C18H23N5O2,Phenethylamines (Amphetamines) (S),10-1998,Structure Image cannot be exported
Fenfluramine,,,,Stimulants,10-1998,Structure Image cannot be exported
Fenofibrate,,,,Other,03-2006,Structure Image cannot be exported
Fenoprofen,,,,Other,10-2003,Structure Image cannot be exported
Fenproporex,,,,Stimulants,10-1998,Structure Image cannot be exported
Fentanyl,,N-(1-phenethylpiperidin-4-yl)-N-phenyl-propionamide,C22H28N2O,Fentanyl and Fentanyl-related,10-1998,Structure Image cannot be exported
Fentanyl carbamate,ethylformate 4-ANPP;ethylformate fentanyl,ethyl (1-phenethylpiperidin-4-yl)(phenyl)carbamate,C22H28N2O2,Fentanyl and Fentanyl-related,12-2018,Structure Image cannot be exported
Ferrocene,,,,Other substances,05-2011,Structure Image cannot be exported
Ferrous Sulfate,,,,Other substances,08-2003,Structure Image cannot be exported
Fesoterodine Fumarate,,,,Other substances,10-2011,Structure Image cannot be exported
Fexofenadine,,,,Other substances,07-2000,Structure Image cannot be exported
Finasteride,,,,Other substances,01-2001,Structure Image cannot be exported
Fingolimod,,,,Other substances,05-2019,Structure Image cannot be exported
Firocoxib,,,,Other substances,01-2014,Structure Image cannot be exported
Flavoxate,,,,Other substances,12-1999,Structure Image cannot be exported
Flecainide,,,,Other,07-2003,Structure Image cannot be exported
Floxuridine,,,,Other,08-2008,Structure Image cannot be exported
Flualprazolam,,"8-chloro-6-(2-fluorophenyl)-1-methyl-4H-benzo[f][1,2,4]triazolo[4,3-a][1,4]diazepine",C17H12ClFN4,Benzodiazepines,06-2018,Structure Image cannot be exported
Flubromazepam,,"7-bromo-5-(2-fluorophenyl)-1,3-dihydro-1,4-benzodiazepin-2-one",C15H10BrFN2O,Benzodiazepines,06-2015,Structure Image cannot be exported
Flubromazolam,,"12-bromo-9-(2-fluorophenyl)-3-methyl-2,4,5,8-tetraazatricyclo[8.4.0.0²,⁶]tetradeca-1(10),3,5,8,11,13-hexaene",C17H12BrFN4,Benzodiazepines,02-2016,Structure Image cannot be exported
Flubrotizolam,,"4-bromo-7-(2-fluorophenyl)-13-methyl-3-thia-1,8,11,12-tetraazatricyclo[8.3.0.0²,6]trideca-2(6),4,7,10,12-pentaene",C15H10BrFN4S,Benzodiazepines,10-2022,Structure Image cannot be exported
Fluclotizolam,,"4-Chloro-7-(2-fluorophenyl)-13-methyl-3-thia-1,8,11,12-tetraazatricyclo[8.3.0.02,6]trideca-2(6),4,7,10,12-pentaene",C15H10ClFN4S,Benzodiazepines,05-2022,Structure Image cannot be exported
Fluconazole,,,,Other substances,02-2000,Structure Image cannot be exported
Fludiazepam,,"7-chloro-5-(2-fluorophenyl)-1-methyl-1,3-dihydro-1,4-benzodiazepin-2-one",C16H12ClFN2O,Benzodiazepines,10-1998,Structure Image cannot be exported
Fludrocortisone,,,,Other substances,05-2011,Structure Image cannot be exported
Flumazenil,,,,Other,06-2010,Structure Image cannot be exported
Flunarizine,,,,Other substances,06-2015,Structure Image cannot be exported
Flunisolide,,,,Other substances,05-2011,Structure Image cannot be exported
Flunitazene,4-fluoro desethoxyetonitazene;fluonitazene,"N,N-diethyl-2-(2-(4-fluorobenzyl)-5-nitro-1H-benzimidazol-1-yl)ethan-1-amine",C20H23FN4O2,Narcotic Analgesics,06-2021,Structure Image cannot be exported
Flunitrazepam,,"5-(2-fluorophenyl)-1-methyl-7-nitro-1,3-dihydro-1,4-benzodiazepin-2-one",C16H12FN3O3,Benzodiazepines,10-1998,Structure Image cannot be exported
Flunitrazolam,,"1-methyl-8-nitro-6-(2-fluorophenyl)-4H-[1,2,4]triazolo[4,3-a][1,4]benzodiazepine",C17H12FN5O2,Benzodiazepines,10-2018,Structure Image cannot be exported
Flunixin meglumine,,,,Analgesics,11-2017,Structure Image cannot be exported
Fluocinonide,,,,Other,10-2003,Structure Image cannot be exported
Fluoride,,,,Other,01-2005,Structure Image cannot be exported
Fluoro 4-ANBP,,,C18H21FN2,Narcotic Analgesics,01-2020,Structure Image cannot be exported
Fluoro 4-ANPP,,,C19H23FN2,Fentanyl and Fentanyl-related,12-2018,Structure Image cannot be exported
Fluoro 4-anilinopiperidine,,,C11H15FN2,Fentanyl and Fentanyl-related,09-2021,Structure Image cannot be exported
Fluoro MDMB-BUTINACA 2'-indazole isomer,,Fluoro MDMB-BINACA 2-indazole Isomer,C19H26FN3O3,Synthetic Cannabinoids,11-2019,Structure Image cannot be exported
Fluoro PCP,fluoro phencyclidine,,C17H24FN,Depressants and Tranquilizers,01-2023,Structure Image cannot be exported
Fluoro acetyl fentanyl,,,C21H25FN2O,Fentanyl and Fentanyl-related,10-2022,Structure Image cannot be exported
Fluoro furanyl fentanyl,,,C24H25FN2O2,Fentanyl and Fentanyl-related,04-2019,Structure Image cannot be exported
Fluoro phenethyl 4-ANPP,,,C27H31FN2,Fentanyl and Fentanyl-related,06-2021,Structure Image cannot be exported
Fluoro valeryl fentanyl,,,C24H31FN2O,Fentanyl and Fentanyl-related,10-2022,Structure Image cannot be exported
"Fluoro-3,5-AB-PFUPPYCA",,,C20H26F2N4O2,Synthetic Cannabinoids,01-2022,Structure Image cannot be exported
Fluoro-ABUTINACA,,,C22H28FN3O,Synthetic Cannabinoids,12-2020,Structure Image cannot be exported
Fluoro-ADB,,,C20H28FN3O3,Synthetic Cannabinoids,12-2017,Structure Image cannot be exported
Fluoro-AEB,,,C20H28FN3O3,Synthetic Cannabinoids,03-2018,Structure Image cannot be exported
Fluoro-AMB,,,C19H26FN3O3,Synthetic Cannabinoids,02-2018,Structure Image cannot be exported
Fluoro-BZO-POXIZID,,,C20H20FN3O2,Synthetic Cannabinoids,03-2022,Structure Image cannot be exported
Fluoro-CUMYL-P7AICA,,,C22H26FN3O,Synthetic Cannabinoids,05-2018,Structure Image cannot be exported
Fluoro-CUMYL-PINACA,,,C22H26FN3O,Synthetic Cannabinoids,05-2018,Structure Image cannot be exported
Fluoro-EDMB-PICA,,,C22H31FN2O3,Synthetic Cannabinoids,05-2021,Structure Image cannot be exported
Fluoro-EMB-PICA,,,C21H29FN2O3,Synthetic Cannabinoids,12-2020,Structure Image cannot be exported
Fluoro-EMDB-PINACA,,,C21H30FN3O3,Synthetic Cannabinoids,03-2018,Structure Image cannot be exported
Fluoro-MDMB-BUTICA,,,C20H27FN2O3,Synthetic Cannabinoids,12-2020,Structure Image cannot be exported
Fluoro-MDMB-BUTINACA,,,C19H26FN3O3,Synthetic Cannabinoids,04-2019,Structure Image cannot be exported
Fluoro-MDMB-PICA,,,C21H29FN2O3,Synthetic Cannabinoids,03-2018,Structure Image cannot be exported
Fluoro-MN-18,,,C23H22FN3O,Synthetic Cannabinoids,03-2018,Structure Image cannot be exported
Fluoro-MPP-PICA,,,C24H27FN2O3,Synthetic Cannabinoids,11-2019,Structure Image cannot be exported
Fluoro-NNEI,,,C24H23FN2O,Synthetic Cannabinoids,03-2018,Structure Image cannot be exported
Fluoro-PV8,fluoro-alpha-pyrrolidinoheptaphenone,,C17H24FNO,Synthetic Cathinones,11-2019,Structure Image cannot be exported
Fluoro-alpha-PHP,fluoro-alpha-pyrrolidinohexanophenone,,C16H22FNO,Synthetic Cathinones,03-2018,Structure Image cannot be exported
Fluoro-alpha-PIHP,,,,Synthetic Cathinones,10-2023,Structure Image cannot be exported
Fluoro-alpha-PVP,fluoro-alpha-pyrrolidinovalerophenone,,C15H20FNO,Synthetic Cathinones,12-2019,Structure Image cannot be exported
Fluoro-methyl-alpha-PVP,fluoro-methyl-alpha-pyrrolidinovalerophenone,,C16H22FNO,Synthetic Cathinones,01-2021,Structure Image cannot be exported
Fluoro-methylbenzylpiperazine,Methyl-fluorobenzylpiperiazine;fluoro MBZP,1-[(fluorophenyl)methyl]-4-methyl-piperazine,C12H17FN2,Piperazines (Hallucinogen),12-2023,Structure Image cannot be exported
Fluoroamphetamine,FA,,C9H12FN,Phenethylamines (Amphetamines) (S),11-2011,Structure Image cannot be exported
Fluorobutyryl fentanyl,FBF,,C23H29FN2O,Fentanyl and Fentanyl-related,02-2018,Structure Image cannot be exported
Fluorodeschloroketamine,,,C13H16FNO,Depressants and Tranquilizers,04-2019,Structure Image cannot be exported
Fluoroethamphetamine,FEA,,C11H16FN,Stimulants,01-2020,Structure Image cannot be exported
Fluorofentanyl,,,C22H27FN2O,Fentanyl and Fentanyl-related,05-2017,Structure Image cannot be exported
Fluoroisobutyryl fentanyl,FIBF,,C23H29FN2O,Fentanyl and Fentanyl-related,02-2017,Structure Image cannot be exported
Fluoromethamphetamine,FMA,,C10H14FN,Phenethylamines (Amphetamines) (S),08-2012,Structure Image cannot be exported
Fluoromethylphenidate,FMPH,,C14H18FNO2,Stimulants,05-2018,Structure Image cannot be exported
Fluoropentedrone,,,C12H16FNO,Synthetic Cathinones,05-2018,Structure Image cannot be exported
Fluorophenmetrazine,,,,Stimulants,03-2018,Structure Image cannot be exported
Fluorophenylpiperazine,FPP,,C10H13FN2,Piperazines (Hallucinogen),03-2018,Structure Image cannot be exported
Fluorouracil,,,,Other substances,06-2021,Structure Image cannot be exported
Fluoxetine,,N-methyl-3-phenyl-3-4-trifluoromethylphenyloxypropylamine,C17H18F3NO,Antidepressants,10-1998,Structure Image cannot be exported
Fluoxymesterone,,,,Steroids,10-1998,Structure Image cannot be exported
Fluphenazine,,,,Depressants and Tranquilizers,10-1998,Structure Image cannot be exported
Fluphenazine Hydrochloride,,,,Other,07-2005,Structure Image cannot be exported
Flurazepam,,"7-chloro-1-[2-(diethylamino)ethyl]-5-(2-fluorophenyl)-1,3-dihydro-1,4-benzodiazepin-2-one",C21H23ClFN3O,Benzodiazepines,10-1998,Structure Image cannot be exported
Flurbiprofen,,,,Analgesics,03-2001,Structure Image cannot be exported
Flutamide,,,,Other,01-2005,Structure Image cannot be exported
Fluticasone,,,,Other,03-2008,Structure Image cannot be exported
Fluticasone Propionate,,,,Other,08-2004,Structure Image cannot be exported
Fluvastatin,,,,Other,08-2004,Structure Image cannot be exported
Fluvoxamine,,,,Antidepressants,07-2003,Structure Image cannot be exported
Folic Acid,,,,Other substances,07-2000,Structure Image cannot be exported
Formamide,,,,Other substances,10-1998,Structure Image cannot be exported
Formebolone,,,,Steroids,10-1998,Structure Image cannot be exported
Formic Acid,,,,Other substances,10-1998,Structure Image cannot be exported
Formocresol,,,,Other,06-2010,Structure Image cannot be exported
Formoterol (Eformoterol),,,,Other,08-2008,Structure Image cannot be exported
Fosamprenavir,,,,Other,03-2006,Structure Image cannot be exported
Fosfosal,,,,Other substances,03-2016,Structure Image cannot be exported
Fosinopril,,,,Other substances,04-2001,Structure Image cannot be exported
Fospropofol,,,,Depressants and Tranquilizers,07-2010,Structure Image cannot be exported
Frovatriptan,,,,Other,06-2010,Structure Image cannot be exported
Fucostanol,,,,Other,08-2008,Structure Image cannot be exported
Furan,,,,Other substances,10-1998,Structure Image cannot be exported
Furanyl UF-17,,N‐[2‐(dimethylamino)cyclohexyl]‐N‐phenylfuran‐2‐carboxamide,C19H24N2O2,Narcotic Analgesics,09-2019,Structure Image cannot be exported
Furanyl fentanyl,2-furanyl fentanyl,N-(1-phenethylpiperidin-4-yl)-N-phenylfuran-2-carboxamide,C24H26N2O2,Fentanyl and Fentanyl-related,05-2016,Structure Image cannot be exported
Furazabol,,,,Steroids,07-2006,Structure Image cannot be exported
Furazolidone,,,,Other,08-2008,Structure Image cannot be exported
Furethidine,,,,Narcotic Analgesics,10-1998,Structure Image cannot be exported
Furosemide,,,,Other substances,12-1999,Structure Image cannot be exported
Gabapentin,,,,Other substances,11-1999,Structure Image cannot be exported
Gabapentin lactam,GBP-L,2-azaspiro[4.5]decan-3-one,C9H15NO,Other substances,05-2018,Structure Image cannot be exported
Galantamine,,,,Other,07-2008,Structure Image cannot be exported
Gallic Acid,,,,Other substances,10-1998,Structure Image cannot be exported
Gamma-Aminobutyric Acid,,,,Other substances,05-2011,Structure Image cannot be exported
Gatifloxacin,,,,Other,06-2004,Structure Image cannot be exported
Gemfibrozil,,,,Other,05-2004,Structure Image cannot be exported
Gentamicin Sulfate,,,,Other,08-2003,Structure Image cannot be exported
Gentian Violet,,,,Other,06-2010,Structure Image cannot be exported
Germacrene,,,,Other substances,06-2015,Structure Image cannot be exported
Gestodene,,,,Other,06-2010,Structure Image cannot be exported
Gibberellic acid,,,,Other substances,10-2012,Structure Image cannot be exported
Glatiramer Acetate,,,,Other,07-2008,Structure Image cannot be exported
Glaucine,,,,Other substances,06-2015,Structure Image cannot be exported
Glecaprevir,,,,Other substances,05-2020,Structure Image cannot be exported
Gliclazide,,,,Other substances,06-2015,Structure Image cannot be exported
Glimepiride,,,,Other,02-2006,Structure Image cannot be exported
Glipizide,,,,Other,07-2003,Structure Image cannot be exported
Glucophage,,,,Other substances,10-1998,Structure Image cannot be exported
Glutamine,,,,Other substances,05-2017,Structure Image cannot be exported
Glutathione,,,,Other substances,05-2018,Structure Image cannot be exported
Glutethimide,,,,Depressants and Tranquilizers,10-1998,Structure Image cannot be exported
Glyburide,,,,Other substances,04-2001,Structure Image cannot be exported
Glycerol tricaprylate (Tricaprylin),Tricaprylin,"2,3-di(octanoyloxy)propyl octanoate (Alternative chemical name: propane-1,2,3-triyl trioctanoate)",C27H50O6,Other substances,06-2025,Structure Image cannot be exported
Glycopyrrolate,,,,Other,12-2004,Structure Image cannot be exported
Gonadorelin Hcl,,,,Other substances,08-2008,Structure Image cannot be exported
Griseofulvin,,,,Other,10-2004,Structure Image cannot be exported
Guaiacol,,,,Other,06-2010,Structure Image cannot be exported
Guaifenesin,,,,Other substances,10-1998,Structure Image cannot be exported
Guanfacine,,,,Other substances,05-2011,Structure Image cannot be exported
HOMATROPINE,,,,Hallucinogens,12-1999,Structure Image cannot be exported
HU-210,,"(6aR,10aR)-9-(hydroxymethyl)-6,6-dimethyl-3-(2-methyloctan-2-yl)-6a,7,10,10a-tetrahydrobenzo[c]chromen-1-ol",C25H38O3,Synthetic Cannabinoids,07-2010,Structure Image cannot be exported
HU-211,dexanabinol,"(6aS,10aS)-9-(hydroxymethyl)-6,6-dimethyl-3-(2-methyloctan-2-yl)-6a,7,10,10a-tetrahydrobenzo[c]chromen-1-ol",C25H38O3,Synthetic Cannabinoids,07-2010,Structure Image cannot be exported
HU-308,,"4-[4-(1,1-dimethylheptyl)-2,6-dimethoxyphenyl]-6,6-dimethyl-bicyclo[3.1.1]hept-2-ene-2-methanol",C27H42O3,Synthetic Cannabinoids,04-2012,Structure Image cannot be exported
HU-331,cannabidiol hydroxy quinone;cannabidiolquinone,"3-hydroxy-2-[(1R,6R)-3-methyl-6-(1-methylethenyl)-2-cyclohexen-1-yl]-5-pentyl-2,5-cyclohexadiene-1,4-dione",C21H28O3,Synthetic Cannabinoids,01-2021,Structure Image cannot be exported
Halazepam,,"7-chloro-5-phenyl-1-(2,2,2-trifluoroethyl)-1,3-dihydro-1,4-benzodiazepin-2-one",C17H12ClF3N2O,Benzodiazepines,10-1998,Structure Image cannot be exported
Haloperidol,,,,Depressants and Tranquilizers,10-1998,Structure Image cannot be exported
Halothane,,,,Other,12-2003,Structure Image cannot be exported
Haloxazolam,,"13-bromo-2-(2-fluorophenyl)-3-oxa-6,9-diazatricyclo[8.4.0.0²,⁶]tetradeca-1(14),10,12-trien-8-one",C17H14BrFN2O2,Benzodiazepines,10-1998,Structure Image cannot be exported
Harmaline,,,,Stimulants,10-1998,Structure Image cannot be exported
Harmine,,,,Stimulants,10-1998,Structure Image cannot be exported
Helional,"3-(3,4-Methylenedioxyphenyl)-2-methylpropanal","3-(1,3-benzodioxol-5-yl)-2-methylpropanal",C11H12O3,Other,12-2024,Structure Image cannot be exported
Hemp,,,,Other substances,06-2019,Structure Image cannot be exported
Heparin,,,,Other,01-2005,Structure Image cannot be exported
Heptabarbital,heptabarb,"5‐(cyclohept‐1‐en‐1‐yl)‐5‐ethyl‐1,3‐diazinane‐2,4,6‐trione",C13H18N2O3,Depressants and Tranquilizers,10-1998,Structure Image cannot be exported
Heptobarbital,,,,Depressants and Tranquilizers,10-1998,Structure Image cannot be exported
Heroin,,,,Heroin,10-1998,Structure Image cannot be exported
Hexahydrocannabinol,,"6,6,9-trimethyl-3-pentyl-6a,7,8,9,10,10a-hexahydro-6H-dibenzo[b,d]pyran-1-ol",C21H32O2,Cannabinoids,09-2022,Structure Image cannot be exported
Hexamethylenetetramine Anhydromethylencitrate,,,,Other,08-2008,Structure Image cannot be exported
Hexapeptide-6 (GHRP-6),,,,Other substances,01-2014,Structure Image cannot be exported
Hexarelin,,,,Steroids,01-2014,Structure Image cannot be exported
Hexethal,,,,Depressants and Tranquilizers,10-1998,Structure Image cannot be exported
Hexobarbital,,,,Depressants and Tranquilizers,10-1998,Structure Image cannot be exported
Histidine,,,,Other substances,02-2018,Structure Image cannot be exported
Homarylamine,MDMPEA;N-methyl-3-4-methylenedioxyphenethylamine;N-methylhomopiperonylamine,"[2‐(2H‐1,3‐benzodioxol‐5‐yl)ethyl](methyl)amine",C10H13NO2,Phenethylamines,05-2019,Structure Image cannot be exported
Homoamphetamine,,1-methyl-3-phenylpropylamine,C10H15N,Phenethylamines,01-2022,Structure Image cannot be exported
Hoodia Gordonii,,,,Other,06-2010,Structure Image cannot be exported
Human Chorionic Gonadotropin,,,,Other substances,10-1998,Structure Image cannot be exported
Human Growth Hormone,,,,Other substances,10-1998,Structure Image cannot be exported
Hyaluronate sodium,,,,Other substances,06-2016,Structure Image cannot be exported
Hydralazine,,,,Other substances,03-2005,Structure Image cannot be exported
Hydrazine,,,,Other substances,10-1998,Structure Image cannot be exported
Hydriodic Acid,,,,Other substances,10-1998,Structure Image cannot be exported
Hydrobromic Acid,,,,Other substances,10-1998,Structure Image cannot be exported
Hydrochloric Acid,,,,Other substances,10-1998,Structure Image cannot be exported
Hydrochlorothiazide,,,,Other substances,03-2000,Structure Image cannot be exported
Hydroclorothiazide,,,,Other,05-2004,Structure Image cannot be exported
Hydrocodeinone,,,,Narcotic Analgesics,09-2005,Structure Image cannot be exported
Hydrocodone,,,,Narcotic Analgesics,10-1998,Structure Image cannot be exported
Hydrocortisone,,,,Other substances,07-2000,Structure Image cannot be exported
Hydrocotarnine,,,,Narcotic Analgesics,09-2011,Structure Image cannot be exported
Hydrocyanic Acid,,,,Other substances,10-1998,Structure Image cannot be exported
Hydroflumethiazide,,,,Other,02-2009,Structure Image cannot be exported
Hydrogen Chloride,,,,Other substances,10-1998,Structure Image cannot be exported
Hydrogen Peroxide,,,,Other substances,10-1998,Structure Image cannot be exported
Hydromorphinol,,,,Narcotic Analgesics,10-1998,Structure Image cannot be exported
Hydromorphinone Sulfate,,,,Narcotic Analgesics,10-1998,Structure Image cannot be exported
Hydromorphone,,,,Narcotic Analgesics,10-1998,Structure Image cannot be exported
Hydroquinone,,,,Other,06-2010,Structure Image cannot be exported
Hydroxetamine,3-hydroxy-2-oxo-PCE;HXE;O-desmethyl methoxetamine,,C14H19NO2,Depressants and Tranquilizers,03-2023,Structure Image cannot be exported
Hydroxocobalamin,,,,Other,06-2010,Structure Image cannot be exported
Hydroxy PCP,hydroxy phencyclidine,,C17H25NO,Depressants and Tranquilizers,04-2019,Structure Image cannot be exported
Hydroxyamphetamine,,4-2-aminopropylbenzenol,C9H13NO,Phenethylamines (Amphetamines) (S),10-1998,Structure Image cannot be exported
Hydroxybupropion,,,,Other substances,10-2023,Structure Image cannot be exported
Hydroxychloroquine,,,,Other,08-2008,Structure Image cannot be exported
Hydroxycitrate (Hydroxycut),,,,Other substances,02-2009,Structure Image cannot be exported
Hydroxyephedrine,,,,Other substances,11-2012,Structure Image cannot be exported
Hydroxylamine,,,,Other substances,10-1998,Structure Image cannot be exported
Hydroxymethamphetamine,,,C10H15NO,Phenethylamines (Amphetamines) (S),06-2018,Structure Image cannot be exported
Hydroxypethidine,,,,Narcotics,10-1998,Structure Image cannot be exported
Hydroxyphenamate,,,,Depressants and Tranquilizers,10-1998,Structure Image cannot be exported
Hydroxyurea,,,,Other,03-2008,Structure Image cannot be exported
Hydroxyzine,,,,Depressants and Tranquilizers,10-1998,Structure Image cannot be exported
Hygrine,,,,Cocaine Alkaloids,10-1998,Structure Image cannot be exported
Hyoscyamine,,,,Other substances,10-1998,Structure Image cannot be exported
Hyoscyamine Sulfate,,,,Other substances,03-2006,Structure Image cannot be exported
Hyoscyamus Niger,,,,Other substances,10-1998,Structure Image cannot be exported
Hypophosphorous Acid,,,,Other substances,04-2003,Structure Image cannot be exported
Ibandronate,,,,Other substances,05-2012,Structure Image cannot be exported
Ibogaine,,,,Psychedelics,10-1998,Structure Image cannot be exported
Ibuprofen,,,,Analgesics,10-1998,Structure Image cannot be exported
Ibutamoren,MK-677,"2-amino-N-[3-(benzyloxy)-1-{1-methanesulfonyl-1,2-dihydrospiro[indole-3,4’-piperidin]-1'-yl}-1-oxopropan-2-yl]-2-methylpropanamide",C27H36N4O5S,Other substances,06-2018,Structure Image cannot be exported
Iloperidone,,,,Other,10-2012,Structure Image cannot be exported
Imazepic,,,,Other,06-2014,Structure Image cannot be exported
Imdur,,,,Other,08-2008,Structure Image cannot be exported
Imidazosagatriazinone,,"5-(2-ethoxyphenyl)-1-methyl-3-propyl-1,6-dihydro-1,2,4,6-tetraazainden-7-one",C17H20N4O2,Other substances,01-2022,Structure Image cannot be exported
Imipramine,,,,Antidepressants,11-1999,Structure Image cannot be exported
Imiquimod,,"3-isobutyl-3,5,8-triazatricyclo[7.4.0.0²,⁶]trideca-1,4,6,8,10,12-hexaen-7-ylamine",C14H16N4,Other substances,06-2022,Structure Image cannot be exported
Indapamide,,,,Other,08-2008,Structure Image cannot be exported
Indazole-3-carboxamide,Indazolyl-3-formamide,1H-indazole-3-carboxamide,C8H7N3O,Synthetic Cannabinoids,09-2024,Structure Image cannot be exported
Indinavir Sulfate,,,,Other substances,04-2000,Structure Image cannot be exported
Indomethacin,,,,Other substances,11-1999,Structure Image cannot be exported
Insulin,,,,Other substances,07-2000,Structure Image cannot be exported
Insulin Growth Factor (IGF),,,,Steroids,01-2014,Structure Image cannot be exported
Interferon Beta-1B,,,,Other,08-2008,Structure Image cannot be exported
Iodomethyl p-tolyl sulfone,,,,Other,06-2014,Structure Image cannot be exported
Ipomea,,,,Hallucinogens,10-1998,Structure Image cannot be exported
Ipratropium,,,,Other,08-2003,Structure Image cannot be exported
Iproniazid Phosphate,,,,Stimulants,10-1998,Structure Image cannot be exported
Irbesartan,,,,Other,08-2008,Structure Image cannot be exported
Irganox 1076,,"octadecyl 3-[3,5-bis(tert-butyl)-4-hydroxyphenyl]propionate",C35H62O3,Other substances,06-2023,Structure Image cannot be exported
Isatoic Anhydride,,,,Other substances,10-1998,Structure Image cannot be exported
Iso-lysergide,,,,Hallucinogens,01-2020,Structure Image cannot be exported
Isoamyl Nitrite,,,,Other substances,07-2003,Structure Image cannot be exported
Isobutane,,,,Other substances,03-2015,Structure Image cannot be exported
Isobutyl Nitrite,,,,Other substances,10-1998,Structure Image cannot be exported
Isobutyrophenone,,,,Other substances,10-1998,Structure Image cannot be exported
Isobutyryl Chloride,,,,Other substances,10-1998,Structure Image cannot be exported
Isobutyryl fentanyl,,N-(1-phenethylpiperidin-4-yl)-N-phenylisobutyramide,C23H30N2O,Fentanyl and Fentanyl-related,05-2017,Structure Image cannot be exported
Isocarboxazid,,,,Stimulants,10-1998,Structure Image cannot be exported
Isoflurane,,,,Other,07-2008,Structure Image cannot be exported
Isoleucine,,"(2S,3S)-2-Amino-3-methylpentanoic acid",,Other substances,05-2018,Structure Image cannot be exported
Isomethadone,,,,Narcotic Analgesics,10-1998,Structure Image cannot be exported
Isometheptene,,,,Other substances,02-2000,Structure Image cannot be exported
Isometheptene Mucate,,,,Stimulants,07-2008,Structure Image cannot be exported
Isoniazid,,,,Other substances,02-2000,Structure Image cannot be exported
Isonicotinamide,,,,Other substances,10-1998,Structure Image cannot be exported
Isooctane,,,,Other substances,10-1998,Structure Image cannot be exported
Isopentedrone,,,,Stimulants,08-2012,Structure Image cannot be exported
Isopropamide,,,,Other substances,06-2016,Structure Image cannot be exported
Isopropyl Ether,,,,Other substances,10-1998,Structure Image cannot be exported
Isopropyl Myristate,,,,Other substances,09-2021,Structure Image cannot be exported
Isopropyl U-47700,,"3,4-dichloro-N-[2-(dimethylamino)cyclohexyl]-N-(propan-2-yl)benzamide",C18H26Cl2N2O,Narcotic Analgesics,06-2018,Structure Image cannot be exported
Isopropylphenidate,dimethylphenidate,isopropyl phenyl(piperid-2-yl)acetate,C16H23NO2,Piperidines/PEA,05-2017,Structure Image cannot be exported
Isopulegol,,p-menth-8-en-3-ol,C10H18O,Other substances,01-2020,Structure Image cannot be exported
Isosafrole,,,,Other substances,10-1998,Structure Image cannot be exported
Isosorbide,,,,Other substances,08-2000,Structure Image cannot be exported
Isosorbide Dinitrate,,,,Other substances,10-1998,Structure Image cannot be exported
Isosorbide Mononitrate,,,,Other substances,07-2003,Structure Image cannot be exported
Isothipendyl,,,,Other,11-2017,Structure Image cannot be exported
Isotonitazene,,"N,N-diethyl-2-(2-(4 isopropoxybenzyl)-5-nitro-1H-benzimidazol-1-yl)ethan-1-amine",C23H30N4O3,Narcotic Analgesics,01-2020,Structure Image cannot be exported
Isotretinoin,,,,Other,01-2005,Structure Image cannot be exported
Isovaleryl fentanyl,beta'-methyl butryl fentanyl,N-(1-phenethylpiperidin-4-yl)-N-phenylisopentanamide,C24H32N2O,Fentanyl and Fentanyl-related,11-2019,Structure Image cannot be exported
Itraconazole,,,,Other,02-2004,Structure Image cannot be exported
JWH-007,,2-methyl-1-pentyl-3-(1-naphthoyl)indole,C25H25NO,Synthetic Cannabinoids,05-2014,Structure Image cannot be exported
JWH-015,,1-propyl-2-methyl-3-(1-naphthoyl)indole,C23H21NO,Synthetic Cannabinoids,08-2011,Structure Image cannot be exported
JWH-018,AM-678,1-pentyl-3-(1-naphthoyl)indole,C24H23NO,Synthetic Cannabinoids,02-2010,Structure Image cannot be exported
JWH-018 2'-naphthyl isomer ,,1-pentyl-3-(2-naphthoyl)indole,C24H23NO,Synthetic Cannabinoids,03-2018,Structure Image cannot be exported
JWH-018 adamantyl carboxamide,2NE1;APICA;SDB-001,N-(1-adamantyl)-1-pentyl-1H-indole-3-carboxamide,C25H36N2O,Synthetic Cannabinoids,08-2012,Structure Image cannot be exported
JWH-018 hydroxypentyl analog,,,C24H23NO2,Synthetic Cannabinoids,05-2013,Structure Image cannot be exported
JWH-019,,1-hexyl-3-(1-naphthoyl)indole,C25H25NO,Synthetic Cannabinoids,02-2011,Structure Image cannot be exported
JWH-022,AM2201 N-(4-pentenyl) analog,1-(4-pentenyl)-3-(1-naphthoyl)indole,C24H21NO,Synthetic Cannabinoids,11-2011,Structure Image cannot be exported
JWH-073,,1-butyl-3-(1-naphthoyl)indole,C23H21NO,Synthetic Cannabinoids,02-2010,Structure Image cannot be exported
JWH-081,,1-pentyl-3-(1-(4-methoxy)naphthoyl)indole,C25H25NO2,Synthetic Cannabinoids,08-2010,Structure Image cannot be exported
JWH-122,,1-pentyl-3-(4-methyl-1-naphthoyl)indole,C25H25NO,Synthetic Cannabinoids,04-2011,Structure Image cannot be exported
JWH-122 3-methylnaphthyl isomer,,1-pentyl-3-(3-methyl-1-naphthoyl)indole,C25H25NO,Synthetic Cannabinoids,08-2015,Structure Image cannot be exported
JWH-122 5-methylnaphthyl isomer,,1-pentyl-3-(5-methyl-1-naphthoyl)indole,C25H25NO,Synthetic Cannabinoids,01-2014,Structure Image cannot be exported
JWH-122 N-(4-pentenyl) analog,JWH-022 4-methylnaphthyl analog;MAM-2201 N-(4-pentenyl) analog,1-(4-pentenyl)-3-(4-methyl-1-naphthoyl)indole,C25H23NO,Synthetic Cannabinoids,10-2012,Structure Image cannot be exported
JWH-200,,1-[2-(4-morpholinyl)ethyl]-3-(1-naphthoyl)indole,C25H24N2O2,Synthetic Cannabinoids,08-2010,Structure Image cannot be exported
JWH-201,,1-pentyl-3-(4-methoxyphenylacetyl)indole,C22H25NO2,Synthetic Cannabinoids,10-2011,Structure Image cannot be exported
JWH-203,,1-pentyl-3-(2-chlorophenylacetyl)indole,C21H22ClNO,Synthetic Cannabinoids,04-2011,Structure Image cannot be exported
JWH-203 4-chlorophenyl isomer,JWH-206,1-pentyl-3-(4-chlorophenylacetyl)indole,C21H22ClNO,Synthetic Cannabinoids,12-2018,Structure Image cannot be exported
JWH-210,,1-pentyl-3-(4-ethyl-1-naphthoyl)indole,C26H27NO,Synthetic Cannabinoids,04-2011,Structure Image cannot be exported
JWH-250,,1-pentyl-3-(2-methoxyphenylacetyl)indole,C22H25NO2,Synthetic Cannabinoids,08-2010,Structure Image cannot be exported
JWH-251,,1-pentyl-3-(2-methylphenylacetyl)indole,C22H25NO,Synthetic Cannabinoids,04-2011,Structure Image cannot be exported
JWH-267,JWH-081 2-methyoxynaphthyl isomer,1-pentyl-3-(2-methoxy naphthoyl)indole,C25H25NO2,Synthetic Cannabinoids,10-2012,Structure Image cannot be exported
JWH-302,,1-pentyl-3-(3-methoxyphenylacetyl)indole,C22H25NO2,Synthetic Cannabinoids,07-2011,Structure Image cannot be exported
JWH-368,,[5-(3-fluorophenyl)-1-pentyl-1H-pyrrol-3-yl]-(naphthalen-1-yl)methanone,C26H24FNO,Synthetic Cannabinoids,11-2017,Structure Image cannot be exported
Jintropin,,,,Other substances,08-2004,Structure Image cannot be exported
Kanamycin Sulfate,,,,Other substances,04-2011,Structure Image cannot be exported
Kaolin,,,,Other substances,05-2012,Structure Image cannot be exported
Kava,,,,Other substances,10-1998,Structure Image cannot be exported
Kavain,,"4‐methoxy‐6‐[(1E)‐2‐phenylethenyl]‐5,6‐dihydro‐2H‐pyran‐2‐one",C14H14O3,Other substances,11-2020,Structure Image cannot be exported
Keflex,,,,Other,02-2006,Structure Image cannot be exported
Ketamine,,2-(methylamino)-2-(2-chlorophenyl)cyclohexan-1-one,C13H16ClNO,Depressants and Tranquilizers,10-1998,Structure Image cannot be exported
Ketazolam,,"14-chloro-4-methyl-10-methyl-2-phenyl-3-oxa-7,10-diazatricyclo[9.4.0.0²,⁷]pentadeca-1(11),4,12,14-tetraene-6,9-dione",C20H17ClN2O3,Benzodiazepines,10-1998,Structure Image cannot be exported
Ketobemidone,,,,Narcotic Analgesics,10-1998,Structure Image cannot be exported
Ketoconazole,,,,Other substances,07-2000,Structure Image cannot be exported
Ketoprofen,,,,Analgesics,07-2000,Structure Image cannot be exported
Ketorolac,,,,Analgesics,04-2001,Structure Image cannot be exported
Ketorolac Tromethamine,,,,Other,09-2004,Structure Image cannot be exported
Ketotifen,,,,Other substances,10-2003,Structure Image cannot be exported
Kigtropin,,,,Other substances,05-2014,Structure Image cannot be exported
Kojic acid,5-Hydroxy-2-(hydroxymethyl)-4-pyrone,5-Hydroxy-2-(hydroxymethyl)pyran-4-one,C6H6O4 ,Other,08-2024,Structure Image cannot be exported
Kynoselen,,,,Other substances,03-2008,Structure Image cannot be exported
L-Isolysergide,,,,Hallucinogens,10-1998,Structure Image cannot be exported
L-Methylfolate,,,,Other,08-2008,Structure Image cannot be exported
L-Methylpsilocybin,,,,Psychedelics,10-1998,Structure Image cannot be exported
L-Theanine,,,,Other substances,07-2019,Structure Image cannot be exported
LAAM,,,,Narcotic Analgesics,10-1998,Structure Image cannot be exported
LAMPA,,LYSERGIC ACID METHYLPROPYLAMIDE,,Hallucinogens,03-2018,Structure Image cannot be exported
Labetalol,,,,Other substances,03-2001,Structure Image cannot be exported
Lacosamide,,,,Other,06-2010,Structure Image cannot be exported
Lamivudine,,,,Other substances,03-2001,Structure Image cannot be exported
Lamotrigine,,,,Other substances,01-2001,Structure Image cannot be exported
Lansoprazole,,,,Other substances,11-1999,Structure Image cannot be exported
Lanthanum,,,,Other substances,05-2020,Structure Image cannot be exported
Lauric acid (dodecanoic acid),dodecanoic acid,dodecanoic acid,C12H24O2,Other substances,08-2025,Structure Image cannot be exported
Ledipasvir,,,,Other substances,03-2018,Structure Image cannot be exported
Lefetamine,,,,Stimulants,10-1998,Structure Image cannot be exported
Leflunomide,,,,Other,07-2008,Structure Image cannot be exported
Lemborexant,Dayvigo,"(1R,2S)-2-[(2,4-dimethylpyrimidin-5-yl)oxymethyl]-2-(3-fluorophenyl)-N-(5-fluoropyridin-2-yl)cyclopropane-1-carboxamide",C22H20F2N4O2,Other substances,06-2025,Structure Image cannot be exported
Letrozole,,,,Other,08-2008,Structure Image cannot be exported
Leucine,,,,Other substances,10-1998,Structure Image cannot be exported
Levalbuterol,,,,Other substances,01-2021,Structure Image cannot be exported
Levallorphan,,,,Narcotics,10-1998,Structure Image cannot be exported
Levamisole,,,,Other substances,07-2006,Structure Image cannot be exported
Levamisole/Dexamisole,,,,Other substances,08-2015,Structure Image cannot be exported
Levaquin,,,,Other,08-2003,Structure Image cannot be exported
Levetiracetam,,,,Other substances,09-2003,Structure Image cannot be exported
Levocarnitine,,,,Other,08-2003,Structure Image cannot be exported
Levocetirizine,,,,Other substances,06-2009,Structure Image cannot be exported
Levodopa,,,,Other substances,11-1999,Structure Image cannot be exported
Levofloxacin,,,,Other substances,07-2000,Structure Image cannot be exported
Levomefolate calcium,,,,Other substances,06-2015,Structure Image cannot be exported
Levomethorphan,,,,Narcotic Analgesics,10-1998,Structure Image cannot be exported
Levomilnacipran,,,,Other substances,06-2015,Structure Image cannot be exported
Levomoramide,,,,Narcotics,10-1998,Structure Image cannot be exported
Levonorgestrel,,,,Other substances,11-2000,Structure Image cannot be exported
Levophenacylmorphan,,,,Narcotics,10-1998,Structure Image cannot be exported
Levorphanol,,,,Narcotic Analgesics,10-1998,Structure Image cannot be exported
Levothyroxine,,,,Other substances,06-2000,Structure Image cannot be exported
Libigrow,,,,Other substances,11-2011,Structure Image cannot be exported
Lidocaine,,"2-(diethylamino)-N-(2,6-dimethylphenyl)acetamide",C14H22N2O,Other substances,10-1998,Structure Image cannot be exported
Ligandrol,LGD-4033,"4-[2-(2,2,2-trifluoro-1-hydroxyethyl)pyrrolidin-1-yl]-2-(trifluoromethyl)benzonitrile",C14H12F6N2O,Other substances,12-2018,Structure Image cannot be exported
Lilial,,,,Other substances,10-2012,Structure Image cannot be exported
Limonene,,,,Other substances,05-2018,Structure Image cannot be exported
Linaclotide,,,,Other substances,11-2017,Structure Image cannot be exported
Linagliptin,,,,Other substances,01-2014,Structure Image cannot be exported
Lincomycin,,,,Other substances,02-2000,Structure Image cannot be exported
Lindane,,,,Other,02-2004,Structure Image cannot be exported
Linezolid,,,,Other,03-2008,Structure Image cannot be exported
Liothyronine,triiodothyronine,,,Other substances,04-2002,Structure Image cannot be exported
Liothyronine Sodium,,,,Other,07-2003,Structure Image cannot be exported
Liotrix,,,,Other,02-2009,Structure Image cannot be exported
Lipoic Acid,,,,Other substances,05-2018,Structure Image cannot be exported
Lisdexamfetamine,vyvanse,"(2S)-2,6-diamino-N-[(2S)-1-phenylpropan-2-yl]hexanamide",C15H25N3O,Phenethylamines (Amphetamines) (S),07-2008,Structure Image cannot be exported
Lisinopril,,,,Other substances,11-1999,Structure Image cannot be exported
Lithium,,,,Other substances,07-2008,Structure Image cannot be exported
Lithium Acetylide,,,,Other substances,10-1998,Structure Image cannot be exported
Lithium Carbonate,,,,Other substances,02-2000,Structure Image cannot be exported
Lithium Hydroxide,,,,Other substances,10-1998,Structure Image cannot be exported
Lodine,,,,Other substances,11-2000,Structure Image cannot be exported
Lofentanil,,methyl 4-(N-phenylpropionylamino)-3-methyl-1-phenethylpiperidine-4-carboxylate,C25H32N2O3,Fentanyl and Fentanyl-related,10-1998,Structure Image cannot be exported
Lofexidine,,,,Other substances,10-2020,Structure Image cannot be exported
Lomustine,,,,Other substances,06-2012,Structure Image cannot be exported
Longicyclene,,,,Other substances,06-2012,Structure Image cannot be exported
Loperamide,,,,Other substances,10-1998,Structure Image cannot be exported
Lophophorine,,,,Hallucinogens,10-1998,Structure Image cannot be exported
Lopinavir/Ritonavir,,,,Other substances,03-2006,Structure Image cannot be exported
Loprazolam,,"(Z)-4-[(4-methylpiperazin-1-yl)methylene]-9-(2-chlorophenyl)-12-nitro-2,5,8-triazatricyclo[8.4.0.0²,⁶]tetradeca-1(10),5,8,11,13-pentaen-3-one",C23H21ClN6O3,Benzodiazepines,10-1998,Structure Image cannot be exported
Lorazepam,,"7-chloro-5-(2-chlorophenyl)-3-hydroxy-1,3-dihydro-1,4-benzodiazepin-2-one",C15H10Cl2N2O2,Benzodiazepines,10-1998,Structure Image cannot be exported
Lorcaserin,,,,Other substances,11-2014,Structure Image cannot be exported
Lormetazepam,,"7-chloro-5-(2-chlorophenyl)-3-hydroxy-1-methyl-1,3-dihydro-1,4-benzodiazepin-2-one",C16H12Cl2N2O2,Benzodiazepines,10-1998,Structure Image cannot be exported
Losartan,,,,Other substances,06-2002,Structure Image cannot be exported
Lovastatin,,,,Other substances,07-2000,Structure Image cannot be exported
Lovaza,,,,Other substances,06-2015,Structure Image cannot be exported
Loxapine,,,,Other substances,07-2000,Structure Image cannot be exported
Lubiprostone,,,,Other substances,04-2011,Structure Image cannot be exported
Lufenuron,,,,Other,06-2014,Structure Image cannot be exported
Lumateperone,caplyta,"1-(4-fluorophenyl)-4-(3-methyl-1,2,6b,7,8,9,10,10a-octahydro-3H-3,8,10b-triazafluoranthen-8-yl)butan-1-one",C24H28FN3O,Other substances,05-2023,Structure Image cannot be exported
Lurasidone,,,,Other substances,11-2011,Structure Image cannot be exported
Lycopodium Clavatum,,,,Other,06-2010,Structure Image cannot be exported
Lysergic Acid,,,,Depressants and Tranquilizers,10-1998,Structure Image cannot be exported
Lysergic Acid Amide,,,,Depressants and Tranquilizers,10-1998,Structure Image cannot be exported
Lysergic acid diethylamide (LSD),LSD,"N,N-diethyl-7-methyl-4,6,6a,7,8,9-hexahydro-4,7-diazaacephenanthrylene-9-carboxamide",C20H25N3O,Psychedelics,10-1998,Structure Image cannot be exported
Lysergic acid methyl ester,,"methyl 7-methyl-4,6,6a,7,8,9-hexahydro-4,7-diazaacephenanthrylene-9-carboxylate",C17H18N2O2,Hallucinogens,10-2022,Structure Image cannot be exported
Lysine,,,,Other substances,03-2006,Structure Image cannot be exported
M5FPIC,,methyl 1-(5-fluoropentyl)-1H-indole-3-carboxylate,C15H18FNO2,Synthetic Cannabinoids,12-2018,Structure Image cannot be exported
MA-CHMINACA,AMB-CHMINACA;MMB-CHMINACA,methyl 2-(1-(cyclohexylmethyl)-1H-indazole-3-carboxamido)-3-methylbutanoate,C21H29N3O3,Synthetic Cannabinoids,01-2016,Structure Image cannot be exported
MAAQ,,,,Other substances,05-2017,Structure Image cannot be exported
MAB-CHMINACA,ADB-CHMINACA,"N-(1-amino-3,3-dimethyl-1-oxobutan-2-yl)-1-(cyclohexylmethyl)-1H-indazole-3-carboxamide",C21H30N4O2,Synthetic Cannabinoids,12-2014,Structure Image cannot be exported
MAM-2201,AM2201 4-methylnaphthyl analog;JWH-122 N-(5-fluoropentyl) analog,1-(5-fluoropentyl)-3-(4-methyl-1-naphthoyl)indole,C25H24FNO,Synthetic Cannabinoids,05-2012,Structure Image cannot be exported
MAPB,,,C12H15NO,Phenethylamines (Amphetamines) (H),12-2016,Structure Image cannot be exported
MAPDB,,,C12H17NO,Phenethylamines (Amphetamines) (H),05-2017,Structure Image cannot be exported
MBDB,"N-methyl-1,3-benzodioxolylbutanamine","N-methyl-1-(3,4-methylenedioxyphenyl)-2-butanamine",C12H17NO2,Phenethylamines (Other) (H),10-1998,Structure Image cannot be exported
MBZ,,,,Other,08-2008,Structure Image cannot be exported
MCPP,,,,Stimulants,07-2008,Structure Image cannot be exported
MDA,"3,4-methylenedioxyamphetamine","3,4-methylenedioxyamphetamine",C10H13NO2,Phenethylamines (Amphetamines) (H),10-1998,Structure Image cannot be exported
MDA 2-aldoxime analog,"MMDPPO;alpha-methyl-3,4-methylenedioxyphenylpropanaldoxime","3-(1,3-benzodioxol-5-yl)-2-methylpropionaldoxime",C11H13NO3,Phenethylamines (Amphetamines) (H),05-2017,Structure Image cannot be exported
MDA 2-amido analog,"MMDPPA;alpha-methyl-3,4-methylenedioxyphenylpropionamide","3-(1,3-benzodioxol-5-yl)-2-methylpropanamide",C12H17NO3,Phenethylamines (Amphetamines) (H),05-2017,Structure Image cannot be exported
MDAI,"5,6-methylenedioxy-2-aminoindane","5,6-methylenedioxy-2-aminoindane",C10H11NO2,Phenethylamines (Aminoindanes) (H),05-2012,Structure Image cannot be exported
MDEA,"3,4-methylenedioxy-N-ethylamphetamine;N-ethyl-MDA","3,4-methylenedioxy-N-ethylamphetamine",C12H17NO2,Phenethylamines (Amphetamines) (H),10-1998,Structure Image cannot be exported
MDMA,"3,4-methylenedioxymethamphetamine","3,4-methylenedioxymethamphetamine",C11H15NO2,Phenethylamines (Other) (H),10-1998,Structure Image cannot be exported
MDMA methylene homolog,"3,4-methylenedioxymethamphetamine methylene homolog","N-methyl[3-(2H-1,3-benzodioxol-5-yl)-2-methylpropyl]amine",C12H17NO2,Phenethylamines (Other) (H),07-2013,Structure Image cannot be exported
MDMA/MDA,,,,Phenethylamines (Amphetamines) (H),09-2003,Structure Image cannot be exported
MDMB-4en-PICA,,"methyl 3,3-dimethyl-2-(1-(pent-4-en-1-yl)-1H-indole-3-carboxamido)butanoate",C21H28N2O3,Synthetic Cannabinoids,01-2021,Structure Image cannot be exported
MDMB-4en-PINACA,MDMB-PENINACA;MDMB-PINACA N1-pentyl-4-en-isomer,"methyl 3,3-dimethyl-2-(1-(pent-4-en-1-yl)-1H-indazole-3-carboxamido)butanoate",C20H27N3O3,Synthetic Cannabinoids,06-2019,Structure Image cannot be exported
MDMB-5Br-INACA,,"N-(1-methoxy-3,3-dimethyl-1-oxobutan-2-yl)-5-bromoindazole-3-carboxamide",C15H18BrN3O3,Synthetic Cannabinoids,09-2022,Structure Image cannot be exported
MDMB-5Me-INACA,MDMB-5-methyl INACA,"methyl (S)-3,3-dimethyl-2-(5-methyl-1H-indazole-3-carboxamido)butanoate",C16H21N3O3,Synthetic Cannabinoids,08-2024,Structure Image cannot be exported
MDMB-BINACA,,"methyl 2-(1-(butyl)-1H-indazole-3-carboxamido)-3,3-dimethylbutanoate  ",C19H27N3O3,Synthetic Cannabinoids,11-2019,Structure Image cannot be exported
MDMB-Br-INACA,MDMB-bromo-INACA,,C15H18BrN3O3,Synthetic Cannabinoids,03-2023,Structure Image cannot be exported
MDMB-CHMICA ,,"methyl 2-(1-(cyclohexylmethyl)-1H-indole-3-carboxamido)-3,3-dimethylbutanoate",C23H32N2O3,Synthetic Cannabinoids,02-2016,Structure Image cannot be exported
MDMB-CHMINACA,,"methyl 2-(1-(cyclohexylmethyl)-1H-indazole-3-carboxamido)-3,3-dimethylbutanoate",C22H31N3O3,Synthetic Cannabinoids,05-2018,Structure Image cannot be exported
MDMB-FUBINACA,,"methyl 2-(1-(4-fluorobenzyl)-1H-indazole-3-carboxamido)-3,3-dimethylbutanoate",C22H24FN3O3,Synthetic Cannabinoids,10-2015,Structure Image cannot be exported
MDMB-INACA,,"N-(1-methoxycarbonyl-2,2-dimethylpropyl)-1H-indazole-3-carboxamide",C15H19N3O3,Synthetic Cannabinoids,11-2022,Structure Image cannot be exported
MDMB-MINACA,,"methyl 3,3-dimethyl-2-(1-methyl-1H-indazole-3-carboxamido)butanoate",C16H21N3O3,Synthetic Cannabinoids,12-2025,Structure Image cannot be exported
MDMB-PICA,1-pentyl-MDMB-PICA;3-Methyl-N-[(1-pentyl-1H-indol-3-yl)carbonyl]-L-valine methyl ester,"methyl (2S)-3,3-dimethyl-2-[(1-pentylindole-3-carbonyl)amino]butanoate",C21H30N2O3,Synthetic Cannabinoids,03-2026,Structure Image cannot be exported
MDMB-en-PINACA,,,C20H27N3O3,Synthetic Cannabinoids,03-2023,Structure Image cannot be exported
MDMMA,"3,4-methylenedioxy-N,N-dimethylamphetamine;MDDMA;N,N-dimethyl-MDA","3,4-methylenedioxy-N,N-dimethylamphetamine",C12H17NO2,Phenethylamines (Amphetamines) (H),10-1998,Structure Image cannot be exported
MDOH,"N-hydroxy-3,4-methylenedioxyamphetamine;N-hydroxy-MDA","N-hydroxy-3,4-methylenedioxyamphetamine",C10H13NO3,Phenethylamines (Amphetamines) (H),10-1998,Structure Image cannot be exported
MDP2P,,,,Other substances,10-1998,Structure Image cannot be exported
MDPBP,"3,4-methylenedioxy-alpha-PBP;3,4-methylenedioxy-alpha-pyrrolidinobutiophenone","1-(2H-1,3-benzodioxol-5-yl)-2-(pyrrolidin-1-yl)butan-1-one",C15H19NO3,Synthetic Cathinones,02-2012,Structure Image cannot be exported
MDPPP,"3,4-MDPPP;3,4-methylenedioxy-alpha-pyrrolidinopropiophenone","1-(2H-1,3-benzodioxol-5-yl)-2-(pyrrolidin-1-yl)propan-1-one",C14H17NO3,Synthetic Cathinones,04-2011,Structure Image cannot be exported
MDPV,"3,4-methylenedioxypyrovalerone","1-(2H-1,3-benzodioxol-5-yl)-2-(pyrrolidin-1-yl)pentan-1-one",C16H21NO3,Synthetic Cathinones (Hallucinogen),06-2010,Structure Image cannot be exported
"MDPiHP (3,4-Methylenedioxy PiHP)","3,4-Methylenedioxy PiHP","1-(1,3-benzodioxol-5-yl)-4-methyl-2-pyrrolidin-1-ylpentan-1-one",C17H23NO3,Synthetic Cathinones,12-2024,Structure Image cannot be exported
MEAI,5-MeO-AI;5-methoxy-2-aminoindane,"2,3-dihydro-5-methoxy-1H-Inden-2-amine",C10H13NO,Phenethylamines (Aminoindanes) (H),12-2019,Structure Image cannot be exported
MEP-FUBINACA,,methyl 2-(1-(4-fluorobenzyl)-1H-indazole-3-carboxamido)pentanoate,C21H22FN3O3,Synthetic Cannabinoids,12-2019,Structure Image cannot be exported
METHIOPROPAMINE,,,,Stimulants,03-2012,Structure Image cannot be exported
METHYLSTENBOLONE,,,,Steroids,02-2021,Structure Image cannot be exported
MFUBINAC,,methyl 1-(4-fluorobenzyl)-1H-indazole-3-carboxylate,C16H13FN2O2,Synthetic Cannabinoids,11-2019,Structure Image cannot be exported
MMB-4en-PICA,MMB-022,methyl 3-methyl-2-(1-(pent-4-en-1-yl)-1H-indole-3-carboxamido)butanoate,C20H26N2O3,Synthetic Cannabinoids,12-2018,Structure Image cannot be exported
MMB-4en-PINACA,,methyl 3-methyl-2-(1-(pent-4-en-1-yl)-1H-indazole-3-carboxamido)butanoate,C19H25N3O3,Synthetic Cannabinoids,06-2020,Structure Image cannot be exported
MMB-CHMICA,AMB-CHMICA,methyl 2-(1-(cyclohexylmethyl)-1H-indole-3-carboxamido)-3-methylbutanoate,C22H30N2O3,Synthetic Cannabinoids,05-2016,Structure Image cannot be exported
MMB-FUBICA,AMB-FUBICA,methyl 2-(1-(4-fluorobenzyl)-1H-indole-3-carboxamido)-3-methylbutanoate,C22H23FN2O3,Synthetic Cannabinoids,10-2016,Structure Image cannot be exported
MMC,methyl-N-methylcathinone;methylmethcathinone,,C11H15NO,Synthetic Cathinones,03-2018,Structure Image cannot be exported
MMDA,"5-methoxy-3,4-methylenedioxyamphetamine","5-methoxy-3,4-methylenedioxyamphetamine",C11H15NO3,Phenethylamines (Amphetamines) (H),10-1998,Structure Image cannot be exported
MMMP,2-methyl-4'-(methylthio)-2-morpholinopropiophenone,2-methyl-1-[4-(methylthio)phenyl]-2-(morpholin-4-yl)propan-1-one,C15H21NO2S,Synthetic Cathinones,05-2017,Structure Image cannot be exported
MN-18,,1-pentyl-N-(naphthalen-1-yl)-1H-indazole-3-carboxamide,C23H23N3O,Synthetic Cannabinoids,05-2016,Structure Image cannot be exported
MOPPP,4'-methoxy-alpha-pyrrolidinopropiophenone;4-methoxy-alpha-PPP,1-(4-methoxyphenyl)-2-(pyrrolidin-1-yl)propan-1-one,C14H19NO2,Synthetic Cathinones,05-2012,Structure Image cannot be exported
MPHP,4'-methyl-alpha-pyrrolidinohexiophenone;4-methyl-alpha-PHP,1-(4-methylphenyl)-2-(pyrrolidin-1-yl)hexan-1-one,C17H25NO,Synthetic Cathinones,10-2012,Structure Image cannot be exported
MT-45,,,,Narcotic Analgesics,03-2015,Structure Image cannot be exported
Magnesium Aluminum Silicate,,,,Other substances,06-2018,Structure Image cannot be exported
Magnesium Aspartate,,,,Other substances,08-2008,Structure Image cannot be exported
Magnesium Carbonate,,,,Other substances,02-2006,Structure Image cannot be exported
Magnesium Hydroxide,,,,Other substances,03-2006,Structure Image cannot be exported
Magnesium Oxide,,,,Other substances,02-2006,Structure Image cannot be exported
Magnesium Salicylate,,,,Other substances,11-2000,Structure Image cannot be exported
Magnesium Sulfate,,,,Other substances,10-1998,Structure Image cannot be exported
Magnesium Trisilicate,,,,Other substances,11-2012,Structure Image cannot be exported
Magnolol,,,,Other substances,06-2015,Structure Image cannot be exported
Mandelic acid,,,,Other substances,02-2021,Structure Image cannot be exported
Mannitol Hexanitrate,,,,Other substances,10-1998,Structure Image cannot be exported
Maprotiline,,,,Antidepressants,08-2008,Structure Image cannot be exported
Marbofloxacin,,,,Other substances,05-2013,Structure Image cannot be exported
Marinol,,,,Cannabinoids,08-2003,Structure Image cannot be exported
Marrubiin,,,,Other substances,05-2012,Structure Image cannot be exported
Mazindol,,,,Stimulants,10-1998,Structure Image cannot be exported
MeO-DBT,"methoxy-DBT;methoxy-N,N-dibutyltryptamine",,C19H30N2O,Tryptamines,11-2019,Structure Image cannot be exported
MeO-DMT,,"Methoxy-N,N-dimethyltryptamine",,Tryptamines,02-2005,Structure Image cannot be exported
Mebutamate,,,,Depressants and Tranquilizers,10-1998,Structure Image cannot be exported
Mecamylamine,,,,Other,07-2003,Structure Image cannot be exported
Mechano Growth Factor (MGF),,,,Steroids,01-2014,Structure Image cannot be exported
Meclizine,,,,Other substances,10-1998,Structure Image cannot be exported
Meclofenoxate,,,,Other substances,05-2014,Structure Image cannot be exported
Meclonazepam,Ro 11-3128,"5-(2-chlorophenyl)-3-methyl-7-nitro-2,3-dihydro-1H-1,4-benzodiazepin-2-one",C16H12ClN3O3,Benzodiazepines,03-2018,Structure Image cannot be exported
Mecloqualone,,,,Depressants and Tranquilizers,10-1998,Structure Image cannot be exported
Meconin,,,,Narcotics,10-1998,Structure Image cannot be exported
Medazepam,,"7-chloro-1-methyl-5-phenyl-2,3-dihydro-1H-1,4-benzodiazepine",C16H15ClN2,Benzodiazepines,10-1998,Structure Image cannot be exported
Medetomidine,"5-(1-(2,3-Dimethylphenyl)ethyl)-1H-imidazole","5-[1-(2,3-dimethylphenyl)ethyl]-1H-imidazole",C13H16N2,Analgesics,01-2022,Structure Image cannot be exported
Medroxyprogesterone,,,,Other substances,02-2000,Structure Image cannot be exported
Medroxyprogesterone Acetate,,,,Other substances,12-1999,Structure Image cannot be exported
Mefenamic Acid,,,,Analgesics,01-2009,Structure Image cannot be exported
Mefenorex,,N-3-chloropropyl-1-methyl-2-phenylethylamine,C12H18ClN,Phenethylamines (Amphetamines) (S),10-1998,Structure Image cannot be exported
Mefloquine,,,,Other,06-2010,Structure Image cannot be exported
Megestrol,,,,Other,08-2003,Structure Image cannot be exported
Megestrol Acetate,,,,Other,03-2006,Structure Image cannot be exported
Melanotan II,,,,Other substances,11-2013,Structure Image cannot be exported
Melatonin,,N-Acetyl-5-methoxytryptamine,,Tryptamines,12-2003,Structure Image cannot be exported
Meloxicam,,,,Analgesics,07-2003,Structure Image cannot be exported
Melphalan,,,,Other substances,06-2009,Structure Image cannot be exported
Memantine,,,,Other,03-2006,Structure Image cannot be exported
Meparfynol,,,,Depressants and Tranquilizers,10-1998,Structure Image cannot be exported
Mepazine,,,,Depressants and Tranquilizers,10-1998,Structure Image cannot be exported
Meperidine,,,,Narcotic Analgesics,10-1998,Structure Image cannot be exported
Mephedrone,4-MMC;4-methyl-N-methylcathinone;4-methylmethcathinone,2-(methylamino)-1-(4-methylphenyl)propan-1-one,C11H15NO,Synthetic Cathinones (Hallucinogen),02-2010,Structure Image cannot be exported
Mephenesin,,,,Other substances,10-1998,Structure Image cannot be exported
Mephenoxalone,,,,Depressants and Tranquilizers,10-1998,Structure Image cannot be exported
Mephentermine,,,,Stimulants,10-1998,Structure Image cannot be exported
Mephenytoin,,,,Other substances,10-1998,Structure Image cannot be exported
Mephobarbital,,,,Depressants and Tranquilizers,10-1998,Structure Image cannot be exported
Mepivacaine,,"N-2,6-dimethylphenyl-1-methylpiperidine-2-carboxamide",C15H22N2O,Other substances,02-2000,Structure Image cannot be exported
Meprobamate,,,,Depressants and Tranquilizers,10-1998,Structure Image cannot be exported
Mercaptopurine,,,,Other,03-2008,Structure Image cannot be exported
Mercuric Chloride,,,,Other substances,10-1998,Structure Image cannot be exported
Mercuric Nitrate,,,,Other substances,05-2020,Structure Image cannot be exported
Mesalamine,,,,Other substances,10-2003,Structure Image cannot be exported
Mescaline,,"2-(3,4,5-trimethoxyphenyl)ethylamine",C11H17NO3,Phenethylamines (Other) (H),10-1998,Structure Image cannot be exported
Mescaline-NBOMe,," 3,4,5-trimethoxy-N-(2-methoxybenzyl)phenethylamine",C19H25NO4,Phenethylamines (Other) (H),05-2012,Structure Image cannot be exported
Mesembrine,,,,Other substances,06-2015,Structure Image cannot be exported
Mesnex (mesna),,,,Other substances,08-2012,Structure Image cannot be exported
Mesocarb,,,,Stimulants,10-1998,Structure Image cannot be exported
Mesoridazine,,,,Other substances,05-2018,Structure Image cannot be exported
Mestanolone,,,,Steroids,05-2000,Structure Image cannot be exported
Mesterolone,,,,Steroids,10-1998,Structure Image cannot be exported
Metaldehyde,,,,Depressants and Tranquilizers,10-1998,Structure Image cannot be exported
Metaproterenol,,,,Other,08-2004,Structure Image cannot be exported
Metaraminol,,,,Other,06-2010,Structure Image cannot be exported
Metaxalone,,,,Other substances,10-1998,Structure Image cannot be exported
Metazocine,,,,Narcotic Analgesics,10-1998,Structure Image cannot be exported
Metformin,,,,Other substances,06-2001,Structure Image cannot be exported
Methadone,,,,Narcotic Analgesics,10-1998,Structure Image cannot be exported
Methallylescaline,"4-methallyloxy-3,5-dimethoxyphenethylamine","2-[3,5-dimethoxy-4-(2-methylprop-2-enyloxy)phenyl]ethylamine",C14H21NO3,Phenethylamines (Other) (H),03-2016,Structure Image cannot be exported
Methamphetamine,,N-methyl-1-methyl-2-phenylethylamine,C10H15N,Phenethylamines (Amphetamines) (S),10-1998,Structure Image cannot be exported
Methandriol,,,,Steroids,10-1998,Structure Image cannot be exported
Methandrostenolone,,,,Steroids,10-1998,Structure Image cannot be exported
Methapyrilene,,,,Other substances,10-1998,Structure Image cannot be exported
Methaqualone,,2-methyl-3-(2-methylphenyl)quinazolin-4(3H)-one,C16H14N2O,Depressants and Tranquilizers,10-1998,Structure Image cannot be exported
Metharbital,,,,Depressants and Tranquilizers,10-1998,Structure Image cannot be exported
Methasterone,,,,Steroids,04-2011,Structure Image cannot be exported
Methcathinone,,2-(methylamino)-1-phenylpropan-1-one,C10H13NO,Synthetic Cathinones,10-1998,Structure Image cannot be exported
Methedrone,4-methoxy-N-methylcathinone;4-methoxymethcathinone,1-(4-methoxyphenyl)-2-(methylamino)propan-1-one,C11H15NO2,Synthetic Cathinones,06-2011,Structure Image cannot be exported
Methemoglobin,,,,Other,11-2023,Structure Image cannot be exported
Methenamine,,,,Other,02-2004,Structure Image cannot be exported
Methenolone,,,,Steroids,10-1998,Structure Image cannot be exported
Methicone,,,,Other substances,11-2018,Structure Image cannot be exported
Methimazole,,,,Other,08-2008,Structure Image cannot be exported
Methitural,,,,Depressants and Tranquilizers,10-1998,Structure Image cannot be exported
Methocarbamol,,,,Other substances,10-1998,Structure Image cannot be exported
Methohexital,,,,Depressants and Tranquilizers,10-1998,Structure Image cannot be exported
Methorphan,,,,Narcotic Analgesics,01-2001,Structure Image cannot be exported
Methotrexate,,,,Other substances,10-2003,Structure Image cannot be exported
Methotrimeprazine,,,,Depressants and Tranquilizers,10-1998,Structure Image cannot be exported
Methoxetamine,,,,Hallucinogens,03-2012,Structure Image cannot be exported
Methoxisopropamine,3-methoxy-2-oxo-PCiPr;MXiPr;isopropyloxetamine,2-(isopropylamino)-2-(3-methoxyphenyl)cyclohexan-1-one,C16H23NO2,Depressants and Tranquilizers,03-2023,Structure Image cannot be exported
Methoxpropamine,,,,Hallucinogens,12-2020,Structure Image cannot be exported
Methoxsalen,,,,Other,07-2003,Structure Image cannot be exported
Methoxy PCP,methoxy phencyclidine,,C18H27NO,Hallucinogens,12-2017,Structure Image cannot be exported
Methoxyacetyl fentanyl,,2-methoxy-N-(1-phenethylpiperidin-4-yl)-N-phenylacetamide,C22H28N2O2,Fentanyl and Fentanyl-related,10-2017,Structure Image cannot be exported
Methoxybutyryl fentanyl,,,C24H32N2O2,Fentanyl and Fentanyl-related,12-2018,Structure Image cannot be exported
Methoxymethamphetamine,,,C11H17NO,Phenethylamines (Amphetamines) (H),10-2020,Structure Image cannot be exported
Methoxymethylone,,,C12H15NO4,Synthetic Cathinones (Hallucinogen),06-2019,Structure Image cannot be exported
Methoxyphenethylamine,,,C9H13NO,Phenethylamines,02-2018,Structure Image cannot be exported
Methoxyphenylpiperazine,MeOPP,,C11H16N2O,Piperazines (Hallucinogen),05-2018,Structure Image cannot be exported
Methoxypromazine Maleate,,,,Depressants and Tranquilizers,10-1998,Structure Image cannot be exported
Methscopolamine,,,,Other substances,02-2010,Structure Image cannot be exported
Methscopolamine Bromide,,,,Other substances,01-2005,Structure Image cannot be exported
Methscopolamine Nitrate,,,,Other substances,07-2009,Structure Image cannot be exported
Methsuximide,,,,Other substances,10-1998,Structure Image cannot be exported
Methyl 2-phenyl-2-(pyrrolidin-1-yl)acetate,,methyl 2-phenyl-2-(pyrrolidin-1-yl)acetate,C13H17NO2,Stimulants,06-2021,Structure Image cannot be exported
Methyl 2-phenylacetoacetate,,,,Other substances,06-2022,Structure Image cannot be exported
"Methyl 3,4,5-Trimethoxybenzoate",,,,Other substances,10-1998,Structure Image cannot be exported
Methyl 4'-bromomethyl biphenyl-2-carboxylate,,,,Other substances,10-2012,Structure Image cannot be exported
Methyl 4-ANPP,despropionyl methylfentanyl,,C20H26N2,Fentanyl and Fentanyl-related,12-2022,Structure Image cannot be exported
Methyl Acrylate,,,,Other substances,10-1998,Structure Image cannot be exported
Methyl Benzilate,,,,Other substances,10-1998,Structure Image cannot be exported
Methyl Ecgonine,,,,Cocaine Alkaloids,07-2003,Structure Image cannot be exported
Methyl Ethyl Ketone,,,,Other substances,10-1998,Structure Image cannot be exported
Methyl Isobutyl Ketone,,,,Other substances,10-1998,Structure Image cannot be exported
Methyl Isocyanate,,,,Other substances,10-1998,Structure Image cannot be exported
Methyl Methacrylate,,,,Other substances,10-1998,Structure Image cannot be exported
Methyl N-Boc-4-oxopiperidine-3-carboxylate,"1-O-tert-butyl 3-O-methyl 4-oxopiperidine-1,3-dicarboxylate;Methyl N-Boc-4-piperidone-3-carboxylate","1-(tert-butyl) 3-methyl 4-oxopiperidine-1,3-dicarboxylate",C12H19NO5,Fentanyl and Fentanyl-related,12-2025,Structure Image cannot be exported
Methyl Nicotinate,,,,Other substances,02-2004,Structure Image cannot be exported
Methyl Phenylacetate,,,,Other substances,10-1998,Structure Image cannot be exported
Methyl Salicylate,,,,Other substances,10-1998,Structure Image cannot be exported
Methyl Sulfone,,,,Other substances,08-2008,Structure Image cannot be exported
Methyl acetyl fentanyl,,,C22H28N2O,Fentanyl and Fentanyl-related,04-2018,Structure Image cannot be exported
Methyl cyclopropyl fentanyl,,,C24H30N2O,Fentanyl and Fentanyl-related,12-2018,Structure Image cannot be exported
"Methyl-1,4-Hydroquinone",,,,Other substances,10-1998,Structure Image cannot be exported
"Methyl-N,N-DMC","methyl-N,N-dimethylcathinone",,C12H17NO,Synthetic Cathinones,05-2018,Structure Image cannot be exported
Methyl-alpha-PHP,methyl-alpha-pyrrolidinohexanophenone,,C17H25NO,Synthetic Cathinones,05-2018,Structure Image cannot be exported
"Methyl-alpha-PiHP, isomer undetermined",Methyl-PiHP,Methyl-alpha-pyrrolidinoisohexanophenone,C17H25NO,Synthetic Cathinones,10-2025,Structure Image cannot be exported
Methylamine,,,,Other substances,10-1998,Structure Image cannot be exported
Methylbenzene Sulfonate,,,,Other substances,10-1998,Structure Image cannot be exported
Methylbenzylpiperazine,MBZP,1-benzyl-4-methylpiperazine,C12H18N2,Piperazines (Stimulant),05-2011,Structure Image cannot be exported
Methylbutylone,,,C13H17NO3,Synthetic Cathinones,05-2017,Structure Image cannot be exported
Methylclostebol,,4-Chloro-17alpha-methyl-17beta-hydroxy-androst-4-en-3-one,,Steroids,05-2018,Structure Image cannot be exported
Methylcobalamin,,,,Other substances,04-2011,Structure Image cannot be exported
Methyldesorphine,,,,Narcotic Analgesics,10-1998,Structure Image cannot be exported
Methyldienolone,,,,Steroids,07-2006,Structure Image cannot be exported
Methyldihydromorphine,,,,Narcotic Analgesics,10-1998,Structure Image cannot be exported
Methyldopa,,,,Other,08-2008,Structure Image cannot be exported
Methylene Blue,,,,Other,08-2008,Structure Image cannot be exported
Methylene Chloride,,,,Other substances,10-1998,Structure Image cannot be exported
Methylenedioxy-N-benzylcathinone,,,C17H17NO3,Synthetic Cathinones,10-2020,Structure Image cannot be exported
Methylenedioxy-N-ethylbuphedrone,methylenedioxy-alpha-ethylaminobutiophenone,,C13H17NO3,Synthetic Cathinones,03-2023,Structure Image cannot be exported
Methylenedioxynitazene,"3',4'-Methylenedioxynitazene","2-(2-(benzo[d][1,3]dioxol-5-ylmethyl)-5-nitro-1H-benzo[d]imidazol-1-yl)-N,N-diethylethan-1-amine",C21H24N4O4,Narcotic Analgesics,08-2024,Structure Image cannot be exported
Methylephedrine,,,,Other substances,07-2003,Structure Image cannot be exported
Methylergonovine,,,,Other substances,08-2008,Structure Image cannot be exported
Methylethyltryptamine,MET;N-methyl-N-ethyltryptamine,ethyl[2‐(1H‐indol‐3‐yl)ethyl]methylamine,C13H18N2,Tryptamines,11-2019,Structure Image cannot be exported
Methylfentanyl,,,C23H30N2O,Fentanyl and Fentanyl-related,04-2019,Structure Image cannot be exported
Methylhexanamine,,,,Other substances,10-2011,Structure Image cannot be exported
Methylhydroquinone,,,,Other substances,10-1998,Structure Image cannot be exported
Methylmethaqualone,4-methyl methaqualone,"3-(2,4-dimethylphenyl)-2-methylquinazolin-4(3H)-one",C17H16N2O,Depressants and Tranquilizers,06-2023,Structure Image cannot be exported
Methylnaltrexone,,,,Other substances,09-2023,Structure Image cannot be exported
Methylone,"3,4-MDMC;3,4-methylenedioxy-N-methylcathinone;3,4-methylenedioxymethcathinone","1-(2H-1,3-benzodioxol-5-yl)-2-(methylamino)propan-1-one",C11H13NO3,Synthetic Cathinones (Hallucinogen),06-2010,Structure Image cannot be exported
Methylparaben,,,,Other substances,02-2008,Structure Image cannot be exported
Methylpentedrone,,,C13H19NO,Synthetic Cathinones,03-2018,Structure Image cannot be exported
"Methylpentyl-3,4-DMA",,,,Phenethylamines (Amphetamines) (S),05-2021,Structure Image cannot be exported
Methylphenidate,,methyl phenyl-2-piperidylethanoate,C14H19NO2,Piperidines/PEA,10-1998,Structure Image cannot be exported
Methylphenobarbital (Mephobarbital),,,,Other substances,06-2004,Structure Image cannot be exported
Methylprednisolone,,,,Other,10-2003,Structure Image cannot be exported
Methylprednisone,,,,Other,02-2004,Structure Image cannot be exported
Methylprylon,,,,Depressants and Tranquilizers,11-2005,Structure Image cannot be exported
Methylsulfonylmethane,,,,Other substances,06-2004,Structure Image cannot be exported
Methyltestosterone,,,,Steroids,10-1998,Structure Image cannot be exported
Methyltrienolone,,,,Steroids,07-2006,Structure Image cannot be exported
Methyprylon,,,,Depressants and Tranquilizers,10-1998,Structure Image cannot be exported
Metixene,,,,Other substances,12-2018,Structure Image cannot be exported
Metizolam,desmethyletizolam,"4-(2-chlorophenyl)-2-ethyl-6H-thieno[3,2-f][1,2,4]triazolo[4,3-a][1,4]diazepine",C16H13ClN4S,Benzodiazepines,06-2018,Structure Image cannot be exported
Metoclopramide,,,,Other substances,12-1999,Structure Image cannot be exported
Metodesnitazene,metazene,"N,N-diethyl-2-(2-(4-methoxybenzyl)-1H-benzimidazol-1-yl)ethan-1-amine ",C21H27N3O,Narcotic Analgesics,06-2022,Structure Image cannot be exported
Metolazone,,,,Other,07-2003,Structure Image cannot be exported
Metonitazene,,"N,N-diethyl-2-(2-(4-methoxybenzyl)-5-nitro-1H-benzimidazol-1-yl]ethan-1-amine",C21H26N4O3,Narcotic Analgesics,10-2020,Structure Image cannot be exported
Metopon,,,,Narcotic Analgesics,10-1998,Structure Image cannot be exported
Metoprolol,,,,Other substances,10-1998,Structure Image cannot be exported
Metronidazole,,,,Other substances,11-1999,Structure Image cannot be exported
Mexedrone,,3-methoxy-2-(methylamino)-1-(4-methylphenyl)propan-1-one,C12H17NO2,Synthetic Cathinones (Hallucinogen),08-2016,Structure Image cannot be exported
Mexiletine,,,,Other substances,06-2001,Structure Image cannot be exported
MiPT,,N-Methyl-N-isopropyltryptamine,,Tryptamines,07-2006,Structure Image cannot be exported
Mibolerone,,,,Steroids,10-1998,Structure Image cannot be exported
Miconazole,,,,Other substances,05-2011,Structure Image cannot be exported
Midazolam,,"12-chloro-9-(2-fluorophenyl)-3-methyl-2,4,8-triazatricyclo[8.4.0.0²,⁶]tetradeca-1(10),3,5,8,11,13-hexaene",C18H13ClFN3,Benzodiazepines,10-1998,Structure Image cannot be exported
Midodrine,,,,Other,06-2010,Structure Image cannot be exported
Mifepristone,,,,Steroids,12-2013,Structure Image cannot be exported
Milnacipran,,,,Other substances,05-2011,Structure Image cannot be exported
Milrinone,,,,Other,06-2010,Structure Image cannot be exported
Minocycline,,,,Other,07-2003,Structure Image cannot be exported
Minoxidil,,"3-hydroxy-2-imino-6-(piperid-1-yl)-2,3-dihydropyrimidin-4-ylamine",C9H15N5O,Other substances,10-2003,Structure Image cannot be exported
Mirabegron,,,,Other substances,12-2018,Structure Image cannot be exported
Mirtazapine,,,,Antidepressants,07-2000,Structure Image cannot be exported
Misoprostol,,,,Other,07-2003,Structure Image cannot be exported
Mitraciliatin,,methyl(16Z)-9-methoxy-16-(methoxymethylene)corynan-17-oate,C23H30N2O4,Other substances,05-2018,Structure Image cannot be exported
Mitragynine,,,,Narcotic Analgesics,04-2011,Structure Image cannot be exported
Mitragynine pseudoindoxyl,"methyl (E)-2-((2S,6'S,7'S,8a'S)-6'-ethyl-4-methoxy-3-oxo-2',3',6',7',8',8a'-hexahydro-5'H-spiro[indoline-2,1'-indolizin]-7'-yl)-3-methoxyacrylate","methyl (E)-2-[(2S,6'S,7'S,8'aS)-6'-ethyl-4-methoxy-3-oxospiro[1H-indole-2,1'-3,5,6,7,8,8a-hexahydro-2H-indolizine]-7'-yl]-3-methoxyprop-2-enoate",C23H30N2O5,Narcotic Analgesics,12-2025,Structure Image cannot be exported
Mivacurium Chloride,,,,Other,08-2003,Structure Image cannot be exported
Mocolbemide,,,,Other substances,11-2011,Structure Image cannot be exported
Modafinil,,,,Stimulants,10-1998,Structure Image cannot be exported
Moexipril,,,,Other,06-2004,Structure Image cannot be exported
Molindone,,,,Other,06-2009,Structure Image cannot be exported
Mometasone Furoate,,,,Other,08-2003,Structure Image cannot be exported
Monobenzone,,,,Other substances,12-2018,Structure Image cannot be exported
Montelukast Sodium,,,,Other substances,07-2000,Structure Image cannot be exported
Moramide-Intermediate,,,,Other substances,10-1998,Structure Image cannot be exported
Morpheridine,,,,Narcotic Analgesics,10-1998,Structure Image cannot be exported
Morphine,,,,Narcotic Analgesics,10-1998,Structure Image cannot be exported
"Morphine 3,6-Diglucuronide",,,,Narcotics,10-1998,Structure Image cannot be exported
Morphine 3-Glucuronide,,,,Narcotics,10-1998,Structure Image cannot be exported
Morphine 6-Glucuronide,,,,Narcotic Analgesics,10-1998,Structure Image cannot be exported
Morphine-3-Ethereal Sulfate,,,,Narcotics,10-1998,Structure Image cannot be exported
Morphine-N-Oxide,,,,Narcotics,10-1998,Structure Image cannot be exported
Morphinone,,,,Narcotic Analgesics,10-1998,Structure Image cannot be exported
Moxifloxacin,,,,Other,06-2004,Structure Image cannot be exported
Mupirocin,,,,Other substances,03-2008,Structure Image cannot be exported
Mycelium,,,,Other substances,03-2020,Structure Image cannot be exported
Mycophenolic Acid (Mycophenolate),,,,Other substances,07-2008,Structure Image cannot be exported
Myo-inositol,,,,Other substances,01-2020,Structure Image cannot be exported
Myristicin,,,,Other,10-2012,Structure Image cannot be exported
Myrophine,,,,Narcotic Analgesics,10-1998,Structure Image cannot be exported
"N,N'Carbonyldiimidazole",,,,Other substances,10-1998,Structure Image cannot be exported
"N,N-DMC","N,N-dimethylcathinone;metamfepramone",2-(dimethylamino)-1-phenylpropan-1-one,C11H15NO,Synthetic Cathinones,03-2012,Structure Image cannot be exported
"N,N-Diethyl-Meta-Toluamide (Deet)",,,,Other substances,04-2011,Structure Image cannot be exported
"N,N-Diethylhexedrone",alpha-diethylaminohexanophenone,2-(diethylamino)-1-phenylhexan-1-one,C16H25NO,Synthetic Cathinones,01-2022,Structure Image cannot be exported
"N,N-Diethylpentylone",,"1‐(2H‐1,3‐benzodioxol‐5‐yl)‐2‐(diethylamino)pentan‐1‐one",C16H23NO3,Synthetic Cathinones,06-2019,Structure Image cannot be exported
"N,N-Dimethylamino Etonitazene","K9WBE24PY7 (FDA Global Substance Registration System entry);N,N-Dimethylaminoetonitazene","2-[2-[(4-ethoxyphenyl)methyl]-5-nitrobenzimidazol-1-yl]-N,N-dimethylethanamine",C20H24N4O3,Narcotic Analgesics,03-2025,Structure Image cannot be exported
"N,N-Dimethylamphetamine","N,N-DMA","N,N-dimethyl-1-methyl-2-phenylethylamine",C11H17N,Phenethylamines (Amphetamines) (S),10-1998,Structure Image cannot be exported
"N,N-Dimethylphenethylamine",,"N,N-dimethylphenethylamine",C10H15N,Phenethylamines,11-2019,Structure Image cannot be exported
"N,N-dimethyl-4-hydroxyphenylethylamine (Hordenine)",,,,Other substances,11-2011,Structure Image cannot be exported
"N,N-dimethylformamide",,,,Other substances,10-1998,Structure Image cannot be exported
"N-(1,4-Dimethylpentyl)-3,4-DMA","N-(1,4-dimethylpentyl)-3,4-dimethoxyamphetamine","N-(1,4-dimethylpentyl)-3,4-dimethoxy-alpha-methyl-benzeneethanamine",C18H31NO2,Phenethylamines (Amphetamines) (H),05-2020,Structure Image cannot be exported
N-(1-Methylethyl)-Benzenemethanamine,,,,Other substances,07-2008,Structure Image cannot be exported
"N-(1-Methylpentyl)-3,4-DMA","N-(1-methylpentyl)-3,4-dimethoxyamphetamine","N-(1-methylpentyl)-3,4-dimethoxy-alpha-methyl phenethylamine",C17H29NO2,Phenethylamines (Amphetamines) (H),12-2020,Structure Image cannot be exported
N-(1-Phenethyl-4-piperidyl)-N-phenethylpropionamide,,N-phenethyl-N-(1-phenethylpiperidin-4-yl)propionamide,C24H32N2O,Fentanyl and Fentanyl-related,01-2021,Structure Image cannot be exported
N-(1-tert-butyl-4-piperidyl)-N-phenylpropanamide,,N-[1-(tert-butyl)piperid-4-yl]-N-phenyl-propionamide,C18H28N2O,Fentanyl and Fentanyl-related,10-2022,Structure Image cannot be exported
N-(2-Hydroxyethyl)ethylenediamine,,,,Other substances,07-2019,Structure Image cannot be exported
N-1-(1-Phenethyl-4-Piperidinyl)-4-Fluoroaniline,,,,Other substances,10-1998,Structure Image cannot be exported
N-Acetylanthranilic Acid,,,,Other substances,10-1998,Structure Image cannot be exported
N-Acetylmethamphetamine,,N-methyl-N-(1-methyl-2-phenylethyl)ethanamide,C12H17NO,Other substances,10-1998,Structure Image cannot be exported
N-Acetylprocainamide,,,,Other substances,11-2010,Structure Image cannot be exported
N-Benzyl fluoro norfentanyl,,,C21H25FN2O,Fentanyl and Fentanyl-related,12-2019,Structure Image cannot be exported
N-Benzyl furanyl fentanyl,N-benzyl furanyl norfentanyl;furanyl benzyl fentanyl,N-(1-benzylpiperidin-4-yl)-N-phenylfuran-2-carboxamide,C23H24N2O2,Fentanyl and Fentanyl-related,09-2018,Structure Image cannot be exported
"N-Benzyl-3,4-DMA","N-benzyl-3,4-dimethoxyamphetamine;NSC 27115","N-benzyl-1-(3,4-dimethoxyphenyl)propan-2-amine",C18H23NO2,Stimulants,11-2019,Structure Image cannot be exported
N-Benzylbutylone,BMDB," 1-(1,3-benzodioxol-5-yl)-2-(benzylamino)butan-1-one",C18H19NO3,Phenethylamines (Stimulant),03-2018,Structure Image cannot be exported
N-Benzylpiperazine,BZP,1-benzylpiperazine,C11H16N2,Piperazines (Stimulant),10-2000,Structure Image cannot be exported
N-Bis-(Chloroethyl) Methylamine,,,,Other substances,10-1998,Structure Image cannot be exported
N-Boc norfentanyl,,tert-butyl 4-(N-phenylpropionylamino)piperidine-1-carboxylate,C19H28N2O3,Fentanyl and Fentanyl-related,09-2022,Structure Image cannot be exported
N-Butylamphetamine,,N-butyl-1-methyl-2-phenylethylamine,C13H21N,Phenethylamines (Amphetamines) (S),10-1998,Structure Image cannot be exported
N-Butylbutylone,"3,4-methylenedioxy-alpha-butylaminobutiophenone;N-butyl norbutylone","1-(2H-1,3-benzodioxol-5-yl)-2-(butylamino)butan-1-one",C15H21NO3,Synthetic Cathinones,09-2022,Structure Image cannot be exported
N-Butylhexedrone,alpha-butylaminohexanophenone,2-(butylamino)-1-phenylhexan-1-one,C16H25NO,Synthetic Cathinones,09-2019,Structure Image cannot be exported
N-Butylpentylone,bk-BBDP,"1-(2H-1,3-benzodioxol-5-yl)-2-(butylamino)pentan-1-one",C16H23NO3,Synthetic Cathinones,09-2019,Structure Image cannot be exported
N-Cyclohexyl-N-methylmethylone,"3,4-Methylenedioxy-N,N-Cyclohexylmethylcathinone;3,4-Methylenedioxy-N-cyclohexyl Methcathinone;3,4-methylenedioxy-N,N-cyclohexylmethcathinone;3,4-methylenedioxy-alpha-methylcyclohexylaminopropiophenone","1-(1,3-benzodioxol-5-yl)-2-[cyclohexyl(methyl)amino]propan-1-one",C17H23NO3,Synthetic Cathinones,11-2022,Structure Image cannot be exported
N-Cyclohexylbutylone,"3,4-methylenedioxy-alpha-cyclohexylaminobutiophenone;cybutylone","1-(2H-1,3-benzodioxol-5-yl)-2-(cyclohexylamino)butan-1-one",C17H23NO3,Synthetic Cathinones,09-2022,Structure Image cannot be exported
N-Cyclohexylmethylone,"3,4-methylenedioxy-N-cyclohexylcathinone;3,4-methylenedioxy-alpha-cyclohexylaminopropiophenone;cyputylone","1-(2H-1,3-benzodioxol-5-yl)-2-(cyclohexylamino)propan-1-one",C16H21NO3,Synthetic Cathinones,03-2022,Structure Image cannot be exported
N-Desethyl isotonitazene,,"1-(ethylamino)-2-{2-[(4-isopropoxyphenyl)methyl]-5-nitro-1H-1,3-benzimidazol-1-yl}ethane",C21H26N4O3,Narcotic Analgesics,12-2022,Structure Image cannot be exported
"N-Ethoxycarbonyl-2-ethoxy-1,2-dihydroquinoline",,,,Other,06-2014,Structure Image cannot be exported
N-Ethyl norfentanyl,,N-(1-ethylpiperidin-4-yl)-N-phenylpropionamide,C16H24N2O,Fentanyl and Fentanyl-related,04-2023,Structure Image cannot be exported
N-Ethyl-3-Chloropiperidine,,,,Other substances,10-1998,Structure Image cannot be exported
N-Ethyl-3-Hydroxypiperidine,,,,Other substances,10-1998,Structure Image cannot be exported
N-Ethyl-3-Piperidyl Benzilate,,,,Other substances,06-2004,Structure Image cannot be exported
N-Ethyl-3-Piperidyl Phenylcyclopentylglycolate,,,,Hallucinogens,10-1998,Structure Image cannot be exported
N-Ethyl-3-Piperidylbenzilate,,,,Hallucinogens,10-1998,Structure Image cannot be exported
N-Ethyl-4'-methylnorpentedrone,2-ethylamino-4'-methyl-valerophenone;4-ME-NEP;4-MEAP;4-methyl-alpha-ethylaminopentiophenone,2-(ethylamino)-1-(4-methylphenyl)pentan-1-one,C14H21NO,Synthetic Cathinones,06-2015,Structure Image cannot be exported
N-Ethylamphetamine,,N-ethyl-1-methyl-2-phenylethylamine,C11H17N,Phenethylamines (Amphetamines) (S),10-1998,Structure Image cannot be exported
N-Ethylbenzylamine,,,,Other substances,05-2008,Structure Image cannot be exported
N-Ethylbuphedrone,NEB,2-(ethylamino)-1-phenylbutan-1-one,C12H17NO,Synthetic Cathinones,10-2012,Structure Image cannot be exported
N-Ethylephedrine,,,,Other substances,10-1998,Structure Image cannot be exported
N-Ethylheptedrone,,2-(ethylamino)-1-phenylheptan-1-one,C15H23NO,Synthetic Cathinones,09-2019,Structure Image cannot be exported
N-Ethylhexedrone,N-ethylamino-hexanophenone;alpha-ethylaminohexanophenone,2-(Ethylamino)-1-phenyl-1-hexanone,C14H21NO,Synthetic Cathinones,03-2017,Structure Image cannot be exported
N-Ethylhexylone,,"1-(2H-1,3-benzodioxol-5-yl)-2-(ethylamino)hexan-1-one",C15H21NO3,Synthetic Cathinones,10-2018,Structure Image cannot be exported
N-Ethylnorketamine,,2-(ethylamino)-2-(2-chlorophenyl)cyclohexan-1-one,C14H18ClNO,Depressants and Tranquilizers,06-2019,Structure Image cannot be exported
N-Ethylpentedrone,N-ethylnorpentedrone;alpha-ethylaminopentiophenone,2-(ethylamino)-1-phenylpentan-1-one,C13H19NO,Synthetic Cathinones,05-2018,Structure Image cannot be exported
N-Ethylpentylone,"3,4-methylenedioxy-alpha-ethylaminovalerophenone;N-ethylnorpentylone;bk-EBDP;ephylone","1-(2H-1,3-benzodioxol-5-yl)-2-(ethylamino)pentan-1-one",C14H19NO3,Synthetic Cathinones,06-2015,Structure Image cannot be exported
N-Ethylpseudoephedrine,,,,Other substances,10-1998,Structure Image cannot be exported
N-Formylmethamphetamine,N-Methyl-N-(alpha-methylphenethyl)formamide,N-methyl-N-(1-phenylpropan-2-yl)formamide,C11H15NO,Phenethylamines (Amphetamines) (S),08-2023,Structure Image cannot be exported
N-Isobutylpentylone,,"1-(2H-1,3-benzodioxol-5-yl)-2-(isobutylamino)pentan-1-one",C16H23NO3,Synthetic Cathinones,12-2019,Structure Image cannot be exported
N-Isopropylbenzylamine,,,,Other substances,05-2008,Structure Image cannot be exported
N-Isopropylbutylone,"3,4-methylenedioxy-alpha-isopropylaminobutiophenone","1-(2H-1,3-benzodioxol-5-yl)-2-(isopropylamino)butan-1-one",C14H19NO3,Synthetic Cathinones,12-2022,Structure Image cannot be exported
N-Methyl hexylone,"3,4-Methylenedioxy-alpha-methylaminohexanophenone;Hexylone","1-(1,3-benzodioxol-5-yl)-2-(methylamino)hexan-1-one",C14H19NO3,Synthetic Cathinones,05-2025,Structure Image cannot be exported
N-Methyl norfentanyl,,N-(1-methylpiperidin-4-yl)-N-phenylpropionamide,C15H22N2O,Fentanyl and Fentanyl-related,05-2018,Structure Image cannot be exported
N-Methyl-2-Pyrrolidone (NMP),,,,Other substances,04-2011,Structure Image cannot be exported
N-Methyl-3-Piperidyl Benzilate,,,,Other substances,06-2004,Structure Image cannot be exported
N-Methyl-3-Piperidylbenzilate,,,,Hallucinogens,10-1998,Structure Image cannot be exported
N-Methyl-N-Phenylformamide,,,,Other substances,10-1998,Structure Image cannot be exported
N-Methylbenzylamine,,,,Other substances,05-2008,Structure Image cannot be exported
N-Methylclonazepam,methylclonazepam,"5-(2-chlorophenyl)-1-methyl-7-nitro-1,3-dihydro-1,4-benzodiazepin-2-one",C16H12ClN3O3,Benzodiazepines,03-2023,Structure Image cannot be exported
N-Methylephedrine,,,,Other substances,10-1998,Structure Image cannot be exported
N-Methylethylone,"3,4-methylenedioxy-N-ethyl-N-methylcathinone;N-ethylmethylone","1‐(2H‐1,3‐benzodioxol‐5‐yl)‐2‐[ethyl(methyl)amino]propan‐1‐one",C13H17NO3,Synthetic Cathinones,06-2019,Structure Image cannot be exported
N-Methylformamide,,,,Other substances,10-1998,Structure Image cannot be exported
N-Methylmescaline,"3,4,5-trimethoxy-N-methyl-phenethylamine;N-methyl Mescaline;NMM","N-methyl-2-(3,4,5-trimethoxyphenyl)ethanamine",C12H19NO3,Phenethylamines (Other) (H),03-2026,Structure Image cannot be exported
N-Methylphenethylamine,NMPEA,N-methylphenethylamine,C9H13N,Phenethylamines,05-2018,Structure Image cannot be exported
N-Methylphthalimide,,,,Other substances,07-2010,Structure Image cannot be exported
N-Methylpseudoephedrine,,,,Other substances,10-1998,Structure Image cannot be exported
N-Methyltyramine,4-hydroxy-N-methylphenethylamine,4-hydroxy-N-methylphenethylamine,C9H13NO,Phenethylamines,06-2018,Structure Image cannot be exported
N-Phenethyl Tetramethyl-4-AP (PE-TM-4-AP),"N-Phenethyl 2,2,6,6-Tetramethyl-4-AP;PE-TM-4-AP","2,2,6,6-tetramethyl-N-phenethyl-N-phenylpiperidin-4-amine",C23H32N2,Fentanyl and Fentanyl-related,12-2025,Structure Image cannot be exported
N-Phenethyl-N-phenylpropionamide,,N-phenyl-N-(2-phenylethyl)propanamide,C17H19NO,Fentanyl and Fentanyl-related,12-2025,Structure Image cannot be exported
N-Phenethylmorpholine (4-(2-phenylethyl) Morpholine),4-(2-phenylethyl) Morpholine,4-(2-phenylethyl)morpholine,C12H17NO,Other substances,08-2025,Structure Image cannot be exported
N-Phenyl-4-piperidinamine,,N-phenyl-piperidin-4-ylamine,C11H16N2,Fentanyl and Fentanyl-related,10-1998,Structure Image cannot be exported
N-Phenylpropanamide,propionanilide,N-phenylpropanamide,C9H11NO,Other substances,06-2018,Structure Image cannot be exported
N-Piperidinyl etonitazene,N-piperidyl etonitazene;etonitazepipne,2-(4-ethoxyphenylmethyl)-5-nitro-1-(2-(piperid-1-yl)ethyl)-1H-benzimidazole,C23H28N4O3,Narcotic Analgesics,05-2023,Structure Image cannot be exported
N-Propionitrile Chlorphine,Cychlorphine,"3-[1-[1-(4-chlorophenyl)ethyl]-4-piperidinyl]-2,3-dihydro-2-oxo-1H-benzimidazole-1-propanenitrile",C23H25ClN4O,Narcotic Analgesics,08-2024,Structure Image cannot be exported
N-Propionyl norfentanyl,,N-phenyl-N-(1-propionylpiperidin-4-yl)propionamide,C17H24N2O2,Fentanyl and Fentanyl-related,04-2022,Structure Image cannot be exported
N-Propylbutylone,"3,4-methylenedioxy-alpha-propylaminobutiophenone;N-butyl norbutylone;bk-PBDB;putylone","1-(2H-1,3-benzodioxol-5-yl)-2-(propylamino)butan-1-one",C14H19NO3,Synthetic Cathinones,03-2022,Structure Image cannot be exported
N-Propylpentedrone,2-(propylamino)-valerophenone;2-propylamino-1-phenylpentanone;alpha-propylaminopentiophenone,1-phenyl-2-(propylamino)pentan-1-one,C14H21NO,Synthetic Cathinones,05-2018,Structure Image cannot be exported
N-Pyrrolidino Ethylene Isotonitazene,Ethylene Isotonitazepyne,2-(4-isopropoxyphenethyl)-5-nitro-1-(2-(pyrrolidin-1-yl)ethyl)-1H-benzo[d]imidazole,C24H30N4O3,Narcotic Analgesics,01-2026,Structure Image cannot be exported
N-Pyrrolidino Isotonitazene,,5-nitro-2-[(4-propan-2-yloxyphenyl)methyl]-1-(2-pyrrolidin-1-ylethyl)benzimidazole,C23H28N4O3,Narcotic Analgesics,03-2025,Structure Image cannot be exported
N-Pyrrolidino etonitazene,etonitazepyne,2-(4-ethoxybenzyl)-5-nitro-1-(2-(pyrrolidin-1-yl)ethyl)-1H-benzimidazole,C22H26N4O3,Narcotic Analgesics,09-2021,Structure Image cannot be exported
N-Pyrrolidino metonitazene,metonitazepyne ,2-(4-methoxybenzyl)-5-nitro-1-(2-(pyrrolidin-1-yl)ethyl)-1H-benzimidazole,C21H24N4O3,Narcotic Analgesics,06-2023,Structure Image cannot be exported
N-Pyrrolidino protonitazene,protonitazepyne,2-(4-propoxybenzyl)-5-nitro-1-(2-(pyrrolidin-1-yl)ethyl)-1H-benzimidazole,C23H28N4O3,Narcotic Analgesics,06-2023,Structure Image cannot be exported
"N-acetyl-3,4-MDMC","N-acetyl-3,4-methylenedioxymethcathinone","N-[2-(2H-1,3-benzodioxol-5-yl)-1-methyl-2-oxoethyl]-N-methyl-acetamide",C13H15NO4,Synthetic Cathinones,11-2014,Structure Image cannot be exported
N-benzyl-N-(1-phenethylpiperidin-4-yl)propionamide (Fentanyl methylene homolog),"1-(benzo[d][1,3]dioxol-5-yl)-2-(isobutylamino)propan-1-one;Fentanyl methylene homolog",N-benzyl-N-[1-(2-phenylethyl)piperidin-4-yl]propanamide (Alternative chemical name: N-benzyl-N-(1-phenethylpiperidin-4-yl)propionamide),C23H30N2O,Fentanyl and Fentanyl-related,06-2025,Structure Image cannot be exported
N-benzylcyclohexanamine,,,C13H19N,Other substances,01-2023,Structure Image cannot be exported
N-cyclohexyl Pentylone,"3,4-Methylenedioxy-alpha-Cyclohexylaminopentiophenone","1-(benzo[d][1,3]dioxol-5-yl)-2-(cyclohexylamino)pentan-1-one",C18H25NO3,Synthetic Cathinones,10-2025,Structure Image cannot be exported
N-desethyl Protonitazene,,N-ethyl-2-(5-nitro-2-(4-propoxybenzyl)-1H-benzo[d]imidazol-1-yl)ethan-1-amine,C21H26N4O3,Narcotic Analgesics,08-2024,Structure Image cannot be exported
N-desethyl etonitazene,"2-(2-[(4-ethoxyphenyl)methyl]-5-nitro-1H-1,3-benzimidazol-1-yl)-N-ethylethan-1-amine;2-[(4-ethoxyphenyl)methyl]-N-ethyl-5-nitro-1H-benzimidazole-1-ethanamine",2-[2-[(4-ethoxyphenyl)methyl]-5-nitrobenzimidazol-1-yl]-N-ethylethanamine,C20H24N4O3,Narcotic Analgesics,09-2023,Structure Image cannot be exported
"N-ethyl-N-methyl-1,2-diphenylethan-1-amine",,,,Other substances,05-2017,Structure Image cannot be exported
N-hydroxy-EDMA,"EFLEA;N-hydroxy-N-methyl-3,4-ethylenedioxyamphetamine","N-[1-(2,3-dihydro-1,4-benzodioxin-6-yl)propan-2-yl]-N-methylhydroxylamine",C12H17NO3,Phenethylamines (Stimulant),02-2018,Structure Image cannot be exported
"N-isobutyl Methylone (3,4-Methylenedioxy-N-isobutyl cathinone)","3,4-Methylenedioxy-N-isobutyl cathinone","1-(1,3-benzodioxol-5-yl)-2-(2-methylpropylamino)propan-1-one (Alternative chemical name: 1-(benzo[d][1,3]dioxol-5-yl)-2-(isobutylamino)propan-1-one)",C14H19NO3,Synthetic Cathinones,06-2025,Structure Image cannot be exported
N-isopropyl-N-methyl Methylone,"3,4-Methylenedioxy-N-isopropyl-N-methyl cathinone;3,4-Methylenedioxy-alpha-methylisopropylaminopropiophenone;3,4-methylenedioxy-N-isopropyl methcathinone;3,4-methylenedioxy-N-methylcathinone;MDMC","1-(benzo[d][1,3]dioxol-5-yl)-2-(isopropyl(methyl)amino)propan-1-one",C14H19NO3,Synthetic Cathinones,12-2025,Structure Image cannot be exported
N-methyl-1-phenyl-1-propanamine,,,,Other substances,03-2018,Structure Image cannot be exported
N-methyl-N-propyl Methylone,"3,4-Methylenedioxy-N-propylmethcathinone;N-methyl Propylone;N-propyl Methylone","1-(benzo[d][1,3]dioxol-5-yl)-2-(methyl(propyl)amino)propan-1-one",C14H19NO3 ,Synthetic Cathinones,01-2024,Structure Image cannot be exported
N-methyliminopropylbenzene,,,,Other substances,05-2017,Structure Image cannot be exported
N-propionyl para-fluoro Norfentanyl,Propionyl-4-fluoronorfentanyl,N-(4-fluorophenyl)-N-(1-propanoylpiperidin-4-yl)propanamide,C17H23FN2O2,Fentanyl and Fentanyl-related,05-2025,Structure Image cannot be exported
N-sec-Butylpentylone,,"1-(2H-1,3-benzodioxol-5-yl)-2-(sec-butylamino)pentan-1-one",C16H23NO3,Synthetic Cathinones,12-2019,Structure Image cannot be exported
N-sec-butyl Pentedrone (2-(sec-butylamino)-Valerophenone),2-(sec-butylamino)-Valerophenone,2-[(1-methylpropyl)amino]-1-phenyl-1-pentanone,C15H23NO,Synthetic Cathinones,12-2024,Structure Image cannot be exported
NM-2201,CBL-2201,naphthalen-1-yl 1-(5-fluoropentyl)-1H-indole-3-carboxylate,C24H22FNO2,Synthetic Cannabinoids,05-2014,Structure Image cannot be exported
NM-2AI,N-methyl-2-AI;N-methyl-2-aminoindane,"N-methyl-2,3-dihydro-1H-inden-2-amine",C10H13N,Phenethylamines (Aminoindanes) (H),01-2016,Structure Image cannot be exported
NMDMSB,naphthalen-1-yl 3-(dimethylsulfamoyl)-4-methylbenzoate,"naphthalen-1-yl-3-(N,N-dimethylsulfamoyl)-4-methylbenzoate",C20H19NO4S,Other substances,09-2023,Structure Image cannot be exported
NMT,N-methyltryptamine,N-methyl[2-(indol-3-yl)ethyl]amine,C11H14N2,Tryptamines,10-2003,Structure Image cannot be exported
NNEI,,1-pentyl-N-(naphthalen-1-yl)-1H-indole-3-carboxamide,C24H24N2O,Synthetic Cannabinoids,06-2014,Structure Image cannot be exported
NPB-22,,quinolin-8-yl 1-pentyl-1H-indazole-3-carboxylate,C22H21N3O2,Synthetic Cannabinoids,12-2014,Structure Image cannot be exported
NSAID,,,,No substance identified,07-2008,Structure Image cannot be exported
NSI-189,,,,Antidepressants,06-2021,Structure Image cannot be exported
Nabilone,,,,Cannabinoids,10-1998,Structure Image cannot be exported
Nabumetone,,,,Other substances,11-1999,Structure Image cannot be exported
Nadolol,,,,Other substances,10-2003,Structure Image cannot be exported
Nalbuphine,,,,Narcotic Analgesics,10-1998,Structure Image cannot be exported
Naldemedine (Symproic),Symproic,"(4R,4aS,7aR,12bS)-3-(cyclopropylmethyl)-4a,7,9-trihydroxy-N-[2-(3-phenyl-1,2,4-oxadiazol-5-yl)propan-2-yl]-1,2,4,5,7a,13-hexahydro-4,12-methanobenzofuro[3,2-e]isoquinoline-6-carboxamide",C32H34N4O6,Narcotic Analgesics,05-2025,Structure Image cannot be exported
Nalidixic Acid,,,,Other substances,01-2004,Structure Image cannot be exported
Nalmefene,,,,Narcotics,10-1998,Structure Image cannot be exported
Nalorphine,,,,Narcotics,10-1998,Structure Image cannot be exported
Naloxegol,NKTR-118,"(5,6)-4,5-epoxy-6-(3,6,9,12,15,18,21-heptaoxadocos-1-yloxy)-17-(2-propen-1-yl)morphinan-3,14-diol",C34H53NO11,Other substances,12-2018,Structure Image cannot be exported
Naloxone,,,,Narcotics,10-1998,Structure Image cannot be exported
Naltrexone,,,,Narcotics,10-1998,Structure Image cannot be exported
Nandrolone,,,,Steroids,10-1998,Structure Image cannot be exported
Naphazoline,,,,Other substances,07-2003,Structure Image cannot be exported
Naphyrone,naphthylpyrovalerone,1-(naphth-2-yl)-2-(pyrrolidin-1-yl)pentan-1-one,C19H23NO,Synthetic Cathinones,11-2011,Structure Image cannot be exported
Naproxen,,,,Analgesics,03-1999,Structure Image cannot be exported
Naratriptan,,,,Other substances,01-2005,Structure Image cannot be exported
Narceine,,,,Narcotics,10-1998,Structure Image cannot be exported
Narcobarbital,,,,Depressants and Tranquilizers,10-1998,Structure Image cannot be exported
Nateglinide,,,,Other,10-2003,Structure Image cannot be exported
Nebivolol,,,,Other,06-2010,Structure Image cannot be exported
Nefazodone,,,,Antidepressants,07-2000,Structure Image cannot be exported
Nelfinavir,,,,Other substances,07-2000,Structure Image cannot be exported
Neomycin,,,,Other substances,08-2003,Structure Image cannot be exported
Neopine,,,,Narcotics,10-1998,Structure Image cannot be exported
Netazodone,,,,Other,07-2003,Structure Image cannot be exported
Neurontin,,,,Other substances,11-2000,Structure Image cannot be exported
Nevirapine,,,,Other substances,07-2003,Structure Image cannot be exported
Niacinamide,,,,Other substances,10-1998,Structure Image cannot be exported
Nialamide,,,,Stimulants,10-1998,Structure Image cannot be exported
Nicocodeine,,,,Narcotic Analgesics,10-1998,Structure Image cannot be exported
Nicodicodine,,,,Narcotic Analgesics,10-1998,Structure Image cannot be exported
Nicofuranose,,,,Other substances,08-2008,Structure Image cannot be exported
Nicomorphine,,,,Narcotic Analgesics,10-1998,Structure Image cannot be exported
Nicotinamide,,,,Other substances,11-1999,Structure Image cannot be exported
Nicotine polacrilex),,,,Other substances,05-2015,Structure Image cannot be exported
Nicotinic Acid,,,,Other substances,12-1999,Structure Image cannot be exported
Nifedipine,,,,Other substances,11-2000,Structure Image cannot be exported
Nifoxipam,3-Hydroxy Nor-Flunitrazepam;3-hydroxy Desmethylflunitrazepam;DP-370,"5-(2-fluorophenyl)-3-hydroxy-7-nitro-1,3-dihydro-1,4-benzodiazepin-2-one (Alternative chemical name: 5-(2-fluorophenyl)-7-nitro-3H-benzo[e][1,4]diazepine-2,3-diol)",C15H10FN3O4,Benzodiazepines,06-2025,Structure Image cannot be exported
Nikethamide,,,,Stimulants,10-1998,Structure Image cannot be exported
Nilotinib,Tasigna,4-methyl-N-[3-(4-methylimidazol-1-yl)-5-(trifluoromethyl)phenyl]-3-[(4-pyridin-3-ylpyrimidin-2-yl)amino]benzamide,C28H22F3N7O,Other substances,12-2025,Structure Image cannot be exported
Nimesulide,,,,Analgesics,06-2010,Structure Image cannot be exported
Nimetazepam,,"1-methyl-7-nitro-5-phenyl-1,3-dihydro-1,4-benzodiazepin-2-one",C16H13N3O3,Benzodiazepines,10-1998,Structure Image cannot be exported
Nimodipine,,,,Other substances,05-2017,Structure Image cannot be exported
Nisoldipine,,,,Other,07-2008,Structure Image cannot be exported
Nitazoxanide,,,,Other substances,06-2018,Structure Image cannot be exported
Nitenpyram,,,,Other substances,06-2018,Structure Image cannot be exported
Nitrazepam,,"7-nitro-5-phenyl-1,3-dihydro-1,4-benzodiazepin-2-one",C15H11N3O3,Benzodiazepines,10-1998,Structure Image cannot be exported
Nitrazolam,,"1-methyl-8-nitro-6-phenyl-4H-[1,2,4]triazolo[4,3-a][1,4]benzodiazepine",C17H13N5O2,Benzodiazepines,06-2019,Structure Image cannot be exported
Nitroethane,,,,Other substances,10-1998,Structure Image cannot be exported
Nitrofurantoin,,,,Other substances,11-1999,Structure Image cannot be exported
Nitroglycerine,,,,Other substances,10-1998,Structure Image cannot be exported
Nitromethane,,,,Other substances,10-1998,Structure Image cannot be exported
Nitromethaqualone,Parnox,3-(2-methoxy-4-nitrophenyl)-2-methylquinazolin-4-one,C16H13N3O4,Depressants and Tranquilizers,12-2024,Structure Image cannot be exported
Nitropropane,,,,Other substances,10-1998,Structure Image cannot be exported
Nitrous Oxide,,,,Analgesics,11-1999,Structure Image cannot be exported
Nizatidine,,,,Other substances,01-2001,Structure Image cannot be exported
Nolvadex,,,,Other substances,09-2000,Structure Image cannot be exported
Nonane,,,,Other substances,10-2017,Structure Image cannot be exported
Nonivamide,,,,Other substances,02-2011,Structure Image cannot be exported
Noopept,,,,Other substances,05-2014,Structure Image cannot be exported
Noracymethadol,,,,Narcotics,10-1998,Structure Image cannot be exported
Noramidopyrine,,,,Other substances,05-2018,Structure Image cannot be exported
Noraminopyrine,,,,Analgesics,05-2018,Structure Image cannot be exported
Norbolethone,,,,Steroids,07-2006,Structure Image cannot be exported
Norbuprenorphine,,"(1S,2S,6R,14R,15R,16R)-16-(1-hydroxy-1,2,2-trimethylpropyl)-15-methoxy-13-oxa-5-azahexacyclo[13.2.2.12,8.01,6.02,14.012,20]icosa-8,10,12(20)-trien-11-ol",C25H35NO4,Narcotic Analgesics,01-2022,Structure Image cannot be exported
Norchlorcyclizine,,,,Other substances,10-2023,Structure Image cannot be exported
Norclostebol,,,,Steroids,07-2006,Structure Image cannot be exported
Norclozapine,,,,Other,11-2023,Structure Image cannot be exported
Norcocaine,,"methyl (1R,2R,3S,5S)-3-(benzoyloxy)-8-azabicyclo[3.2.1]octane-2-carboxylate",C16H19NO4,Cocaine Alkaloids,10-1998,Structure Image cannot be exported
Norcodeine,,,,Narcotic Analgesics,10-1998,Structure Image cannot be exported
Nordiazepam,,"7-chloro-5-phenyl-1,3-dihydro-1,4-benzodiazepin-2-one",C15H11ClN2O,Benzodiazepines,10-1998,Structure Image cannot be exported
Nordoxepin,,,,Other,11-2023,Structure Image cannot be exported
Norecgonine,,,,Narcotics,10-1998,Structure Image cannot be exported
Norepinephrine,,,,Other,08-2010,Structure Image cannot be exported
Norethandrolone,,,,Steroids,10-1998,Structure Image cannot be exported
Norethindrone,,,,Other substances,01-2001,Structure Image cannot be exported
Norethindrone Acetate,,,,Other substances,07-2008,Structure Image cannot be exported
Norethisterone,,,,Other substances,06-2021,Structure Image cannot be exported
Norfentanyl,,N-phenyl-N-(piperidin-4-yl)propionamide,C14H20N2O,Fentanyl and Fentanyl-related,05-2018,Structure Image cannot be exported
Norfloxacin,,,,Other,06-2010,Structure Image cannot be exported
Norflunitrazepam,desmethylflunitrazepam,"5-(2-fluorophenyl)-7-nitro-2,3-dihydro-1H-1,4-benzodiazepin-2-one",C15H10FN3O3,Benzodiazepines,02-2018,Structure Image cannot be exported
Norfluoxetine,,3-phenyl-3-(4-(trifluoromethyl)phenoxy)propylamine,C16H16F3NO,Other substances,01-2023,Structure Image cannot be exported
Norgestimate,,,,Other substances,07-2000,Structure Image cannot be exported
Norgestrel,,,,Other substances,08-2008,Structure Image cannot be exported
Norlevorphanol,,,,Narcotic Analgesics,10-1998,Structure Image cannot be exported
Norlidocaine,monoethylglycinexylidide,"N-2,6-dimethylphenyl-(ethylamino)acetamide",C12H18N2O,Other substances,04-2023,Structure Image cannot be exported
Normeperidine,,,,Narcotic Analgesics,06-2010,Structure Image cannot be exported
Normesoridazine,,,,Other substances,08-2008,Structure Image cannot be exported
Normethadone,,,,Narcotic Analgesics,10-1998,Structure Image cannot be exported
Normethandrolone,,,,Steroids,07-2006,Structure Image cannot be exported
Normorphine,,,,Narcotic Analgesics,10-1998,Structure Image cannot be exported
Noroxycodone,,,,Narcotic Analgesics,10-1998,Structure Image cannot be exported
Noroxymorphone,,,,Narcotic Analgesics,10-1998,Structure Image cannot be exported
Norpipanone,,,,Narcotic Analgesics,10-1998,Structure Image cannot be exported
Norpseudoephedrine,,,,Other substances,10-1998,Structure Image cannot be exported
Nortadalafil,,,,Other substances,05-2017,Structure Image cannot be exported
Nortriptyline,Aventyl;Desitriptyline;ELF 101;N-7048;Pamelor,"N-methyl-3-(2-tricyclo[9.4.0.03,8]pentadeca-1(15),3,5,7,11,13-hexaenylidene)propan-1-amine",C19H21N,Antidepressants,10-1998,Structure Image cannot be exported
Noscapine,,,,Narcotics,10-1998,Structure Image cannot be exported
Nystatin,,,,Other substances,01-2001,Structure Image cannot be exported
"O-Chloro-Alpha,Alpha-Dimethylphenethyl Alcohol",,,,Other substances,10-1998,Structure Image cannot be exported
O-Chloroaniline,,,,Other substances,10-1998,Structure Image cannot be exported
O-Nitrobenzoic Acid,,,,Other substances,10-1998,Structure Image cannot be exported
O-Nitrotoluene,,,,Other substances,10-1998,Structure Image cannot be exported
O-Toluidine,,,,Other substances,10-1998,Structure Image cannot be exported
Ocfentanil,2-fluoro methoxyacetyl fentanyl;A-3217;ortho-fluoro methoxyacetyl fentanyl,N-(2-fluorophenyl)-2-methoxy-N-(1-phenethylpiperidin-4-yl)acetamide,C22H27FN2O2,Fentanyl and Fentanyl-related,10-2020,Structure Image cannot be exported
Oclacitinib,,,,Other substances,05-2017,Structure Image cannot be exported
Octadecene,,,,Other substances,08-2012,Structure Image cannot be exported
Octodrine,"1,5-dimethyl Hexylamine;2-Amino-6-methylheptane;2-aminoisoheptane;2-isooctyl amine;Amidrine;NSC 27116;Vaporpac;dimethylhexylamine (DMHA)",6-methylheptan-2-amine,C8H19N,Other substances,09-2023,Structure Image cannot be exported
Ofloxacin,,,,Other substances,07-2000,Structure Image cannot be exported
Olanzapine,,,,Other substances,11-1999,Structure Image cannot be exported
Oleamide,,,,Other substances,08-2011,Structure Image cannot be exported
Olivetol,,,,Other substances,10-1998,Structure Image cannot be exported
Olmesartan Medoxomil,,,,Other substances,02-2006,Structure Image cannot be exported
Omeprazole,,,,Other substances,11-2006,Structure Image cannot be exported
Ondansetron,,,,Other substances,10-2003,Structure Image cannot be exported
Opipramol,,,,Stimulants,10-1998,Structure Image cannot be exported
Opium,,,,Narcotic Analgesics,10-1998,Structure Image cannot be exported
Oripavine,,,,Narcotic Analgesics,05-2008,Structure Image cannot be exported
Ormetoprim,,,,Other,03-2008,Structure Image cannot be exported
Ornithine,,,,Other substances,05-2018,Structure Image cannot be exported
Orphenadrine,,,,Other substances,12-1999,Structure Image cannot be exported
Oseltamivir Phosphate,,,,Other substances,04-2011,Structure Image cannot be exported
Ostarine,,,,Other substances,03-2018,Structure Image cannot be exported
Osthole,,,,Other substances,05-2014,Structure Image cannot be exported
Oxacillin,,,,Other substances,03-2016,Structure Image cannot be exported
Oxalyl Chloride,,,,Other substances,10-1998,Structure Image cannot be exported
Oxanamide,,,,Depressants and Tranquilizers,10-1998,Structure Image cannot be exported
Oxandrolone,,,,Steroids,10-1998,Structure Image cannot be exported
Oxaprozin,,,,Analgesics,11-1999,Structure Image cannot be exported
Oxazepam,,"7-chloro-3-hydroxy-5-phenyl-1,3-dihydro-1,4-benzodiazepin-2-one",C15H11ClN2O2,Benzodiazepines,10-1998,Structure Image cannot be exported
Oxazolam,,"13-chloro-4-methyl-2-phenyl-3-oxa-6,9-diazatricyclo[8.4.0.0²,⁶]tetradeca-1(10),11,13-trien-8-one",C18H17ClN2O2,Benzodiazepines,10-1998,Structure Image cannot be exported
Oxcarbazepine,,,,Other,10-2003,Structure Image cannot be exported
Oxybutynin,,,,Other substances,07-2003,Structure Image cannot be exported
Oxycodone,,,,Narcotic Analgesics,10-1998,Structure Image cannot be exported
Oxymesterone,,,,Steroids,10-1998,Structure Image cannot be exported
Oxymetazoline,,,,Other substances,02-2000,Structure Image cannot be exported
Oxymetholone,,,,Steroids,10-1998,Structure Image cannot be exported
Oxymorphone,,,,Narcotic Analgesics,10-1998,Structure Image cannot be exported
Oxytetracycline,,,,Other substances,06-2009,Structure Image cannot be exported
Oxytocin,,,,Other,03-2006,Structure Image cannot be exported
P-Chloroaniline,,,,Other substances,10-1998,Structure Image cannot be exported
P-Fluoroaniline,,,,Other substances,10-1998,Structure Image cannot be exported
P-Toluenesulfonic Acid Monohydrate,,,,Other substances,10-1998,Structure Image cannot be exported
P-Toluenesulfonyl Chloride,,,,Other substances,10-1998,Structure Image cannot be exported
P-Tolylsulfonylmethylnitrosamide,,,,Other substances,10-1998,Structure Image cannot be exported
P-alpha-Dimethylphenethylamine,,1-methyl-2-4-methylphenylethylamine,C10H15N,Phenethylamines (Other) (S),10-1998,Structure Image cannot be exported
PB-22,QUPIC,quinolin-8-yl 1-pentyl-1H-indole-3-carboxylate,C23H22N2O2,Synthetic Cannabinoids,05-2013,Structure Image cannot be exported
PCP,phencyclidine,1-(1-phenylcyclohexyl)piperidine,C17H25N,Depressants and Tranquilizers,10-1998,Structure Image cannot be exported
PMK ethyl glycidate,,"ethyl 3-(2H-1,3-benzodioxol-5-yl)-2-methyloxirane-2-carboxylate",C13H14O5,Other substances,06-2023,Structure Image cannot be exported
PMK methyl glycidate,,"methyl 3-(2H-1,3-benzodioxol-5-yl)-2-methyloxirane-2-carboxylate",C12H12O5,Other substances,03-2018,Structure Image cannot be exported
PMK methyl glycidate,"3,4-MDP-2-P methyl glycidate;MDP2P methyl glycidate;PMK glyicidate","methyl 3-(2H-1,3-benzodioxol-5-yl)-2-methyloxirane-2-carboxylate",C12H12O5,Other substances,09-2019,Structure Image cannot be exported
PSILOCYBE,,,,Psychedelics,01-2022,Structure Image cannot be exported
PTHIT (Phenyltetrahydroimidazothiazole),,,,Other substances,05-2018,Structure Image cannot be exported
PV10,alpha-PNP;alpha-pyrrolidinononanophenone,1-phenyl-2-(pyrrolidin-1-yl)nonan-1-one,C19H29NO,Synthetic Cathinones,03-2018,Structure Image cannot be exported
PV8,alpha-pyrrolidinoheptaphenone,1-phenyl-2-(pyrrolidin-1-yl)heptan-1-one,C17H25NO,Synthetic Cathinones,05-2014,Structure Image cannot be exported
PV9,alpha-pyrrolidinooctanophenone,1-phenyl-2-(pyrrolidin-1-yl)octan-1-one,C18H27NO,Synthetic Cathinones,10-2016,Structure Image cannot be exported
PX-1,5F-APP-PICA,N-(1-amino-1-oxo-3-phenylpropan-2-yl)-1-(5-fluoropentyl)-1H-indole-3-carboxamide,C23H26FN3O2,Synthetic Cannabinoids,06-2015,Structure Image cannot be exported
PX-2,5F-APP-PINACA,N-(1-amino-1-oxo-3-phenylpropan-2-yl)-1-(5-fluoropentyl)-1H-indazole-3-carboxamide,C22H25FN4O2,Synthetic Cannabinoids,06-2015,Structure Image cannot be exported
PX-3,APP-CHMINACA,N-(1-amino-1-oxo-3-phenylpropan-2-yl)-1-(cyclohexylmethyl)-1H-indazole-3-carboxamide,C24H28N4O2,Synthetic Cannabinoids,11-2015,Structure Image cannot be exported
Paliperidone,,,,Other,07-2008,Structure Image cannot be exported
Palladium Chloride,,,,Other substances,10-1998,Structure Image cannot be exported
Palladium On Barium Sulfate,,,,Other substances,10-1998,Structure Image cannot be exported
Palmitic Acid,,,,Other substances,08-2000,Structure Image cannot be exported
Palmitoylethanolamide,PEA,N-(2-hydroxyethyl)hexadecanamide,C18H37NO2,Other substances,06-2019,Structure Image cannot be exported
Palustric acid,,,,Other substances,03-2022,Structure Image cannot be exported
Pamabrom,,,,Depressants and Tranquilizers,10-1998,Structure Image cannot be exported
Pancreatin,,,,Other substances,05-2014,Structure Image cannot be exported
Pancrelipase,,,,Other,09-2007,Structure Image cannot be exported
Pannaz,,,,Other substances,07-2000,Structure Image cannot be exported
Pantoprazole,,,,Other,01-2004,Structure Image cannot be exported
Papaver Bracteatum Concentrate,,,,Narcotics,10-1998,Structure Image cannot be exported
Papaveretum,,,,Narcotics,10-1998,Structure Image cannot be exported
Papaverine,,,,Narcotics,10-1998,Structure Image cannot be exported
Parahexyl,,,,Cannabinoids,10-1998,Structure Image cannot be exported
Paraldehyde,,,,Depressants and Tranquilizers,10-1998,Structure Image cannot be exported
Paramethadione,,,,Other substances,10-1998,Structure Image cannot be exported
Paramethasone,,,,Other substances,02-2000,Structure Image cannot be exported
Parecoxib,,,,Analgesics,07-2008,Structure Image cannot be exported
Paregoric,,,,Narcotic Analgesics,10-1998,Structure Image cannot be exported
Pargeverine,,,,Other substances,11-2018,Structure Image cannot be exported
Paricalcitol,,,,Other substances,10-2011,Structure Image cannot be exported
Paroxetine,,,,Antidepressants,11-1999,Structure Image cannot be exported
Passiflora,,,,Other,06-2010,Structure Image cannot be exported
Patchouli Oil,,,,Other substances,10-1998,Structure Image cannot be exported
Paxil,,,,Other substances,01-2001,Structure Image cannot be exported
Paynantheine,,"(aE,2S,3R,12bS)-3-ethenyl-1,2,3,4,6,7,12,12b-octahydro-8-methoxy-a-(methoxymethylene)-indolo[2,3-a]quinolizine-2-acetic acid, methyl ester",C23H28N2O4,Narcotic Analgesics,06-2023,Structure Image cannot be exported
Pazopanib,,,,Other substances,05-2014,Structure Image cannot be exported
Pellotine,,,,Hallucinogens,10-1998,Structure Image cannot be exported
Pemigatinib,,,,Other substances,10-2020,Structure Image cannot be exported
Pemoline,,,,Stimulants,10-1998,Structure Image cannot be exported
Penicillin,,,,Other substances,10-1998,Structure Image cannot be exported
Pentaerythritol,,,,Other substances,10-1998,Structure Image cannot be exported
Pentazocine,,,,Narcotic Analgesics,10-1998,Structure Image cannot be exported
Pentedrone,alpha-methylaminovalerophenone,2-(methylamino)-1-phenylpentan-1-one,C12H17NO,Synthetic Cathinones,11-2011,Structure Image cannot be exported
Pentobarbital,,,,Depressants and Tranquilizers,10-1998,Structure Image cannot be exported
Pentosan Polysulfate Sodium,,,,Other,06-2010,Structure Image cannot be exported
Pentoxifylline,,,,Other substances,12-1999,Structure Image cannot be exported
Pentoxyverine,,,,Other,10-2003,Structure Image cannot be exported
Pentylone,bk-MBDP,"1-(2H-1,3-benzodioxol-5-yl)-2-(methylamino)pentan-1-one",C13H17NO3,Synthetic Cathinones,11-2011,Structure Image cannot be exported
Peracetic Acid,,,,Other substances,10-1998,Structure Image cannot be exported
Perchloric Acid,,,,Other substances,10-1998,Structure Image cannot be exported
Pergolide,,,,Other,10-2003,Structure Image cannot be exported
Perindopril Erbumine,,,,Other substances,10-2013,Structure Image cannot be exported
Periwinkle,,,,Other substances,10-1998,Structure Image cannot be exported
Permethrin,,,,Other substances,06-2021,Structure Image cannot be exported
Peroxide,,,,Other substances,03-2006,Structure Image cannot be exported
Perphenazine,,,,Depressants and Tranquilizers,10-1998,Structure Image cannot be exported
Pethidine,,,,Narcotic Analgesics,06-2004,Structure Image cannot be exported
Petrichloral,,,,Depressants and Tranquilizers,10-1998,Structure Image cannot be exported
Petroleum Benzin,,,,Other substances,10-1998,Structure Image cannot be exported
Peyote,,,,Hallucinogens,10-1998,Structure Image cannot be exported
Phenacemide,,,,Other substances,10-1998,Structure Image cannot be exported
Phenacetin,,,,Analgesics,10-1998,Structure Image cannot be exported
Phenadoxone,,,,Narcotic Analgesics,10-1998,Structure Image cannot be exported
Phenaglycodol,,,,Depressants and Tranquilizers,10-1998,Structure Image cannot be exported
Phenallymal,,,,Depressants and Tranquilizers,10-1998,Structure Image cannot be exported
Phenampromide,,,,Narcotic Analgesics,10-1998,Structure Image cannot be exported
Phenazepam,,"7-bromo-5-(2-chlorophenyl)-1,3-dihydro-1,4-benzodiazepin-2-one",C15H10BrClN2O,Benzodiazepines,10-1998,Structure Image cannot be exported
Phenazocine,,,,Narcotic Analgesics,10-1998,Structure Image cannot be exported
Phenazolam,,"12-bromo-9-(2-chlorophenyl)-3-methyl-2,4,5,8-tetraazatricyclo[8.4.0.0²,⁶]tetradeca-1(10),3,5,8,11,13-hexaene",C17H12BrClN4,Benzodiazepines,09-2022,Structure Image cannot be exported
Phenazopyridine,,,,Other substances,02-2000,Structure Image cannot be exported
Phenazopyridine Hydrochloride,,,,Other,03-2006,Structure Image cannot be exported
Phendimetrazine,,,,Stimulants,10-1998,Structure Image cannot be exported
Phenelzine,,,,Antidepressants,06-2005,Structure Image cannot be exported
Phenethicillin,,,,Other,07-2003,Structure Image cannot be exported
Phenethyl 4-ANPP,,"N-phenyl-N,1-bis(2-phenylethyl)piperidin-4-amine",C27H32N2,Fentanyl and Fentanyl-related,05-2020,Structure Image cannot be exported
Phenethylamine,,phenethylamine,C8H11N,Phenethylamines,10-1998,Structure Image cannot be exported
Phenformin,,,,Other substances,11-2011,Structure Image cannot be exported
Phenibut,fenibut,4-amino-3-phenylbutyric acid,C10H13NO2,Other substances,06-2015,Structure Image cannot be exported
Pheniramine,,,,Other substances,10-2003,Structure Image cannot be exported
Phenmetrazine,,,,Stimulants,10-1998,Structure Image cannot be exported
Phenobarbital,,,,Depressants and Tranquilizers,10-1998,Structure Image cannot be exported
Phenol,,,,Other substances,10-1998,Structure Image cannot be exported
Phenolphthalin,,,,Other substances,10-1998,Structure Image cannot be exported
Phenomorphan,,,,Narcotics,10-1998,Structure Image cannot be exported
Phenoperidine,,,,Narcotic Analgesics,10-1998,Structure Image cannot be exported
Phenoxybenzamine,,,,Other substances,10-2011,Structure Image cannot be exported
Phenpromethamine,benzedrine,N-methyl-2-phenylpropan-1-amine,C10H15N,Phenethylamines (Amphetamines) (S),06-2019,Structure Image cannot be exported
Phensuximide,,,,Other substances,10-1998,Structure Image cannot be exported
Phentermine,,"1,1-dimethyl-2-phenylethylamine",C10H15N,Phenethylamines (Amphetamines) (S),10-1998,Structure Image cannot be exported
Phentolamine,,,,Other substances,11-2011,Structure Image cannot be exported
Phenyl Salicylate,,,,Other,08-2008,Structure Image cannot be exported
Phenyl fentanyl,benzoyl fentanyl,N-(1-phenethylpiperidin-4-yl)-N-phenylbenzamide,C26H28N2O,Fentanyl and Fentanyl-related,11-2017,Structure Image cannot be exported
Phenylacetic Acid,,,,Other substances,10-1998,Structure Image cannot be exported
Phenylacetonitrile,,,,Other substances,10-1998,Structure Image cannot be exported
Phenylalanine,,,,Other substances,10-1998,Structure Image cannot be exported
Phenylboronic acid,,,,Other substances,07-2019,Structure Image cannot be exported
Phenylbutazone,,,,Other substances,10-1998,Structure Image cannot be exported
Phenylephedrine,,,,Other substances,05-2011,Structure Image cannot be exported
Phenylephrine,,,,Other substances,07-2000,Structure Image cannot be exported
Phenylimidothiazole (undetermined isomer),,,,Other substances,07-2006,Structure Image cannot be exported
Phenyllithium,,,,Other substances,10-1998,Structure Image cannot be exported
Phenylmagnesium Bromide,,,,Other substances,10-1998,Structure Image cannot be exported
Phenylmorpholine,,,C10H13NO,Other substances,10-2022,Structure Image cannot be exported
Phenylpiracetam,,,,Other substances,03-2016,Structure Image cannot be exported
Phenylpropanoate,,,,Other substances,03-2000,Structure Image cannot be exported
Phenylpropanolamine,,2-amino-1-phenyl-1-propanol,C9H13NO,Phenethylamines (Amphetamines) (S),10-1998,Structure Image cannot be exported
Phenylthiocarbamide,,,,Other substances,06-2015,Structure Image cannot be exported
Phenyltoloxamine,,,,Other substances,12-1999,Structure Image cannot be exported
Phenyltrimethylammonium Hydroxide,,,,Other substances,10-1998,Structure Image cannot be exported
Phenytoin,,,,Other substances,10-1998,Structure Image cannot be exported
Phenytoin Sodium,,,,Other,08-2003,Structure Image cannot be exported
Phloroglucinol,,,,Other substances,06-2019,Structure Image cannot be exported
Pholcodine,,,,Narcotics,10-1998,Structure Image cannot be exported
Phosgene,,,,Other substances,10-1998,Structure Image cannot be exported
Phosphatidylserine,,,,Other substances,01-2022,Structure Image cannot be exported
Phosphoric Acid,,,,Other substances,10-1998,Structure Image cannot be exported
Phosphorus Pentachloride,,,,Other substances,10-1998,Structure Image cannot be exported
Phosphorus Pentoxide,,,,Other substances,10-1998,Structure Image cannot be exported
Phosphorus Tribromide,,,,Other substances,10-1998,Structure Image cannot be exported
Phosphorus Trichloride,,,,Other substances,10-1998,Structure Image cannot be exported
Phosphoryl Chloride,,,,Other substances,10-1998,Structure Image cannot be exported
Phytol,,,,Other,11-2012,Structure Image cannot be exported
Pibrentasvir,,,,Other substances,05-2020,Structure Image cannot be exported
Pilocarpine,,,,Other substances,08-2008,Structure Image cannot be exported
Piminodine,,,,Narcotic Analgesics,10-1998,Structure Image cannot be exported
Pimozide,,,,Other,07-2003,Structure Image cannot be exported
Pinazepam,,"7-chloro-5-phenyl-1-(prop-2-ynyl)-1,3-dihydro-1,4-benzodiazepin-2-one",C18H13ClN2O,Benzodiazepines,10-1998,Structure Image cannot be exported
Pindolol,,,,Other substances,08-2008,Structure Image cannot be exported
Pioglitazone,,,,Other,07-2003,Structure Image cannot be exported
Piperacetazine,,,,Depressants and Tranquilizers,10-1998,Structure Image cannot be exported
Piperazine,,piperazine,C4H10N2,Piperazines (Hallucinogen),02-2010,Structure Image cannot be exported
Piperidine,,piperidine,C5H11N,Other substances,10-1998,Structure Image cannot be exported
Piperidyls,,,,Other substances,10-1998,Structure Image cannot be exported
Piperidylthiambutene,piperidinohton,"1‐[4,4‐bis(thiophen‐2‐yl)but‐3‐en‐2‐yl]piperidine",C17H21NS2,Narcotic Analgesics,09-2019,Structure Image cannot be exported
Piperilate,,,,Depressants and Tranquilizers,10-1998,Structure Image cannot be exported
Piperocaine,,,,Other substances,10-1998,Structure Image cannot be exported
Piperonyl butoxide,,,,Other substances,05-2014,Structure Image cannot be exported
Pipradrol,,,,Stimulants,10-1998,Structure Image cannot be exported
Piracetam,,,,Other substances,12-1999,Structure Image cannot be exported
Piritramide,,,,Narcotic Analgesics,10-1998,Structure Image cannot be exported
Piroxicam,,,,Other substances,11-1999,Structure Image cannot be exported
Pitavastatin,,,,Other substances,05-2013,Structure Image cannot be exported
Platinum Chloride,,,,Other substances,10-1998,Structure Image cannot be exported
Platinum Oxide,,,,Other substances,10-1998,Structure Image cannot be exported
Plavix,,,,Other,10-2004,Structure Image cannot be exported
Plecanatide,,,,Other substances,01-2021,Structure Image cannot be exported
Podofilox,,,,Other,08-2004,Structure Image cannot be exported
Polyethylene Glycol,,,,Other,03-2008,Structure Image cannot be exported
Polyethylene Glycol-Mechano Growth Factor (PEG MGF),,,,Steroids,01-2014,Structure Image cannot be exported
Polyethylene oxide,,,,Other substances,12-2018,Structure Image cannot be exported
Polymyxin,,,,Other,08-2003,Structure Image cannot be exported
Polythiazide,,,,Other substances,02-2009,Structure Image cannot be exported
Potassium,,,,Other substances,02-2008,Structure Image cannot be exported
Potassium Carbonate,,,,Other substances,10-1998,Structure Image cannot be exported
Potassium Chlorate,,,,Other substances,05-2011,Structure Image cannot be exported
Potassium Citrate,,,,Other substances,08-2008,Structure Image cannot be exported
Potassium Cyanide,,,,Other substances,10-1998,Structure Image cannot be exported
Potassium Dichromate,,,,Other substances,07-2000,Structure Image cannot be exported
Potassium Guaiacolsulfonate,,,,Other substances,10-1998,Structure Image cannot be exported
Potassium Hydroxide,,,,Other substances,10-1998,Structure Image cannot be exported
Potassium Iodide,,,,Other substances,10-1998,Structure Image cannot be exported
Potassium Permanganate,,,,Other substances,10-1998,Structure Image cannot be exported
Potassium Phosphate,,,,Other substances,03-2006,Structure Image cannot be exported
Potassium nitrate,,,,Other substances,09-2019,Structure Image cannot be exported
Potassium-Tert-Butoxide,,,,Other substances,10-1998,Structure Image cannot be exported
Povidone,,,,Other,06-2014,Structure Image cannot be exported
Pramipexole,,,,Other,03-2008,Structure Image cannot be exported
Pramiracetam,Amacetam;CI-879,N-[2-[di(propan-2-yl)amino]ethyl]-2-(2-oxopyrrolidin-1-yl)acetamide,C14H27N3O2,Other substances,09-2023,Structure Image cannot be exported
Pramoxine,,,,Other substances,01-2001,Structure Image cannot be exported
Prasterone,,,,Other substances,11-1999,Structure Image cannot be exported
Prasugrel,,,,Other substances,10-2015,Structure Image cannot be exported
Pravadoline,"WIN 48,098",3-(4-methoxyphenyl)-2-methyl-1-[(2-(4-morpholinyl)ethyl)-1H-indol-3-yl]-methanone,C23H26N2O3,Synthetic Cannabinoids,07-2011,Structure Image cannot be exported
Pravastatin,,,,Other,10-2003,Structure Image cannot be exported
Pravastatin Sodium,,,,Other,02-2004,Structure Image cannot be exported
Prazepam,,"7-chloro-1-(cyclopropylmethyl)-5-phenyl-1,3-dihydro-1,4-benzodiazepin-2-one",C19H17ClN2O,Benzodiazepines,10-1998,Structure Image cannot be exported
Praziquantel,,,,Other,02-2009,Structure Image cannot be exported
Prazosin,,,,Other,08-2003,Structure Image cannot be exported
Prednisone,,,,Other substances,02-2000,Structure Image cannot be exported
Pregabalin,,,,Depressants and Tranquilizers,03-2006,Structure Image cannot be exported
Pregnenolone,,,,Other substances,05-2007,Structure Image cannot be exported
Prenatal Mtr/Selenium,,,,Other,08-2008,Structure Image cannot be exported
Prilocaine,,N-2-methylphenyl-2-(propylamino)propionamide,C13H20N2O,Other substances,07-2008,Structure Image cannot be exported
Primaquine,,,,Other,01-2010,Structure Image cannot be exported
Primidone,,,,Other substances,09-2000,Structure Image cannot be exported
Probarbital,,,,Depressants and Tranquilizers,10-1998,Structure Image cannot be exported
Probenecid,,,,Other,10-2003,Structure Image cannot be exported
Procainamide Hcl,,,,Other,02-2006,Structure Image cannot be exported
Procaine,novocaine,2-(diethylamino)ethyl 4-aminobenzoate,C13H20N2O2,Other substances,10-1998,Structure Image cannot be exported
Prochlorperazine,,,,Depressants and Tranquilizers,10-1998,Structure Image cannot be exported
Procyclidine Hcl,,,,Other substances,05-2011,Structure Image cannot be exported
Progesterone,,,,Other substances,11-1999,Structure Image cannot be exported
Proguanil,,,,Other substances,04-2011,Structure Image cannot be exported
Proheptazine,,,,Narcotic Analgesics,10-1998,Structure Image cannot be exported
Promazine,,,,Depressants and Tranquilizers,10-1998,Structure Image cannot be exported
Promethazine,,,,Other substances,10-1998,Structure Image cannot be exported
Promoxolane,,,,Depressants and Tranquilizers,10-1998,Structure Image cannot be exported
Propafenone,,,,Other,06-2010,Structure Image cannot be exported
Propallylonal,,,,Depressants and Tranquilizers,10-1998,Structure Image cannot be exported
Propanamine,,,,Other substances,01-2005,Structure Image cannot be exported
Proparacaine,proxymetacaine,2-(diethylamino)ethyl 3-amino-4-propoxybenzoate,C16H26N2O3,Other substances,05-2016,Structure Image cannot be exported
Properidine,,,,Narcotic Analgesics,10-1998,Structure Image cannot be exported
Propionic Anhydride,,,,Other substances,10-1998,Structure Image cannot be exported
Propionyl Chloride,,,,Other substances,10-1998,Structure Image cannot be exported
Propiophenone,,propiophenone,C9H10O,Other substances,10-1998,Structure Image cannot be exported
Propiram,,,,Narcotic Analgesics,10-1998,Structure Image cannot be exported
Propofol,,,,Depressants and Tranquilizers,07-2000,Structure Image cannot be exported
Propoxyphene,,,,Narcotic Analgesics,10-1998,Structure Image cannot be exported
Propranolol,,,,Other substances,10-1998,Structure Image cannot be exported
Propylene Glycol,,,,Other,06-2010,Structure Image cannot be exported
Propylene Oxide,,,,Other substances,10-1998,Structure Image cannot be exported
Propylhexedrine,,N-methyl(2-cyclohexyl-1-methylethyl)amine,C10H21N,Phenethylamines (Other) (S),10-1998,Structure Image cannot be exported
Propylone,"3',4'-methylenedioxy-N-propylaminocathinone","1-(2H-1,3-benzodioxol-5-yl)-2-(propylamino)propan-1-one",C13H17NO3,Synthetic Cathinones,05-2017,Structure Image cannot be exported
Propylthiouracil,,,,Other,07-2008,Structure Image cannot be exported
Proscaline,"4-propoxy-3,5-DMPEA;4-propoxy-3,5-dimethoxyphenethylamine","2-(3,5-dimethoxy-4-propoxyphenyl)ethylamine",C13H21NO3,Phenethylamines (Other) (H),03-2015,Structure Image cannot be exported
Prothipendyl,,,,Depressants and Tranquilizers,10-1998,Structure Image cannot be exported
Protodesnitazene,,"N,N-diethyl-2-[2-[(4-propoxyphenyl)methyl]benzimidazol-1-yl]ethanamine",C23H31N3O,Narcotic Analgesics,03-2025,Structure Image cannot be exported
Protonitazene,pronitazene,"N,N-diethyl-2-(5-nitro-2-(4-propoxybenzyl)-1H-benzimidazol-1-yl)ethan-1-amine",C23H30N4O3,Narcotic Analgesics,06-2021,Structure Image cannot be exported
Protriptyline,,,,Stimulants,10-1998,Structure Image cannot be exported
Prozac,,,,Other substances,11-2000,Structure Image cannot be exported
Pseudococaine,,methyl (3S)-3-benzoyloxy-8-methyl-8-azabicyclo[3.2.1]octane-2-carboxylate,C17H21NO4,Cocaine Alkaloids,10-1998,Structure Image cannot be exported
Pseudoephedrine,,,,Other substances,10-1998,Structure Image cannot be exported
Pseudoephedrine Sulfate,,,,Other substances,07-2003,Structure Image cannot be exported
Pseudomorphine,,,,Narcotics,10-1998,Structure Image cannot be exported
Psilocin,,,,Psychedelics,10-1998,Structure Image cannot be exported
Psilocybin,,,,Psychedelics,10-1998,Structure Image cannot be exported
Pterostilbene,trans-pterostilbene,"4-[(1E)-2-(3,5-Dimethoxyphenyl)ethenyl]phenol",C16H16O3,Other substances,03-2023,Structure Image cannot be exported
Pyrantel Pamoate,,,,Other substances,08-2008,Structure Image cannot be exported
Pyrazinamide,,,,Other substances,08-2008,Structure Image cannot be exported
Pyrazolam,,"8-bromo-1-methyl-6-(2-pyridinyl)-4H-[1,2,4]triazolo[4,3-a][1,4]benzodiazepine",C16H12BrN5,Benzodiazepines,09-2019,Structure Image cannot be exported
Pyridine,,,,Other substances,10-1998,Structure Image cannot be exported
Pyridostigmine,,,,Other,10-2003,Structure Image cannot be exported
Pyridoxal-5-Phosphate,,,,Other substances,11-2011,Structure Image cannot be exported
Pyridoxine,,,,Other substances,10-1998,Structure Image cannot be exported
Pyrilamine,,,,Other substances,10-1998,Structure Image cannot be exported
Pyrimethamine,,,,Other substances,06-2020,Structure Image cannot be exported
Pyrithyldione,,,,Depressants and Tranquilizers,10-1998,Structure Image cannot be exported
Pyrovalerone,,1-(4-methylphenyl)-2-(pyrrolidin-1-yl)pentan-1-one,C16H23NO,Synthetic Cathinones,10-1998,Structure Image cannot be exported
Pyrrobutamine,,,,Other substances,07-2003,Structure Image cannot be exported
Pyrrole,,,,Other substances,10-1998,Structure Image cannot be exported
Pyrrolidine,,,,Other substances,10-1998,Structure Image cannot be exported
Quazepam,,"7-chloro-5-(2-fluorophenyl)-1-(2,2,2-trifluoroethyl)-1,3-dihydro-1,4-benzodiazepine-2-thione",C17H11ClF4N2S,Benzodiazepines,10-1998,Structure Image cannot be exported
Quetiapine,,,,Other substances,01-2001,Structure Image cannot be exported
Quinapril,,,,Other,10-2003,Structure Image cannot be exported
Quinidine,,,,Other substances,10-1998,Structure Image cannot be exported
Quinine,,,,Other substances,10-1998,Structure Image cannot be exported
Quinine/Quinidine,,,,Other substances,08-2015,Structure Image cannot be exported
RCS-4,SR-19,1-pentyl-3-(4-methoxybenzoyl)indole,C21H23NO2,Synthetic Cannabinoids,04-2011,Structure Image cannot be exported
RCS-4 C4 homolog,,1-butyl-3-(4-methoxybenzoyl)indole,C20H21NO2,Synthetic Cannabinoids,06-2012,Structure Image cannot be exported
RCS-8,SR-18,1-(2-cyclohexylethyl)-3-(2-methoxyphenylacetyl)indole,C25H29NO2,Synthetic Cannabinoids,04-2011,Structure Image cannot be exported
RH-34,,"3-{2-[(2-methoxybenzyl)amino]ethyl}quinazoline-2,4(1H,3H)-dione",,Other substances,01-2020,Structure Image cannot be exported
RU-58841,,,,Other substances,06-2018,Structure Image cannot be exported
Rabeprazole Sodium,,,,Other,07-2003,Structure Image cannot be exported
Racemoramide,,,,Narcotic Analgesics,10-1998,Structure Image cannot be exported
Racemorphan,,,,Narcotic Analgesics,10-1998,Structure Image cannot be exported
Racephedrine Salt Undetermined (Di Ephedrine),,,,Other substances,07-2006,Structure Image cannot be exported
Raltegravir (Mk-0518),,,,Other substances,04-2011,Structure Image cannot be exported
Ramelteon,,,,Depressants and Tranquilizers,03-2006,Structure Image cannot be exported
Ramipril,,,,Other,07-2003,Structure Image cannot be exported
Raney Nickel,,,,Other substances,10-1998,Structure Image cannot be exported
Ranitidine,,,,Other substances,09-2005,Structure Image cannot be exported
Ranitidine Hydrochloride,,,,Other substances,11-2006,Structure Image cannot be exported
Ranolazine,,,,Other substances,05-2014,Structure Image cannot be exported
Raspberry ketone,,,,Other,10-2012,Structure Image cannot be exported
Relafen,,,,Other substances,01-2001,Structure Image cannot be exported
Remifemin,,,,Other substances,03-2006,Structure Image cannot be exported
Remifentanil,,methyl 4-(N-phenylpropionylamino)-1-(2-methoxycarbonylethyl)piperidine-4-carboxylate,C20H28N2O5,Fentanyl and Fentanyl-related,10-1998,Structure Image cannot be exported
Renax,,,,Other substances,06-2010,Structure Image cannot be exported
Repaglinide,,,,Other substances,04-2011,Structure Image cannot be exported
Reserpine,,,,Other substances,01-2001,Structure Image cannot be exported
Resveratrol,,,,Other substances,05-2017,Structure Image cannot be exported
Retapamulin,,,,Other,06-2010,Structure Image cannot be exported
Ribavirin,,,,Other,07-2003,Structure Image cannot be exported
Riboflavin,,,,Other substances,03-2006,Structure Image cannot be exported
Rifampin,,,,Other,07-2008,Structure Image cannot be exported
Rifaximin,,,,Other substances,04-2011,Structure Image cannot be exported
Rilmazolam,,"8-chloro-6-(2-chlorophenyl)-N,N-dimethyl-4H-[1,2,4]triazolo[1,5-a][1,4]benzodiazepine-2-carboxamide",C19H15Cl2N5O,Benzodiazepines,05-2025,Structure Image cannot be exported
Rilpivirine,,,,Other substances,06-2015,Structure Image cannot be exported
Rimantadine,,,,Other substances,07-2000,Structure Image cannot be exported
Risedronate,,,,Other substances,10-2012,Structure Image cannot be exported
Risperidone,,,,Other substances,07-2003,Structure Image cannot be exported
Ritonavir,,,,Other,07-2005,Structure Image cannot be exported
Rivaroxaban,,,,Other substances,05-2014,Structure Image cannot be exported
Rivastigmine,,,,Other substances,06-2019,Structure Image cannot be exported
Rizatriptan,,,,Other,09-2003,Structure Image cannot be exported
Robaxin,,,,Other,08-2003,Structure Image cannot be exported
Rocuronium,,,,Other substances,03-2016,Structure Image cannot be exported
Rofecoxib,,,,Analgesics,05-2000,Structure Image cannot be exported
Roflumilast,,,,Other,10-2012,Structure Image cannot be exported
Rolicyclidine,,,,Other substances,10-1998,Structure Image cannot be exported
Ropinirole,,,,Other,03-2006,Structure Image cannot be exported
Ropivacaine,,"N-2,6-dimethylphenyl-(S)-1-propylpiperidine-2-carboxamide",C17H26N2O,Other substances,11-2011,Structure Image cannot be exported
Rosiglitazone Maleate,,,,Other,01-2004,Structure Image cannot be exported
Rosuvastatin,,,,Other substances,03-2006,Structure Image cannot be exported
Rufinamide,,"1-[(2,6-difluorophenyl)methyl]-1H-1,2,3-triazole-4-carboxamide",C10H8F2N4O,Other substances,06-2021,Structure Image cannot be exported
S-23,,,,Other substances,01-2020,Structure Image cannot be exported
SAM,,,,Other,08-2008,Structure Image cannot be exported
SDB-005,,naphthalen-1-yl 1-pentyl-1H-indazole-3-carboxylate,C23H22N2O2,Synthetic Cannabinoids,12-2014,Structure Image cannot be exported
SDB-006,,N-benzyl-1-pentyl-1H-indole-3-carboxamide,C21H24N2O,Synthetic Cannabinoids,12-2014,Structure Image cannot be exported
SDB-006 N-phenyl analog,,N-phenyl-1-pentylindole-3-carboxamide,C20H22N2O,Synthetic Cannabinoids,12-2014,Structure Image cannot be exported
"SR 17018 (5,6-Dichloro Desmethylchlorphine)","5,6-Dichloro Desmethylchlorphine;5,6-dichloro-1-[1-[(4-chlorophenyl)methyl]-4-piperidinyl]-1,3-dihydro-2H-benzimidazol-2-one","5,6-dichloro-3-[1-[(4-chlorophenyl)methyl]piperidin-4-yl]-1H-benzimidazol-2-one",C19H18Cl3N3O,Narcotic Analgesics,12-2025,Structure Image cannot be exported
STS-135,5-fluoro-APICA;5F-APICA,N-(1-adamantyl)-1-(5-fluoropentyl)-1H-indole-3-carboxamide,C24H31FN2O,Synthetic Cannabinoids,09-2012,Structure Image cannot be exported
Saccharic acid,,,,Other,06-2010,Structure Image cannot be exported
Saccharomyces Boulardii,,,,Other substances,12-2018,Structure Image cannot be exported
Sacubitril,,,,Other substances,02-2018,Structure Image cannot be exported
Safrole,,,,Other substances,10-1998,Structure Image cannot be exported
Salicylamide,,,,Analgesics,10-1998,Structure Image cannot be exported
Salmeterol,,,,Other,08-2004,Structure Image cannot be exported
Salsalate,,,,Analgesics,12-2001,Structure Image cannot be exported
Salvia Divinorum,,,,Psychedelics,05-2008,Structure Image cannot be exported
Salvinorin-A,,,,Psychedelics,03-2006,Structure Image cannot be exported
Saquinavir,,,,Other,10-2004,Structure Image cannot be exported
Saquinavir Mesylate,,,,Other substances,05-2000,Structure Image cannot be exported
Savaysa (Edoxaban),Edoxaban,"N'-(5-chloropyridin-2-yl)-N-[(1S,2R,4S)-4-(dimethylcarbamoyl)-2-[(5-methyl-6,7-dihydro-4H-[1,3]thiazolo[5,4-c]pyridine-2-carbonyl)amino]cyclohexyl]oxamide",C24H30ClN7O4S,Other,08-2025,Structure Image cannot be exported
Saxagliptin,,,,Other substances,06-2016,Structure Image cannot be exported
Scopolamine,,,,Other substances,10-1998,Structure Image cannot be exported
Secnidazole,,,,Other,06-2010,Structure Image cannot be exported
Secobarbital,,,,Depressants and Tranquilizers,10-1998,Structure Image cannot be exported
Selegiline,,,,Other,07-2003,Structure Image cannot be exported
Selenium,,,,Other substances,10-2023,Structure Image cannot be exported
Selenium Oxide,,,,Other substances,10-1998,Structure Image cannot be exported
Selexipag,Uptravi,,C26H32N4O4S,Other substances,10-2022,Structure Image cannot be exported
Senna Concentrate,,,,Other substances,08-2008,Structure Image cannot be exported
Sertraline,,,,Antidepressants,11-1999,Structure Image cannot be exported
Sevelamer,,,,Other substances,12-2004,Structure Image cannot be exported
Sevoflurane,,,,Other substances,06-2012,Structure Image cannot be exported
Sibutramine,,,,Stimulants,12-1999,Structure Image cannot be exported
Sildenafil Citrate (Viagra),,,,Other substances,11-1999,Structure Image cannot be exported
Silodosin,,,,Other substances,03-2018,Structure Image cannot be exported
Silver nitrate,,,,Other substances,06-2015,Structure Image cannot be exported
Silybum marianum,,,,Other substances,05-2018,Structure Image cannot be exported
Simethicone,,,,Other substances,03-2006,Structure Image cannot be exported
Simvastatin,,,,Other substances,07-2000,Structure Image cannot be exported
Singulair,,,,Other,02-2004,Structure Image cannot be exported
Sitagliptin,,,,Other substances,08-2008,Structure Image cannot be exported
Sitosterol,,,,Other substances,10-2011,Structure Image cannot be exported
Skelaxin,,,,Other substances,01-2001,Structure Image cannot be exported
Sodium Fluoride,,,,Other substances,08-2008,Structure Image cannot be exported
Sodium Hypophosphite,,,,Other substances,03-2008,Structure Image cannot be exported
Sodium Phosphate Monobasic,,,,Other substances,07-2008,Structure Image cannot be exported
Sodium Salicylate,,,,Analgesics,10-1998,Structure Image cannot be exported
Sofosbuvir,,,,Other substances,03-2018,Structure Image cannot be exported
Solifenacin Succinate,,,,Other,07-2008,Structure Image cannot be exported
Solriamfetol,Sunosi,[(2R)-2-amino-3-phenylpropyl] carbamate,C10H14N2O2,Other substances,12-2024,Structure Image cannot be exported
Somatropin,,,,Other substances,10-2003,Structure Image cannot be exported
Sorbitol,,,,Other,08-2004,Structure Image cannot be exported
Soriatane,,,,Other substances,11-2011,Structure Image cannot be exported
Sotalol,,,,Other,06-2010,Structure Image cannot be exported
Spiramycin,,,,Other substances,06-2019,Structure Image cannot be exported
Spirochlorphine (R-6890),R-6890,"8-[1-(4-chlorophenyl)ethyl]-1-phenyl-1,3,8-triazaspiro[4.5]decan-4-one",C21H24ClN3O,Narcotic Analgesics,06-2025,Structure Image cannot be exported
Spironolactone,,,,Other substances,01-2001,Structure Image cannot be exported
Stanolone,,,,Steroids,10-1998,Structure Image cannot be exported
Stanozolol,,,,Steroids,10-1998,Structure Image cannot be exported
Stavudine,,,,Other substances,05-2000,Structure Image cannot be exported
Stenbolone,,,,Steroids,07-2006,Structure Image cannot be exported
Stigmasterol,,,,Other substances,07-2008,Structure Image cannot be exported
Strychnine,,,,Stimulants,10-1998,Structure Image cannot be exported
Styramate,,,,Other substances,10-1998,Structure Image cannot be exported
Succinaldehyde,,,,Other substances,10-1998,Structure Image cannot be exported
Succinamide,,,,Other substances,06-2018,Structure Image cannot be exported
Succinylcholine Chloride,,,,Other,01-2004,Structure Image cannot be exported
Sucralfate,,,,Other substances,04-2001,Structure Image cannot be exported
Sufentanil,,N-{4-(methoxymethyl)-1-[2-(thien-2-yl)ethyl]piperid-4-yl}-N-phenyl-propionamide,C22H30N2O2S,Fentanyl and Fentanyl-related,10-1998,Structure Image cannot be exported
Sulbutiamine,,,,Other substances,06-2014,Structure Image cannot be exported
Sulcralfate,,,,Other substances,04-2011,Structure Image cannot be exported
Sulfacetamide,,,,Other substances,02-2003,Structure Image cannot be exported
Sulfadiazine,,,,Other substances,04-2011,Structure Image cannot be exported
Sulfadimethoxine,,,,Other,03-2008,Structure Image cannot be exported
Sulfadimidine,,,,Other substances,10-2012,Structure Image cannot be exported
Sulfamethoxazole,,,,Other substances,10-1998,Structure Image cannot be exported
Sulfanilamide,,,,Other substances,02-2018,Structure Image cannot be exported
Sulfapyridine,,,,Other,07-2003,Structure Image cannot be exported
Sulfasalazine,,,,Other,02-2006,Structure Image cannot be exported
Sulfathiazole,,,,Other substances,06-2018,Structure Image cannot be exported
Sulfisoxazole,,,,Other substances,10-2000,Structure Image cannot be exported
Sulfondiethylmethane,,,,Depressants and Tranquilizers,10-1998,Structure Image cannot be exported
Sulfonethylmethane,,,,Depressants and Tranquilizers,10-1998,Structure Image cannot be exported
Sulfonic Acid,,,,Other substances,10-1998,Structure Image cannot be exported
Sulfonmethane,,,,Depressants and Tranquilizers,10-1998,Structure Image cannot be exported
Sulfur Trioxide,,,,Other substances,10-1998,Structure Image cannot be exported
Sulindac,,,,Analgesics,11-1999,Structure Image cannot be exported
Sumatriptan,,,,Other substances,08-2001,Structure Image cannot be exported
Sunifiram,,,,Other substances,06-2018,Structure Image cannot be exported
Suvorexant,,,,Other substances,05-2016,Structure Image cannot be exported
Synephrine (Oxedrine),,,,Other substances,01-2009,Structure Image cannot be exported
Synthelamin,,,,Other,07-2010,Structure Image cannot be exported
TETRAFLUORO-4-HYDROXYBENZOIC ACID,,,,Other substances,02-2012,Structure Image cannot be exported
TH-PBP,"3',4'-tetramethylene-alpha-PBP;3',4'-tetramethylene-alpha-pyrrolidinobutiophenone","2-(pyrrolidin-1-yl)-1-(5,6,7,8-tetrahydronaphthalen-2-yl)butan-1-one",C18H25NO,Synthetic Cathinones,12-2017,Structure Image cannot be exported
TH-PVP,"3',4'-tetramethylene-alpha-PVP;3',4'-tetramethylene-alpha-pyrrolidinopentiophenone;3',4'-tetramethylene-alpha-pyrrolidinovalerophenone","2-(pyrrolidin-1-yl)-1-(5,6,7,8-tetrahydronaphth-2-yl)pentan-1-one",C19H27NO,Synthetic Cathinones,03-2016,Structure Image cannot be exported
THC-COOH,,,,Cannabinoids,09-2020,Structure Image cannot be exported
THC-OH,,,,Cannabinoids,09-2020,Structure Image cannot be exported
THJ-018,JWH-018 indazole analog,1-pentyl-1H-indazol-3-yl(naphthalen-1-yl)methanone,C23H22N2O,Synthetic Cannabinoids,06-2015,Structure Image cannot be exported
THJ-2201,5-fluoropentyl JWH-018 indazole analog;5F-THJ-018;AM2201 indazole analog,(1-(5-fluoropentyl)-1H-indazol-3-yl)(naphthalen-1-yl)methanone,C23H21FN2O,Synthetic Cannabinoids,05-2014,Structure Image cannot be exported
TMA,"3,4,5-trimethoxyamphetamine","3,4,5-trimethoxyamphetamine",C12H19NO3,Phenethylamines (Amphetamines) (H),10-1998,Structure Image cannot be exported
TMA-2,"2,4,5-trimethoxyamphetamine","2,4,5-trimethoxyamphetamine",C12H19NO3,Phenethylamines (Amphetamines) (H),07-2006,Structure Image cannot be exported
TMA-6,"2,4,6-trimethoxyamphetamine","2,4,6-trimethoxyamphetamine",C12H19NO3,Phenethylamines (Amphetamines) (H),11-2011,Structure Image cannot be exported
Tacrolimus,,,,Other,07-2008,Structure Image cannot be exported
Tadalafil,,,,Other substances,03-2004,Structure Image cannot be exported
Talbutal,,,,Depressants and Tranquilizers,10-1998,Structure Image cannot be exported
Tamoxifen,,,,Other substances,10-1998,Structure Image cannot be exported
Tamsulosin,,,,Other substances,03-2004,Structure Image cannot be exported
Tapentadol,,,,Narcotic Analgesics,06-2010,Structure Image cannot be exported
Taraxasterol,,,,Other substances,04-2011,Structure Image cannot be exported
Taurine,,,,Other,11-2012,Structure Image cannot be exported
Tegaserod Maleate,,,,Other substances,07-2008,Structure Image cannot be exported
Telaprevir,,,,Other substances,11-2013,Structure Image cannot be exported
Telithromycin,,,,Other substances,03-2005,Structure Image cannot be exported
Tellurium Dioxide,,,,Other substances,06-2012,Structure Image cannot be exported
Telmisartan,,,,Other substances,10-2011,Structure Image cannot be exported
Temazepam,,"7-chloro-3-hydroxy-1-methyl-5-phenyl-1,3-dihydro-1,4-benzodiazepin-2-one",C16H13ClN2O2,Benzodiazepines,10-1998,Structure Image cannot be exported
Tenocyclidine,,,,Other substances,10-1998,Structure Image cannot be exported
Tenofovir,,,,Other,02-2018,Structure Image cannot be exported
Tenofovir Alafenamide,,,,Other,02-2018,Structure Image cannot be exported
Tenofovir Disoproxil,,,,Other,08-2004,Structure Image cannot be exported
Terazosin,,,,Other substances,07-2003,Structure Image cannot be exported
Terbinafine,,,,Other,01-2005,Structure Image cannot be exported
Terbutaline,,,,Other substances,07-2003,Structure Image cannot be exported
Terbutaline Sulfate,,,,Other substances,08-2004,Structure Image cannot be exported
Terfenadine,,,,Other substances,05-2000,Structure Image cannot be exported
Terpin Hydrate,,,,Other substances,04-2011,Structure Image cannot be exported
Terpinolene,,,,Other substances,07-2019,Structure Image cannot be exported
Testolactone,,,,Steroids,10-1998,Structure Image cannot be exported
Testolone,RAD140,"2-chloro-4-({1-[5-(4-cyanophenyl)-1,3,4-oxadiazol-2-yl]-2-hydroxypropyl}amino)-3-methylbenzonitrile",C20H16ClN5O2,Other substances,12-2018,Structure Image cannot be exported
Testoprim,,,,Other substances,08-2008,Structure Image cannot be exported
Testosterone,,,,Steroids,10-1998,Structure Image cannot be exported
Tetracaine,,2-(dimethylamino)ethyl 4-(butylamino)benzoate,C15H24N2O2,Other substances,10-1998,Structure Image cannot be exported
Tetracycline,,,,Other substances,11-1999,Structure Image cannot be exported
Tetrahydrocannabinol (Synthetic),,,,Cannabinoids,10-1998,Structure Image cannot be exported
Tetrahydrocannabinol acetate,THC acetate,,C23H32O3,Cannabinoids,03-2023,Structure Image cannot be exported
Tetrahydrocannabinolic acid A,,,,Cannabinoids,05-2017,Structure Image cannot be exported
Tetrahydrocannabinols,,,,Cannabinoids,06-2004,Structure Image cannot be exported
Tetrahydrocannabivarin,THCV;delta-9-THCV,,C19H26O2,Cannabinoids,11-2022,Structure Image cannot be exported
Tetrahydrofuran,,,,Other substances,10-1998,Structure Image cannot be exported
Tetrahydrofuranyl fentanyl,THF-fentanyl;tetrahydrofuran fentanyl,N-(1-phenethylpiperidin-4-yl)-N-phenyltetrahydrofuran-2-carboxamide,C24H30N2O2,Fentanyl and Fentanyl-related,05-2017,Structure Image cannot be exported
Tetrahydrogestrinone,,,,Steroids,07-2006,Structure Image cannot be exported
Tetrahydropalmatine (THP),,,,Other substances,08-2012,Structure Image cannot be exported
Tetrahydrothebaine,,,,Narcotic Analgesics,10-1998,Structure Image cannot be exported
Tetrahydrothiofuranyl fentanyl,tetrahydrothiophene fentanyl,N-(1-phenethylpiperidin-4-yl)-N-phenyltetrahydrothiophene-2-carboxamide,C24H30N2OS,Fentanyl and Fentanyl-related,01-2022,Structure Image cannot be exported
Tetrahydrozoline,,,,Other substances,04-2002,Structure Image cannot be exported
Tetramethrin,,"(1,3‐dioxo‐2,3,4,5,6,7‐hexahydro‐1H‐isoindol‐2‐yl)methyl 2,2‐dimethyl‐3‐(2‐methylprop‐1‐en‐1‐yl)cyclopropane‐1‐carboxylate",C19H25NO4,Other substances,01-2022,Structure Image cannot be exported
Tetramethyl norfentanyl,"2,2,6,6-Tetramethyl norfentanyl;TMNF","N-phenyl-N-(2,2,6,6-tetramethylpiperidin-4-yl)propionamide",C18H28N2O,Fentanyl and Fentanyl-related,01-2026,Structure Image cannot be exported
Tetramisole,,,,Other substances,07-2006,Structure Image cannot be exported
Tetranitromethane,,,,Other substances,10-1998,Structure Image cannot be exported
Tetrazepam,,"7-chloro-5-(cyclohex-1-en-1-yl)-1-methyl-1,3-dihydro-1,4-benzodiazepin-2-one",C16H17ClN2O,Benzodiazepines,10-1998,Structure Image cannot be exported
Thalidomide,,,,Other,02-2006,Structure Image cannot be exported
Thallium Nitrate,,,,Other substances,10-1998,Structure Image cannot be exported
Theacrine,,"1,3,7,9-tetramethyl-1,3,7,9-tetrahydropurine-2,6,8-trione",C9H12N4O3,Other substances,05-2022,Structure Image cannot be exported
Thebacon,,,,Narcotic Analgesics,10-1998,Structure Image cannot be exported
Thebaine,,,,Narcotic Analgesics,10-1998,Structure Image cannot be exported
Thenylfentanyl,,N-(1-((thien-2-yl)methyl)piperidin-4-yl)-N-phenylpropionamide,C19H24N2OS,Fentanyl and Fentanyl-related,10-1998,Structure Image cannot be exported
Theobromine,,,,Stimulants,10-1998,Structure Image cannot be exported
Theophylline,,,,Other substances,10-1998,Structure Image cannot be exported
Theramine,,,,Other substances,09-2019,Structure Image cannot be exported
Thialbarbital,,,,Depressants and Tranquilizers,10-1998,Structure Image cannot be exported
Thiamine,,,,Other substances,10-1998,Structure Image cannot be exported
Thiamylal,,,,Depressants and Tranquilizers,10-1998,Structure Image cannot be exported
Thiobarbital,,,,Depressants and Tranquilizers,10-1998,Structure Image cannot be exported
Thiofentanyl,,N-(1-(2-(thien-2-yl)ethyl)piperidin-4-yl)-N-phenylpropionamide,C20H26N2OS,Fentanyl and Fentanyl-related,10-1998,Structure Image cannot be exported
Thiofuranyl fentanyl,2-thiofuranyl fentanyl;2-thiophenoyl fentanyl;thiophene fentanyl,N-(1-phenethylpiperidin-4-yl)-N-phenylthiophene-2-carboxamide,C24H26N2OS,Fentanyl and Fentanyl-related,02-2018,Structure Image cannot be exported
Thionyl Chloride,,,,Other substances,10-1998,Structure Image cannot be exported
Thiopental,,,,Depressants and Tranquilizers,10-1998,Structure Image cannot be exported
Thiopropazate,,,,Depressants and Tranquilizers,10-1998,Structure Image cannot be exported
Thioridazine,,,,Depressants and Tranquilizers,10-1998,Structure Image cannot be exported
Thiosildenafil,,,,Other substances,06-2014,Structure Image cannot be exported
Thiothixene,,,,Depressants and Tranquilizers,10-1998,Structure Image cannot be exported
Thonzylamine,,,,Other substances,10-1998,Structure Image cannot be exported
Thorium Nitrate,,,,Other substances,10-1998,Structure Image cannot be exported
Thymol,,,,Other substances,05-2018,Structure Image cannot be exported
Thymosin,,Thymosin,,Stimulants,11-2019,Structure Image cannot be exported
Thyroxine,,,,Other,09-2003,Structure Image cannot be exported
Tiagabine,,,,Other substances,02-2004,Structure Image cannot be exported
Tiagabine Hydrochloride,,,,Other substances,03-2004,Structure Image cannot be exported
Tianeptine,,"7-[(3-chloro-6-methyl-5,5-dioxo-11H-benzo[c][2,1]benzothiazepin-11-yl)amino]heptanoic acid",C21H25ClN2O4S,Antidepressants,06-2018,Structure Image cannot be exported
Tiaprofenic Acid,,,,Other substances,06-2016,Structure Image cannot be exported
Ticagrelor,,,,Other substances,03-2018,Structure Image cannot be exported
Ticlopidine,,,,Other,10-2023,Structure Image cannot be exported
Tiletamine,,,,Other substances,10-1998,Structure Image cannot be exported
Tiletamine/Zolazepam Combos,,,,Other substances,10-1998,Structure Image cannot be exported
Tilidine,,,,Narcotic Analgesics,10-1998,Structure Image cannot be exported
Timolol,,,,Other,08-2004,Structure Image cannot be exported
Tinidazole,,,,Other substances,02-2018,Structure Image cannot be exported
Tiotropium Bromide Monohydrate,,,,Other,08-2008,Structure Image cannot be exported
Tizanidine,"5-Chloro-4-(2-imidazolin-2-ylamino)-2,1,3-benzothiadiazole;Ontralfy;Zanaflex","5-chloro-N-(4,5-dihydro-1H-imidazol-2-yl)-2,1,3-benzothiadiazol-4-amine",C9H8N5ClS,Other substances,07-2000,Structure Image cannot be exported
Tobramycin,,,,Other,01-2009,Structure Image cannot be exported
Tocopherol,,,,Other,10-2012,Structure Image cannot be exported
Tolazamide,,,,Other,03-2008,Structure Image cannot be exported
Tolmetin,,,,Analgesics,02-2000,Structure Image cannot be exported
Tolmetin Sodium,,,,Other,06-2005,Structure Image cannot be exported
Tolnaftate,,,,Other,05-2020,Structure Image cannot be exported
Tolperisone,,2-methyl-1-(4-methylphenyl)-3-(piperid-1-yl)propan-1-one,C16H23NO,Piperidines/PEA,05-2017,Structure Image cannot be exported
Tolterodine,,,,Other,10-2003,Structure Image cannot be exported
Toltrazuril,,,,Other substances,05-2013,Structure Image cannot be exported
Tonalid,,,,Other,10-2012,Structure Image cannot be exported
Topiramate,,,,Other substances,04-2001,Structure Image cannot be exported
Toremifene,,,,Other,06-2010,Structure Image cannot be exported
Torsemide,,,,Other substances,05-2018,Structure Image cannot be exported
Tramadol,,,,Narcotic Analgesics,11-1999,Structure Image cannot be exported
Trandolapril,,,,Other,02-2004,Structure Image cannot be exported
Tranexamic acid,,,,Other substances,05-2018,Structure Image cannot be exported
Trazodone,,,,Antidepressants,11-1999,Structure Image cannot be exported
Trenbolone,,,,Steroids,10-1998,Structure Image cannot be exported
Trendione,,,,Steroids,11-2017,Structure Image cannot be exported
Trestolone,,,,Steroids,01-2020,Structure Image cannot be exported
Triacetin,,,,Other substances,02-2004,Structure Image cannot be exported
Triacetone triperoxide,TATP;Triacetonetriperoxide;mother of Satan,"3,3,6,6,9,9-hexamethyl-1,2,4,5,7,8-hexaoxonane",C9H18O6,New Drug,08-2024,Structure Image cannot be exported
Triamcinolone,,,,Other substances,07-2000,Structure Image cannot be exported
Triamterene,,,,Other substances,07-2000,Structure Image cannot be exported
Triazepam,,,,Benzodiazepines,11-2011,Structure Image cannot be exported
Triazolam,,"12-chloro-9-(2-chlorophenyl)-3-methyl-2,4,5,8-tetraazatricyclo[8.4.0.0²,⁶]tetradeca-1(10),3,5,8,11,13-hexaene",C17H12Cl2N4,Benzodiazepines,10-1998,Structure Image cannot be exported
Tribromoborane,,,,Other substances,10-1998,Structure Image cannot be exported
Trichloroacetaldehyde,,,,Depressants and Tranquilizers,10-1998,Structure Image cannot be exported
Triethylamine,,,,Other substances,10-1998,Structure Image cannot be exported
Trifluoperazine,,,,Depressants and Tranquilizers,10-1998,Structure Image cannot be exported
Trifluoroacetic Acid Anhydride,,,,Other substances,10-1998,Structure Image cannot be exported
Trifluoromethyl U-47700,,,C17H23F3N2O,Narcotic Analgesics,01-2022,Structure Image cannot be exported
Trihexyphenidyl,,,,Other substances,07-2000,Structure Image cannot be exported
Triiodomethane,,,,Other,07-2010,Structure Image cannot be exported
Trimeperidine,,,,Narcotic Analgesics,10-1998,Structure Image cannot be exported
Trimeprazine,,,,Other substances,06-2008,Structure Image cannot be exported
Trimethadione,,,,Other substances,11-2011,Structure Image cannot be exported
Trimethobenzamide HCl,,,,Other substances,08-2004,Structure Image cannot be exported
Trimethoprim,,,,Other substances,10-1998,Structure Image cannot be exported
Trimethoxyamphetamine,,,C12H19NO3,Phenethylamines (Amphetamines) (H),03-2018,Structure Image cannot be exported
Trimipramine,,,,Antidepressants,08-2008,Structure Image cannot be exported
Trioxsalen,,,,Other substances,07-2013,Structure Image cannot be exported
Tripelennamine,,,,Other substances,10-1998,Structure Image cannot be exported
Triprolidine,,,,Other substances,11-1999,Structure Image cannot be exported
Troglitazone,,,,Other substances,11-2013,Structure Image cannot be exported
Trolnitrate,,,,Other substances,10-1998,Structure Image cannot be exported
Tromethamine,,,,Other substances,02-2018,Structure Image cannot be exported
Tropacocaine,,"(1R,5S)-8-methyl-8-azabicyclo[3.2.1]oct-3-yl benzoate",C15H19NO2,Cocaine Alkaloids,10-1998,Structure Image cannot be exported
Trospium,,,,Other substances,04-2011,Structure Image cannot be exported
Tryptamine,,2-(indol-3-yl)ethylamine,C10H12N2,Tryptamines,10-1998,Structure Image cannot be exported
Tryptase,,,,Other,10-2023,Structure Image cannot be exported
Tulobuterol,,,,Other,11-2012,Structure Image cannot be exported
Tybamate,,,,Depressants and Tranquilizers,10-1998,Structure Image cannot be exported
Tylosin,,,,Other substances,07-2009,Structure Image cannot be exported
Tyrosine,,,,Other substances,06-2015,Structure Image cannot be exported
U-47700,,"3,4-dichloro-N-[2-(dimethylamino)cyclohexyl]-N-methylbenzamide",C16H22Cl2N2O,Narcotic Analgesics,05-2016,Structure Image cannot be exported
U-48800,,"2-(2,4-dichlorophenyl)-N-[2-(dimethylamino)cyclohexyl]-N-methylacetamide",C17H24Cl2N2O,Narcotic Analgesics,02-2018,Structure Image cannot be exported
U-49900,,"3,4-dichloro-N-[2-(diethylamino)cyclohexyl]-N-methylbenzamide",C18H26Cl2N2O,Narcotic Analgesics,05-2017,Structure Image cannot be exported
U-51754,methene U-47700,"2-(3,4-dichlorophenyl)-N-[2-(dimethylamino)cyclohexyl]-N-methylacetamide",C17H24Cl2N2O,Narcotic Analgesics,05-2018,Structure Image cannot be exported
UF-17,,N‐[2‐(dimethylamino)cyclohexyl]‐N‐phenylpropionamide,C17H26N2O,Narcotic Analgesics,01-2021,Structure Image cannot be exported
UR-144,,"(1-pentyl-1H-indol-3-yl)(2,2,3,3-tetramethylcyclopropyl)methanone",C21H29NO,Synthetic Cannabinoids,05-2012,Structure Image cannot be exported
UR-144 N-heptyl analog,,"(1-heptyl-1H-indol-3-yl)(2,2,3,3-tetramethylcyclopropyl)methanone",C23H33NO,Synthetic Cannabinoids,05-2013,Structure Image cannot be exported
URB597,,"3'-(Aminocarbonyl)[1,1'-biphenyl]-3-yl)-cyclohexyl-carbamate",,Other substances,05-2012,Structure Image cannot be exported
URB602,,cyclohexyl N-(3-phenylphenyl)carbamate,C19H21NO2,Synthetic Cannabinoids,08-2012,Structure Image cannot be exported
URB754,,"6-Methyl-2-(p-tolylamino)-4H-benzo[d][1,3]oxazin-4-one",,Other substances,05-2012,Structure Image cannot be exported
URB937,,[3-(3-carbamoylphenyl)-4-hydroxyphenyl] N-cyclohexylcarbamate,C20H22N2O4,Synthetic Cannabinoids,05-2013,Structure Image cannot be exported
Urea Nitrogen,,,,Other,10-2023,Structure Image cannot be exported
Uroxatral (Alfuzosin),,,,Other substances,02-2009,Structure Image cannot be exported
Ursodiol,,,,Other substances,03-2006,Structure Image cannot be exported
Valacyclovir,,,,Other substances,07-2000,Structure Image cannot be exported
Valdecoxib,,,,Other substances,10-2003,Structure Image cannot be exported
Valerian Root,,,,Other substances,06-2010,Structure Image cannot be exported
Valerophenone (1-phenylpentan-1-one),1-phenyl-1-pentanone;1-phenylpentan-1-one,1-phenylpentan-1-one,C11H14O,Synthetic Cathinones,03-2026,Structure Image cannot be exported
Valeryl fentanyl,,N-(1-phenethylpiperidin-4-yl)-N-phenylpentanamide,C24H32N2O,Fentanyl and Fentanyl-related,08-2016,Structure Image cannot be exported
Valine,,(S)-2-Amino-3-methylbutanoic acid,,Other substances,05-2018,Structure Image cannot be exported
Valnoctamide,,,,Depressants and Tranquilizers,10-1998,Structure Image cannot be exported
Valproate,,,,Other substances,10-1998,Structure Image cannot be exported
Valproic Acid,,,,Other substances,11-1999,Structure Image cannot be exported
Valsartan,,,,Other substances,10-2003,Structure Image cannot be exported
Vancomycin,,,,Other substances,05-2014,Structure Image cannot be exported
Vardenafil,,,,Other substances,04-2004,Structure Image cannot be exported
Varenicline,,,,Other substances,03-2008,Structure Image cannot be exported
Velpatasvir,,,,Other substances,06-2019,Structure Image cannot be exported
Venlafaxine,,,,Antidepressants,11-1999,Structure Image cannot be exported
Verapamil,,,,Other substances,03-2000,Structure Image cannot be exported
Vilazodone,,,,Antidepressants,11-2012,Structure Image cannot be exported
Vinbarbital,,,,Depressants and Tranquilizers,10-1998,Structure Image cannot be exported
Vinpocetine,,,,Other substances,09-2004,Structure Image cannot be exported
Vinylbital,,,,Depressants and Tranquilizers,10-1998,Structure Image cannot be exported
Voacangine,,"methyl (1R,15R,17R,18S)-17-ethyl-7-methoxy-3,13-diazapentacyclo[13.3.1.0²,¹⁰.0⁴,⁹.0¹³,¹⁸]nonadeca-2(10),4(9),5,7-tetraene-1-carboxylate",C22H28N2O3,Other substances,06-2022,Structure Image cannot be exported
Voriconazole,,,,Other substances,05-2014,Structure Image cannot be exported
Vortioxetine,,,,Antidepressants,10-2016,Structure Image cannot be exported
W-15,,,,Narcotic Analgesics,06-2015,Structure Image cannot be exported
W-18,,,,Narcotic Analgesics,06-2015,Structure Image cannot be exported
W-19 (N-[1-[2-(4-aminophenyl)ethyl]-2-piperidinylidene]-4-chloro-benzenesulfonamide),N-[1-[2-(4-aminophenyl)ethyl]-2-piperidinylidene]-4-chloro-benzenesulfonamide,N-[1-[2-(4-aminophenyl)ethyl]-2-piperidinylidene]-4-chloro-benzenesulfonamide,C19H22ClN3O2S,Narcotic Analgesics,12-2025,Structure Image cannot be exported
"WIN 55,212-2",,"[2,3-dihydro-5-methyl-3-(4-morpholinylmethyl)pyrrolo[1,2,3-de]-1,4-benzoxazin-6-yl]-1-naphthalenyl-methanone",C27H26N2O3,Synthetic Cannabinoids,10-2012,Structure Image cannot be exported
Warfarin,,,,Other substances,07-2003,Structure Image cannot be exported
Wild Carrot (D. Carotus),,,,Other substances,10-1998,Structure Image cannot be exported
XLR11,5-fluoro-UR-144;5F-UR-144,"[1-(5-fluoropentyl)-1H-indol-3-yl](2,2,3,3-tetramethylcyclopropyl)methanone",C21H28FNO,Synthetic Cannabinoids,06-2012,Structure Image cannot be exported
XLR11 N-(2-fluoropentyl) isomer,,"[1-(2-fluoropentyl)-1H-indol-3-yl](2,2,3,3-tetramethylcyclopropyl)methanone",C21H28FNO,Synthetic Cannabinoids,05-2014,Structure Image cannot be exported
XLR11 N-(4-fluoropentyl) isomer,,"[1-(4-fluoropentyl)-1H-indol-3-yl](2,2,3,3-tetramethylcyclopropyl)methanone",C21H28FNO,Synthetic Cannabinoids,05-2013,Structure Image cannot be exported
XLR11 degradant,,"1-[1-(5-fluoropentyl)-1H-indol-3-yl]-3,3,4-trimethyl-4-penten-1-one",C21H28FNO,Synthetic Cannabinoids,06-2015,Structure Image cannot be exported
Xenadrine,,,,Other substances,06-2010,Structure Image cannot be exported
Xenical,,,,Other substances,08-2000,Structure Image cannot be exported
Xylazine,,,,Depressants and Tranquilizers,07-2000,Structure Image cannot be exported
Yangonin,,,,Other,05-2017,Structure Image cannot be exported
Yasmin,,,,Other substances,08-2008,Structure Image cannot be exported
Yohimbine,,,,Hallucinogens,10-1998,Structure Image cannot be exported
ZINC BORATE,,,,Other,06-2014,Structure Image cannot be exported
Zafirlukast,,,,Other,10-2003,Structure Image cannot be exported
Zaleplon,,,,Depressants and Tranquilizers,11-2000,Structure Image cannot be exported
Zeranol,,,,Other substances,05-2011,Structure Image cannot be exported
Zidovudine,,,,Other substances,03-2001,Structure Image cannot be exported
Zileuton,,,,Other substances,04-2011,Structure Image cannot be exported
Zinc Aceticum,,,,Other substances,06-2018,Structure Image cannot be exported
Zinc Gluconicum,,,,Other substances,06-2018,Structure Image cannot be exported
Zingerone,,,,Other substances,06-2018,Structure Image cannot be exported
Zipeprol,,,,Stimulants,10-1998,Structure Image cannot be exported
Ziprasidone,,,,Other,07-2003,Structure Image cannot be exported
Zolazepam,,"4-(2-fluorophenyl)-1,8-dimethyl-3-methyl-6,8-dihydro-1,2,5,8-tetraazaazulen-7(1H)-one",C15H15FN4O,Benzodiazepines,10-1998,Structure Image cannot be exported
Zolmitriptan,,,,Other substances,10-2003,Structure Image cannot be exported
Zoloft,,,,Other substances,11-2000,Structure Image cannot be exported
Zolpidem,,,,Depressants and Tranquilizers,10-1998,Structure Image cannot be exported
Zonisamide,,,,Other,01-2004,Structure Image cannot be exported
Zopiclone,,,,Depressants and Tranquilizers,01-2005,Structure Image cannot be exported
[2.2]Paracyclophane,,,,Other substances,06-2018,Structure Image cannot be exported
a-Isonitrosopropiophenone,,2-Hydroxyimino-1-phenylpropan-1-one,,Other substances,12-2018,Structure Image cannot be exported
acetoacet-p-phenetidide,,,,Other,06-2014,Structure Image cannot be exported
acetyl hydroxyproline,,,,Other,06-2014,Structure Image cannot be exported
adamantyl-CHMINACA,ACHMINACA,N-(1-adamantyl)-1-(cyclohexylmethyl)indazole-3-carboxamide,C25H33N3O,Synthetic Cannabinoids,03-2018,Structure Image cannot be exported
alpha'-Methylbutyryl fentanyl,2-methyl butyryl fentanyl,N-(1-phenethylpiperidin-4-yl)-N-phenyl-2-methylbutyramide,C24H32N2O,Fentanyl and Fentanyl-related,02-2020,Structure Image cannot be exported
alpha-D2PV,alpha-pyrrolidino-2-phenylacetophenone,"1,2‐diphenyl‐2‐(pyrrolidin‐1‐yl)ethan‐1‐one",C18H19NO,Synthetic Cathinones,06-2021,Structure Image cannot be exported
alpha-Hydroxyalprazolam,U-40125,"8-chloro-6-phenyl-4H-[1,2,4]triazolo[4,3-a][1,4]benzodiazepine-1-methanol",C17H13ClN4O,Benzodiazepines,06-2019,Structure Image cannot be exported
alpha-Methylfentanyl,,N-phenyl-N-(1-(1-phenylpropan-2-yl)piperidin-4-yl)propionamide,C23H30N2O,Fentanyl and Fentanyl-related,10-1998,Structure Image cannot be exported
alpha-Methylthiofentanyl,,N-(1-(1-methyl-2-(thien-2-yl)ethyl)piperidin-4-yl)-N-phenylpropionamide,C21H28N2OS,Fentanyl and Fentanyl-related,10-1998,Structure Image cannot be exported
alpha-PBP,alpha-pyrrolidinobutiophenone,1-phenyl-2-(pyrrolidin-1-yl)butan-1-one,C14H19NO,Synthetic Cathinones,05-2012,Structure Image cannot be exported
alpha-PCYP,alpha-pyrrolidinocyclohexanophenone,2‐cyclohexyl‐1‐phenyl‐2‐(pyrrolidin‐1‐yl)ethan‐1‐one,C18H25NO,Synthetic Cathinones,06-2021,Structure Image cannot be exported
alpha-PHP,alpha-pyrrolidinohexanophenone,1-phenyl-2-(pyrrolidin-1-yl)hexan-1-one,C16H23NO,Synthetic Cathinones,03-2015,Structure Image cannot be exported
alpha-PPP,alpha-pyrrolidinopropiophenone,1-phenyl-2-(pyrrolidin-1-yl)propan-1-one,C13H17NO,Synthetic Cathinones,04-2015,Structure Image cannot be exported
alpha-PVP,alpha-pyrrolidinopentiophenone;alpha-pyrrolidinovalerophenone,1-phenyl-2-(pyrrolidin-1-yl)pentan-1-one,C15H21NO,Synthetic Cathinones,04-2012,Structure Image cannot be exported
alpha-PVT,alpha-pyrrolidinopentiothiophenone,2-(pyrrolidin-1-yl)-1-(thien-2-yl)pentan-1-one,C13H19NOS,Synthetic Cathinones,05-2014,Structure Image cannot be exported
alpha-PiHP,alpha-pyrrolidinoisohexanophenone,4-methyl-1-phenyl-2-(pyrrolidin-1-yl)pentan-1-one,C16H23NO,Synthetic Cathinones,05-2018,Structure Image cannot be exported
alpha-PipBP,alpha-piperidinobutiophenone,1-phenyl-2-(piperidin-1-yl)butan-1-one,C15H21NO,Synthetic Cathinones,06-2018,Structure Image cannot be exported
alpha-Pyrrolidinoisoheptanophenone (iso-PV8; alpha-PiHPP),alpha-PiHPP;iso-PV8,5-methyl-1-phenyl-2-(pyrrolidin-1-yl)hexan-1-one,C17H25NO,Synthetic Cathinones,05-2025,Structure Image cannot be exported
amino hydroxybutryic acid,,,,Other,06-2014,Structure Image cannot be exported
amino tadalafil,,,,Other,06-2014,Structure Image cannot be exported
andarine,,,,Other substances,06-2018,Structure Image cannot be exported
anthraquinone,,,,Other,06-2014,Structure Image cannot be exported
beta Hydroxybutyric acid,,,,Other,06-2023,Structure Image cannot be exported
beta'-Phenyl fentanyl,3-phenylpropanoyl fentanyl,"N-(1-phenethylpiperidin-4-yl)-N,3-diphenylpropionamide",C28H32N2O,Fentanyl and Fentanyl-related,02-2021,Structure Image cannot be exported
beta-Caryophyllene,,"4,11,11-trimethyl-8-methylenebicyclo[7.2.0]undec-4-ene",C15H24,Other substances,03-2022,Structure Image cannot be exported
beta-Hydroxy-3-methylfentanyl,,N-[1-(2-hydroxy-2-phenylethyl)-3-methylpiperidin-4-yl]-N-phenylpropionamide,C23H30N2O2,Fentanyl and Fentanyl-related,10-1998,Structure Image cannot be exported
beta-Hydroxyfentanyl,,N-[1-(2-hydroxy-2-phenylethyl)-piperidin-4-yl]-N-phenylpropionamide,C22H28N2O2,Fentanyl and Fentanyl-related,10-1998,Structure Image cannot be exported
beta-Hydroxythiofentanyl,,N-(1-(2-hydroxy-2-(thiophen-2-yl)ethyl)piperidin-4-yl)-N-phenylpropionamide,C20H26N2O2S,Fentanyl and Fentanyl-related,12-2015,Structure Image cannot be exported
beta-Methyl acetyl fentanyl,desmethyl beta-methylfentanyl,N-phenyl-N-(1-(2-phenylpropyl)piperidin-4-yl)acetamide,C22H28N2O,Fentanyl and Fentanyl-related,06-2021,Structure Image cannot be exported
beta-Methylfentanyl,,N-phenyl-N-(1-(2-phenylpropyl)piperidin-4-yl)propionamide,C23H30N2O,Fentanyl and Fentanyl-related,12-2018,Structure Image cannot be exported
beta-Methylphenethylamine,BMPEA;beta-Me-PEA,2-phenylpropylamine,C9H13N,Phenethylamines (Amphetamines) (S),06-2019,Structure Image cannot be exported
beta-Phenethylamine,2-phenethylamine,2-phenylethan-1-amine,C8H11N,Phenethylamines (Other) (S),07-2003,Structure Image cannot be exported
bifenthrin,,,,Other,06-2014,Structure Image cannot be exported
bromo-DMT,bromo-dimethyltryptamine,,C12H15BrN2,Tryptamines,01-2022,Structure Image cannot be exported
butylated hydroxytolune,,,,Other,06-2014,Structure Image cannot be exported
calcium ammonium nitrate,,,,Other substances,11-2014,Structure Image cannot be exported
chloro PCP,,,,Depressants and Tranquilizers,06-2021,Structure Image cannot be exported
cis-3-Methylfentanyl,,"N-[(3R,4S)-3-methyl-1-phenethylpiperid-4-yl]-N-phenyl-propionamide",C23H30N2O,Fentanyl and Fentanyl-related,12-2016,Structure Image cannot be exported
delta(9)-Tetrahydrocannabinolic acid,,,,Cannabinoids,01-2020,Structure Image cannot be exported
delta-11-Tetrahydrocannabinol,"delta-11-THC
;delta-9,11-THC;exo-THC","6,6-dimethyl-9-methylidene-3-pentyl-6H,6aH,7H,8H,9H,10H,10aH-benzo[c]isochromen-1-ol",C21H30O2,Cannabinoids,03-2023,Structure Image cannot be exported
delta-4(8)-isotetrahydrocannabinol (delta-4(8)-iso-THC),delta-4(8)-iso-THC,"3,4,5,6-tetrahydro-2-methyl-5-(1-methylethylidene)-9-pentyl-2R,6R-methano-2H-1-benzoxocin-7-ol",C21H30O2,Cannabinoids,02-2025,Structure Image cannot be exported
delta-6a(10a)-THC,,"7,8,9,10-tetrahydro-6,6,9-trimethyl-3-pentyl-6H-dibenzo[b,d]pyran-1-ol",,Cannabinoids,06-2021,Structure Image cannot be exported
delta-8-Tetrahydrocannabinol,delta-8-THC,"6,6,9-trimethyl-3-pentyl-6H,6aH,7H,10H,10aH-benzo[c]isochromen-1-ol",C21H30O2,Cannabinoids,08-2011,Structure Image cannot be exported
delta-8-Tetrahydrocannabivarin (delta-8-THCV),delta-8-THCV,"(6aR,10aR)-6a,7,10,10a-tetrahydro-6,6,9-trimethyl-3-propyl-6H-dibenzo[b,d]pyran-1-ol",C19H26O2,Synthetic Cannabinoids,03-2025,Structure Image cannot be exported
delta-9-THC-COOH,,,,Cannabinoids,09-2020,Structure Image cannot be exported
delta-9-THC-OH,,,,Cannabinoids,09-2020,Structure Image cannot be exported
delta-9-Tetrahydrocannabihexol (delta-9-THCH),delta-9-THCH;n-Hexyl-delta-9-tetrahydrocannabinol,"(6aR,10aR)-3-hexyl-6a,7,8,10a-tetrahydro-6,6,9-trimethyl-6H-dibenzo[b,d]pyran-1-ol",C22H32O2,Cannabinoids,01-2026,Structure Image cannot be exported
delta-9-Tetrahydrocannabinol acetate ester,delta-9-THC acetate ester;delta-9-THCO,"6,6,9-trimethyl-3-pentyl-6H,6aH,7H,8H,10aH-benzo[c]isochromen-1-yl acetate",C23H32O3,Cannabinoids,01-2023,Structure Image cannot be exported
delta-9-Tetrahydrocannabiphorol,"3-heptyl-1-hydroxy-6,6,9-trimethyl-6a,7,8,10a-tetrahydro-6H-benzo[c]chromene-2-carboxylic acid;delta9-THCP; delta9-THC-heptyl;delta9-Tetrahydrocannabiphorol","3-heptyl-6a,7,8,10a-tetrahydro-1-hydroxy-6,6,9-trimethyl-6H-dibenzo[b,d]pyran-2-carboxylic acid",C23H34O2,Cannabinoids,07-2023,Structure Image cannot be exported
dienedione,,,,Steroids,06-2018,Structure Image cannot be exported
diethylhexyl terephthalate,,,,Other substances,06-2014,Structure Image cannot be exported
"diphenyl (2,4,6- trimethylbenzoyl)phosphine oxide",,,,Other,06-2014,Structure Image cannot be exported
entecavir,,,,Other substances,12-2019,Structure Image cannot be exported
ethylvanillin,,,,Other,06-2014,Structure Image cannot be exported
fluorenol,,,,Other substances,06-2019,Structure Image cannot be exported
fluoro AB-7-PAICA,,,,Other,01-2021,Structure Image cannot be exported
fluoro-2-oxo PCE,,,,Other substances,10-2023,Structure Image cannot be exported
"fluoro-alpha-PPP, isomer undetermined",fluoro-alpha-Pyrrolidinopropiophenone,1-([3-] or [4-] fluorophenyl)-2-(1-pyrrolidinyl)-1-propanone,C13H16FNO,Synthetic Cathinones,12-2025,Structure Image cannot be exported
gamma-Sitosterol,,,,Other substances,02-2018,Structure Image cannot be exported
gamma-Valerolactone,,,,Other,06-2014,Structure Image cannot be exported
germanium dioxide,,,,Other,06-2014,Structure Image cannot be exported
glufosinate ammonium,,,,Other,06-2014,Structure Image cannot be exported
hetastarch,,,,Other,06-2014,Structure Image cannot be exported
indole-2-carboxylic acid,,,,Other,06-2014,Structure Image cannot be exported
indole-3-carbinol,,,,Other,06-2014,Structure Image cannot be exported
indoleacetic acid,,,,Other,06-2014,Structure Image cannot be exported
indolebutyric acid,,,,Other,06-2014,Structure Image cannot be exported
l-Homocystine,,,,Other substances,06-2018,Structure Image cannot be exported
meta-Fluoro 4-ANPP,despropionyl meta-fluorofentanyl,N‐(3‐fluorophenyl)‐1‐(2‐phenylethyl)piperidin‐4‐amine,C19H23FN2,Fentanyl and Fentanyl-related,12-2018,Structure Image cannot be exported
meta-Fluoro furanyl fentanyl,3-fluoro furanyl fentanyl,N-(3-fluorophenyl)-N-(1-phenethylpiperidin-4-yl)furan-2-carboxamide,C24H25FN2O2,Fentanyl and Fentanyl-related,01-2021,Structure Image cannot be exported
meta-Fluorobutyryl fentanyl (m-Fluorobutyryl Fentanyl; m-FBF),m-FBF;m-Fluorobutyryl Fentanyl,N-(3-fluorophenyl)-N-[1-(2-phenylethyl)piperidin-4-yl]butanamide,C23H29FN2O,Fentanyl and Fentanyl-related,03-2025,Structure Image cannot be exported
meta-Fluorofentanyl,,N-(3-fluorophenyl)-N-(1-phenethylpiperidin-4-yl)propionamide,C22H27FN2O,Fentanyl and Fentanyl-related,06-2021,Structure Image cannot be exported
meta-Fluoroisobutyryl fentanyl,3-fluoroisobutyryl fentanyl;meta-FIBF,N-(3-fluorophenyl)-N-(1-phenethylpiperidin-4-yl)isobutyramide,C23H29FN2O,Fentanyl and Fentanyl-related,04-2019,Structure Image cannot be exported
meta-Methyl 4-ANPP,despropionyl meta-methylfentanyl,N-(3-methylphenyl)-1-(2-phenylethyl)piperidin-4-amine,C20H26N2,Fentanyl and Fentanyl-related,06-2021,Structure Image cannot be exported
meta-Methylfentanyl (m-Methyl Fentanyl),m-Methyl Fentanyl,N-(3-methylphenyl)-N-(1-phenethylpiperidin-4-yl)propionamide,C23H30N2O,Fentanyl and Fentanyl-related,12-2025,Structure Image cannot be exported
methyl 1-aminocyclopropanecarboxylate,,,,Other,06-2014,Structure Image cannot be exported
methyl 3-(trifluoromethyl)benzoate,,,,Other,06-2014,Structure Image cannot be exported
methylepitiostanol,,,,Steroids,03-2018,Structure Image cannot be exported
n-desmethylolanzapine,,,,Other substances,11-2023,Structure Image cannot be exported
nordihydrocapsaicin,,,,Other substances,06-2014,Structure Image cannot be exported
octopamine hydrochloride,,,,Other,06-2014,Structure Image cannot be exported
ortho-Chloro 4-ANPP,despropionyl ortho-chlorofentanyl,N-(2-chlorophenyl)-1-(2-phenylethyl)piperidin-4-amine,C19H23ClN2,Fentanyl and Fentanyl-related,02-2022,Structure Image cannot be exported
ortho-Chlorofentanyl,2-chlorofentanyl,N-(2-chlorophenyl)-N-(1-phenethylpiperidin-4-yl)propionamide,C22H27ClN2O,Fentanyl and Fentanyl-related,04-2021,Structure Image cannot be exported
ortho-Chlorophenyl cyclopentyl ketone,2-Chlorophenyl cyclopentyl ketone;o-Chlorophenyl cyclopentyl ketone,(2-chlorophenyl)-cyclopentylmethanone,C12H13ClO,Depressants and Tranquilizers,09-2024,Structure Image cannot be exported
ortho-Fluoro 4-ANPP,despropionyl ortho-fluorofentanyl,N-(2-fluorophenyl)-1-(2-phenylethyl)piperidin-4-amine,C19H23FN2,Fentanyl and Fentanyl-related,12-2018,Structure Image cannot be exported
ortho-Fluoro furanyl fentanyl,2-fluoro furanyl fentanyl,N-(2-fluorophenyl)-N-(1-phenethylpiperidin-4-yl)furan-2-carboxamide,C24H25FN2O2,Fentanyl and Fentanyl-related,01-2020,Structure Image cannot be exported
ortho-Fluoroacryl fentanyl,2-fluoroacryl fentanyl,N-(2-fluorophenyl)-N-(1-phenethylpiperidin-4-yl)acrylamide,C22H25FN2O,Fentanyl and Fentanyl-related,06-2018,Structure Image cannot be exported
ortho-Fluorobutyryl fentanyl,2-fluorobutyryl fentanyl;ortho-FBF,N-(2-fluorophenyl)-N-(1-phenethylpiperidin-4-yl)butyramide,C23H29FN2O,Fentanyl and Fentanyl-related,04-2018,Structure Image cannot be exported
ortho-Fluorofentanyl,2-fluorofentanyl,N-(2-fluorophenyl)-N-(1-phenethylpiperidin-4-yl)propionamide,C22H27FN2O,Fentanyl and Fentanyl-related,12-2016,Structure Image cannot be exported
ortho-Fluoroisobutyryl fentanyl,2-fluoroisobutyryl fentanyl;ortho-FIBF,N-(2-fluorophenyl)-N-(1-phenethylpiperidin-4-yl)isobutyramide,C23H29FN2O,Fentanyl and Fentanyl-related,04-2018,Structure Image cannot be exported
ortho-Methoxy furanyl fentanyl,2-methoxy furanyl fentanyl,N-(2-methoxyphenyl)-N-(1-phenethylpiperidin-4-yl)furan-2-carboxamide,C25H28N2O3,Fentanyl and Fentanyl-related,12-2019,Structure Image cannot be exported
ortho-Methoxybutyryl fentanyl,2-methoxybutyryl fentanyl ,N-(2-methoxyphenyl)-N-(1-phenethylpiperidin-4-yl)butyramide,C24H32N2O2,Fentanyl and Fentanyl-related,12-2018,Structure Image cannot be exported
ortho-Methyl 4-ANPP,despropionyl 2-methylfentanyl;despropropionyl ortho-methylfentanyl,N-(2-methylphenyl)-1-(2-phenylethyl)piperidin-4-amine,C20H26N2,Fentanyl and Fentanyl-related,12-2018,Structure Image cannot be exported
ortho-Methyl acetyl fentanyl,2-methyl acetyl fentanyl,N-(2-methylphenyl)-N-(1-phenethylpiperidin-4-yl)acetamide,C22H28N2O,Fentanyl and Fentanyl-related,05-2018,Structure Image cannot be exported
ortho-Methyl-1-boc-4-AP,4-(o-tolylamino)-1-Boc-piperidine;4-(ortho-tolylamino)-1-Boc-piperidine;o-methyl 4-Anilino-1-Boc-piperidine;ortho-Methyl Boc-4-AP;ortho-Methyl N-Boc-4-AP,tert-butyl 4-(2-methylanilino)piperidine-1-carboxylate,C17H26N2O2,Other substances,08-2023,Structure Image cannot be exported
ortho-Methylfentanyl (o-Methyl Fentanyl),2-Methylfentanyl;o-Methyl Fentanyl,N-(2-methylphenyl)-N-[1-(2-phenylethyl)piperidin-4-yl]propanamide,C23H30N2O,Fentanyl and Fentanyl-related,03-2025,Structure Image cannot be exported
oxiracetam,,,,Stimulants,06-2014,Structure Image cannot be exported
para-Chlorofentanyl,4-chlorofentanyl,N-(4-chlorophenyl)-N-(1-phenethylpiperidin-4-yl)propionamide,C22H27ClN2O,Fentanyl and Fentanyl-related,01-2021,Structure Image cannot be exported
para-Chlorophenol,,,,Other,06-2010,Structure Image cannot be exported
para-Fluoro 4-ANBP,4-fluoro-4-ANBP;despropionyl N-benzyl para-fluoro norfentanyl,1‐benzyl‐N‐(4‐fluorophenyl)piperidin‐4‐amine,C18H21FN2,Narcotic Analgesics,06-2019,Structure Image cannot be exported
para-Fluoro 4-ANPP,despropionyl 4-fluorofentanyl;despropionyl para-fluorofentanyl,N-(4-fluorophenyl)-1-(2-phenylethyl)piperidin-4-amine,C19H23FN2,Fentanyl and Fentanyl-related,09-2018,Structure Image cannot be exported
para-Fluoro acetyl fentanyl,,N-(1-phenethylpiperidin-4-yl)-N-4-fluorophenylacetamide,,Fentanyl and Fentanyl-related,09-2022,Structure Image cannot be exported
para-Fluoro benzyl fentanyl,4-fluoro benzyl fentanyl;N-benzyl para-fluoro norfentanyl,N-(1-benzylpiperidin-4-yl)-N-(4-fluorophenyl)propionamide,C21H25FN2O,Fentanyl and Fentanyl-related,11-2018,Structure Image cannot be exported
para-Fluoro cyclopropyl benzyl fentanyl,4-fluoro cyclopropyl benzyl fentanyl;N-benzyl para-fluoro cyclopropyl norfentanyl,N-(1-benzylpiperidin-4-yl)-N-(4-fluorophenyl)cyclopropanecarboxamide,C22H25FN2O,Fentanyl and Fentanyl-related,12-2018,Structure Image cannot be exported
para-Fluoro furanyl fentanyl,4-fluoro furanyl fentanyl,N-(4-fluorophenyl)-N-(1-phenethylpiperidin-4-yl)furan-2-carboxamide,C24H25FN2O2,Fentanyl and Fentanyl-related,04-2019,Structure Image cannot be exported
para-Fluoro valeryl fentanyl,,N‐(4‐fluorophenyl)‐N‐(1‐(2‐phenylethyl)piperidin‐4-yl)pentanamide,C24H31FN2O,Fentanyl and Fentanyl-related,01-2022,Structure Image cannot be exported
para-Fluoroacryl fentanyl,4-fluoroacryl fentanyl,N-(4-fluorophenyl)-N-(1-phenethylpiperidin-4-yl)acrylamide,C22H25FN2O,Fentanyl and Fentanyl-related,06-2018,Structure Image cannot be exported
para-Fluorobutyryl fentanyl,4-fluorobutyryl fentanyl;para-FBF,N-(4-fluorophenyl)-N-(1-phenethylpiperidin-4-yl)butyramide,C23H29FN2O,Fentanyl and Fentanyl-related,12-2015,Structure Image cannot be exported
para-Fluorofentanyl,4-fluorofentanyl,N-(4-fluorophenyl)-N-(1-phenethylpiperidin-4-yl)propionamide,C22H27FN2O,Fentanyl and Fentanyl-related,10-1998,Structure Image cannot be exported
para-Fluoroisobutyryl fentanyl,4-fluoroisobutyryl fentanyl;para-FIBF,N-(4-fluorophenyl)-N-(1-phenethylpiperidin-4-yl)isobutyramide,C23H29FN2O,Fentanyl and Fentanyl-related,10-2016,Structure Image cannot be exported
para-Methoxy furanyl fentanyl,4-methoxy furanyl fentanyl,N-(4-methoxyphenyl)-N-(1-phenethylpiperidin-4-yl)furan-2-carboxamide,C25H28N2O3,Fentanyl and Fentanyl-related,12-2019,Structure Image cannot be exported
para-Methoxybutyryl fentanyl,4-methoxybutyryl fentanyl ,N-(4-methoxyphenyl)-N-(1-phenethylpiperidin-4-yl)butyramide,C24H32N2O2,Fentanyl and Fentanyl-related,12-2016,Structure Image cannot be exported
para-Methyl acetyl fentanyl,p-methyl Acetyl fentanyl,N-(4-methylphenyl)-N-[1-(2-phenylethyl)piperidin-4-yl]acetamide,C22H28N2O,Fentanyl and Fentanyl-related,12-2023,Structure Image cannot be exported
para-Methylfentanyl,4-methylfentanyl,N-(4-methylphenyl)-N-(1-phenethylpiperidin-4-yl)propionamide ,C23H30N2O,Fentanyl and Fentanyl-related,05-2018,Structure Image cannot be exported
para-fluoro Norfentanyl,p-fluoro Norfentanyl,N-(4-fluorophenyl)-N-piperidin-4-ylpropanamide,C14H19FN2O,Fentanyl and Fentanyl-related,05-2025,Structure Image cannot be exported
para-fluoro Phenethyl 4-ANPP,,,C27H31FN2,Fentanyl and Fentanyl-related,03-2022,Structure Image cannot be exported
potassium dihydrogen phosphate,,,,Other,06-2014,Structure Image cannot be exported
salicin,,,,Other,06-2014,Structure Image cannot be exported
sec-Butyl nitrite,,,,Other substances,06-2021,Structure Image cannot be exported
sodium dichloroacetate,,,,Other,06-2014,Structure Image cannot be exported
succinic acid,,,,Other,05-2017,Structure Image cannot be exported
tert-Butyl nitrite,,,,Other substances,11-2022,Structure Image cannot be exported
trans-3-Methylfentanyl,,"N-[(3R,4R)-3-methyl-1-phenethylpiperid-4-yl]-N-phenyl-propionamide",C23H30N2O,Fentanyl and Fentanyl-related,12-2016,Structure Image cannot be exported
unifiram,,,,Other substances,02-2018,Structure Image cannot be exported
