substance,as_of,n_recent,n_baseline,expected,ebgm,eb05,eb05_own,credible_rise,z_spatial,treescan_ri
Alprazolam,2014-10-01,17,11,4.69426345712014,2.1172104672589875,1.5146076618759419,1.6771060206482742,False,1.732306100492273,1.3477088948787062
Fentanyl,2014-10-01,20,21,11.459380453299254,1.5351251914403665,1.1178645897859685,1.2377974370218285,False,0.0721308931781637,1.0004001600640255
Cocaine,2014-10-01,113,210,87.19888664219943,1.2906651942045242,1.1063700727976284,1.2250696991120618,False,6.488296448482815,1.0
Trazodone,2014-10-01,5,1,0.5536437246963563,1.7390726763426305,1.1036861447422357,1.2220978190599614,False,0.0,1.001001001001001
Amphetamine,2014-10-01,5,1,0.5536437246963563,1.7390726763426305,1.1036861447422357,1.2220978190599614,False,0.0,1.0297600659046442
Clonazepam,2014-10-01,4,0,0.0,1.7344499144366468,1.0825006009905622,1.1986393343596284,False,0.0,2.6560424966799467
PCP,2014-10-01,7,4,2.214574898785425,1.652001814002251,1.0790362020369124,1.1948032522162484,False,0.0,1.4450867052023122
Diphenhydramine,2014-10-01,7,4,2.214574898785425,1.652001814002251,1.0790362020369124,1.1948032522162484,False,0.0,1.0246951531919255
Methamphetamine,2014-10-01,269,411,227.54757085020242,1.1839179994399518,1.069382181369252,1.184113469723511,False,0.0,1.3598041881968996
Insulin,2014-10-01,3,0,0.0,1.6093831093668305,0.9858604708066715,1.0916309456741309,False,0.0,1.0
Amlodipine,2014-10-01,3,0,0.0,1.6093831093668305,0.9858604708066715,1.0916309456741309,False,0.0,1.0
Tramadol,2014-10-01,9,9,4.982793522267206,1.4536901768204646,0.9725542418146799,1.076897125243963,False,0.0,1.0047221943132725
Carisoprodol,2014-10-01,6,5,2.7682186234817814,1.474110473211504,0.9497474348191198,1.0516434378913573,False,0.0,1.0
Oxycodone,2014-10-01,27,49,22.065028921076212,1.2263533153681938,0.9225263989971537,1.0215019175622417,False,1.1421197265353848,1.0
Citalopram,2014-10-01,8,9,4.982793522267206,1.3766380998151562,0.9104927696374521,1.0081772417964332,False,0.0,1.0
Metformin,2014-10-01,2,0,0.0,1.4843216563674726,0.8903215899927726,0.9858419561586769,False,0.0,1.0
Metaxalone,2014-10-01,2,0,0.0,1.4843216563674726,0.8903215899927726,0.9858419561586769,False,0.0,1.0
Duloxetine,2014-10-01,2,0,0.0,1.4843216563674726,0.8903215899927726,0.9858419561586769,False,0.0,1.0
Nortriptyline,2014-10-01,2,0,0.0,1.4843216563674726,0.8903215899927726,0.9858419561586769,False,0.0,1.0
Desloratadine,2014-10-01,2,0,0.0,1.4843216563674726,0.8903215899927726,0.9858419561586769,False,0.0,1.0
Estazolam,2014-10-01,2,0,0.0,1.4843216563674726,0.8903215899927726,0.9858419561586769,False,0.0,1.0
Buprenorphine,2014-10-01,2,0,0.0,1.4843216563674726,0.8903215899927726,0.9858419561586769,False,0.0,1.0
Caffeine,2014-10-01,2,0,0.0,1.4843216563674726,0.8903215899927726,0.9858419561586769,False,0.0,1.0
Morphine,2014-10-01,143,260,143.94736842105263,1.0060590249612007,0.8764516166565726,0.9704838792599929,False,-1.027900967399641,1.0
Acetaminophen,2014-10-01,3,2,1.1072874493927125,1.4135745298903306,0.8659139290372392,0.9588156611228551,False,0.0,1.0005002501250624
Methadone,2014-10-01,40,88,37.34477353008601,1.0997789529010806,0.8617615331431604,0.9542177421223327,False,1.8382023411258137,1.0
Hydrocodone,2014-10-01,25,44,22.637415519203223,1.1381463363303048,0.8491258393160114,0.9402264018293338,False,0.3623426590810232,1.0
Quetiapine,2014-10-01,7,9,4.982793522267206,1.2995872537667161,0.8488499725812698,0.9399209519434628,False,0.0,1.1364927832708265
Codeine,2014-10-01,4,4,2.214574898785425,1.358179431896827,0.8476635958432213,0.9386072964676593,False,0.0,1.0
Temazepam,2014-10-01,2,1,0.5536437246963563,1.38817644042229,0.8326520402942256,0.9219851946630262,False,0.0,1.0088781275221954
Lamotrigine,2014-10-01,2,1,0.5536437246963563,1.38817644042229,0.8326520402942256,0.9219851946630262,False,0.0,1.0
Mirtazapine,2014-10-01,2,1,0.5536437246963563,1.38817644042229,0.8326520402942256,0.9219851946630262,False,0.0,1.0
Phenobarbital,2014-10-01,2,1,0.5536437246963563,1.38817644042229,0.8326520402942256,0.9219851946630262,False,0.0,1.0
Pentobarbital,2014-10-01,6,8,4.42914979757085,1.2770222208308835,0.8227664075941539,0.9110389510826734,False,0.0,1.0006003602161295
MDMA,2014-10-01,3,3,1.6609311740890687,1.3325131863733948,0.816258148621308,0.9038324437286455,False,0.0,1.0
Fluoxetine,2014-10-01,4,5,2.7682186234817814,1.2883082356389985,0.804055757236019,0.8903208878284216,False,0.0,1.001903616872057
Levetiracetam,2014-10-01,1,0,0.0,1.3592670263483377,0.796022344601731,0.8814255988752396,False,0.0,1.0
Atorvastatin,2014-10-01,1,0,0.0,1.3592670263483377,0.796022344601731,0.8814255988752396,False,0.0,1.0
Carbamazepine,2014-10-01,1,0,0.0,1.3592670263483377,0.796022344601731,0.8814255988752396,False,0.0,1.0
Depakote,2014-10-01,1,0,0.0,1.3592670263483377,0.796022344601731,0.8814255988752396,False,0.0,1.0
25C-NBOMe,2014-10-01,1,0,0.0,1.3592670263483377,0.796022344601731,0.8814255988752396,False,0.0,1.0
Propoxyphene,2014-10-01,1,0,0.0,1.3592670263483377,0.796022344601731,0.8814255988752396,False,0.0,1.0
Venlafaxine,2014-10-01,1,0,0.0,1.3592670263483377,0.796022344601731,0.8814255988752396,False,0.0,1.0
Tapentadol,2014-10-01,1,0,0.0,1.3592670263483377,0.796022344601731,0.8814255988752396,False,0.0,1.0
Promethazine,2014-10-01,1,0,0.0,1.3592670263483377,0.796022344601731,0.8814255988752396,False,0.0,1.0
Olanzapine,2014-10-01,1,0,0.0,1.3592670263483377,0.796022344601731,0.8814255988752396,False,0.0,1.0
Metoprolol,2014-10-01,1,0,0.0,1.3592670263483377,0.796022344601731,0.8814255988752396,False,0.0,1.0
Dothiepin,2014-10-01,1,0,0.0,1.3592670263483377,0.796022344601731,0.8814255988752396,False,0.0,1.0
Cyclobenzaprine,2014-10-01,1,0,0.0,1.3592670263483377,0.796022344601731,0.8814255988752396,False,0.0,1.0
GHB,2014-10-01,1,0,0.0,1.3592670263483377,0.796022344601731,0.8814255988752396,False,0.0,1.0
Fluvoxamine,2014-10-01,1,0,0.0,1.3592670263483377,0.796022344601731,0.8814255988752396,False,0.0,1.0
Isopropanol,2014-10-01,1,0,0.0,1.3592670263483377,0.796022344601731,0.8814255988752396,False,0.0,1.0
Heroin,2014-10-01,181,375,207.6163967611336,0.8852165352369945,0.7825706314942635,0.8665306420954089,False,0.0,1.0
Amitriptyline,2014-10-01,2,2,1.1072874493927125,1.303728910409137,0.7819989632675984,0.8658976833724716,False,0.0,1.0
Zolpidem,2014-10-01,2,2,1.1072874493927125,1.303728910409137,0.7819989632675984,0.8658976833724716,False,0.0,1.0
Ethanol,2014-10-01,217,459,254.1224696356275,0.8655001525502731,0.7730740272547273,0.8560151708617465,False,0.0,1.0
Gabapentin,2014-10-01,1,1,0.5536437246963563,1.271222079207128,0.7444609192929995,0.8243322849906783,False,0.0,1.0
Topiramate,2014-10-01,1,1,0.5536437246963563,1.271222079207128,0.7444609192929995,0.8243322849906783,False,0.0,1.0
Meperidine,2014-10-01,1,1,0.5536437246963563,1.271222079207128,0.7444609192929995,0.8243322849906783,False,0.0,1.0
Lorazepam,2014-10-01,1,1,0.5536437246963563,1.271222079207128,0.7444609192929995,0.8243322849906783,False,0.0,1.0
Bupropion,2014-10-01,2,3,1.6609311740890687,1.2289666571108728,0.7371552813456834,0.8162428409492097,False,0.0,1.0
Meprobamate,2014-10-01,1,2,1.1072874493927125,1.1938892837776292,0.6991728103790563,0.774185334031795,False,0.0,1.0
Diazepam,2014-10-01,2,4,2.214574898785425,1.1623138421106407,0.6971757796157635,0.7719740431418718,False,0.0,1.0
Hydromorphone,2014-10-01,3,7,3.8755060728744937,1.083890624517718,0.6639593240234598,0.735193876817438,False,0.0,1.0
Ketamine,2014-10-01,1,3,1.6609311740890687,1.1254257770384442,0.6590787890441959,0.7297897299021867,False,0.0,1.0
Oxymorphone,2014-10-01,1,3,1.6609311740890687,1.1254257770384442,0.6590787890441959,0.7297897299021867,False,0.0,1.0
Sertraline,2014-10-01,1,4,2.214574898785425,1.064388485522513,0.6233337536988011,0.6902097025204557,False,0.0,1.102779003087781
Cocaine,2015-01-01,128,206,86.41008028676089,1.4579031920613805,1.2589441286148304,1.4082260345389854,False,5.478519022647042,1.000100010001
Alprazolam,2015-01-01,16,15,6.599224702759255,1.7833136898166164,1.2483341583637897,1.396357884895476,False,1.452058050246507,1.214181641573579
PCP,2015-01-01,7,3,1.6778656126482212,1.757046872588134,1.1142848188707037,1.2464133627903076,False,0.0,1.0479983232026828
Amphetamine,2015-01-01,6,2,1.1185770750988142,1.754887842503777,1.094458128162109,1.2242356813667832,False,0.0,1.1164452383610584
Methamphetamine,2015-01-01,293,446,249.44268774703556,1.1742352740690087,1.064474952429253,1.1906972807466054,False,0.0,1.1363636363636365
Diphenhydramine,2015-01-01,7,4,2.2371541501976284,1.6482272699036549,1.045273551636696,1.1692189848927566,False,0.0,1.006947940791461
Oxycodone,2015-01-01,29,46,19.85730611443378,1.3839241131654263,1.0404702330854443,1.1638461527559023,False,1.7095181412036389,1.0
Fluoxetine,2015-01-01,6,3,1.6778656126482212,1.6390262733718406,1.022199586615007,1.1434089816260486,False,0.0,1.088020890001088
Hydrocodone,2015-01-01,28,45,21.19633201755676,1.2819910055510406,0.9599381921067384,1.0737648716474,False,0.8987664549533397,1.0002000400080016
Amlodipine,2015-01-01,3,0,0.0,1.60236906681924,0.9377143024609528,1.048905705718194,False,0.0,1.0
Fentanyl,2015-01-01,17,24,12.505216160195923,1.2893748564828735,0.9093303358275822,1.0171560954531822,False,0.3497518239863125,1.0
Citalopram,2015-01-01,7,7,3.9150197628458496,1.3899710458226004,0.8814924969807652,0.9860173351332783,False,0.0,1.0
Tramadol,2015-01-01,10,12,6.711462450592885,1.3242544096416078,0.8752286288051515,0.9790107189906982,False,0.0,1.0
Morphine,2015-01-01,148,266,148.77075098814228,1.0020405443659641,0.8738721245910871,0.9774933336795735,False,-0.4465391386920119,1.0
Acetaminophen,2015-01-01,3,1,0.5592885375494071,1.4804827114609744,0.8663858045131217,0.9691193324859909,False,0.0,1.000300090027008
MDMA,2015-01-01,3,1,0.5592885375494071,1.4804827114609744,0.8663858045131217,0.9691193324859909,False,0.0,1.0085728693898133
Phenobarbital,2015-01-01,3,1,0.5592885375494071,1.4804827114609744,0.8663858045131217,0.9691193324859909,False,0.0,1.0
Clonazepam,2015-01-01,3,1,0.5592885375494071,1.4804827114609744,0.8663858045131217,0.9691193324859909,False,0.0,1.4126289023873428
Heroin,2015-01-01,190,364,203.5810276679842,0.9406158501056211,0.8331790370742193,0.9319749778210396,False,0.0,1.0
Desloratadine,2015-01-01,2,0,0.0,1.4552289134198335,0.8284575256716448,0.9266936489655944,False,0.0,1.0
Duloxetine,2015-01-01,2,0,0.0,1.4552289134198335,0.8284575256716448,0.9266936489655944,False,0.0,1.0
Estazolam,2015-01-01,2,0,0.0,1.4552289134198335,0.8284575256716448,0.9266936489655944,False,0.0,1.0
Isopropanol,2015-01-01,2,0,0.0,1.4552289134198335,0.8284575256716448,0.9266936489655944,False,0.0,1.0
Caffeine,2015-01-01,2,0,0.0,1.4552289134198335,0.8284575256716448,0.9266936489655944,False,0.0,1.0
Buprenorphine,2015-01-01,2,0,0.0,1.4552289134198335,0.8284575256716448,0.9266936489655944,False,0.0,1.0
Nortriptyline,2015-01-01,2,0,0.0,1.4552289134198335,0.8284575256716448,0.9266936489655944,False,0.0,1.0
Metformin,2015-01-01,2,0,0.0,1.4552289134198335,0.8284575256716448,0.9266936489655944,False,0.0,1.0
Metaxalone,2015-01-01,2,0,0.0,1.4552289134198335,0.8284575256716448,0.9266936489655944,False,0.0,1.0
Carisoprodol,2015-01-01,5,5,2.7964426877470356,1.3435954514323274,0.8224460731631591,0.9199693838519111,False,0.0,1.0
Zolpidem,2015-01-01,3,2,1.1185770750988142,1.3758284708247375,0.8051416253224982,0.9006130337263014,False,0.0,1.0002000400080016
Lamotrigine,2015-01-01,2,1,0.5592885375494071,1.3445349714674946,0.765439791203213,0.856203494373809,False,0.0,1.0
Insulin,2015-01-01,2,1,0.5592885375494071,1.3445349714674946,0.765439791203213,0.856203494373809,False,0.0,1.0
Quetiapine,2015-01-01,7,10,5.592885375494071,1.2016826735346953,0.7620836877546107,0.85244942152753,False,0.0,1.0028078620136385
Oxymorphone,2015-01-01,3,3,1.6778656126482212,1.2849932381532776,0.7519843979351297,0.8411526043600227,False,0.0,1.0
Atorvastatin,2015-01-01,1,0,0.0,1.3081027683331865,0.7211078347302307,0.8066148116259741,False,0.0,1.0
Tapentadol,2015-01-01,1,0,0.0,1.3081027683331865,0.7211078347302307,0.8066148116259741,False,0.0,1.0
Metoprolol,2015-01-01,1,0,0.0,1.3081027683331865,0.7211078347302307,0.8066148116259741,False,0.0,1.0
Olanzapine,2015-01-01,1,0,0.0,1.3081027683331865,0.7211078347302307,0.8066148116259741,False,0.0,1.0
Oxcarbazepine,2015-01-01,1,0,0.0,1.3081027683331865,0.7211078347302307,0.8066148116259741,False,0.0,1.0
Fluvoxamine,2015-01-01,1,0,0.0,1.3081027683331865,0.7211078347302307,0.8066148116259741,False,0.0,1.0
Cyclobenzaprine,2015-01-01,1,0,0.0,1.3081027683331865,0.7211078347302307,0.8066148116259741,False,0.0,1.0
Chlorpromazine,2015-01-01,1,0,0.0,1.3081027683331865,0.7211078347302307,0.8066148116259741,False,0.0,1.0
Carbamazepine,2015-01-01,1,0,0.0,1.3081027683331865,0.7211078347302307,0.8066148116259741,False,0.0,1.0
GHB,2015-01-01,1,0,0.0,1.3081027683331865,0.7211078347302307,0.8066148116259741,False,0.0,1.0
Levetiracetam,2015-01-01,1,0,0.0,1.3081027683331865,0.7211078347302307,0.8066148116259741,False,0.0,1.0
Ethanol,2015-01-01,208,474,265.10276679841894,0.7939850619895986,0.7069813124215516,0.7908130967595014,False,-0.9113996972939172,1.0
Diazepam,2015-01-01,3,4,2.2371541501976284,1.2054094457060627,0.7054115690112823,0.7890573252584613,False,0.0,1.002004008016032
Codeine,2015-01-01,3,4,2.2371541501976284,1.2054094457060627,0.7054115690112823,0.7890573252584613,False,0.0,1.0
Etizolam,2015-01-01,1,1,0.5592885375494071,1.2086001742256482,0.666255798694594,0.7452586095725707,False,0.0,1.0
Promethazine,2015-01-01,1,1,0.5592885375494071,1.2086001742256482,0.666255798694594,0.7452586095725707,False,0.0,1.0
Topiramate,2015-01-01,1,1,0.5592885375494071,1.2086001742256482,0.666255798694594,0.7452586095725707,False,0.0,1.0
Mirtazapine,2015-01-01,2,3,1.6778656126482212,1.1669966379353314,0.6643677418826197,0.7431466642061775,False,0.0,1.0005002501250624
Bupropion,2015-01-01,2,3,1.6778656126482212,1.1669966379353314,0.6643677418826197,0.7431466642061775,False,0.0,1.0
Trazodone,2015-01-01,3,5,2.7964426877470356,1.135108500438965,0.6642711081658043,0.7430385634482756,False,0.0,1.0005002501250624
Hydromorphone,2015-01-01,3,5,2.7964426877470356,1.135108500438965,0.6642711081658043,0.7430385634482756,False,0.0,1.0
Lorazepam,2015-01-01,1,2,1.1185770750988142,1.123165111399693,0.6191586633196967,0.6925768527969187,False,0.0,1.0
Meprobamate,2015-01-01,1,2,1.1185770750988142,1.123165111399693,0.6191586633196967,0.6925768527969187,False,0.0,1.0
Temazepam,2015-01-01,1,2,1.1185770750988142,1.123165111399693,0.6191586633196967,0.6925768527969187,False,0.0,1.0
Methadone,2015-01-01,37,92,51.45454545454545,0.7705388347258935,0.5953412735077466,0.6659351409163036,False,-0.3503150707247949,1.0
Amitriptyline,2015-01-01,1,3,1.6778656126482212,1.049011271450953,0.5782804416257666,0.646851424123003,False,0.0,1.0
Ketamine,2015-01-01,1,3,1.6778656126482212,1.049011271450953,0.5782804416257666,0.646851424123003,False,0.0,1.0
Pentobarbital,2015-01-01,3,11,6.1521739130434785,0.8408663942315386,0.4920791724311487,0.55042864389454,False,0.0,1.0
Cocaine,2015-04-01,145,211,90.97096932315365,1.5612550932853608,1.3582620896673538,1.5616103552508183,False,6.094321904356863,1.0
Alprazolam,2015-04-01,19,16,8.66481283964541,1.733587921616508,1.2242868518798784,1.4075774367752631,False,0.2946603827379835,2.6392187912377936
Clonazepam,2015-04-01,6,1,0.5748560460652591,1.8932226396039606,1.1408315330469159,1.3116278905368004,False,0.0,3.0845157310302285
Codeine,2015-04-01,8,4,2.2994241842610363,1.7380493846285496,1.088385769608323,1.2513303418597457,False,0.0,1.291155584247902
Amphetamine,2015-04-01,7,3,1.7245681381957771,1.7379669995960119,1.0688018393200538,1.228814463879118,False,0.0,1.1252391133115789
Hydrocodone,2015-04-01,36,43,24.718809980806142,1.3793190190694578,1.0562612821719273,1.214396384529655,False,-0.100559911841475,1.000100010001
Oxycodone,2015-04-01,35,47,25.77034304449983,1.3018405214945459,0.9936443863272455,1.1424049807640535,False,0.2336560516790553,1.0178117048346056
Methamphetamine,2015-04-01,301,480,275.9309021113244,1.0900844231706805,0.9890056288621967,1.1370717323116526,False,0.0,1.0418837257762037
Morphine,2015-04-01,162,276,146.28203400801723,1.105388511362191,0.9687332273761864,1.1137643085086986,False,0.4016643299522018,1.0
Heroin,2015-04-01,213,359,206.37332053742801,1.0327111305824628,0.9201488120198228,1.0579062177452128,False,0.0,1.0
MDMA,2015-04-01,4,1,0.5748560460652591,1.5823449219598278,0.9074047680355697,1.0432542994786,False,0.0,1.000100010001
Amlodipine,2015-04-01,3,0,0.0,1.5669959120423644,0.87135973280772,1.0018128901806058,False,0.0,1.0
Acetaminophen,2015-04-01,4,2,1.1497120921305182,1.452507798869059,0.8329489253646402,0.9576515065931483,False,0.0,1.0124531740407006
Lorazepam,2015-04-01,4,2,1.1497120921305182,1.452507798869059,0.8329489253646402,0.9576515065931483,False,0.0,1.307531380753138
Fluoxetine,2015-04-01,4,3,1.7245681381957771,1.342362131580221,0.7697852609263199,0.8850314698056247,False,0.0,9.505703422053232
Quetiapine,2015-04-01,8,10,5.748560460652591,1.221468559314286,0.7648971368358268,0.8794115179584673,False,0.0,1.0
Digoxin,2015-04-01,2,0,0.0,1.3963398964316418,0.7487104170720956,0.8608014791509706,False,0.0,1.0
Estazolam,2015-04-01,2,0,0.0,1.3963398964316418,0.7487104170720956,0.8608014791509706,False,0.0,1.0
Metoprolol,2015-04-01,2,0,0.0,1.3963398964316418,0.7487104170720956,0.8608014791509706,False,0.0,1.0
Nortriptyline,2015-04-01,2,0,0.0,1.3963398964316418,0.7487104170720956,0.8608014791509706,False,0.0,1.0
Isopropanol,2015-04-01,2,0,0.0,1.3963398964316418,0.7487104170720956,0.8608014791509706,False,0.0,1.0
Metaxalone,2015-04-01,2,0,0.0,1.3963398964316418,0.7487104170720956,0.8608014791509706,False,0.0,1.0
Duloxetine,2015-04-01,2,0,0.0,1.3963398964316418,0.7487104170720956,0.8608014791509706,False,0.0,1.0
Cyclobenzaprine,2015-04-01,2,0,0.0,1.3963398964316418,0.7487104170720956,0.8608014791509706,False,0.0,1.0
Buprenorphine,2015-04-01,2,0,0.0,1.3963398964316418,0.7487104170720956,0.8608014791509706,False,0.0,1.0
Citalopram,2015-04-01,6,7,4.023992322456814,1.2323024950433137,0.7425695822504479,0.8537412627439992,False,0.0,1.0
Zolpidem,2015-04-01,3,2,1.1497120921305182,1.3098405494017253,0.7283632984465297,0.837408139793348,False,0.0,1.0
PCP,2015-04-01,5,6,3.4491362763915543,1.2010015263733893,0.7071981155385595,0.8130742601468467,False,0.0,1.0043185698503565
Tramadol,2015-04-01,9,14,8.047984644913628,1.091371320388951,0.694627978336507,0.7986222093616171,False,0.0,1.0
Insulin,2015-04-01,2,1,0.5748560460652591,1.2715235235689921,0.6817845068247151,0.7838559407918306,False,0.0,1.0
Lamotrigine,2015-04-01,2,1,0.5748560460652591,1.2715235235689921,0.6817845068247151,0.7838559407918306,False,0.0,1.0
Oxymorphone,2015-04-01,3,3,1.7245681381957771,1.2105135361711157,0.6731305061692305,0.773906323632367,False,0.0,1.0
Fentanyl,2015-04-01,14,30,14.691926347147042,0.9817862375222821,0.6647816526930402,0.7643075197192021,False,0.8279891783041112,1.0
Carbamazepine,2015-04-01,1,0,0.0,1.2257128369043457,0.6289784094428574,0.7231441327552246,False,0.0,1.0
Fluvoxamine,2015-04-01,1,0,0.0,1.2257128369043457,0.6289784094428574,0.7231441327552246,False,0.0,1.0
Atorvastatin,2015-04-01,1,0,0.0,1.2257128369043457,0.6289784094428574,0.7231441327552246,False,0.0,1.0
Chlorpromazine,2015-04-01,1,0,0.0,1.2257128369043457,0.6289784094428574,0.7231441327552246,False,0.0,1.0
Oxcarbazepine,2015-04-01,1,0,0.0,1.2257128369043457,0.6289784094428574,0.7231441327552246,False,0.0,1.0
Levetiracetam,2015-04-01,1,0,0.0,1.2257128369043457,0.6289784094428574,0.7231441327552246,False,0.0,1.0
Flurazepam,2015-04-01,1,0,0.0,1.2257128369043457,0.6289784094428574,0.7231441327552246,False,0.0,1.0
Metformin,2015-04-01,2,2,1.1497120921305182,1.167190420241583,0.6258416224981161,0.719537722515453,False,0.0,1.0
Diazepam,2015-04-01,3,4,2.2994241842610363,1.1251889110438544,0.6256840246682634,0.7193565245494333,False,0.0,1.0
Ethanol,2015-04-01,195,487,279.9548944337812,0.7038627728902314,0.6239455786412975,0.7173577776087002,False,-1.9968178008353168,1.0
Diphenhydramine,2015-04-01,4,7,4.023992322456814,1.0299515516876108,0.5906316226486418,0.6790563462594932,False,0.0,1.0
Methadone,2015-04-01,38,91,52.31190019193858,0.7593957837034303,0.5851835719198862,0.6727926334221477,False,-1.049961251872316,1.0
Trazodone,2015-04-01,3,5,2.8742802303262955,1.0511007070539566,0.5844857821350719,0.671990402425119,False,0.0,1.0
Mirtazapine,2015-04-01,2,3,1.7245681381957771,1.0786807628127228,0.5783831901366125,0.6649741829404222,False,0.0,1.0
Hydroxyzine,2015-04-01,1,1,0.5748560460652591,1.1161485174542223,0.5727551332361109,0.6585035437764674,False,0.0,1.0
Topiramate,2015-04-01,1,1,0.5748560460652591,1.1161485174542223,0.5727551332361109,0.6585035437764674,False,0.0,1.0
Etizolam,2015-04-01,1,1,0.5748560460652591,1.1161485174542223,0.5727551332361109,0.6585035437764674,False,0.0,1.0
Olanzapine,2015-04-01,1,1,0.5748560460652591,1.1161485174542223,0.5727551332361109,0.6585035437764674,False,0.0,1.0
Promethazine,2015-04-01,1,1,0.5748560460652591,1.1161485174542223,0.5727551332361109,0.6585035437764674,False,0.0,1.0079629069650238
Paroxetine,2015-04-01,1,2,1.1497120921305182,1.0245644952621489,0.5257585032960713,0.604470943574958,False,0.0,1.0
Bupropion,2015-04-01,1,3,1.7245681381957771,0.9468703581986728,0.4858895117330548,0.5586330768173884,False,0.0,1.0
Ketamine,2015-04-01,1,3,1.7245681381957771,0.9468703581986728,0.4858895117330548,0.5586330768173884,False,0.0,1.0
Phenobarbital,2015-04-01,1,3,1.7245681381957771,0.9468703581986728,0.4858895117330548,0.5586330768173884,False,0.0,1.0
Amitriptyline,2015-04-01,1,3,1.7245681381957771,0.9468703581986728,0.4858895117330548,0.5586330768173884,False,0.0,1.0
Hydromorphone,2015-04-01,2,6,3.4491362763915543,0.8787665326650104,0.4711901871900922,0.5417330794123763,False,0.0,1.0
Pentobarbital,2015-04-01,3,10,5.748560460652591,0.7907616954295439,0.4397190154414637,0.5055502867988877,False,0.0,1.0
Sertraline,2015-04-01,1,5,2.8742802303262955,0.8221767648621907,0.4219026008979065,0.4850665444062525,False,0.0,1.0
Carisoprodol,2015-04-01,2,8,4.598848368522073,0.7821305700590843,0.41937447093666175,0.4821599190098551,False,0.0,1.0
Cocaine,2015-07-01,159,215,99.87194548972843,1.5478493964569882,1.3558893139377275,1.6795696634787445,False,6.645408720732041,1.000100010001
Hydrocodone,2015-07-01,43,42,26.013157894736842,1.4993518026057706,1.1786405615501763,1.4600077753748804,False,-0.5642122248647403,1.0004001600640255
Methamphetamine,2015-07-01,373,496,307.203007518797,1.209257661064461,1.108057013498051,1.3725743837744753,False,0.0,7.127583749109052
Codeine,2015-07-01,9,4,2.4774436090225564,1.6161460315140708,1.065728102622148,1.320140672138903,False,0.0,1.184413123297406
Morphine,2015-07-01,160,280,132.2255714404913,1.1992640109991448,1.0509525066704801,1.301837786252389,False,1.9615413027592712,1.0
Alprazolam,2015-07-01,18,19,11.767857142857142,1.3203348048891637,0.9423188568997567,1.1672709194644961,False,-0.0822773733682389,1.0024057738572574
Lorazepam,2015-07-01,5,2,1.2387218045112782,1.4124782641419888,0.8785147103811821,1.0882353373453852,False,0.0,1.0549636037556704
Oxycodone,2015-07-01,36,50,30.968045112781954,1.1343932036971005,0.8753713142833943,1.084341531821752,False,-0.1811891440145292,1.000100010001
Acetaminophen,2015-07-01,4,1,0.6193609022556391,1.3988828594043623,0.8538258854068096,1.0576527492331544,False,0.0,1.2559658377292138
Amphetamine,2015-07-01,6,4,2.4774436090225564,1.3445858406642577,0.8505075874948946,1.053542296807321,False,0.0,1.0
Diazepam,2015-07-01,6,4,2.4774436090225564,1.3445858406642577,0.8505075874948946,1.053542296807321,False,0.0,1.0002000400080016
Nortriptyline,2015-07-01,3,0,0.0,1.3833270090943164,0.8266028305562624,1.0239309546905275,False,0.0,1.0
Isopropanol,2015-07-01,3,0,0.0,1.3833270090943164,0.8266028305562624,1.0239309546905275,False,0.0,1.1071744906997345
Clonazepam,2015-07-01,5,3,1.8580827067669174,1.328569158318755,0.8263260249535725,1.0235880655396716,False,0.0,1.194885888397658
Heroin,2015-07-01,213,373,231.02161654135338,0.9259523408201833,0.8253821840565133,1.0224189071921639,False,0.0,1.0
Caffeine,2015-07-01,4,2,1.2387218045112782,1.3105329160467982,0.7999003775590446,0.9908540368823157,False,0.0,1.0028078620136385
Metformin,2015-07-01,4,2,1.2387218045112782,1.3105329160467982,0.7999003775590446,0.9908540368823157,False,0.0,1.0028078620136385
MDMA,2015-07-01,4,3,1.8580827067669174,1.2326799338600594,0.7523818230208493,0.9319917595385415,False,0.0,1.0
Oxymorphone,2015-07-01,4,3,1.8580827067669174,1.2326799338600594,0.7523818230208493,0.9319917595385415,False,0.0,1.0
Digoxin,2015-07-01,2,0,0.0,1.2666543766015759,0.7388232497484203,0.9151964585676294,False,0.0,1.0
Doxylamine,2015-07-01,2,0,0.0,1.2666543766015759,0.7388232497484203,0.9151964585676294,False,0.0,1.0
Hydroxyzine,2015-07-01,2,0,0.0,1.2666543766015759,0.7388232497484203,0.9151964585676294,False,0.0,1.1071744906997345
Buprenorphine,2015-07-01,2,0,0.0,1.2666543766015759,0.7388232497484203,0.9151964585676294,False,0.0,1.0
Duloxetine,2015-07-01,2,0,0.0,1.2666543766015759,0.7388232497484203,0.9151964585676294,False,0.0,1.0
Clindamycin,2015-07-01,2,0,0.0,1.2666543766015759,0.7388232497484203,0.9151964585676294,False,0.0,1.0
Hydromorphone,2015-07-01,6,7,4.3355263157894735,1.1509664006978755,0.7280350775236701,0.9018329114306354,False,0.0,1.0178117048346056
Fluoxetine,2015-07-01,4,4,2.4774436090225564,1.163558078722479,0.710192422552439,0.8797308232373705,False,0.0,4.930966469428007
Cyclobenzaprine,2015-07-01,2,1,0.6193609022556391,1.181262517262452,0.6890152735676881,0.8534982238077237,False,0.0,1.019160211985324
Olanzapine,2015-07-01,2,1,0.6193609022556391,1.181262517262452,0.6890152735676881,0.8534982238077237,False,0.0,1.0028078620136385
Zolpidem,2015-07-01,3,3,1.8580827067669174,1.1367949342136985,0.6792883419505296,0.8414492603367071,False,0.0,1.0
PCP,2015-07-01,4,5,3.0968045112781954,1.101776558953987,0.6724832888222763,0.8330196923360109,False,0.0,1.0602205258693809
Ethanol,2015-07-01,218,473,292.9577067669173,0.7523356614562181,0.6714871692899159,0.8317857961697074,False,-0.4255373538302478,1.0
Quetiapine,2015-07-01,7,11,6.81296992481203,1.0305795814739602,0.6618746569828714,0.8198785498724859,False,0.0,1.0
Baclofen,2015-07-01,1,0,0.0,1.149990284224749,0.6523689582299703,0.8081036277760806,False,0.0,1.0
Flurazepam,2015-07-01,1,0,0.0,1.149990284224749,0.6523689582299703,0.8081036277760806,False,0.0,1.0
Atorvastatin,2015-07-01,1,0,0.0,1.149990284224749,0.6523689582299703,0.8081036277760806,False,0.0,1.0
Acetyl fentanyl,2015-07-01,1,0,0.0,1.149990284224749,0.6523689582299703,0.8081036277760806,False,0.0,1.0
Carbamazepine,2015-07-01,1,0,0.0,1.149990284224749,0.6523689582299703,0.8081036277760806,False,0.0,1.0
Chlordiazepoxide,2015-07-01,1,0,0.0,1.149990284224749,0.6523689582299703,0.8081036277760806,False,0.0,1.0
Chlorpromazine,2015-07-01,1,0,0.0,1.149990284224749,0.6523689582299703,0.8081036277760806,False,0.0,1.0
Fluvoxamine,2015-07-01,1,0,0.0,1.149990284224749,0.6523689582299703,0.8081036277760806,False,0.0,1.0
Oxcarbazepine,2015-07-01,1,0,0.0,1.149990284224749,0.6523689582299703,0.8081036277760806,False,0.0,1.0
Gabapentin,2015-07-01,2,2,1.2387218045112782,1.1066569305337752,0.6454987918387448,0.7995934026030129,False,0.0,1.0
Lamotrigine,2015-07-01,2,2,1.2387218045112782,1.1066569305337752,0.6454987918387448,0.7995934026030129,False,0.0,1.0
Methadone,2015-07-01,40,89,51.072785250795235,0.819058632674691,0.639084850372843,0.7916483306297403,False,0.3771150396704414,1.0
Pentobarbital,2015-07-01,6,11,6.81296992481203,0.9655765793935255,0.6107681504929818,0.7565718010179038,False,0.0,1.0
Promethazine,2015-07-01,1,1,0.6193609022556391,1.0724633673278539,0.6083893223107814,0.7536250872724455,False,0.0,1.0
Etizolam,2015-07-01,1,1,0.6193609022556391,1.0724633673278539,0.6083893223107814,0.7536250872724455,False,0.0,1.0
Metoprolol,2015-07-01,1,1,0.6193609022556391,1.0724633673278539,0.6083893223107814,0.7536250872724455,False,0.0,1.0
Carisoprodol,2015-07-01,4,7,4.3355263157894735,0.9960065124652376,0.6079252002120342,0.7530501736851715,False,0.0,1.0
Mirtazapine,2015-07-01,2,3,1.8580827067669174,1.0409153217235465,0.6071525547261558,0.7520930777576283,False,0.0,1.0
Tramadol,2015-07-01,7,14,8.671052631578947,0.9194995430752742,0.590535127620546,0.7315087143100178,False,0.0,1.0
Trazodone,2015-07-01,3,6,3.716165413533835,0.9648436185441355,0.5765393582930844,0.7141718425637386,False,0.0,1.0
Paroxetine,2015-07-01,1,2,1.2387218045112782,1.0047292628462081,0.5699649740502049,0.7060280045233225,False,0.0,1.0
Meprobamate,2015-07-01,1,2,1.2387218045112782,1.0047292628462081,0.5699649740502049,0.7060280045233225,False,0.0,1.0
Bupropion,2015-07-01,1,2,1.2387218045112782,1.0047292628462081,0.5699649740502049,0.7060280045233225,False,0.0,1.0
Citalopram,2015-07-01,4,9,5.574248120300752,0.9087654447899071,0.5546765086929737,0.6870898543464125,False,0.0,1.0
Diphenhydramine,2015-07-01,4,9,5.574248120300752,0.9087654447899071,0.5546765086929737,0.6870898543464125,False,0.0,1.0002000400080016
Temazepam,2015-07-01,1,3,1.8580827067669174,0.9450427273574131,0.5361058680113825,0.6640859881739869,False,0.0,1.0
Phenobarbital,2015-07-01,1,3,1.8580827067669174,0.9450427273574131,0.5361058680113825,0.6640859881739869,False,0.0,1.0
Amitriptyline,2015-07-01,1,4,2.4774436090225564,0.8920499717321408,0.5060440237895422,0.6268477238103138,False,0.0,1.0
Sertraline,2015-07-01,1,5,3.0968045112781954,0.8446847357625172,0.4791745710039903,0.5935639450581145,False,0.0,1.0
Fentanyl,2015-07-01,12,35,21.67763157894737,0.6893745664082359,0.469429294347746,0.5814922800616116,False,0.0,1.0
Cocaine,2015-10-01,160,222,105.63069964710053,1.468962452589964,1.2875357157542173,1.633673231690556,False,5.431042419781105,1.0
Methamphetamine,2015-10-01,418,497,315.3060465116279,1.3153386127212132,1.2109345430585043,1.5364788079892395,False,0.0,5.704506560182544
Hydrocodone,2015-10-01,46,46,29.18325581395349,1.4257704079545148,1.1309576319743808,1.43500113954575,False,-0.3486603730552091,1.0275380189066996
Oxycodone,2015-10-01,45,53,33.62418604651163,1.2584689242931733,0.9961195797763539,1.2639135919915407,False,-1.3644681063776014,1.000300090027008
Morphine,2015-10-01,154,283,138.8445659359303,1.101353107324897,0.9629961191183809,1.221885308089551,False,1.6780774145020252,1.0
Heroin,2015-10-01,201,389,186.60426230369978,1.0728965369751622,0.9533073708534343,1.209591863596594,False,2.248928216386416,1.0
Codeine,2015-10-01,8,5,3.1720930232558144,1.357542900637433,0.8974755279224352,1.1387503559462322,False,0.0,1.00080064051241
Alprazolam,2015-10-01,19,22,13.957209302325582,1.2067661355364494,0.8726708245843635,1.10727721254726,False,-0.2049702685478854,1.0
Lorazepam,2015-10-01,5,2,1.2688372093023257,1.3212915623872732,0.8387784828025999,1.0642733536057396,False,0.0,1.000100010001
Clonazepam,2015-10-01,6,4,2.5376744186046514,1.2681629990391279,0.8170548613379355,1.0367096078357563,False,0.0,1.1512779184895232
Cyclobenzaprine,2015-10-01,4,1,0.6344186046511628,1.3063817507715416,0.8158443126266915,1.0351736215496041,False,0.0,1.168360789811894
Oxymorphone,2015-10-01,5,3,1.9032558139534885,1.2520290841136827,0.7948094769485823,1.008483832842389,False,0.0,1.0
Hydroxyzine,2015-10-01,3,0,0.0,1.28962035628092,0.7908137400012475,1.0034138952804832,False,0.0,1.1911852293031566
Methadone,2015-10-01,43,76,42.907878408810916,1.0008161830898077,0.7886580819452523,1.0006787128166208,False,0.5833586354716952,1.0
Metformin,2015-10-01,4,2,1.2688372093023257,1.2341124730223885,0.7707116558099047,0.9779076165107902,False,0.0,1.0
Mirtazapine,2015-10-01,4,2,1.2688372093023257,1.2341124730223885,0.7707116558099047,0.9779076165107902,False,0.0,1.0
Caffeine,2015-10-01,4,2,1.2688372093023257,1.2341124730223885,0.7707116558099047,0.9779076165107902,False,0.0,1.0
Fentanyl,2015-10-01,18,33,16.43514927427644,1.0569511786043024,0.7598569766053601,0.9641347934138975,False,1.47541026057363,1.0
Clindamycin,2015-10-01,2,0,0.0,1.1916031266705653,0.7158783169788203,0.9083330248519785,False,0.0,1.0
Digoxin,2015-10-01,2,0,0.0,1.1916031266705653,0.7158783169788203,0.9083330248519785,False,0.0,1.0
Doxylamine,2015-10-01,2,0,0.0,1.1916031266705653,0.7158783169788203,0.9083330248519785,False,0.0,1.0
Ethanol,2015-10-01,218,467,281.20954008745645,0.7829201039485726,0.6988174318921873,0.8866855574029627,False,0.2577225484048447,1.0
Fluoxetine,2015-10-01,4,4,2.5376744186046514,1.1111719962765056,0.6939344896519224,0.8804898759099361,False,0.0,1.0
Isopropanol,2015-10-01,2,1,0.6344186046511628,1.1218231842337052,0.6739566849920414,0.855141289048047,False,0.0,1.013068584743187
Olanzapine,2015-10-01,2,1,0.6344186046511628,1.1218231842337052,0.6739566849920414,0.855141289048047,False,0.0,1.0
Metoprolol,2015-10-01,2,1,0.6344186046511628,1.1218231842337052,0.6739566849920414,0.855141289048047,False,0.0,1.001602564102564
Meprobamate,2015-10-01,2,1,0.6344186046511628,1.1218231842337052,0.6739566849920414,0.855141289048047,False,0.0,2.026753141467369
Zolpidem,2015-10-01,3,3,1.9032558139534885,1.0868135622678663,0.666449698684743,0.8456161448567057,False,0.0,1.0
Trazodone,2015-10-01,4,5,3.1720930232558144,1.0584513116890348,0.6610100625822152,0.8387141322729427,False,0.0,1.0
Chlorpromazine,2015-10-01,1,0,0.0,1.0935910543525993,0.6418887275518426,0.8144522638577031,False,0.0,1.0
Opium,2015-10-01,1,0,0.0,1.0935910543525993,0.6418887275518426,0.8144522638577031,False,0.0,1.0
Salicylate,2015-10-01,1,0,0.0,1.0935910543525993,0.6418887275518426,0.8144522638577031,False,0.0,1.0
Oxcarbazepine,2015-10-01,1,0,0.0,1.0935910543525993,0.6418887275518426,0.8144522638577031,False,0.0,1.0
Baclofen,2015-10-01,1,0,0.0,1.0935910543525993,0.6418887275518426,0.8144522638577031,False,0.0,1.0
Acetyl fentanyl,2015-10-01,1,0,0.0,1.0935910543525993,0.6418887275518426,0.8144522638577031,False,0.0,1.0
Chlordiazepoxide,2015-10-01,1,0,0.0,1.0935910543525993,0.6418887275518426,0.8144522638577031,False,0.0,1.0
Butalbital,2015-10-01,1,0,0.0,1.0935910543525993,0.6418887275518426,0.8144522638577031,False,0.0,1.0
Benztropine,2015-10-01,1,0,0.0,1.0935910543525993,0.6418887275518426,0.8144522638577031,False,0.0,1.0
Flurazepam,2015-10-01,1,0,0.0,1.0935910543525993,0.6418887275518426,0.8144522638577031,False,0.0,1.0
Gabapentin,2015-10-01,2,2,1.2688372093023257,1.0597637201919397,0.636673277726269,0.8078347074774918,False,0.0,1.0
Nortriptyline,2015-10-01,2,2,1.2688372093023257,1.0597637201919397,0.636673277726269,0.8078347074774918,False,0.0,1.013068584743187
MDMA,2015-10-01,3,4,2.5376744186046514,1.0326801747525944,0.6332543273249537,0.8034966169704864,False,0.0,1.0
Diazepam,2015-10-01,4,6,3.806511627906977,1.010506790108806,0.6310683818830354,0.8007230092906392,False,0.0,1.0
Amphetamine,2015-10-01,4,6,3.806511627906977,1.010506790108806,0.6310683818830354,0.8007230092906392,False,0.0,1.0
Hydromorphone,2015-10-01,5,8,5.075348837209303,0.9920193946396076,0.62975087893786,0.799051313862687,False,0.0,1.0
Levetiracetam,2015-10-01,1,1,0.6344186046511628,1.0295506711795472,0.6042999050177942,0.7667581599786851,False,0.0,1.0
Promethazine,2015-10-01,1,1,0.6344186046511628,1.0295506711795472,0.6042999050177942,0.7667581599786851,False,0.0,1.0
Etizolam,2015-10-01,1,1,0.6344186046511628,1.0295506711795472,0.6042999050177942,0.7667581599786851,False,0.0,1.0
Phenobarbital,2015-10-01,2,3,1.9032558139534885,1.004210605546817,0.6032986840172039,0.7654877756169142,False,0.0,1.0
Acetaminophen,2015-10-01,2,3,1.9032558139534885,1.004210605546817,0.6032986840172039,0.7654877756169142,False,0.0,1.0
Amitriptyline,2015-10-01,2,4,2.5376744186046514,0.954191610804448,0.5732488184439332,0.7273593837836194,False,0.0,1.0
Duloxetine,2015-10-01,1,2,1.2688372093023257,0.9725957394619551,0.5708699235795774,0.7243409502094087,False,0.0,1.013068584743187
Paroxetine,2015-10-01,1,2,1.2688372093023257,0.9725957394619551,0.5708699235795774,0.7243409502094087,False,0.0,1.0
Tramadol,2015-10-01,7,15,9.516279069767442,0.8699913648965883,0.5681161642153648,0.7208468917655892,False,0.0,1.0
Diphenhydramine,2015-10-01,4,9,5.709767441860466,0.8896163117659116,0.5555714537083102,0.7049296889780405,False,0.0,1.0
Sertraline,2015-10-01,2,5,3.1720930232558144,0.9089190201363928,0.5460504456910235,0.6928490731255851,False,0.0,1.0
Lamotrigine,2015-10-01,1,3,1.9032558139534885,0.9216119950779691,0.5409447603494898,0.6863707855477243,False,0.0,1.0
Temazepam,2015-10-01,1,3,1.9032558139534885,0.9216119950779691,0.5409447603494898,0.6863707855477243,False,0.0,1.0
Amlodipine,2015-10-01,1,3,1.9032558139534885,0.9216119950779691,0.5409447603494898,0.6863707855477243,False,0.0,1.001602564102564
Pentobarbital,2015-10-01,4,11,6.978604651162791,0.8239051958454058,0.5145344136789035,0.6528603623916539,False,0.0,1.0
Carisoprodol,2015-10-01,3,9,5.709767441860466,0.8267749109729833,0.506990259808926,0.6432880556526124,False,0.0,1.0
Quetiapine,2015-10-01,4,12,7.613023255813954,0.7945602740063384,0.4962083098637374,0.6296075188575934,False,0.0,1.0
PCP,2015-10-01,2,8,5.075348837209303,0.795665539758958,0.4780112562075887,0.6065184120290353,False,0.0,1.0
Citalopram,2015-10-01,1,12,7.613023255813954,0.6261876078050699,0.3675439417531417,0.46635336586854914,False,0.0,1.0
Cocaine,2016-01-01,163,230,110.80405431254161,1.4431431406052724,1.2644648387809538,1.6244386212749833,False,5.790960478259206,1.0
Methamphetamine,2016-01-01,442,545,350.0765765765766,1.2574505368666204,1.1597077121951849,1.4898587382382995,False,0.0,7.06713780918728
Hydromorphone,2016-01-01,12,7,4.496396396396396,1.6537691634454064,1.1028814714976443,1.4168550146141925,False,0.0,1.00999899000101
Oxycodone,2016-01-01,48,51,32.75945945945946,1.3835227936064542,1.0941709926150303,1.4056647324127567,False,-0.4551749881910951,1.0005002501250624
Codeine,2016-01-01,9,5,3.2117117117117115,1.568005572664241,1.00701449087729,1.2936961583455484,False,0.0,1.0089799212995665
MDMA,2016-01-01,8,4,2.5693693693693693,1.5687790730540507,0.9924492016186744,1.2749843560886924,False,0.0,1.368738023542294
Fentanyl,2016-01-01,21,28,13.725436188497085,1.351413798913907,0.9699237704830069,1.2460462315349905,False,1.938671030057102,1.0
Heroin,2016-01-01,204,388,192.90686252392334,1.0555129812730608,0.9375790670611786,1.2044934678855188,False,1.6642615645182717,1.0
Clonazepam,2016-01-01,7,4,2.5693693693693693,1.4641963273601186,0.910962460400619,1.170299563084062,False,0.0,1.0002000400080016
Morphine,2016-01-01,159,279,152.6099423268198,1.0400617711320517,0.9098293113205901,1.168843781216806,False,0.8305726980327481,1.0
Hydrocodone,2016-01-01,39,53,34.04414414414414,1.1208842154777534,0.86677953770522,1.1135383956048144,False,-0.532087831499559,1.0002000400080016
Cyclobenzaprine,2016-01-01,4,1,0.6423423423423423,1.4409370273173625,0.8414514695876494,1.0809998512304368,False,0.0,1.0011012113324658
Hydroxyzine,2016-01-01,3,0,0.0,1.4303517408707522,0.8127215421193614,1.0440909491138803,False,0.0,1.0208248264597797
Oxymorphone,2016-01-01,5,3,1.927027027027027,1.345447460647138,0.8046144480174287,1.0336758718064967,False,0.0,1.0005002501250624
Alprazolam,2016-01-01,18,24,15.416216216216217,1.1155562637877836,0.7848446773608388,1.0082779288597212,False,-1.4783226867402488,1.0
Metformin,2016-01-01,4,2,1.2846846846846847,1.3290845218470744,0.7761339343166889,0.9970873862194863,False,0.0,1.0
Gabapentin,2016-01-01,4,2,1.2846846846846847,1.3290845218470744,0.7761339343166889,0.9970873862194863,False,0.0,1.0006003602161295
Caffeine,2016-01-01,4,2,1.2846846846846847,1.3290845218470744,0.7761339343166889,0.9970873862194863,False,0.0,1.0
Meprobamate,2016-01-01,3,1,0.6423423423423423,1.3099768337144784,0.7443248831849896,0.9562227778315668,False,0.0,1.6331863465621428
Lorazepam,2016-01-01,4,3,1.927027027027027,1.2333462195135374,0.7202264701686125,0.925263902818642,False,0.0,1.0
Temazepam,2016-01-01,4,3,1.927027027027027,1.2333462195135374,0.7202264701686125,0.925263902818642,False,0.0,1.0450412791305257
Furanyl fentanyl,2016-01-01,2,0,0.0,1.2873711353208528,0.7085076648021877,0.9102089360097954,False,0.0,1.0
Doxylamine,2016-01-01,2,0,0.0,1.2873711353208528,0.7085076648021877,0.9102089360097954,False,0.0,1.0
Clindamycin,2016-01-01,2,0,0.0,1.2873711353208528,0.7085076648021877,0.9102089360097954,False,0.0,1.0
Digoxin,2016-01-01,2,0,0.0,1.2873711353208528,0.7085076648021877,0.9102089360097954,False,0.0,1.0
Ethanol,2016-01-01,231,472,303.18558558558556,0.7672872971470607,0.6863446394176487,0.8817364439076311,False,-0.1876057490222366,1.0
Pentobarbital,2016-01-01,8,11,7.065765765765765,1.066941238817217,0.6749739328029037,0.8671286475040497,False,0.0,1.0
Diazepam,2016-01-01,5,6,3.854054054054054,1.1063626967804105,0.6616352080733607,0.8499925877836438,False,0.0,1.0002000400080016
Olanzapine,2016-01-01,2,1,0.6423423423423423,1.1790291265254669,0.6488813911150233,0.833607951430934,False,0.0,1.0
Metoprolol,2016-01-01,2,1,0.6423423423423423,1.1790291265254669,0.6488813911150233,0.833607951430934,False,0.0,1.0
Benztropine,2016-01-01,1,0,0.0,1.144409233239763,0.6064348388248596,0.7790775008502628,False,0.0,1.0
"1,1-Difluoroethane",2016-01-01,1,0,0.0,1.144409233239763,0.6064348388248596,0.7790775008502628,False,0.0,1.0
Baclofen,2016-01-01,1,0,0.0,1.144409233239763,0.6064348388248596,0.7790775008502628,False,0.0,1.0
Butalbital,2016-01-01,1,0,0.0,1.144409233239763,0.6064348388248596,0.7790775008502628,False,0.0,1.0
Ibuprofen,2016-01-01,1,0,0.0,1.144409233239763,0.6064348388248596,0.7790775008502628,False,0.0,1.0
Salicylate,2016-01-01,1,0,0.0,1.144409233239763,0.6064348388248596,0.7790775008502628,False,0.0,1.0
Opium,2016-01-01,1,0,0.0,1.144409233239763,0.6064348388248596,0.7790775008502628,False,0.0,1.0
Flurazepam,2016-01-01,1,0,0.0,1.144409233239763,0.6064348388248596,0.7790775008502628,False,0.0,1.0
Ephedrine,2016-01-01,1,0,0.0,1.144409233239763,0.6064348388248596,0.7790775008502628,False,0.0,1.0
Butyl Nitrite,2016-01-01,1,0,0.0,1.144409233239763,0.6064348388248596,0.7790775008502628,False,0.0,1.0
Chlordiazepoxide,2016-01-01,1,0,0.0,1.144409233239763,0.6064348388248596,0.7790775008502628,False,0.0,1.0
Amyl nitrite,2016-01-01,1,0,0.0,1.144409233239763,0.6064348388248596,0.7790775008502628,False,0.0,1.0
Acetyl fentanyl,2016-01-01,1,0,0.0,1.144409233239763,0.6064348388248596,0.7790775008502628,False,0.0,1.0
Nortriptyline,2016-01-01,2,2,1.2846846846846847,1.087507179817054,0.5985120772773574,0.768899248670542,False,0.0,1.0011012113324658
Mirtazapine,2016-01-01,3,4,2.5693693693693693,1.0459125107102274,0.5942843318447494,0.7634679296125868,False,0.0,1.0
Amphetamine,2016-01-01,4,7,4.496396396396396,0.9574680163754713,0.5591242741275374,0.7182983372507451,False,0.0,1.0
Trazodone,2016-01-01,4,7,4.496396396396396,0.9574680163754713,0.5591242741275374,0.7182983372507451,False,0.0,1.0
Methadone,2016-01-01,36,81,52.02972972972973,0.7284801942611459,0.558267916115642,0.7171982243876585,False,-0.8051495934957118,1.0
Sertraline,2016-01-01,3,5,3.2117117117117115,0.9800592632354885,0.5568667153858381,0.715398082303808,False,0.0,1.0
Insulin,2016-01-01,2,3,1.927027027027027,1.009170483045863,0.5553992960638494,0.7135129072253862,False,0.0,1.0
Acetaminophen,2016-01-01,2,3,1.927027027027027,1.009170483045863,0.5553992960638494,0.7135129072253862,False,0.0,1.0
Venlafaxine,2016-01-01,1,1,0.6423423423423423,1.0480985487670358,0.5553987647362354,0.7135122209816782,False,0.0,1.0
GHB,2016-01-01,1,1,0.6423423423423423,1.0480985487670358,0.5553987647362354,0.7135122209816782,False,0.0,1.0
Oxazepam,2016-01-01,1,1,0.6423423423423423,1.0480985487670358,0.5553987647362354,0.7135122209816782,False,0.0,1.0
Topiramate,2016-01-01,1,1,0.6423423423423423,1.0480985487670358,0.5553987647362354,0.7135122209816782,False,0.0,1.0
Levetiracetam,2016-01-01,1,1,0.6423423423423423,1.0480985487670358,0.5553987647362354,0.7135122209816782,False,0.0,1.0
Diphenhydramine,2016-01-01,5,10,6.423423423423423,0.894440932953229,0.534900186445186,0.6871780223989975,False,0.0,1.0
Fluoxetine,2016-01-01,3,6,3.854054054054054,0.922007389694138,0.5238818160500127,0.6730228811002422,False,0.0,1.0
Phenobarbital,2016-01-01,2,4,2.5693693693693693,0.941361161653578,0.5180802800991992,0.6655697307596128,False,0.0,1.0
Zolpidem,2016-01-01,2,4,2.5693693693693693,0.941361161653578,0.5180802800991992,0.6655697307596128,False,0.0,1.0
Amitriptyline,2016-01-01,2,4,2.5693693693693693,0.941361161653578,0.5180802800991992,0.6655697307596128,False,0.0,1.0
Isopropanol,2016-01-01,1,2,1.2846846846846847,0.9667400671423244,0.5122860247669482,0.658125932806096,False,0.0,1.0011012113324658
Paroxetine,2016-01-01,1,2,1.2846846846846847,0.9667400671423244,0.5122860247669482,0.658125932806096,False,0.0,1.0
Duloxetine,2016-01-01,1,2,1.2846846846846847,0.9667400671423244,0.5122860247669482,0.658125932806096,False,0.0,1.0011012113324658
Carisoprodol,2016-01-01,4,9,5.781081081081081,0.8611552535030069,0.5028813472524044,0.6460439019771573,False,0.0,1.0
Amlodipine,2016-01-01,1,3,1.927027027027027,0.8971026202345911,0.4753843879528923,0.6107189575862142,False,0.0,1.0
Lamotrigine,2016-01-01,1,3,1.927027027027027,0.8971026202345911,0.4753843879528923,0.6107189575862142,False,0.0,1.0
PCP,2016-01-01,3,8,5.138738738738739,0.824349913776979,0.46839313298065727,0.6017374120999998,False,0.0,1.0
Quetiapine,2016-01-01,4,11,7.065765765765765,0.782447951794387,0.456919328486535,0.5869971957715094,False,0.0,1.0
Tramadol,2016-01-01,5,19,12.204504504504504,0.6250533208275658,0.37379901291517775,0.48021380198422026,False,0.0,1.0
Citalopram,2016-01-01,1,11,7.065765765765765,0.569131438233779,0.3015889089241143,0.38744655920925264,False,0.0,1.0
Fentanyl,2016-04-01,32,31,15.596490444763464,1.7298175932865196,1.3056980135424856,1.7029832735127717,False,1.717212882881481,5.530973451327434
Hydromorphone,2016-04-01,12,5,3.26067615658363,1.862759968203628,1.237967686204846,1.6146445147280208,False,0.0,1.0
Methamphetamine,2016-04-01,485,564,367.8042704626335,1.3127150478859266,1.2148500143218126,1.584492987720947,False,0.0,6.253908692933083
Cocaine,2016-04-01,158,229,112.00423060559487,1.386713617250994,1.2120725192279522,1.5808703765997745,False,5.287600300730516,1.0
Oxycodone,2016-04-01,47,58,31.285580023773086,1.4112317112153554,1.1124233357102433,1.450900876727638,False,1.0182557668385024,1.0143016533116949
MDMA,2016-04-01,9,5,3.26067615658363,1.5651821113860478,1.0008916160004977,1.3054332927289798,False,0.0,1.0169836265636123
Diazepam,2016-04-01,8,4,2.608540925266904,1.5674007088736035,0.9869580438044763,1.2872601437435887,False,0.0,1.001401962747847
Alprazolam,2016-04-01,24,29,18.911921708185055,1.1960348009283803,0.8713662268498732,1.1364972332495364,False,-1.4415671947035569,1.188212927756654
Gabapentin,2016-04-01,5,2,1.304270462633452,1.4498557766103177,0.8616381430538803,1.1238091382705147,False,0.0,1.000100010001
Ethanol,2016-04-01,264,445,290.2001779359431,0.9116371565104128,0.8210189390404845,1.070830753835083,False,-1.401306502137384,1.0
Heroin,2016-04-01,181,402,196.6346781826027,0.9229314404054211,0.8136812054247288,1.0612603656396935,False,3.6698507820700903,1.0
Temazepam,2016-04-01,5,3,1.956405693950178,1.3421122988894845,0.7976070224643613,1.0402952735475581,False,0.0,1.002004008016032
Zolpidem,2016-04-01,5,3,1.956405693950178,1.3421122988894845,0.7976070224643613,1.0402952735475581,False,0.0,1.006947940791461
Caffeine,2016-04-01,4,2,1.304270462633452,1.3268003924699054,0.7693616645375487,1.0034556960145506,False,0.0,1.0
Morphine,2016-04-01,139,294,157.43274840292827,0.8875027173818927,0.7690712717329705,1.0030769485416469,False,1.0702515081801287,1.0
Fluoxetine,2016-04-01,7,7,4.564946619217082,1.2102130429821858,0.7491080133979109,0.9770394755666734,False,0.0,1.0
Meprobamate,2016-04-01,3,1,0.652135231316726,1.3088257265379621,0.737730318234877,0.9621998763635458,False,0.0,1.0289124395513942
Hydrocodone,2016-04-01,34,57,37.17170818505338,0.9268938826147983,0.7046629769091365,0.9190711261147757,False,-0.673130698124947,1.0
Furanyl fentanyl,2016-04-01,2,0,0.0,1.2874281725375256,0.701998842871805,0.9155963828926994,False,0.0,1.0
Clindamycin,2016-04-01,2,0,0.0,1.2874281725375256,0.701998842871805,0.9155963828926994,False,0.0,1.0
Ephedrine,2016-04-01,2,0,0.0,1.2874281725375256,0.701998842871805,0.9155963828926994,False,0.0,1.0
"1,1-Difluoroethane",2016-04-01,2,0,0.0,1.2874281725375256,0.701998842871805,0.9155963828926994,False,0.0,1.0
Doxylamine,2016-04-01,2,0,0.0,1.2874281725375256,0.701998842871805,0.9155963828926994,False,0.0,1.0
Cyclobenzaprine,2016-04-01,3,2,1.304270462633452,1.2037544626620709,0.6785060415685412,0.884955432065494,False,0.0,1.0
Pentobarbital,2016-04-01,8,11,7.1734875444839865,1.056050858772618,0.6649721949413196,0.8673036373065391,False,0.0,1.0
Mirtazapine,2016-04-01,4,4,2.608540925266904,1.1432434369454756,0.6629238871286735,0.8646320952968352,False,0.0,1.0
Oxymorphone,2016-04-01,4,4,2.608540925266904,1.1432434369454756,0.6629238871286735,0.8646320952968352,False,0.0,1.0
Hydroxyzine,2016-04-01,2,1,0.652135231316726,1.1750533407642774,0.6407239666841514,0.8356774047891576,False,0.0,1.0
Codeine,2016-04-01,7,10,6.52135231316726,1.0327325457688952,0.6392496182539422,0.8337544482608145,False,0.0,1.0004001600640255
Phenobarbital,2016-04-01,3,3,1.956405693950178,1.1142995705124474,0.6280840604635617,0.8191915530200709,False,0.0,1.0
Methadone,2016-04-01,36,70,45.64946619217082,0.8152453458676027,0.6239141762422857,0.8137528543150349,False,-0.673130698124947,1.0
Clonazepam,2016-04-01,5,7,4.564946619217082,1.0345802612238069,0.6148430964666032,0.8019217540421456,False,0.0,1.0
Amphetamine,2016-04-01,6,9,5.869217081850534,1.0070201676574069,0.6115183695950567,0.7975854088909473,False,0.0,1.0
Butyl Nitrite,2016-04-01,1,0,0.0,1.1408834713484948,0.5979950031787246,0.7799473015051872,False,0.0,1.0
Butalbital,2016-04-01,1,0,0.0,1.1408834713484948,0.5979950031787246,0.7799473015051872,False,0.0,1.0
Acetyl fentanyl,2016-04-01,1,0,0.0,1.1408834713484948,0.5979950031787246,0.7799473015051872,False,0.0,1.0
Amyl nitrite,2016-04-01,1,0,0.0,1.1408834713484948,0.5979950031787246,0.7799473015051872,False,0.0,1.0
Baclofen,2016-04-01,1,0,0.0,1.1408834713484948,0.5979950031787246,0.7799473015051872,False,0.0,1.0
Benztropine,2016-04-01,1,0,0.0,1.1408834713484948,0.5979950031787246,0.7799473015051872,False,0.0,1.0
Salicylate,2016-04-01,1,0,0.0,1.1408834713484948,0.5979950031787246,0.7799473015051872,False,0.0,1.0
U-47700,2016-04-01,1,0,0.0,1.1408834713484948,0.5979950031787246,0.7799473015051872,False,0.0,1.0
Ibuprofen,2016-04-01,1,0,0.0,1.1408834713484948,0.5979950031787246,0.7799473015051872,False,0.0,1.0
Opium,2016-04-01,1,0,0.0,1.1408834713484948,0.5979950031787246,0.7799473015051872,False,0.0,1.0
Chlordiazepoxide,2016-04-01,1,0,0.0,1.1408834713484948,0.5979950031787246,0.7799473015051872,False,0.0,1.0
Lamotrigine,2016-04-01,2,2,1.304270462633452,1.0807211946791966,0.5892872661287962,0.7685900580423085,False,0.0,1.0
Nortriptyline,2016-04-01,2,2,1.304270462633452,1.0807211946791966,0.5892872661287962,0.7685900580423085,False,0.0,1.0
Diphenhydramine,2016-04-01,6,10,6.52135231316726,0.9577929011316075,0.5816248493535441,0.7585961800523303,False,0.0,1.0
Trazodone,2016-04-01,4,7,4.564946619217082,0.9467710642520716,0.5489969448780384,0.7160405841600044,False,0.0,1.0
Etizolam,2016-04-01,1,1,0.652135231316726,1.0412999831970968,0.5457982365420263,0.7118686235248545,False,0.0,1.0
Oxazepam,2016-04-01,1,1,0.652135231316726,1.0412999831970968,0.5457982365420263,0.7118686235248545,False,0.0,1.0
Topiramate,2016-04-01,1,1,0.652135231316726,1.0412999831970968,0.5457982365420263,0.7118686235248545,False,0.0,1.0
Levetiracetam,2016-04-01,1,1,0.652135231316726,1.0412999831970968,0.5457982365420263,0.7118686235248545,False,0.0,1.0
GHB,2016-04-01,1,1,0.652135231316726,1.0412999831970968,0.5457982365420263,0.7118686235248545,False,0.0,1.0
Venlafaxine,2016-04-01,1,1,0.652135231316726,1.0412999831970968,0.5457982365420263,0.7118686235248545,False,0.0,1.0
Insulin,2016-04-01,2,3,1.956405693950178,1.0004093030829289,0.5454954211373177,0.711473663497291,False,0.0,1.0
Amitriptyline,2016-04-01,2,3,1.956405693950178,1.0004093030829289,0.5454954211373177,0.711473663497291,False,0.0,1.0
Quetiapine,2016-04-01,6,12,7.825622775800712,0.872491036891233,0.5298248371799658,0.6910349633564201,False,0.0,1.0
Carisoprodol,2016-04-01,4,8,5.217081850533808,0.895473777910098,0.519251577126939,0.6772445856687945,False,0.0,1.0
Lorazepam,2016-04-01,3,6,3.912811387900356,0.9111647590947474,0.5135854637190127,0.6698544494853493,False,0.0,1.0
Metformin,2016-04-01,2,4,2.608540925266904,0.9312082058438865,0.5077619838679458,0.662259066293447,False,0.0,1.0
Olanzapine,2016-04-01,1,2,1.304270462633452,0.957705427336806,0.5019820818226377,0.6547205219836104,False,0.0,1.0
Metoprolol,2016-04-01,1,2,1.304270462633452,0.957705427336806,0.5019820818226377,0.6547205219836104,False,0.0,1.0
Isopropanol,2016-04-01,1,2,1.304270462633452,0.957705427336806,0.5019820818226377,0.6547205219836104,False,0.0,1.0
Duloxetine,2016-04-01,1,2,1.304270462633452,0.957705427336806,0.5019820818226377,0.6547205219836104,False,0.0,1.0
Doxepin,2016-04-01,1,2,1.304270462633452,0.957705427336806,0.5019820818226377,0.6547205219836104,False,0.0,1.0
PCP,2016-04-01,4,9,5.869217081850534,0.8494495003444953,0.4925638289185639,0.6424365483695117,False,0.0,1.0
Paroxetine,2016-04-01,1,3,1.956405693950178,0.8865352357646287,0.46467816779088256,0.6060661382077053,False,0.0,1.0
Amlodipine,2016-04-01,1,3,1.956405693950178,0.8865352357646287,0.46467816779088256,0.6060661382077053,False,0.0,1.0
Sertraline,2016-04-01,2,6,3.912811387900356,0.8180364829724383,0.44605258508651624,0.5817733318029292,False,0.0,1.0
Tramadol,2016-04-01,6,20,13.04270462633452,0.6433144657959228,0.3906561416496612,0.5095213542431287,False,0.0,1.0
Fentanyl,2016-07-01,59,31,17.824270895756094,2.7927553473972537,2.242675250153419,2.741675141514388,True,0.302040991355033,10000.0
Oxycodone,2016-07-01,51,58,26.59417934323666,1.7593602000598734,1.3908680420453128,1.7003390887022316,False,3.461633525511436,1.008471157724889
Cocaine,2016-07-01,152,248,113.69269521445275,1.3186822556142146,1.1480727503929307,1.403521346865842,False,6.819189237818792,1.0
Methamphetamine,2016-07-01,487,643,393.03442485306465,1.2348303452465008,1.1425381965954724,1.3967553436162965,False,0.0,23.20185614849188
MDMA,2016-07-01,10,7,4.2787573467674225,1.569079398896294,0.9795161482443044,1.1974605403634906,False,0.0,1.0081661457808246
Alprazolam,2016-07-01,28,32,19.560033585222502,1.3241009790304765,0.9716214966771263,1.187809321064277,False,-1.4647155530806997,1.0484378276368211
Amphetamine,2016-07-01,10,9,5.501259445843829,1.3837308375575057,0.8638101431734978,1.056009719851409,False,0.0,1.0
Heroin,2016-07-01,179,395,187.93948805180403,0.9508782589087229,0.8367961329590546,1.0229850306835262,False,1.5822643422685314,1.0
Hydromorphone,2016-07-01,10,10,6.112510495382032,1.306561602677752,0.8156363466367857,0.9971171571050926,False,0.0,1.0
Ephedrine,2016-07-01,3,0,0.0,1.5106890883709854,0.7744242898212762,0.9467353310917695,False,0.0,1.4518002322880372
Doxepin,2016-07-01,3,0,0.0,1.5106890883709854,0.7744242898212762,0.9467353310917695,False,0.0,1.0
Temazepam,2016-07-01,5,3,1.8337531486146097,1.395202594594503,0.7741035892473259,0.9463432777999381,False,0.0,1.0024057738572574
Ethanol,2016-07-01,229,454,277.5079764903443,0.8263234427408335,0.7379399877376486,0.9021331855562313,False,-2.1130521078448394,1.0
Mirtazapine,2016-07-01,5,4,2.445004198152813,1.2782644903548925,0.7092225414608792,0.867026069569487,False,0.0,1.0
Zolpidem,2016-07-01,5,4,2.445004198152813,1.2782644903548925,0.7092225414608792,0.867026069569487,False,0.0,1.0
Fluoxetine,2016-07-01,7,8,4.890008396305626,1.1626055758354215,0.6826872603292927,0.8345866332247763,False,0.0,1.0
Morphine,2016-07-01,139,297,181.54156171284635,0.7689137002768982,0.6652719749829571,0.8132963885606959,False,-0.1161861847512221,1.0
Hydrocodone,2016-07-01,33,63,38.5088161209068,0.8607287145139996,0.6456711629278367,0.7893343619344959,False,-0.8274749944943144,1.0
Methadone,2016-07-01,37,78,44.12006453606655,0.8437811401130255,0.6422815534759033,0.7851905563940117,False,0.3832486315630757,1.0
Butalbital,2016-07-01,2,0,0.0,1.3046282384942944,0.6340853614600086,0.7751707233437549,False,0.0,1.0
Furanyl fentanyl,2016-07-01,2,0,0.0,1.3046282384942944,0.6340853614600086,0.7751707233437549,False,0.0,1.0
"1,1-Difluoroethane",2016-07-01,2,0,0.0,1.3046282384942944,0.6340853614600086,0.7751707233437549,False,0.0,1.0
Eszopiclone,2016-07-01,2,0,0.0,1.3046282384942944,0.6340853614600086,0.7751707233437549,False,0.0,1.0
Sertraline,2016-07-01,3,2,1.2225020990764064,1.2064557217624834,0.6184651909640887,0.7560750323928814,False,0.0,1.0
Gabapentin,2016-07-01,4,4,2.445004198152813,1.1412301749041418,0.6108542716517383,0.7467706657488925,False,0.0,1.0
Codeine,2016-07-01,8,12,7.335012594458439,1.0113346068949032,0.6076294164274277,0.7428282647391123,False,0.0,1.0
Diazepam,2016-07-01,5,6,3.6675062972292194,1.0947524024965516,0.6074040912717871,0.7425528106820753,False,0.0,1.0
Clonazepam,2016-07-01,6,8,4.890008396305626,1.059956606570703,0.6062864187475274,0.7411864513631986,False,0.0,1.0
Oxymorphone,2016-07-01,4,5,3.056255247691016,1.0529756273893345,0.5636151883120083,0.6890207912023534,False,0.0,1.0
Phenobarbital,2016-07-01,3,3,1.8337531486146097,1.0960868223551574,0.5618868008771905,0.6869078379024917,False,0.0,1.0
Nortriptyline,2016-07-01,3,3,1.8337531486146097,1.0960868223551574,0.5618868008771905,0.6869078379024917,False,0.0,1.0
Lorazepam,2016-07-01,4,6,3.6675062972292194,0.9773912091002389,0.523157911771731,0.6395616882224825,False,0.0,1.0
Metoprolol,2016-07-01,2,2,1.2225020990764064,1.041892878700547,0.5063887191004832,0.6190613263437318,False,0.0,1.0
Meprobamate,2016-07-01,2,2,1.2225020990764064,1.041892878700547,0.5063887191004832,0.6190613263437318,False,0.0,1.0
Bupropion,2016-07-01,2,2,1.2225020990764064,1.041892878700547,0.5063887191004832,0.6190613263437318,False,0.0,1.0
Tramadol,2016-07-01,8,16,9.780016792611251,0.8422936940890284,0.5060663625179443,0.6186672214301082,False,0.0,1.0
PCP,2016-07-01,5,9,5.501259445843829,0.9007748546098922,0.49977906488907775,0.6109809958237981,False,0.0,1.0
MDA,2016-07-01,1,0,0.0,1.0986465503492067,0.4988893993880101,0.6098933999037061,False,0.0,1.0
Oxazepam,2016-07-01,1,0,0.0,1.0986465503492067,0.4988893993880101,0.6098933999037061,False,0.0,1.0
Opium,2016-07-01,1,0,0.0,1.0986465503492067,0.4988893993880101,0.6098933999037061,False,0.0,1.0
U-47700,2016-07-01,1,0,0.0,1.0986465503492067,0.4988893993880101,0.6098933999037061,False,0.0,1.0
Salicylate,2016-07-01,1,0,0.0,1.0986465503492067,0.4988893993880101,0.6098933999037061,False,0.0,1.0
Amyl nitrite,2016-07-01,1,0,0.0,1.0986465503492067,0.4988893993880101,0.6098933999037061,False,0.0,1.0
Aripiprazole,2016-07-01,1,0,0.0,1.0986465503492067,0.4988893993880101,0.6098933999037061,False,0.0,1.0
Ibuprofen,2016-07-01,1,0,0.0,1.0986465503492067,0.4988893993880101,0.6098933999037061,False,0.0,1.0
Benztropine,2016-07-01,1,0,0.0,1.0986465503492067,0.4988893993880101,0.6098933999037061,False,0.0,1.0
Butyl Nitrite,2016-07-01,1,0,0.0,1.0986465503492067,0.4988893993880101,0.6098933999037061,False,0.0,1.0
Quetiapine,2016-07-01,6,13,7.946263643996642,0.8067554904570521,0.46145747295880907,0.5641327664340708,False,0.0,1.0
Insulin,2016-07-01,2,3,1.8337531486146097,0.9465785059902747,0.4600633011085505,0.5624284085429948,False,0.0,1.0
Cyclobenzaprine,2016-07-01,2,3,1.8337531486146097,0.9465785059902747,0.4600633011085505,0.5624284085429948,False,0.0,1.0
Trazodone,2016-07-01,4,8,4.890008396305626,0.8546890779335096,0.4574804326687409,0.559270834454095,False,0.0,1.0
Topiramate,2016-07-01,1,1,0.6112510495382032,0.9756332543780075,0.44302973339779284,0.5416048457031319,False,0.0,1.0
Levetiracetam,2016-07-01,1,1,0.6112510495382032,0.9756332543780075,0.44302973339779284,0.5416048457031319,False,0.0,1.0
Venlafaxine,2016-07-01,1,1,0.6112510495382032,0.9756332543780075,0.44302973339779284,0.5416048457031319,False,0.0,1.0
GHB,2016-07-01,1,1,0.6112510495382032,0.9756332543780075,0.44302973339779284,0.5416048457031319,False,0.0,1.0
Etizolam,2016-07-01,1,1,0.6112510495382032,0.9756332543780075,0.44302973339779284,0.5416048457031319,False,0.0,1.0
Acetyl fentanyl,2016-07-01,1,1,0.6112510495382032,0.9756332543780075,0.44302973339779284,0.5416048457031319,False,0.0,1.0
Hydroxyzine,2016-07-01,1,2,1.2225020990764064,0.8773932552148775,0.3984194862142975,0.4870687265432805,False,0.0,1.0
Duloxetine,2016-07-01,1,2,1.2225020990764064,0.8773932552148775,0.3984194862142975,0.4870687265432805,False,0.0,1.0
Carisoprodol,2016-07-01,3,8,4.890008396305626,0.7520787430044229,0.38553799780795744,0.4713210626897993,False,0.0,1.0
Diphenhydramine,2016-07-01,4,11,6.723761544920235,0.7192471607580747,0.38498386231275233,0.47064362499086904,False,0.0,1.0
Olanzapine,2016-07-01,1,3,1.8337531486146097,0.7971276257527284,0.3619713021635269,0.44251074499959214,False,0.0,1.0
Paroxetine,2016-07-01,1,3,1.8337531486146097,0.7971276257527284,0.3619713021635269,0.44251074499959214,False,0.0,1.0
Lamotrigine,2016-07-01,1,3,1.8337531486146097,0.7971276257527284,0.3619713021635269,0.44251074499959214,False,0.0,1.0
Amlodipine,2016-07-01,1,3,1.8337531486146097,0.7971276257527284,0.3619713021635269,0.44251074499959214,False,0.0,1.0
Pentobarbital,2016-07-01,4,13,7.946263643996642,0.6505220138090062,0.34819807579316775,0.42567292271223134,False,0.0,1.0
Amitriptyline,2016-07-01,1,4,2.445004198152813,0.7303168315686499,0.3316328853428155,0.4054219657704077,False,0.0,1.0
Citalopram,2016-07-01,1,9,5.501259445843829,0.5146439119127563,0.23369699020239262,0.2856951192923656,False,0.0,1.0
Fentanyl,2016-10-01,78,38,21.45290781683081,3.3211238208355813,2.732208026417191,3.4369354154159355,True,0.5383509045519644,10000.0
MDMA,2016-10-01,13,6,3.7737998372660697,2.341130345277836,1.476392046619934,1.8572026928312684,False,0.0,1.0316723408645414
Alprazolam,2016-10-01,34,36,18.2035429216331,1.727728896033671,1.288199037472183,1.6204684362099906,False,1.2378381247463557,1.2553351744915893
Cocaine,2016-10-01,176,273,128.78091944670464,1.3545020376589338,1.1893224117140575,1.4960882402485358,False,11.514623610153718,1.0
Hydromorphone,2016-10-01,12,8,5.03173311635476,1.8267567285767423,1.1328350143820767,1.4250308555812723,False,0.0,1.0
Methamphetamine,2016-10-01,510,687,432.10008136696496,1.1777364688993832,1.0912454286101516,1.3727139399002621,False,0.0,8.403361344537815
Quetiapine,2016-10-01,13,11,6.701438222383481,1.6072008239997075,1.0135524998257077,1.274981408379304,False,0.1580352014769422,1.0
Oxycodone,2016-10-01,45,72,33.9644136612574,1.284284484983189,0.9941423519542499,1.250564744340997,False,4.27630948385869,1.0
Amphetamine,2016-10-01,11,9,5.660699755899104,1.567814984771394,0.9542180494717243,1.2003426261802939,False,0.0,1.0
Diazepam,2016-10-01,8,6,3.7737998372660697,1.561487461933519,0.8838739007943237,1.1118543758843513,False,0.0,1.0
Codeine,2016-10-01,12,12,7.547599674532139,1.3755130476082402,0.8530032043643043,1.0730211034516925,False,-1.088875484669214,1.0
Ephedrine,2016-10-01,3,0,0.0,1.9018217303516605,0.840283581610075,1.0570206515788048,False,0.0,1.08837614279495
Furanyl fentanyl,2016-10-01,3,0,0.0,1.9018217303516605,0.840283581610075,1.0570206515788048,False,0.0,1.0
Doxepin,2016-10-01,3,0,0.0,1.9018217303516605,0.840283581610075,1.0570206515788048,False,0.0,1.0
Temazepam,2016-10-01,5,3,1.8868999186330349,1.5500929030252661,0.781145373222267,0.9826287336845402,False,0.0,1.0
Gabapentin,2016-10-01,5,3,1.8868999186330349,1.5500929030252661,0.781145373222267,0.9826287336845402,False,0.0,1.00080064051241
Heroin,2016-10-01,204,382,240.26525630593977,0.8481022879478028,0.7516126962402185,0.9454786225096599,False,-0.4032669929503775,1.0
Ethanol,2016-10-01,229,435,273.60048820179003,0.8362584629018514,0.7461721211876743,0.9386347422118185,False,-1.0745979884571577,1.0
Morphine,2016-10-01,143,297,168.2329875025484,0.8486338720246639,0.7346090804051031,0.9240892078373242,False,0.5210099991672973,1.0
PCP,2016-10-01,8,9,5.660699755899104,1.2064179179383006,0.6828881672837224,0.8590277302943637,False,0.0,1.0
Fluoxetine,2016-10-01,7,8,5.03173311635476,1.1750367609986314,0.6441230941040305,0.81026385239782,False,0.0,1.0
Zolpidem,2016-10-01,5,5,3.1448331977217245,1.2128626826402409,0.6112034130659639,0.7688530839173843,False,0.0,1.0
Acryl fentanyl,2016-10-01,2,0,0.0,1.5235488083914588,0.6086432341462952,0.7656325321012407,False,0.0,1.0
"1,1-Difluoroethane",2016-10-01,2,0,0.0,1.5235488083914588,0.6086432341462952,0.7656325321012407,False,0.0,1.0
Eszopiclone,2016-10-01,2,0,0.0,1.5235488083914588,0.6086432341462952,0.7656325321012407,False,0.0,1.0
U-47700,2016-10-01,2,0,0.0,1.5235488083914588,0.6086432341462952,0.7656325321012407,False,0.0,1.0
Tramadol,2016-10-01,10,16,10.06346623270952,0.9456159405808633,0.5635298964801831,0.7088829930654263,False,0.0,1.0
Venlafaxine,2016-10-01,2,1,0.628966639544345,1.2301684675701956,0.4914405830143493,0.6181994155997704,False,0.0,1.0
Hydrocodone,2016-10-01,26,71,39.38665380759726,0.6664704958715436,0.4772177043500334,0.6003080247941954,False,0.6311298068127237,1.0
Pentobarbital,2016-10-01,6,10,6.289666395443449,0.8975134529026866,0.47362425255954277,0.5957876843097134,False,0.0,1.0
Mirtazapine,2016-10-01,4,6,3.7737998372660697,0.9380738104399104,0.44635936519944996,0.5614902676424423,False,0.0,1.0
Oxymorphone,2016-10-01,4,6,3.7737998372660697,0.9380738104399104,0.44635936519944996,0.5614902676424423,False,0.0,1.0
Lorazepam,2016-10-01,4,6,3.7737998372660697,0.9380738104399104,0.44635936519944996,0.5614902676424423,False,0.0,1.0
Diphenhydramine,2016-10-01,6,11,6.918633034987795,0.838439637348378,0.4424505786193224,0.5565732831191622,False,0.0,1.0
Methadone,2016-10-01,27,83,46.98571070246743,0.584560782024406,0.4210757838151981,0.5296852353004119,False,0.5241908690245762,1.0
Bupropion,2016-10-01,2,2,1.25793327908869,1.031532629491591,0.41208745809991715,0.5183784809268468,False,0.0,1.0
Clonazepam,2016-10-01,5,10,6.289666395443449,0.7855902636406659,0.39588607785617635,0.49799824589532815,False,0.0,1.0
Oxazepam,2016-10-01,1,0,0.0,1.145850255504737,0.3948813371245153,0.4967343154623557,False,0.0,1.0
MDA,2016-10-01,1,0,0.0,1.145850255504737,0.3948813371245153,0.4967343154623557,False,0.0,1.0
Sumatriptan,2016-10-01,1,0,0.0,1.145850255504737,0.3948813371245153,0.4967343154623557,False,0.0,1.0
Butyl Nitrite,2016-10-01,1,0,0.0,1.145850255504737,0.3948813371245153,0.4967343154623557,False,0.0,1.0
Aripiprazole,2016-10-01,1,0,0.0,1.145850255504737,0.3948813371245153,0.4967343154623557,False,0.0,1.0
Amyl nitrite,2016-10-01,1,0,0.0,1.145850255504737,0.3948813371245153,0.4967343154623557,False,0.0,1.0
Lithium,2016-10-01,1,0,0.0,1.145850255504737,0.3948813371245153,0.4967343154623557,False,0.0,1.0
Ibuprofen,2016-10-01,1,0,0.0,1.145850255504737,0.3948813371245153,0.4967343154623557,False,0.0,1.0
Olanzapine,2016-10-01,2,3,1.8868999186330349,0.8881264628427252,0.35479806075015935,0.4463122442793811,False,0.0,1.0
Sertraline,2016-10-01,2,3,1.8868999186330349,0.8881264628427252,0.35479806075015935,0.4463122442793811,False,0.0,1.0
Duloxetine,2016-10-01,2,3,1.8868999186330349,0.8881264628427252,0.35479806075015935,0.4463122442793811,False,0.0,1.0
Insulin,2016-10-01,2,3,1.8868999186330349,0.8881264628427252,0.35479806075015935,0.4463122442793811,False,0.0,1.0
Paroxetine,2016-10-01,1,1,0.628966639544345,0.9252009814949106,0.3188414881669623,0.40108126372897457,False,0.0,1.0
Etizolam,2016-10-01,1,1,0.628966639544345,0.9252009814949106,0.3188414881669623,0.40108126372897457,False,0.0,1.0
Topiramate,2016-10-01,1,1,0.628966639544345,0.9252009814949106,0.3188414881669623,0.40108126372897457,False,0.0,1.0
Acetyl fentanyl,2016-10-01,1,1,0.628966639544345,0.9252009814949106,0.3188414881669623,0.40108126372897457,False,0.0,1.0
Butalbital,2016-10-01,1,1,0.628966639544345,0.9252009814949106,0.3188414881669623,0.40108126372897457,False,0.0,1.0
GHB,2016-10-01,1,1,0.628966639544345,0.9252009814949106,0.3188414881669623,0.40108126372897457,False,0.0,1.0
Nortriptyline,2016-10-01,2,4,2.51586655817738,0.7797269343276534,0.31149348182760805,0.39183797622760325,False,0.0,1.0
Phenobarbital,2016-10-01,2,4,2.51586655817738,0.7797269343276534,0.31149348182760805,0.39183797622760325,False,0.0,1.0
Buprenorphine,2016-10-01,1,2,1.25793327908869,0.7758083761768895,0.2673580142478423,0.3363184936341811,False,0.0,1.0
Trazodone,2016-10-01,3,9,5.660699755899104,0.6044453677134475,0.26706263282413917,0.33594694411927034,False,0.0,1.0
Lamotrigine,2016-10-01,1,3,1.8868999186330349,0.6679536151147568,0.2301892550152498,0.2895626790258575,False,0.0,1.0
Meprobamate,2016-10-01,1,3,1.8868999186330349,0.6679536151147568,0.2301892550152498,0.2895626790258575,False,0.0,1.0
Metoprolol,2016-10-01,1,3,1.8868999186330349,0.6679536151147568,0.2301892550152498,0.2895626790258575,False,0.0,1.0
Carisoprodol,2016-10-01,2,9,5.660699755899104,0.4842209998027937,0.1934416762615461,0.24333669270655198,False,0.0,1.0
Citalopram,2016-10-01,1,9,5.660699755899104,0.36417918040353925,0.12550292764678375,0.15787428095137343,False,0.0,1.0
Fentanyl,2017-01-01,108,38,23.088674027655983,4.328899186204461,3.6638856570981506,4.543332739808033,True,0.1005851972656521,10000.0
Alprazolam,2017-01-01,45,34,16.245221151344783,2.5199778151329335,1.9466788565233841,2.4139426307233562,False,1.7363220087671416,2.346866932644919
Quetiapine,2017-01-01,16,11,6.820172009382331,1.938559674492638,1.265030100950015,1.5686768590851892,False,-0.015804024768444,1.0
Doxepin,2017-01-01,4,0,0.0,2.4952483448527696,1.143781030665814,1.4183241218964537,False,0.0,1.067463706233988
Cocaine,2017-01-01,174,291,135.3184128225176,1.2760969680013334,1.1190847638450656,1.3877001051541706,False,11.425635154169465,1.0
PCP,2017-01-01,11,10,4.652441602446547,1.822392066996074,1.096257425191696,1.3593934644838515,False,3.17477531820423,1.001001001001001
Heroin,2017-01-01,237,394,202.12717665737043,1.1671833870573398,1.0430768020491776,1.2934478559022449,False,1.0158964262568724,1.001401962747847
Methamphetamine,2017-01-01,513,735,455.711493354183,1.1235520294280477,1.0410503474438437,1.2909349889915545,False,0.0,1.0079629069650238
Amphetamine,2017-01-01,11,10,6.200156372165755,1.4868140804975143,0.8943909519490216,1.1090727429589557,False,0.0,1.0
Codeine,2017-01-01,12,12,7.208652755050311,1.4337267778456093,0.879809609083078,1.0909914241438738,False,0.1566483247553253,1.0
Oxycodone,2017-01-01,42,77,35.8441199125435,1.1431025911133301,0.8751614345794813,1.0852275489668335,False,2.947649149680861,1.0
U-47700,2017-01-01,3,0,0.0,2.042595963719033,0.8588702163050206,1.0650258653607039,False,0.0,1.067463706233988
Diazepam,2017-01-01,9,8,4.960125097732604,1.4651038897691582,0.8398072193398355,1.041387208503291,False,0.0,1.0
Gabapentin,2017-01-01,6,4,2.480062548866302,1.6007345098265893,0.8246294745923207,1.0225663224548736,False,0.0,1.0155377272265664
Ethanol,2017-01-01,213,439,245.2864674413314,0.8666686957707002,0.7697327251433911,0.9544926525187513,False,0.5176857965105093,1.0
Lorazepam,2017-01-01,6,5,3.1000781860828774,1.4136488546816157,0.728251002985138,0.9030540155274033,False,0.0,1.0
Zolpidem,2017-01-01,6,5,3.1000781860828774,1.4136488546816157,0.728251002985138,0.9030540155274033,False,0.0,1.0
MDMA,2017-01-01,9,11,6.820172009382331,1.163148419629076,0.6667243509415064,0.8267590510248957,False,0.0,1.0002000400080016
Morphine,2017-01-01,141,307,190.3448006254887,0.7400330056599772,0.6395604471695107,0.793074957217899,False,-0.0919482022995115,1.0
Acryl fentanyl,2017-01-01,2,0,0.0,1.590435387141686,0.5922581028996587,0.7344185624836032,False,0.0,1.0
Eszopiclone,2017-01-01,2,0,0.0,1.590435387141686,0.5922581028996587,0.7344185624836032,False,0.0,1.0
Methadone,2017-01-01,32,73,44.13101804363801,0.7228574001466782,0.5326265870230367,0.6604736293606575,False,0.125504485699783,1.0
Hydrocodone,2017-01-01,24,67,32.21909893029684,0.7406090243657312,0.5211572155742319,0.64625125124053,False,1.633391209730318,1.0
Fluoxetine,2017-01-01,6,9,5.580140734949179,0.9633044727118552,0.49625297407429875,0.615369222006648,False,0.0,1.0
Mirtazapine,2017-01-01,4,5,3.1000781860828774,1.0370890795890888,0.47538467214759733,0.5894918786646007,False,0.0,1.0
Venlafaxine,2017-01-01,3,3,1.8600469116497265,1.107934616762231,0.4658640577247759,0.5776860209989304,False,0.0,1.0
Ephedrine,2017-01-01,2,1,0.6200156372165755,1.2413616217494423,0.46226743007213517,0.5732260902915643,False,0.0,1.0094891984655765
Tramadol,2017-01-01,8,15,9.300234558248633,0.8255429441507208,0.4593168400938497,0.5695672595515311,False,0.0,1.0
Buprenorphine,2017-01-01,2,2,1.240031274433151,1.0179407758352237,0.37906832156436904,0.4700566037158011,False,0.0,1.0
Bupropion,2017-01-01,2,2,1.240031274433151,1.0179407758352237,0.37906832156436904,0.4700566037158011,False,0.0,1.0
Temazepam,2017-01-01,3,5,3.1000781860828774,0.8489551640643416,0.3569684452257646,0.4426520627445892,False,0.0,1.0
Carbon monoxide,2017-01-01,1,0,0.0,1.1393184158376963,0.3514248385840574,0.43577782659721803,False,0.0,1.0
Aripiprazole,2017-01-01,1,0,0.0,1.1393184158376963,0.3514248385840574,0.43577782659721803,False,0.0,1.0
Lithium,2017-01-01,1,0,0.0,1.1393184158376963,0.3514248385840574,0.43577782659721803,False,0.0,1.0
Cerberin,2017-01-01,1,0,0.0,1.1393184158376963,0.3514248385840574,0.43577782659721803,False,0.0,1.0
Vilazodone,2017-01-01,1,0,0.0,1.1393184158376963,0.3514248385840574,0.43577782659721803,False,0.0,1.0
Tizanidine,2017-01-01,1,0,0.0,1.1393184158376963,0.3514248385840574,0.43577782659721803,False,0.0,1.0
Sumatriptan,2017-01-01,1,0,0.0,1.1393184158376963,0.3514248385840574,0.43577782659721803,False,0.0,1.0
Hydroxychloroquine,2017-01-01,1,0,0.0,1.1393184158376963,0.3514248385840574,0.43577782659721803,False,0.0,1.0
MDA,2017-01-01,1,0,0.0,1.1393184158376963,0.3514248385840574,0.43577782659721803,False,0.0,1.0
Neriifolin,2017-01-01,1,0,0.0,1.1393184158376963,0.3514248385840574,0.43577782659721803,False,0.0,1.0
Diphenhydramine,2017-01-01,5,12,7.440187646598906,0.6739556328487732,0.32976234160139717,0.4089156365472741,False,0.0,1.0
Sertraline,2017-01-01,2,3,1.8600469116497265,0.8626759537552372,0.321249657747155,0.3983596557678129,False,0.0,1.0
Olanzapine,2017-01-01,2,3,1.8600469116497265,0.8626759537552372,0.321249657747155,0.3983596557678129,False,0.0,1.0
Duloxetine,2017-01-01,2,3,1.8600469116497265,0.8626759537552372,0.321249657747155,0.3983596557678129,False,0.0,1.0
Clonazepam,2017-01-01,4,10,6.200156372165755,0.6545732351725128,0.30004566524060705,0.37206603160627055,False,0.0,1.0
Nortriptyline,2017-01-01,2,4,2.480062548866302,0.7485073641145918,0.2787347131867103,0.3456397955722523,False,0.0,1.0
Hydromorphone,2017-01-01,5,15,9.300234558248633,0.5649962863549476,0.27644920422574404,0.3428056782572645,False,0.0,1.0
"1,1-Difluoroethane",2017-01-01,1,1,0.6200156372165755,0.88925722340413,0.2742930087413089,0.34013195272642044,False,0.0,1.0
Tapentadol,2017-01-01,1,1,0.6200156372165755,0.88925722340413,0.2742930087413089,0.34013195272642044,False,0.0,1.0
Paroxetine,2017-01-01,1,1,0.6200156372165755,0.88925722340413,0.2742930087413089,0.34013195272642044,False,0.0,1.0
Acetyl fentanyl,2017-01-01,1,1,0.6200156372165755,0.88925722340413,0.2742930087413089,0.34013195272642044,False,0.0,1.0
Etizolam,2017-01-01,1,1,0.6200156372165755,0.88925722340413,0.2742930087413089,0.34013195272642044,False,0.0,1.0
Butalbital,2017-01-01,1,1,0.6200156372165755,0.88925722340413,0.2742930087413089,0.34013195272642044,False,0.0,1.0
Oxymorphone,2017-01-01,3,8,4.960125097732604,0.6285648412415269,0.2642987799583748,0.32773877995305756,False,0.0,1.0
Doxylamine,2017-01-01,1,2,1.240031274433151,0.7292082919668236,0.22492562459826282,0.2789148526587179,False,0.0,1.0
Furanyl fentanyl,2017-01-01,1,2,1.240031274433151,0.7292082919668236,0.22492562459826282,0.2789148526587179,False,0.0,1.0
Trazodone,2017-01-01,2,7,4.340109460516029,0.5357858421516574,0.19951989813526919,0.24741094465261895,False,0.0,1.0
Metoprolol,2017-01-01,1,3,1.8600469116497265,0.617983357865346,0.19061809127853246,0.23637243645838432,False,0.0,1.0
Lamotrigine,2017-01-01,1,3,1.8600469116497265,0.617983357865346,0.19061809127853246,0.23637243645838432,False,0.0,1.0
Citalopram,2017-01-01,2,8,4.960125097732604,0.4894221786297096,0.18225465389901235,0.22600150050039852,False,0.0,1.0
Cyclobenzaprine,2017-01-01,1,5,3.1000781860828774,0.47352989520156696,0.14606115785777182,0.18112044046581124,False,0.0,1.0
Phenobarbital,2017-01-01,1,5,3.1000781860828774,0.47352989520156696,0.14606115785777182,0.18112044046581124,False,0.0,1.0
Pentobarbital,2017-01-01,2,11,6.820172009382331,0.38855308321805104,0.14469227345105298,0.17942297020572776,False,0.0,1.0
Carisoprodol,2017-01-01,1,9,5.580140734949179,0.32267805721328235,0.09953063392503714,0.12342112722222377,False,0.0,1.0
Fentanyl,2017-04-01,131,46,26.49546193870512,4.569165392564194,3.927020793329926,4.835070605585939,True,0.3285192126187844,10000.0
Heroin,2017-04-01,253,394,181.9917345031042,1.3815654037886844,1.2389698113278567,1.525458326190298,False,3.2215242807523965,1.0
Alprazolam,2017-04-01,42,43,24.767917516709485,1.6084719874017162,1.2328055608506385,1.5178687066617191,False,0.3284351652609175,1.952362358453729
PCP,2017-04-01,11,9,4.155633399145832,1.9265188467696062,1.1709472781123784,1.4417068465796279,False,3.767939835353204,1.0024057738572574
Cocaine,2017-04-01,177,303,139.89864864864865,1.2563552629281767,1.102882060570178,1.3579028376225628,False,12.484610825748833,1.0
Methamphetamine,2017-04-01,513,786,483.8738738738739,1.0587083220096476,0.9808237317271737,1.207620811057234,False,0.0,1.0004001600640255
Quetiapine,2017-04-01,14,14,8.324166016943437,1.467042564538647,0.9379801135393867,1.1548704127790723,False,0.172122579407174,1.0
Mirtazapine,2017-04-01,8,6,3.6936936936936937,1.5928256862602912,0.9005507606400831,1.1087862243152078,False,0.0,1.027749229188078
Doxepin,2017-04-01,4,1,0.6156156156156156,1.8723175215853947,0.8907942539363501,1.0967736997451245,False,0.0,1.1479738261967627
Oxycodone,2017-04-01,46,82,40.56198847812895,1.112864779642903,0.8628780872437587,1.0624024523428985,False,1.242443184863786,1.0
Diazepam,2017-04-01,10,11,6.540416156169843,1.3162645060926361,0.783380332254319,0.9645223396321253,False,0.172122579407174,1.0004001600640255
Morphine,2017-04-01,131,301,143.58401059954105,0.9100730079712855,0.7821725235789522,0.963035240430329,False,1.647341266836483,1.0
Doxylamine,2017-04-01,4,2,1.2312312312312312,1.5735162531111462,0.7486332956815922,0.9217407050659098,False,0.0,1.0040160642570282
Gabapentin,2017-04-01,6,5,3.078078078078078,1.4143286937594943,0.7457060471053681,0.9181365861438168,False,0.0,1.0004001600640255
Ethanol,2017-04-01,208,459,265.1053948564937,0.7845986138131031,0.6957567661238069,0.8566374606127717,False,0.3149401189306221,1.0
Bupropion,2017-04-01,3,1,0.6156156156156156,1.5643483114995216,0.6916308289476628,0.8515574923082839,False,0.0,1.0
U-47700,2017-04-01,3,1,0.6156156156156156,1.5643483114995216,0.6916308289476628,0.8515574923082839,False,0.0,1.1479738261967627
Methadone,2017-04-01,41,74,45.55555555555556,0.8937563688560402,0.6828634819333764,0.8407628494795061,False,-0.5234878275301075,1.0
Diphenhydramine,2017-04-01,8,10,6.156156156156156,1.1462211903345796,0.6480497983687751,0.7978991654148374,False,0.0,1.0
Hydroxychloroquine,2017-04-01,2,0,0.0,1.5511740829906198,0.6209477713886137,0.7645303112607731,False,0.0,1.0
Carfentanil,2017-04-01,2,0,0.0,1.5511740829906198,0.6209477713886137,0.7645303112607731,False,0.0,1.0
Felodipine,2017-04-01,2,0,0.0,1.5511740829906198,0.6209477713886137,0.7645303112607731,False,0.0,1.0
Eszopiclone,2017-04-01,2,0,0.0,1.5511740829906198,0.6209477713886137,0.7645303112607731,False,0.0,1.0
Acryl fentanyl,2017-04-01,2,0,0.0,1.5511740829906198,0.6209477713886137,0.7645303112607731,False,0.0,1.0
Tramadol,2017-04-01,10,15,9.234234234234235,1.0173079517589019,0.6054550871538599,0.7454552255851034,False,0.0,1.0
Codeine,2017-04-01,10,15,9.234234234234235,1.0173079517589019,0.6054550871538599,0.7454552255851034,False,0.0,1.0
Amphetamine,2017-04-01,9,13,8.003003003003004,1.0411020123210908,0.6049920136709422,0.7448850760482785,False,0.0,1.0
Hydrocodone,2017-04-01,25,70,34.64349196896883,0.7261516461620001,0.5160046645422594,0.6353210648687592,False,1.238074083442032,1.0
Temazepam,2017-04-01,4,5,3.078078078078078,1.0640731598593047,0.5062550799438921,0.6233170910449967,False,0.0,1.025115325474116
Amitriptyline,2017-04-01,3,3,1.8468468468468469,1.1337599328703039,0.5012587774950747,0.6171654912696254,False,0.0,1.0
Sertraline,2017-04-01,3,3,1.8468468468468469,1.1337599328703039,0.5012587774950747,0.6171654912696254,False,0.0,1.0
Venlafaxine,2017-04-01,3,3,1.8468468468468469,1.1337599328703039,0.5012587774950747,0.6171654912696254,False,0.0,1.0
Zolpidem,2017-04-01,5,8,4.924924924924925,0.9361026688059233,0.4714632125326955,0.5804802547589699,False,0.0,1.0
MDMA,2017-04-01,7,13,8.003003003003004,0.853035616889985,0.4671185068474842,0.5751309127677087,False,0.0,1.0
Lamotrigine,2017-04-01,3,4,2.4624624624624625,0.9966020904873345,0.44061845108779635,0.542503229124659,False,0.0,1.0350895352447986
Olanzapine,2017-04-01,2,2,1.2312312312312312,1.056073462205411,0.42275491188894043,0.5205090880419765,False,0.0,1.0
Buprenorphine,2017-04-01,2,2,1.2312312312312312,1.056073462205411,0.42275491188894043,0.5205090880419765,False,0.0,1.0
Furanyl fentanyl,2017-04-01,2,2,1.2312312312312312,1.056073462205411,0.42275491188894043,0.5205090880419765,False,0.0,1.0006003602161295
Lorazepam,2017-04-01,4,7,4.3093093093093096,0.8751748703514964,0.4163827645208769,0.5126634905386991,False,0.0,1.0
Trazodone,2017-04-01,4,7,4.3093093093093096,0.8751748703514964,0.4163827645208769,0.5126634905386991,False,0.0,1.0
Tapentadol,2017-04-01,1,0,0.0,1.171870118051816,0.4058166901586496,0.4996542291682693,False,0.0,1.0
Sumatriptan,2017-04-01,1,0,0.0,1.171870118051816,0.4058166901586496,0.4996542291682693,False,0.0,1.0
Vilazodone,2017-04-01,1,0,0.0,1.171870118051816,0.4058166901586496,0.4996542291682693,False,0.0,1.0
Tizanidine,2017-04-01,1,0,0.0,1.171870118051816,0.4058166901586496,0.4996542291682693,False,0.0,1.0
MDA,2017-04-01,1,0,0.0,1.171870118051816,0.4058166901586496,0.4996542291682693,False,0.0,1.0
Neriifolin,2017-04-01,1,0,0.0,1.171870118051816,0.4058166901586496,0.4996542291682693,False,0.0,1.0
Donepezil,2017-04-01,1,0,0.0,1.171870118051816,0.4058166901586496,0.4996542291682693,False,0.0,1.0
Carbon monoxide,2017-04-01,1,0,0.0,1.171870118051816,0.4058166901586496,0.4996542291682693,False,0.0,1.0
Aripiprazole,2017-04-01,1,0,0.0,1.171870118051816,0.4058166901586496,0.4996542291682693,False,0.0,1.0
Lithium,2017-04-01,1,0,0.0,1.171870118051816,0.4058166901586496,0.4996542291682693,False,0.0,1.0
Cerberin,2017-04-01,1,0,0.0,1.171870118051816,0.4058166901586496,0.4996542291682693,False,0.0,1.0
Duloxetine,2017-04-01,2,3,1.8468468468468469,0.9107308436652717,0.364573063661896,0.44887377991130817,False,0.0,1.0
Citalopram,2017-04-01,3,6,3.6936936936936937,0.802448039762323,0.3547789190223524,0.43681491620429636,False,0.0,1.0
Butalbital,2017-04-01,1,1,0.6156156156156156,0.9493390338837162,0.32875454253375286,0.4047729078218249,False,0.0,1.0
Acetyl fentanyl,2017-04-01,1,1,0.6156156156156156,0.9493390338837162,0.32875454253375286,0.4047729078218249,False,0.0,1.0
Oxymorphone,2017-04-01,3,7,4.3093093093093096,0.7312212351363897,0.3232880716422659,0.3980424006361545,False,0.0,1.0
Nortriptyline,2017-04-01,2,4,2.4624624624624625,0.8005541881959701,0.32046844031696897,0.39457078938473866,False,0.0,1.0
Hydromorphone,2017-04-01,5,14,8.618618618618619,0.6286140887688254,0.31659819762324365,0.38980561015728976,False,0.0,1.0
Clonazepam,2017-04-01,4,11,6.771771771771772,0.6458628436512032,0.30728276765167406,0.3783361651002181,False,0.0,1.0
Ephedrine,2017-04-01,1,2,1.2312312312312312,0.7978349731321092,0.27628893603631544,0.3401756128305865,False,0.0,1.0006003602161295
Pentobarbital,2017-04-01,3,11,6.771771771771772,0.5396277272834131,0.23858060867941458,0.29374792272749045,False,0.0,1.0
Metoprolol,2017-04-01,1,3,1.8468468468468469,0.688032550944771,0.23826453823227656,0.29335878406910143,False,0.0,1.0
Hydroxyzine,2017-04-01,1,3,1.8468468468468469,0.688032550944771,0.23826453823227656,0.29335878406910143,False,0.0,1.0
Cyclobenzaprine,2017-04-01,1,5,3.078078078078078,0.5395271763023731,0.18683737179139337,0.23004004517609794,False,0.0,1.0
Fluoxetine,2017-04-01,2,11,6.771771771771772,0.43347414305759907,0.17352327249257746,0.21364729927548523,False,0.0,1.0
Carisoprodol,2017-04-01,1,6,3.6936936936936937,0.48697290827745343,0.16863791540535691,0.20763230364245344,False,0.0,1.0
Fentanyl,2017-07-01,137,71,34.39880613909788,3.735970457950801,3.220932404691325,4.040679482797158,True,1.6975128254498195,10000.0
PCP,2017-07-01,14,9,4.233959052798365,2.293913344766604,1.4715519897153009,1.8460710623213867,False,4.986066278836554,1.013273887931908
Alprazolam,2017-07-01,43,46,22.56849540353201,1.781336293822302,1.3697582514432725,1.7183701369249522,False,1.5193040948907492,1.3381506757660913
Heroin,2017-07-01,269,392,184.4135347921479,1.4487497003576946,1.3032128307814603,1.6348884844916434,False,4.2829086092955295,1.0
Quetiapine,2017-07-01,17,13,7.386943883226743,1.8828145841405937,1.2533423356101825,1.5723256771074505,False,0.4907735502972109,1.0
Cocaine,2017-07-01,180,311,146.3067772170151,1.222282492930223,1.073882059287693,1.3471916257372558,False,15.016711847082505,1.0
Methamphetamine,2017-07-01,558,860,539.43763518385,1.0332577710616844,0.9600982628582669,1.204449154741444,False,0.0,1.1262529564140105
U-47700,2017-07-01,4,1,0.6272530641672674,1.807197758570738,0.8752694385265469,1.0980309321902855,False,0.0,1.085894233901618
Diphenhydramine,2017-07-01,9,8,5.01802451333814,1.4365691798793132,0.8402827701529666,1.0541399020909188,False,0.0,1.0
Mirtazapine,2017-07-01,8,7,4.390771449170872,1.4230801850408246,0.8108064240241142,1.0171616449756435,False,0.0,1.0
Ethanol,2017-07-01,248,447,280.3821196827686,0.8838405128224717,0.7915636378624692,0.9930214346660595,False,-0.3581040961970852,1.0
Diazepam,2017-07-01,10,11,6.692260334475072,1.2901994434806763,0.7721975299120328,0.9687265427981943,False,0.1513586260134499,1.0
Oxycodone,2017-07-01,43,87,43.731837477296885,0.9730736474189273,0.748244821843303,0.9386777147486209,False,1.2660387807200535,1.0
Doxylamine,2017-07-01,4,2,1.254506128334535,1.535013834071107,0.743444202664614,0.9326553368930977,False,0.0,1.0
Amitriptyline,2017-07-01,4,2,1.254506128334535,1.535013834071107,0.743444202664614,0.9326553368930977,False,0.0,1.0023053021950483
Venlafaxine,2017-07-01,4,2,1.254506128334535,1.535013834071107,0.743444202664614,0.9326553368930977,False,0.0,1.0
Methadone,2017-07-01,42,77,47.15160913464384,0.8866272451582953,0.6797196810762498,0.8527125048289084,False,0.1193253798462953,1.0
Morphine,2017-07-01,118,299,150.28384078348338,0.7858363651962287,0.669786774202141,0.8402516124886282,False,1.2668096947710292,1.0
Tramadol,2017-07-01,11,15,9.408795962509013,1.0868409217970523,0.6638176274113142,0.8327632828335205,False,0.0,1.0
Pentobarbital,2017-07-01,8,10,6.272530641672675,1.1314578184525845,0.6446532509953737,0.8087214560159214,False,0.0,1.0
Amphetamine,2017-07-01,11,16,10.03604902667628,1.03418293025548,0.6316553281195518,0.7924154796168695,False,0.0,1.0
Acryl fentanyl,2017-07-01,2,0,0.0,1.5106908462289532,0.6252406719940808,0.7843682812191008,False,0.0,1.0
Felodipine,2017-07-01,2,0,0.0,1.5106908462289532,0.6252406719940808,0.7843682812191008,False,0.0,1.0
Donepezil,2017-07-01,2,0,0.0,1.5106908462289532,0.6252406719940808,0.7843682812191008,False,0.0,1.0
Cyclopropyl fentanyl,2017-07-01,2,0,0.0,1.5106908462289532,0.6252406719940808,0.7843682812191008,False,0.0,1.0
Carfentanil,2017-07-01,2,0,0.0,1.5106908462289532,0.6252406719940808,0.7843682812191008,False,0.0,1.0
Hydroxychloroquine,2017-07-01,2,0,0.0,1.5106908462289532,0.6252406719940808,0.7843682812191008,False,0.0,1.0
Gabapentin,2017-07-01,5,6,3.7635183850036045,1.1076030805525,0.5656594306231433,0.7096232211740109,False,0.0,1.0
Benztropine,2017-07-01,2,1,0.6272530641672674,1.2428197990073568,0.5143749220686947,0.6452864936522658,False,0.0,1.0
GHB,2017-07-01,2,1,0.6272530641672674,1.2428197990073568,0.5143749220686947,0.6452864936522658,False,0.0,1.0
Doxepin,2017-07-01,3,3,1.8817591925018022,1.1257048182020701,0.5096380353054548,0.6393440350802844,False,0.0,1.085894233901618
Lamotrigine,2017-07-01,3,3,1.8817591925018022,1.1257048182020701,0.5096380353054548,0.6393440350802844,False,0.0,1.0
Codeine,2017-07-01,9,17,10.663302090843546,0.8390946043994849,0.49080597612740134,0.6157190984757174,False,0.0,1.0
Hydrocodone,2017-07-01,27,76,40.98106917103557,0.6695351426070368,0.48211995218937354,0.6048224313572494,False,0.7744893966573997,1.0
Temazepam,2017-07-01,4,6,3.7635183850036045,0.9579203396457712,0.46394391198117174,0.5820204716751308,False,0.0,1.0
Lorazepam,2017-07-01,5,9,5.645277577505407,0.8639885733666011,0.4412440639219477,0.553543372073996,False,0.0,1.0
Furanyl fentanyl,2017-07-01,2,2,1.254506128334535,1.0556374230137096,0.4369043827827369,0.54809921513716,False,0.0,1.0
Acetyl fentanyl,2017-07-01,2,2,1.254506128334535,1.0556374230137096,0.4369043827827369,0.54809921513716,False,0.0,1.0
Buprenorphine,2017-07-01,2,2,1.254506128334535,1.0556374230137096,0.4369043827827369,0.54809921513716,False,0.0,1.0
Carbon monoxide,2017-07-01,1,0,0.0,1.168199452780038,0.42569678503766983,0.5340392171158223,False,0.0,1.0
Haloperidol,2017-07-01,1,0,0.0,1.168199452780038,0.42569678503766983,0.5340392171158223,False,0.0,1.0
Clozapine,2017-07-01,1,0,0.0,1.168199452780038,0.42569678503766983,0.5340392171158223,False,0.0,1.0
Desloratadine,2017-07-01,1,0,0.0,1.168199452780038,0.42569678503766983,0.5340392171158223,False,0.0,1.0
Dextromethorphan,2017-07-01,1,0,0.0,1.168199452780038,0.42569678503766983,0.5340392171158223,False,0.0,1.0
Brompheniramine,2017-07-01,1,0,0.0,1.168199452780038,0.42569678503766983,0.5340392171158223,False,0.0,1.0
Meperidine,2017-07-01,1,0,0.0,1.168199452780038,0.42569678503766983,0.5340392171158223,False,0.0,1.0
Sumatriptan,2017-07-01,1,0,0.0,1.168199452780038,0.42569678503766983,0.5340392171158223,False,0.0,1.0
Tapentadol,2017-07-01,1,0,0.0,1.168199452780038,0.42569678503766983,0.5340392171158223,False,0.0,1.0
Vilazodone,2017-07-01,1,0,0.0,1.168199452780038,0.42569678503766983,0.5340392171158223,False,0.0,1.0
Tizanidine,2017-07-01,1,0,0.0,1.168199452780038,0.42569678503766983,0.5340392171158223,False,0.0,1.0
Propofol,2017-07-01,1,0,0.0,1.168199452780038,0.42569678503766983,0.5340392171158223,False,0.0,1.0
Neriifolin,2017-07-01,1,0,0.0,1.168199452780038,0.42569678503766983,0.5340392171158223,False,0.0,1.0
Lithium,2017-07-01,1,0,0.0,1.168199452780038,0.42569678503766983,0.5340392171158223,False,0.0,1.0
Isosorbide Mononitrate,2017-07-01,1,0,0.0,1.168199452780038,0.42569678503766983,0.5340392171158223,False,0.0,1.0
Cerberin,2017-07-01,1,0,0.0,1.168199452780038,0.42569678503766983,0.5340392171158223,False,0.0,1.0
Citalopram,2017-07-01,3,5,3.1362653208363374,0.8921468878422362,0.4038998321513598,0.5066948006891868,False,0.0,1.0
Zolpidem,2017-07-01,4,8,5.01802451333814,0.8063461057373731,0.3905328566725271,0.4899258483877651,False,0.0,1.0
MDMA,2017-07-01,6,14,8.781542898341744,0.7176885401650899,0.38266314149869085,0.4800532445639383,False,0.0,1.0
Bupropion,2017-07-01,2,3,1.8817591925018022,0.9174581079875777,0.37971509882150567,0.4763549016377761,False,0.0,1.0
Duloxetine,2017-07-01,2,3,1.8817591925018022,0.9174581079875777,0.37971509882150567,0.4763549016377761,False,0.0,1.0
Chlorpromazine,2017-07-01,1,1,0.6272530641672674,0.9610579244117256,0.350213542459244,0.4393450144999032,False,0.0,1.0
MDA,2017-07-01,1,1,0.6272530641672674,0.9610579244117256,0.350213542459244,0.4393450144999032,False,0.0,1.0
Sertraline,2017-07-01,2,4,2.50901225666907,0.8112661533203587,0.3357646576956882,0.4212188006362146,False,0.0,1.0
Trazodone,2017-07-01,3,7,4.390771449170872,0.7388520367019012,0.3344989683597485,0.41963098803782284,False,0.0,1.0
Fluoxetine,2017-07-01,4,11,6.899783705839942,0.6516723759975567,0.3156206408167233,0.3959480122105543,False,0.0,1.0
"1,1-Difluoroethane",2017-07-01,1,2,1.254506128334535,0.8163119959170306,0.29746751842983005,0.3731747990863525,False,0.0,1.0
Nortriptyline,2017-07-01,2,6,3.7635183850036045,0.6587670653847907,0.27264874456406896,0.342039498515692,False,0.0,1.0
Olanzapine,2017-07-01,1,3,1.8817591925018022,0.7094595577745787,0.2585300413727825,0.3243274936418063,False,0.0,1.0
Metoprolol,2017-07-01,1,3,1.8817591925018022,0.7094595577745787,0.2585300413727825,0.3243274936418063,False,0.0,1.0
Hydroxyzine,2017-07-01,1,3,1.8817591925018022,0.7094595577745787,0.2585300413727825,0.3243274936418063,False,0.0,1.0
Clonazepam,2017-07-01,3,11,6.899783705839942,0.5498827269900175,0.24894728005090014,0.3123058696796751,False,0.0,1.0
Oxymorphone,2017-07-01,2,8,5.01802451333814,0.5545286343512587,0.22950682255553598,0.2879176930153785,False,0.0,1.0
Acetaminophen,2017-07-01,1,4,2.50901225666907,0.6273425689535006,0.22860626589512933,0.2867879335668779,False,0.0,1.0
Cyclobenzaprine,2017-07-01,1,4,2.50901225666907,0.6273425689535006,0.22860626589512933,0.2867879335668779,False,0.0,1.0
Hydromorphone,2017-07-01,3,16,10.03604902667628,0.416672247857432,0.18863917283709342,0.2366489811436825,False,0.0,1.0
Fentanyl,2017-10-01,149,96,57.2701030927835,2.517937408567354,2.18393779209938,2.6057154704041587,True,-0.3073586894316176,10000.0
Citalopram,2017-10-01,9,2,1.193127147766323,2.7999557497515903,1.657071145850993,1.9770965844689463,True,0.0,44.05286343612335
Heroin,2017-10-01,256,405,181.20618602910523,1.4051316705105004,1.2604614241604442,1.503890743625012,False,5.775987246351791,1.0
Alprazolam,2017-10-01,44,53,25.77437110862266,1.6271190088842005,1.2560444989479305,1.498620789485941,False,1.1246562786072016,1.0002000400080016
Quetiapine,2017-10-01,18,17,8.93060702982146,1.7444606849039375,1.1787167798290874,1.4063589874271516,False,0.6396921012311427,1.003713740841112
PCP,2017-10-01,11,10,4.476375631100393,1.8466905765964028,1.1381538509851001,1.357962255147025,False,3.186349688394663,1.0363768266141569
Amphetamine,2017-10-01,16,15,8.736913876473187,1.603706409662209,1.0612177710737858,1.2661677289031639,False,0.1187912197402768,1.004621257785815
Cocaine,2017-10-01,172,336,150.3340206185567,1.1403375274377325,0.9988254976424317,1.191725816574722,False,12.922358805045992,1.0
Gabapentin,2017-10-01,9,7,4.175945017182131,1.6473216865311693,0.9749187053858169,1.163201968551623,False,0.0,1.1940298507462686
Doxylamine,2017-10-01,5,2,1.193127147766323,1.8621472283717644,0.9732328156241654,1.1611904868226404,False,0.0,1.0
Lamotrigine,2017-10-01,5,2,1.193127147766323,1.8621472283717644,0.9732328156241654,1.1611904868226404,False,0.0,1.044059302568386
Methamphetamine,2017-10-01,572,928,553.6109965635738,1.0327856480499416,0.9604091400823609,1.145890217821671,False,0.0,1.0298661174047374
Tapentadol,2017-10-01,3,0,0.0,1.935087231114343,0.9093690355108557,1.084992874925378,False,0.0,1.0
Cyclopropyl fentanyl,2017-10-01,3,0,0.0,1.935087231114343,0.9093690355108557,1.084992874925378,False,0.0,1.0
Methadone,2017-10-01,48,70,41.75945017182131,1.1361519920089993,0.8863995045372225,1.0575873107001041,False,-0.4788649006173964,1.0
Diphenhydramine,2017-10-01,10,10,5.965635738831615,1.4316693685939108,0.8656905839273475,1.032878930572974,False,-1.0845270321189606,1.0
Oxycodone,2017-10-01,45,90,41.01357867554733,1.0873238081347996,0.8416879713914271,1.0042407665201565,False,1.914603317226963,1.0
Ethanol,2017-10-01,245,447,266.6639175257732,0.9191734081398001,0.8225515244212418,0.9814085538054802,False,-0.3291975976162312,1.0
Bupropion,2017-10-01,4,2,1.193127147766323,1.627784657942194,0.8114553216114113,0.9681693622356478,False,0.0,1.326259946949602
Amitriptyline,2017-10-01,4,2,1.193127147766323,1.627784657942194,0.8114553216114113,0.9681693622356478,False,0.0,1.0
Temazepam,2017-10-01,6,6,3.579381443298969,1.3441526455342323,0.7304188557309841,0.8714825556151254,False,0.0,1.0
Mirtazapine,2017-10-01,7,8,4.772508591065292,1.267094898605366,0.7115100312098472,0.8489219245089987,False,0.0,1.0
Dextromethorphan,2017-10-01,2,0,0.0,1.6098950830946153,0.7008687889689641,0.8362255626946236,False,0.0,1.0
Hydroxychloroquine,2017-10-01,2,0,0.0,1.6098950830946153,0.7008687889689641,0.8362255626946236,False,0.0,1.0
Carfentanil,2017-10-01,2,0,0.0,1.6098950830946153,0.7008687889689641,0.8362255626946236,False,0.0,1.0
Felodipine,2017-10-01,2,0,0.0,1.6098950830946153,0.7008687889689641,0.8362255626946236,False,0.0,1.0
Donepezil,2017-10-01,2,0,0.0,1.6098950830946153,0.7008687889689641,0.8362255626946236,False,0.0,1.0
Pentobarbital,2017-10-01,8,10,5.965635738831615,1.2103994199577461,0.699051143525082,0.834056888104093,False,0.0,1.0
Diazepam,2017-10-01,9,12,7.158762886597938,1.1669381459102837,0.6906178894978405,0.8239949444314565,False,0.0,1.0
Lorazepam,2017-10-01,7,9,5.369072164948453,1.1775216055848539,0.6612120649069755,0.7889100552124638,False,0.0,1.0
U-47700,2017-10-01,3,2,1.193127147766323,1.3934935700530304,0.6548541499392619,0.7813242488105205,False,0.0,1.0
Acetyl fentanyl,2017-10-01,3,2,1.193127147766323,1.3934935700530304,0.6548541499392619,0.7813242488105205,False,0.0,1.0015022533800702
Olanzapine,2017-10-01,4,4,2.386254295532646,1.27182525473466,0.634008537971414,0.7564527849010259,False,0.0,1.0
Hydrocodone,2017-10-01,35,72,42.952577319587625,0.8242338647673936,0.6175585755434236,0.7368258991545612,False,-0.8993372923862966,1.0
Tramadol,2017-10-01,10,17,10.141580756013745,0.9791393150367104,0.5920582670654186,0.7064007837867058,False,0.0,1.0
Benztropine,2017-10-01,2,1,0.5965635738831615,1.3479489192304155,0.5868303695896946,0.7001632266017707,False,0.0,1.0
GHB,2017-10-01,2,1,0.5965635738831615,1.3479489192304155,0.5868303695896946,0.7001632266017707,False,0.0,1.0
Morphine,2017-10-01,109,297,159.55655742009287,0.6882791000098615,0.5828994164029694,0.6954731172518432,False,0.5213150830770245,1.0
Doxepin,2017-10-01,3,3,1.7896907216494844,1.2224267181289066,0.5744635113981064,0.6854079949102981,False,0.0,1.0
Venlafaxine,2017-10-01,3,3,1.7896907216494844,1.2224267181289066,0.5744635113981064,0.6854079949102981,False,0.0,1.0
Trazodone,2017-10-01,5,7,4.175945017182131,1.0955728543505976,0.5725903073160051,0.6831730279369809,False,0.0,1.0
Cannabis,2017-10-01,1,0,0.0,1.28497785232888,0.5039803491837566,0.6013126137365845,False,0.0,1.0
Carbon monoxide,2017-10-01,1,0,0.0,1.28497785232888,0.5039803491837566,0.6013126137365845,False,0.0,1.0
Clozapine,2017-10-01,1,0,0.0,1.28497785232888,0.5039803491837566,0.6013126137365845,False,0.0,1.0
Cerberin,2017-10-01,1,0,0.0,1.28497785232888,0.5039803491837566,0.6013126137365845,False,0.0,1.0
Haloperidol,2017-10-01,1,0,0.0,1.28497785232888,0.5039803491837566,0.6013126137365845,False,0.0,1.0
Brompheniramine,2017-10-01,1,0,0.0,1.28497785232888,0.5039803491837566,0.6013126137365845,False,0.0,1.0
Delorazepam,2017-10-01,1,0,0.0,1.28497785232888,0.5039803491837566,0.6013126137365845,False,0.0,1.0
Desloratadine,2017-10-01,1,0,0.0,1.28497785232888,0.5039803491837566,0.6013126137365845,False,0.0,1.0
Propofol,2017-10-01,1,0,0.0,1.28497785232888,0.5039803491837566,0.6013126137365845,False,0.0,1.0
Neriifolin,2017-10-01,1,0,0.0,1.28497785232888,0.5039803491837566,0.6013126137365845,False,0.0,1.0
Tizanidine,2017-10-01,1,0,0.0,1.28497785232888,0.5039803491837566,0.6013126137365845,False,0.0,1.0
Vilazodone,2017-10-01,1,0,0.0,1.28497785232888,0.5039803491837566,0.6013126137365845,False,0.0,1.0
Mitragynine,2017-10-01,1,0,0.0,1.28497785232888,0.5039803491837566,0.6013126137365845,False,0.0,1.0
Meperidine,2017-10-01,1,0,0.0,1.28497785232888,0.5039803491837566,0.6013126137365845,False,0.0,1.0
Isosorbide Mononitrate,2017-10-01,1,0,0.0,1.28497785232888,0.5039803491837566,0.6013126137365845,False,0.0,1.0
Ketamine,2017-10-01,1,0,0.0,1.28497785232888,0.5039803491837566,0.6013126137365845,False,0.0,1.0
Codeine,2017-10-01,9,20,11.93127147766323,0.7956845837722416,0.47090242947032834,0.5618464646947996,False,0.0,1.0
Furanyl fentanyl,2017-10-01,2,3,1.7896907216494844,1.0169974414155636,0.4427504454385429,0.528257557690116,False,0.0,1.0
Metoprolol,2017-10-01,2,3,1.7896907216494844,1.0169974414155636,0.4427504454385429,0.528257557690116,False,0.0,1.0
Hydroxyzine,2017-10-01,2,3,1.7896907216494844,1.0169974414155636,0.4427504454385429,0.528257557690116,False,0.0,1.0
Duloxetine,2017-10-01,2,3,1.7896907216494844,1.0169974414155636,0.4427504454385429,0.528257557690116,False,0.0,1.0
Buprenorphine,2017-10-01,1,1,0.5965635738831615,1.0758989983075424,0.4219776643393143,0.5034729845778465,False,0.0,1.0
Baclofen,2017-10-01,1,1,0.5965635738831615,1.0758989983075424,0.4219776643393143,0.5034729845778465,False,0.0,1.0
Promethazine,2017-10-01,1,1,0.5965635738831615,1.0758989983075424,0.4219776643393143,0.5034729845778465,False,0.0,1.0
MDA,2017-10-01,1,1,0.5965635738831615,1.0758989983075424,0.4219776643393143,0.5034729845778465,False,0.0,1.0
Chlorpromazine,2017-10-01,1,1,0.5965635738831615,1.0758989983075424,0.4219776643393143,0.5034729845778465,False,0.0,1.0
Topiramate,2017-10-01,1,1,0.5965635738831615,1.0758989983075424,0.4219776643393143,0.5034729845778465,False,0.0,1.0
Cyclobenzaprine,2017-10-01,2,4,2.386254295532646,0.9058003612171555,0.39434072995215624,0.47049861259860803,False,0.0,1.0
Sertraline,2017-10-01,2,4,2.386254295532646,0.9058003612171555,0.39434072995215624,0.47049861259860803,False,0.0,1.0
Nortriptyline,2017-10-01,2,4,2.386254295532646,0.9058003612171555,0.39434072995215624,0.47049861259860803,False,0.0,1.0
Acetaminophen,2017-10-01,1,2,1.193127147766323,0.9253372902728026,0.3629259522405208,0.43301678479717215,False,0.0,1.0
"1,1-Difluoroethane",2017-10-01,1,2,1.193127147766323,0.9253372902728026,0.3629259522405208,0.43301678479717215,False,0.0,1.0
Etizolam,2017-10-01,1,2,1.193127147766323,0.9253372902728026,0.3629259522405208,0.43301678479717215,False,0.0,1.0
Fluoxetine,2017-10-01,4,11,6.562199312714776,0.7204297637612926,0.35913630393247825,0.42849526189812165,False,0.0,1.0
Zolpidem,2017-10-01,3,8,4.772508591065292,0.7574807413428641,0.3559682065476384,0.42471531686933156,False,0.0,1.0
MDMA,2017-10-01,4,16,9.545017182130584,0.5500823811354982,0.27421764501783885,0.3271765064283178,False,0.0,1.0
Clonazepam,2017-10-01,2,11,6.562199312714776,0.5130937114334257,0.22337565468469817,0.2665155449913792,False,0.0,1.0
Oxymorphone,2017-10-01,1,9,5.369072164948453,0.46744060206934873,0.1833345823249883,0.2187414532319226,False,0.0,1.0
Hydromorphone,2017-10-01,1,17,10.141580756013745,0.298582045095199,0.11710667469820675,0.13972314302272096,False,0.0,1.0
Fentanyl,2018-01-01,162,129,76.06374501992032,2.0654636912678,1.802509070214247,2.125668056506644,True,-0.6798513881728917,10000.0
Amphetamine,2018-01-01,19,15,7.329703068212508,1.9786612581059129,1.366373037017762,1.611340273679873,False,1.0050459572839732,1.2345679012345678
Citalopram,2018-01-01,9,3,1.7689243027888448,2.137843127118076,1.3052947881263577,1.5393117047129508,False,0.0,2.910360884749709
Cocaine,2018-01-01,195,337,149.03187250996018,1.2989700086771574,1.14718699748571,1.3528579725471843,False,17.80047689018323,1.0
Heroin,2018-01-01,221,441,195.02422661579686,1.1298893352203907,1.005343773957707,1.1855846899823748,False,4.566606685164173,1.0
Oxycodone,2018-01-01,51,90,40.08912478233054,1.243269096821287,0.9798015782503114,1.1554632164315701,False,2.2950051538472307,1.0
Olanzapine,2018-01-01,7,4,2.358565737051793,1.6654026781729867,0.9741269158064582,1.1487711634222055,False,0.0,1.0002000400080016
Methamphetamine,2018-01-01,589,955,563.1075697211156,1.0455175248907393,0.9732114638282943,1.1476916069911482,False,0.0,1.0
Methadone,2018-01-01,50,68,40.09561752988048,1.220685788145418,0.9598669566931951,1.1319546592113379,False,-1.5863380117634112,1.0
Tramadol,2018-01-01,13,13,7.436160370097587,1.460207700383214,0.9487191367777968,1.1188082208207735,False,0.1504520099753885,1.0
Diphenhydramine,2018-01-01,11,10,5.896414342629482,1.4840367801492267,0.937579233596065,1.1056711228752312,False,-0.7693545341006003,1.0
Lamotrigine,2018-01-01,5,2,1.1792828685258965,1.6592704216817635,0.9175449605254236,1.0820450344045953,False,0.0,1.0002000400080016
Bupropion,2018-01-01,5,2,1.1792828685258965,1.6592704216817635,0.9175449605254236,1.0820450344045953,False,0.0,1.0002000400080016
Amitriptyline,2018-01-01,5,2,1.1792828685258965,1.6592704216817635,0.9175449605254236,1.0820450344045953,False,0.0,1.0
Hydrocodone,2018-01-01,43,63,37.147410358565736,1.139104829155387,0.8801656001045896,1.0379642167659693,False,-0.9514553421977996,1.0
Ethanol,2018-01-01,253,444,261.800796812749,0.96675282677557,0.8667339243281971,1.0221244694152376,False,-0.3666188137867744,1.0
Pentobarbital,2018-01-01,10,10,5.896414342629482,1.3882546596478829,0.8629964196646819,1.0177168952794213,False,0.0,1.0
Mirtazapine,2018-01-01,8,7,4.127490039840637,1.4408882367424813,0.8622163550913866,1.0167969764959564,False,0.0,1.0
Cyclopropyl fentanyl,2018-01-01,3,0,0.0,1.6500628932022787,0.8441078324183334,0.9954418913140238,False,0.0,1.0
Dextromethorphan,2018-01-01,3,0,0.0,1.6500628932022787,0.8441078324183334,0.9954418913140238,False,0.0,1.421262080727686
Clozapine,2018-01-01,3,0,0.0,1.6500628932022787,0.8441078324183334,0.9954418913140238,False,0.0,1.0
Doxylamine,2018-01-01,5,3,1.7689243027888448,1.5042309810585253,0.8318111008918935,0.9809405795288868,False,0.0,1.0
Quetiapine,2018-01-01,15,20,11.792828685258964,1.1931673793595745,0.7936442352531305,0.9359310587669709,False,-0.0228106923294264,1.0
Alprazolam,2018-01-01,36,63,36.46997564825018,0.9872416222040855,0.7462613195411251,0.8800531960809188,False,0.0915514396505557,1.0
Trazodone,2018-01-01,6,6,3.5378486055776897,1.2985992114037914,0.7400632541324181,0.8727439308314714,False,0.0,1.0
PCP,2018-01-01,10,14,8.00817270625894,1.1546514825646865,0.7177790389456236,0.8464645386854948,False,0.1504520099753885,1.007759750075582
Donepezil,2018-01-01,2,0,0.0,1.4301045428808548,0.6944447051277518,0.8189467602155229,False,0.0,1.0
Felodipine,2018-01-01,2,0,0.0,1.4301045428808548,0.6944447051277518,0.8189467602155229,False,0.0,1.0
Carfentanil,2018-01-01,2,0,0.0,1.4301045428808548,0.6944447051277518,0.8189467602155229,False,0.0,1.0
Mitragynine,2018-01-01,2,0,0.0,1.4301045428808548,0.6944447051277518,0.8189467602155229,False,0.0,1.0
Desvenlafaxine,2018-01-01,2,0,0.0,1.4301045428808548,0.6944447051277518,0.8189467602155229,False,0.0,1.0
Cannabis,2018-01-01,2,0,0.0,1.4301045428808548,0.6944447051277518,0.8189467602155229,False,0.0,1.006137438374082
Acetyl fentanyl,2018-01-01,3,2,1.1792828685258965,1.3099225408539727,0.6701052918354516,0.7902437133977132,False,0.0,1.0
Gabapentin,2018-01-01,7,10,5.896414342629482,1.100931063497708,0.643956320868334,0.759406679576842,False,0.0,1.0
Morphine,2018-01-01,105,300,139.2101664003999,0.7616430041558323,0.6435730163027072,0.7589546359029478,False,1.4469691483699756,1.0
Topiramate,2018-01-01,2,1,0.5896414342629482,1.2657671588134565,0.6146440872021164,0.7248392742374306,False,0.0,1.0
Tapentadol,2018-01-01,2,1,0.5896414342629482,1.2657671588134565,0.6146440872021164,0.7248392742374306,False,0.0,1.0
GHB,2018-01-01,2,1,0.5896414342629482,1.2657671588134565,0.6146440872021164,0.7248392742374306,False,0.0,1.0
Benztropine,2018-01-01,2,1,0.5896414342629482,1.2657671588134565,0.6146440872021164,0.7248392742374306,False,0.0,1.0
Metoprolol,2018-01-01,3,3,1.7689243027888448,1.1875255793099178,0.6074917791450134,0.7164046796037126,False,0.0,1.0
Fluoxetine,2018-01-01,6,9,5.3067729083665345,1.0653493029347358,0.6071356466213254,0.7159846932962627,False,0.0,1.0
Temazepam,2018-01-01,5,7,4.127490039840637,1.0949789914751902,0.6055025403821515,0.7140588009549406,False,0.0,1.0
Acetaminophen,2018-01-01,2,2,1.1792828685258965,1.1353059233164942,0.5512933939494497,0.6501308961525156,False,0.0,1.0
Meperidine,2018-01-01,1,0,0.0,1.2102287581948614,0.5501308833931097,0.6487599706925379,False,0.0,1.0
Chlorpromazine,2018-01-01,1,0,0.0,1.2102287581948614,0.5501308833931097,0.6487599706925379,False,0.0,1.0
Haloperidol,2018-01-01,1,0,0.0,1.2102287581948614,0.5501308833931097,0.6487599706925379,False,0.0,1.0
Brompheniramine,2018-01-01,1,0,0.0,1.2102287581948614,0.5501308833931097,0.6487599706925379,False,0.0,1.0
Desloratadine,2018-01-01,1,0,0.0,1.2102287581948614,0.5501308833931097,0.6487599706925379,False,0.0,1.0
Delorazepam,2018-01-01,1,0,0.0,1.2102287581948614,0.5501308833931097,0.6487599706925379,False,0.0,1.0
Nitrous oxide,2018-01-01,1,0,0.0,1.2102287581948614,0.5501308833931097,0.6487599706925379,False,0.0,1.0
Ketamine,2018-01-01,1,0,0.0,1.2102287581948614,0.5501308833931097,0.6487599706925379,False,0.0,1.0
Isosorbide Mononitrate,2018-01-01,1,0,0.0,1.2102287581948614,0.5501308833931097,0.6487599706925379,False,0.0,1.0
Methocarbamol,2018-01-01,1,0,0.0,1.2102287581948614,0.5501308833931097,0.6487599706925379,False,0.0,1.0
Diltiazem,2018-01-01,1,0,0.0,1.2102287581948614,0.5501308833931097,0.6487599706925379,False,0.0,1.0
Propofol,2018-01-01,1,0,0.0,1.2102287581948614,0.5501308833931097,0.6487599706925379,False,0.0,1.0
Promethazine,2018-01-01,1,0,0.0,1.2102287581948614,0.5501308833931097,0.6487599706925379,False,0.0,1.0
Codeine,2018-01-01,10,21,12.01225905938841,0.8753610612036202,0.5441605806849652,0.6417192734621786,False,0.1504520099753885,1.0
Diazepam,2018-01-01,7,14,8.254980079681275,0.8980154755270271,0.5252669861689442,0.6194383868250046,False,0.0,1.0
Lorazepam,2018-01-01,5,10,5.896414342629482,0.9094128916201172,0.5028880192398977,0.5930472603967641,False,0.0,1.0
Furanyl fentanyl,2018-01-01,2,3,1.7689243027888448,1.029224845158761,0.499781465393176,0.5893837666307531,False,0.0,1.0
U-47700,2018-01-01,2,3,1.7689243027888448,1.029224845158761,0.499781465393176,0.5893837666307531,False,0.0,1.0
Duloxetine,2018-01-01,2,3,1.7689243027888448,1.029224845158761,0.499781465393176,0.5893837666307531,False,0.0,1.0
Hydroxyzine,2018-01-01,2,3,1.7689243027888448,1.029224845158761,0.499781465393176,0.5893837666307531,False,0.0,1.0
Hydroxychloroquine,2018-01-01,1,1,0.5896414342629482,1.0711579264609543,0.4869137775377633,0.5742091295254903,False,0.0,1.0
Baclofen,2018-01-01,1,1,0.5896414342629482,1.0711579264609543,0.4869137775377633,0.5742091295254903,False,0.0,1.0
Etizolam,2018-01-01,1,1,0.5896414342629482,1.0711579264609543,0.4869137775377633,0.5742091295254903,False,0.0,1.0
MDA,2018-01-01,1,1,0.5896414342629482,1.0711579264609543,0.4869137775377633,0.5742091295254903,False,0.0,1.0
Nortriptyline,2018-01-01,2,4,2.358565737051793,0.9412738024045618,0.4570733037729897,0.5390187662840584,False,0.0,1.0
Doxepin,2018-01-01,2,4,2.358565737051793,0.9412738024045618,0.4570733037729897,0.5390187662840584,False,0.0,1.0
"1,1-Difluoroethane",2018-01-01,1,2,1.1792828685258965,0.9607548515151179,0.43672810748323515,0.5150260329782849,False,0.0,1.0
Cyclobenzaprine,2018-01-01,2,5,2.948207171314741,0.8671708671959015,0.4210896470212845,0.49658385784487036,False,0.0,1.0
Carisoprodol,2018-01-01,2,5,2.948207171314741,0.8671708671959015,0.4210896470212845,0.49658385784487036,False,0.0,1.0
Venlafaxine,2018-01-01,1,4,2.358565737051793,0.7965547908201658,0.3620880662252074,0.4270043133513887,False,0.0,1.0
MDMA,2018-01-01,5,17,10.02390438247012,0.6517079878581133,0.36038211263194714,0.424992487306664,False,0.0,1.0
Zolpidem,2018-01-01,2,8,4.717131474103586,0.7014931418419088,0.3406381725452151,0.4017088122898597,False,0.0,1.0
Sertraline,2018-01-01,1,5,2.948207171314741,0.7338450373950676,0.33358223886363453,0.3933878790570481,False,0.0,1.0
Clonazepam,2018-01-01,2,11,6.486055776892431,0.5889676575355741,0.28599690372506537,0.3372712974485583,False,0.0,1.0
Hydromorphone,2018-01-01,3,17,10.02390438247012,0.5144953903804723,0.2631957791138848,0.310382313727036,False,0.0,1.0
Fentanyl,2018-04-01,192,163,92.07048267643965,2.0047368765633586,1.7698645030140538,2.124293266791056,True,0.2991103744784802,10000.0
Amphetamine,2018-04-01,21,15,8.084735806807437,1.8345169201433191,1.3096988887608105,1.5719760108932406,False,0.5352965122103489,1.3154433043935807
Cocaine,2018-04-01,215,335,150.78235672891176,1.4058997274673026,1.249528405291082,1.499755921483013,False,16.485830314915702,1.0
Citalopram,2018-04-01,9,3,1.8003863490019316,1.783222085646283,1.1394787597473282,1.3676680047932668,False,0.0,1.92975685063682
Heroin,2018-04-01,231,434,195.3419266837874,1.175777782832341,1.0492658551503697,1.2593892792297385,False,5.293416253933701,1.0
Methamphetamine,2018-04-01,638,998,598.9285254346426,1.0643980977458825,0.993557742571963,1.1925251968491253,False,0.0,1.0
Hydrocodone,2018-04-01,46,59,35.40759819703799,1.247045307856219,0.9774201286023368,1.1731558948650895,False,-0.8768081386052918,1.0
Pentobarbital,2018-04-01,13,11,6.601416613007083,1.4564840489135509,0.9764412414532382,1.171980968962084,False,0.0,1.0
Tramadol,2018-04-01,12,16,7.201592837327806,1.3277937078985604,0.8808156347946233,1.0572056029726018,False,4.267551960451978,1.0004001600640255
Quetiapine,2018-04-01,17,20,12.002575660012877,1.2567689879564536,0.8729096849668786,1.0477164307045879,False,-0.3730581502306668,1.0
Olanzapine,2018-04-01,6,4,2.4005151320025755,1.366318426526942,0.8307388800039563,0.99710058677544,False,0.0,1.0
PCP,2018-04-01,12,15,8.168162512999823,1.2451468162359924,0.8259903453610866,0.9914011310604125,False,0.4824090167098229,1.0
Alprazolam,2018-04-01,36,66,33.248594126518604,1.0671009032942878,0.8138456940607038,0.9768244364873756,False,0.919712239172712,1.0
Bupropion,2018-04-01,5,3,1.8003863490019316,1.3467006144199871,0.8021446069922155,0.9627800891966737,False,0.0,1.0
Clozapine,2018-04-01,3,0,0.0,1.4044935345325007,0.795808114717938,0.9551746604818259,False,0.0,1.0
Cyclopropyl fentanyl,2018-04-01,3,0,0.0,1.4044935345325007,0.795808114717938,0.9551746604818259,False,0.0,1.0
Dextromethorphan,2018-04-01,3,0,0.0,1.4044935345325007,0.795808114717938,0.9551746604818259,False,0.0,1.0651896037494677
Metoprolol,2018-04-01,4,2,1.2002575660012877,1.3243387820683883,0.7706677661801273,0.9249997668851764,False,0.0,1.0
Lorazepam,2018-04-01,7,7,4.200901481004507,1.240022570669849,0.7678973502239065,0.9216745619429204,False,0.0,1.0
Ethanol,2018-04-01,241,472,283.26078557630393,0.8544901908578303,0.7643357682394758,0.917399785852299,False,-0.4979878781626625,1.0
Methadone,2018-04-01,45,77,46.20991629104958,0.9769161647209987,0.7638839855466661,0.91685751973633,False,-0.9485182250872596,1.0
GHB,2018-04-01,3,1,0.6001287830006439,1.298614348568861,0.7358153035743532,0.8831678278245534,False,0.0,1.0
Codeine,2018-04-01,12,17,10.202189311010946,1.1009407970793488,0.7303287109151064,0.8765825261344514,False,-0.0287156078395716,1.0
Oxycodone,2018-04-01,42,93,45.90840261363016,0.9261289277649083,0.7187311848634017,0.8626625279195659,False,1.057641946094642,1.0
Mitragynine,2018-04-01,2,0,0.0,1.2687079147910423,0.6969744390158847,0.8365487776890975,False,0.0,1.0
Ketamine,2018-04-01,2,0,0.0,1.2687079147910423,0.6969744390158847,0.8365487776890975,False,0.0,1.0
Desvenlafaxine,2018-04-01,2,0,0.0,1.2687079147910423,0.6969744390158847,0.8365487776890975,False,0.0,1.0
Cannabis,2018-04-01,2,0,0.0,1.2687079147910423,0.6969744390158847,0.8365487776890975,False,0.0,1.0
Diltiazem,2018-04-01,2,0,0.0,1.2687079147910423,0.6969744390158847,0.8365487776890975,False,0.0,1.0
Anabasine,2018-04-01,2,0,0.0,1.2687079147910423,0.6969744390158847,0.8365487776890975,False,0.0,1.0
Acetaminophen,2018-04-01,2,0,0.0,1.2687079147910423,0.6969744390158847,0.8365487776890975,False,0.0,1.0
Gabapentin,2018-04-01,8,11,6.601416613007083,1.0984293988112357,0.6915115481292627,0.8299919233043681,False,0.0,1.0
Acetyl fentanyl,2018-04-01,3,2,1.2002575660012877,1.2075797130505448,0.6842336480632225,0.82125655079005,False,0.0,1.0
Doxylamine,2018-04-01,5,6,3.6007726980038632,1.1255076753922202,0.6703939259232101,0.8046453272128431,False,0.0,1.0
Cyclobenzaprine,2018-04-01,5,6,3.6007726980038632,1.1255076753922202,0.6703939259232101,0.8046453272128431,False,0.0,1.0
Trazodone,2018-04-01,6,8,4.801030264005151,1.0966289083835705,0.6667642428319142,0.8002887760157537,False,0.0,1.0
Tapentadol,2018-04-01,2,1,0.6001287830006439,1.173065067073402,0.6444323059080739,0.773484680265995,False,0.0,1.0
Donepezil,2018-04-01,2,1,0.6001287830006439,1.173065067073402,0.6444323059080739,0.773484680265995,False,0.0,1.009387301907742
Benztropine,2018-04-01,2,1,0.6001287830006439,1.173065067073402,0.6444323059080739,0.773484680265995,False,0.0,1.0
Topiramate,2018-04-01,2,1,0.6001287830006439,1.173065067073402,0.6444323059080739,0.773484680265995,False,0.0,1.0
Etizolam,2018-04-01,2,1,0.6001287830006439,1.173065067073402,0.6444323059080739,0.773484680265995,False,0.0,1.0
Amitriptyline,2018-04-01,4,5,3.000643915003219,1.094219869975834,0.6367554845650052,0.7642705276343655,False,0.0,1.0
Diphenhydramine,2018-04-01,8,14,8.401802962009015,0.9729665802546982,0.6125269652452047,0.7351900778691212,False,0.0,1.0
Morphine,2018-04-01,109,270,154.75755499617182,0.7175838021973412,0.6092077429722541,0.7312061964269346,False,0.227089430032215,1.0
Promethazine,2018-04-01,1,0,0.0,1.132939594115979,0.6001046988936077,0.720280124456629,False,0.0,1.0
Propofol,2018-04-01,1,0,0.0,1.132939594115979,0.6001046988936077,0.720280124456629,False,0.0,1.0
Desloratadine,2018-04-01,1,0,0.0,1.132939594115979,0.6001046988936077,0.720280124456629,False,0.0,1.0
Haloperidol,2018-04-01,1,0,0.0,1.132939594115979,0.6001046988936077,0.720280124456629,False,0.0,1.0
Brompheniramine,2018-04-01,1,0,0.0,1.132939594115979,0.6001046988936077,0.720280124456629,False,0.0,1.0
Chlorpromazine,2018-04-01,1,0,0.0,1.132939594115979,0.6001046988936077,0.720280124456629,False,0.0,1.0
Diclazepam,2018-04-01,1,0,0.0,1.132939594115979,0.6001046988936077,0.720280124456629,False,0.0,1.0
Delorazepam,2018-04-01,1,0,0.0,1.132939594115979,0.6001046988936077,0.720280124456629,False,0.0,1.0
Nitrous oxide,2018-04-01,1,0,0.0,1.132939594115979,0.6001046988936077,0.720280124456629,False,0.0,1.0
Meperidine,2018-04-01,1,0,0.0,1.132939594115979,0.6001046988936077,0.720280124456629,False,0.0,1.0
Isosorbide Mononitrate,2018-04-01,1,0,0.0,1.132939594115979,0.6001046988936077,0.720280124456629,False,0.0,1.0
Metoclopramide,2018-04-01,1,0,0.0,1.132939594115979,0.6001046988936077,0.720280124456629,False,0.0,1.0
Methocarbamol,2018-04-01,1,0,0.0,1.132939594115979,0.6001046988936077,0.720280124456629,False,0.0,1.0
Hydromorphone,2018-04-01,9,17,10.202189311010946,0.9301532393223494,0.5943678401301655,0.7133944530319474,False,0.0,1.0
Fluoxetine,2018-04-01,5,9,5.401159047005795,0.9667249888565994,0.5758170954647645,0.6911287678005046,False,0.0,1.0
MDMA,2018-04-01,8,16,9.602060528010302,0.9041206870007208,0.569185326467216,0.6831689475778077,False,0.0,1.0
Sertraline,2018-04-01,3,5,3.000643915003219,0.9977490159548826,0.5653402766378908,0.6785538762988733,False,0.0,1.0
Duloxetine,2018-04-01,2,3,1.8003863490019316,1.0193722251498087,0.559999962551805,0.6721441171836403,False,0.0,1.0
Paroxetine,2018-04-01,1,1,0.6001287830006439,1.047531780536471,0.5548651905230976,0.6659810600719591,False,0.0,1.0
MDA,2018-04-01,1,1,0.6001287830006439,1.047531780536471,0.5548651905230976,0.6659810600719591,False,0.0,1.0
Baclofen,2018-04-01,1,1,0.6001287830006439,1.047531780536471,0.5548651905230976,0.6659810600719591,False,0.0,1.0
Tizanidine,2018-04-01,1,1,0.6001287830006439,1.047531780536471,0.5548651905230976,0.6659810600719591,False,0.0,1.0
Oxazepam,2018-04-01,1,1,0.6001287830006439,1.047531780536471,0.5548651905230976,0.6659810600719591,False,0.0,1.0
Diazepam,2018-04-01,8,18,10.80231809401159,0.8443738535842112,0.5315719620430801,0.6380232224350304,False,0.0,1.0
Nortriptyline,2018-04-01,2,4,2.4005151320025755,0.956699701630752,0.5255703303156106,0.6308196900646666,False,0.0,1.0
Venlafaxine,2018-04-01,2,4,2.4005151320025755,0.956699701630752,0.5255703303156106,0.6308196900646666,False,0.0,1.0
Temazepam,2018-04-01,4,9,5.401159047005795,0.888394920146121,0.5169805021683856,0.6205096964984599,False,0.0,1.0
"1,1-Difluoroethane",2018-04-01,1,2,1.2002575660012877,0.9740983751994025,0.5159683845261995,0.6192948735841536,False,0.0,1.0
Lamotrigine,2018-04-01,2,5,3.000643915003219,0.9012872201923555,0.4951290579669901,0.5942823226986371,False,0.0,1.0
Carisoprodol,2018-04-01,2,5,3.000643915003219,0.9012872201923555,0.4951290579669901,0.5942823226986371,False,0.0,1.0
Hydroxyzine,2018-04-01,1,3,1.8003863490019316,0.9102860804683623,0.48216776698739644,0.578725426764954,False,0.0,1.0
Furanyl fentanyl,2018-04-01,1,4,2.4005151320025755,0.8543203356896685,0.452523374123732,0.5431445206633668,False,0.0,1.0
U-47700,2018-04-01,1,4,2.4005151320025755,0.8543203356896685,0.452523374123732,0.5431445206633668,False,0.0,1.0
Doxepin,2018-04-01,1,5,3.000643915003219,0.8048377136472924,0.4263130146699459,0.5116853395425475,False,0.0,1.0
Mirtazapine,2018-04-01,3,12,7.2015453960077265,0.7099177182031708,0.40225053874397343,0.4828041878006445,False,0.0,1.0
Clonazepam,2018-04-01,2,9,5.401159047005795,0.731753288330608,0.4019942901643002,0.4824966165233948,False,0.0,1.0
Oxymorphone,2018-04-01,1,7,4.200901481004507,0.7212835694646369,0.38205537304769316,0.4585647732528609,False,0.0,1.0
Zolpidem,2018-04-01,1,10,6.001287830006438,0.6240976238460342,0.3305771274862871,0.39677762455444787,False,0.0,1.0
Fentanyl,2018-07-01,238,196,91.08069936441271,2.5237127330096603,2.2536972173427277,2.7896202085791915,True,2.930580856680558,10000.0
Cocaine,2018-07-01,235,332,154.1057571964956,1.505898452383242,1.3438208533958138,1.663377754181453,False,11.884541642854696,1.000100010001
Olanzapine,2018-07-01,9,3,1.8566958698372966,1.9756877555740786,1.2091795234135536,1.4967191128670676,False,0.0,1.0002000400080016
Citalopram,2018-07-01,9,4,2.4755944931163953,1.8145997212478513,1.1105888670587418,1.3746838743326246,False,0.0,1.0220768601798855
Heroin,2018-07-01,245,448,207.9835803064323,1.1720879389994656,1.048376046262655,1.2976769856261314,False,3.488713677085644,1.0
Methamphetamine,2018-07-01,709,1045,646.7490613266583,1.0949677697110518,1.0253583713192849,1.2691857695304551,False,0.0,4.043671653861707
Amphetamine,2018-07-01,21,21,12.996871088861075,1.422940168365003,0.9976777112196391,1.234922744449533,False,-0.5017628779627333,1.0446046171524077
MDMA,2018-07-01,13,16,7.852918239328492,1.370537965580032,0.8913844090771376,1.1033531972985837,False,1.365377875172423,1.000100010001
Hydrocodone,2018-07-01,43,60,37.13391739674593,1.1307074153135672,0.8730473973654085,1.080655676054201,False,-0.5475111939489227,1.0
Gabapentin,2018-07-01,10,9,5.57008760951189,1.3826394511410145,0.8611889754815294,1.0659773786863922,False,-1.1023043037272109,1.0
Diphenhydramine,2018-07-01,12,13,8.045682102628286,1.2744930692824332,0.818133751944679,1.0126837375559703,False,-1.0626201525550574,1.0002000400080016
Bupropion,2018-07-01,6,4,2.4755944931163953,1.4195120686256109,0.8125709749322407,1.0057981642366247,False,0.0,1.000100010001
Cannabis,2018-07-01,3,0,0.0,1.5203934676763498,0.784752947553983,0.9713651036784148,False,0.0,1.0002000400080016
Mitragynine,2018-07-01,3,0,0.0,1.5203934676763498,0.784752947553983,0.9713651036784148,False,0.0,1.055297593921486
Tramadol,2018-07-01,12,19,8.823124953921093,1.2034040899617278,0.7724996918031731,0.9561980234721144,False,3.216139509347148,1.0
Quetiapine,2018-07-01,17,23,14.234668335419274,1.1252118740599908,0.7638733629113003,0.9455203700120953,False,-0.3887677675261247,1.0
Hydromorphone,2018-07-01,11,13,8.045682102628286,1.1985241001465685,0.7584077014665037,0.9387549985548973,False,0.0,1.000100010001
Cyclobenzaprine,2018-07-01,6,5,3.094493116395494,1.312497373907488,0.7513125772467782,0.9299726884417017,False,0.0,1.0
Codeine,2018-07-01,13,17,10.354844293607716,1.1488815988412,0.7472212888675781,0.9249084840102537,False,0.0793862133649955,1.0
Hydroxyzine,2018-07-01,4,2,1.2377972465581977,1.3814458117715602,0.7424881061437448,0.9190497928594463,False,0.0,1.035840066293764
Alprazolam,2018-07-01,33,71,33.36516670507632,0.9815823380208245,0.7332431232668923,0.9076063330935873,False,2.083406088467709,1.0
Doxylamine,2018-07-01,5,4,2.4755944931163953,1.2878351146173126,0.7160968282707105,0.8863827359454735,False,0.0,1.000100010001
PCP,2018-07-01,13,19,11.759073842302877,1.053273650819122,0.685038820091772,0.8479391947834033,False,-1.3250757293083653,1.0
Ethanol,2018-07-01,224,477,295.21464330413016,0.7617306225010632,0.6778888549493414,0.8390889603240693,False,-0.6975946092470896,1.0
Trazodone,2018-07-01,6,7,4.3322903629536915,1.1405317282315046,0.6528743212782477,0.8081260852292151,False,0.0,1.0
Anabasine,2018-07-01,2,0,0.0,1.3250823258616948,0.6510291078079857,0.8058421122600796,False,0.0,1.0
Diltiazem,2018-07-01,2,0,0.0,1.3250823258616948,0.6510291078079857,0.8058421122600796,False,0.0,1.0
Ketamine,2018-07-01,2,0,0.0,1.3250823258616948,0.6510291078079857,0.8058421122600796,False,0.0,1.0
Desvenlafaxine,2018-07-01,2,0,0.0,1.3250823258616948,0.6510291078079857,0.8058421122600796,False,0.0,1.0
Fluoxetine,2018-07-01,8,11,6.807884856070087,1.0713994437408274,0.6429985424492822,0.7959018657167026,False,0.0,1.0171905197843556
Oxycodone,2018-07-01,38,94,46.09998333496083,0.8351322890477353,0.6351845967284597,0.7862297566175722,False,1.3732804308483917,1.0
Methadone,2018-07-01,40,79,48.89299123904881,0.8289741990155358,0.6345066067714646,0.7853905419746091,False,-0.6481047846798097,1.0
Morphine,2018-07-01,117,257,159.0569461827284,0.7417253088671747,0.6317326432767832,0.7819569304315718,False,-0.3058149124703673,1.0
Pentobarbital,2018-07-01,8,12,7.4267834793491865,1.0185290688671638,0.6112684774570732,0.7566264779581204,False,0.0,1.0
Diazepam,2018-07-01,9,15,9.283479349186482,0.9566199040551058,0.5854797633936649,0.7247052751606031,False,0.0,1.0
Topiramate,2018-07-01,2,1,0.6188986232790988,1.1820566462416502,0.5807588470254212,0.7188617751892832,False,0.0,1.0
Clozapine,2018-07-01,2,1,0.6188986232790988,1.1820566462416502,0.5807588470254212,0.7188617751892832,False,0.0,1.0
Tapentadol,2018-07-01,2,1,0.6188986232790988,1.1820566462416502,0.5807588470254212,0.7188617751892832,False,0.0,1.0
Paroxetine,2018-07-01,2,1,0.6188986232790988,1.1820566462416502,0.5807588470254212,0.7188617751892832,False,0.0,1.0
Dextromethorphan,2018-07-01,2,1,0.6188986232790988,1.1820566462416502,0.5807588470254212,0.7188617751892832,False,0.0,1.0043185698503565
Etizolam,2018-07-01,2,1,0.6188986232790988,1.1820566462416502,0.5807588470254212,0.7188617751892832,False,0.0,1.0
Metoprolol,2018-07-01,3,3,1.8566958698372966,1.1154823587812208,0.575757583552297,0.7126712155530928,False,0.0,1.0
Amitriptyline,2018-07-01,4,5,3.094493116395494,1.0690109862765615,0.5745632118783346,0.7111928182674798,False,0.0,1.0018032458425166
Sertraline,2018-07-01,4,5,3.094493116395494,1.0690109862765615,0.5745632118783346,0.7111928182674798,False,0.0,1.0
Metoclopramide,2018-07-01,1,0,0.0,1.1298371461444072,0.5217962391070706,0.6458780309690105,False,0.0,1.0
Methocarbamol,2018-07-01,1,0,0.0,1.1298371461444072,0.5217962391070706,0.6458780309690105,False,0.0,1.0
Promethazine,2018-07-01,1,0,0.0,1.1298371461444072,0.5217962391070706,0.6458780309690105,False,0.0,1.0
Valproic Acid,2018-07-01,1,0,0.0,1.1298371461444072,0.5217962391070706,0.6458780309690105,False,0.0,1.0
Nitrous oxide,2018-07-01,1,0,0.0,1.1298371461444072,0.5217962391070706,0.6458780309690105,False,0.0,1.0
Memantine,2018-07-01,1,0,0.0,1.1298371461444072,0.5217962391070706,0.6458780309690105,False,0.0,1.0
Fluvoxamine,2018-07-01,1,0,0.0,1.1298371461444072,0.5217962391070706,0.6458780309690105,False,0.0,1.0
Baclofen,2018-07-01,1,0,0.0,1.1298371461444072,0.5217962391070706,0.6458780309690105,False,0.0,1.0
Delorazepam,2018-07-01,1,0,0.0,1.1298371461444072,0.5217962391070706,0.6458780309690105,False,0.0,1.0
Diclazepam,2018-07-01,1,0,0.0,1.1298371461444072,0.5217962391070706,0.6458780309690105,False,0.0,1.0
Lorazepam,2018-07-01,5,9,5.57008760951189,0.9148662462659954,0.5087086147963022,0.6296781708692538,False,0.0,1.0
GHB,2018-07-01,2,3,1.8566958698372966,0.9721864700527365,0.4776470698225049,0.5912302959139386,False,0.0,1.0
Duloxetine,2018-07-01,2,3,1.8566958698372966,0.9721864700527365,0.4776470698225049,0.5912302959139386,False,0.0,1.0
Carisoprodol,2018-07-01,2,3,1.8566958698372966,0.9721864700527365,0.4776470698225049,0.5912302959139386,False,0.0,1.0
Tizanidine,2018-07-01,1,1,0.6188986232790988,1.0078856850665527,0.4654750126708638,0.5761637681058461,False,0.0,1.0
Oxazepam,2018-07-01,1,1,0.6188986232790988,1.0078856850665527,0.4654750126708638,0.5761637681058461,False,0.0,1.0
Acetaminophen,2018-07-01,1,1,0.6188986232790988,1.0078856850665527,0.4654750126708638,0.5761637681058461,False,0.0,1.0
Lamotrigine,2018-07-01,2,4,2.4755944931163953,0.892919082269669,0.43870203543521025,0.5430242366938911,False,0.0,1.0
Cyclopropyl fentanyl,2018-07-01,1,2,1.2377972465581977,0.9096956782361928,0.42012761330731796,0.5200328780331499,False,0.0,1.0
Donepezil,2018-07-01,1,2,1.2377972465581977,0.9096956782361928,0.42012761330731796,0.5200328780331499,False,0.0,1.0006003602161295
Buprenorphine,2018-07-01,1,2,1.2377972465581977,0.9096956782361928,0.42012761330731796,0.5200328780331499,False,0.0,1.0
Nortriptyline,2018-07-01,2,5,3.094493116395494,0.8256033720977979,0.40562900602463725,0.5020865291303264,False,0.0,1.0
Venlafaxine,2018-07-01,2,5,3.094493116395494,0.8256033720977979,0.40562900602463725,0.5020865291303264,False,0.0,1.0
Acetyl fentanyl,2018-07-01,1,3,1.8566958698372966,0.828938976399294,0.3828314919636504,0.473867837836299,False,0.0,1.0
Temazepam,2018-07-01,3,9,5.57008760951189,0.7278176445969503,0.375663967270371,0.464995875754302,False,0.0,1.0
Furanyl fentanyl,2018-07-01,1,4,2.4755944931163953,0.7613512971681918,0.3516172617065611,0.43523094589912126,False,0.0,1.0
Zolpidem,2018-07-01,2,9,5.57008760951189,0.6343215212438718,0.3116498997677409,0.38575944028778575,False,0.0,1.0
Oxymorphone,2018-07-01,1,6,3.7133917396745932,0.6546046896455898,0.3023181405608194,0.37420862291714074,False,0.0,1.0
Mirtazapine,2018-07-01,2,13,8.045682102628286,0.5150020622907682,0.2530267943272126,0.31319591423009335,False,0.0,1.0
Clonazepam,2018-07-01,1,9,5.57008760951189,0.540856974176379,0.24978567573489374,0.3091840745602163,False,0.0,1.0
Fentanyl,2018-10-01,289,227,110.59506398537704,2.518076251627123,2.271679896602864,2.951384239925454,True,7.505503943969149,10000.0
Cocaine,2018-10-01,244,348,169.54661791590496,1.417761049800625,1.2675599065837542,1.6468237173110967,False,12.493107293801112,1.0
Methamphetamine,2018-10-01,775,1082,702.8714198659354,1.1002927272936434,1.0331279339687123,1.3422478702427936,False,0.0,2.126754572522331
MDMA,2018-10-01,18,17,9.833774913549462,1.4448942242636893,0.9925892585653813,1.289579703185102,False,0.5800096697431338,1.0002000400080016
Heroin,2018-10-01,251,460,236.45840789863345,1.0557598722796693,0.9453808944851742,1.2282462319493506,False,1.3876224612274366,1.0
Sertraline,2018-10-01,8,4,2.598415600243754,1.4963668701470467,0.9055034468585553,1.1764371347783518,False,0.0,1.0
PCP,2018-10-01,17,19,12.342474101157832,1.1963090098255234,0.8147709493747158,1.058556769906189,False,-0.1597468868883181,1.0
Methadone,2018-10-01,46,75,43.474737069345565,1.0305317474251001,0.8024243175867297,1.0425159313539873,False,0.5690340838551505,1.0
Trazodone,2018-10-01,9,8,5.196831200487508,1.244285353571785,0.7671069072076697,0.9966312730362388,False,0.0,1.0
Hydromorphone,2018-10-01,12,13,8.4448507007922,1.1734247198506245,0.7571687431859789,0.98371953379666,False,0.0,1.0
Ethanol,2018-10-01,246,474,307.91224862888487,0.7997293681432249,0.7153269775876485,0.92935838876336,False,-0.6584510670720229,1.0
Olanzapine,2018-10-01,7,6,3.8976234003656307,1.2066045557688367,0.7150589165263423,0.9290101172983523,False,0.0,1.0
Fluoxetine,2018-10-01,10,11,7.145642900670324,1.1379905977985716,0.713402113289178,0.9268575867076427,False,0.0,1.000100010001
Tramadol,2018-10-01,12,20,9.744058502054086,1.0781758571025044,0.6957080798158833,0.9038693610203004,False,6.274399625452354,1.0
Carisoprodol,2018-10-01,4,2,1.299207800121877,1.2246791054849575,0.6684009986307479,0.868391785232236,False,0.0,1.0
Oxycodone,2018-10-01,39,90,44.38436112612482,0.8738118548891144,0.6672335303038691,0.8668750061732214,False,2.089323458120949,1.0
Morphine,2018-10-01,127,252,163.7001828153565,0.7781410736075013,0.6668312804824985,0.8663524006960273,False,-0.1130682182691996,1.0
Cyclobenzaprine,2018-10-01,5,4,2.598415600243754,1.1578995423900027,0.6521922045489837,0.8473331944585764,False,0.0,1.0
Hydrocodone,2018-10-01,34,61,39.62583790371725,0.8554671227995821,0.6421528203230782,0.8342899520710831,False,-0.5497713347229987,1.0
Mitragynine,2018-10-01,3,1,0.6496039000609385,1.195197596899367,0.6284845093022466,0.8165319707299145,False,0.0,1.1143302874972143
Pentobarbital,2018-10-01,10,14,9.094454600853139,0.9935702535198042,0.6228655315197565,0.8092317542310198,False,0.0,1.0
Alprazolam,2018-10-01,32,78,39.7009471590947,0.8105570788662202,0.6037141265779057,0.784350101377401,False,1.497995109788903,1.0
Codeine,2018-10-01,13,21,13.641681901279709,0.9172733051663118,0.5993830021059283,0.7787230695282479,False,-0.8619766552870406,1.0
Desvenlafaxine,2018-10-01,2,0,0.0,1.1596291489328119,0.5830563067867366,0.7575112954708902,False,0.0,1.0
Diltiazem,2018-10-01,2,0,0.0,1.1596291489328119,0.5830563067867366,0.7575112954708902,False,0.0,1.0
Labetalol,2018-10-01,2,0,0.0,1.1596291489328119,0.5830563067867366,0.7575112954708902,False,0.0,1.0
Nitrous oxide,2018-10-01,2,0,0.0,1.1596291489328119,0.5830563067867366,0.7575112954708902,False,0.0,1.0
Anabasine,2018-10-01,2,0,0.0,1.1596291489328119,0.5830563067867366,0.7575112954708902,False,0.0,1.0
Amphetamine,2018-10-01,15,27,17.021980765794513,0.8699891677075526,0.5812890914161196,0.7552153199612663,False,0.1484097849473293,1.0
Hydroxyzine,2018-10-01,3,2,1.299207800121877,1.092509746421138,0.5744869749309102,0.7463779537796327,False,0.0,1.0002000400080016
Diphenhydramine,2018-10-01,10,16,10.393662400975016,0.916066054331851,0.5742784345820205,0.7461070192719962,False,-0.490115224980066,1.0
Amitriptyline,2018-10-01,4,4,2.598415600243754,1.045095980402708,0.5703887604823111,0.741053522354745,False,0.0,1.0
Citalopram,2018-10-01,7,10,6.496039000609385,0.9608494041070725,0.5694193102130255,0.739794006306943,False,0.0,1.0284891494394734
Zolpidem,2018-10-01,6,8,5.196831200487508,0.9825562442797902,0.5686554984779536,0.7388016558102017,False,0.0,1.0002000400080016
Doxylamine,2018-10-01,4,5,3.2480195003046926,0.9737054173658567,0.5314254733543357,0.6904321163135292,False,0.0,1.0
GHB,2018-10-01,3,3,1.9488117001828154,1.0060710875139296,0.5290339399942817,0.687325016947097,False,0.0,1.0
Paroxetine,2018-10-01,2,1,0.6496039000609385,1.0506325701417372,0.5282533184858659,0.6863108266020241,False,0.0,1.0
Clozapine,2018-10-01,2,1,0.6496039000609385,1.0506325701417372,0.5282533184858659,0.6863108266020241,False,0.0,1.0
Cannabis,2018-10-01,2,1,0.6496039000609385,1.0506325701417372,0.5282533184858659,0.6863108266020241,False,0.0,1.0
Diazepam,2018-10-01,9,17,11.043266301035954,0.8239050061003874,0.5079407382304463,0.6599205670261438,False,0.0,1.0
Quetiapine,2018-10-01,12,31,15.986815244354961,0.7756471658407992,0.5004972025731712,0.6502498679089869,False,1.354752461501503,1.0
Bupropion,2018-10-01,4,6,3.8976234003656307,0.9114445881724922,0.4974449798339989,0.6462843945022325,False,0.0,1.0
Buspirone,2018-10-01,1,0,0.0,1.0001107206277489,0.4757597803306428,0.6181108123193033,False,0.0,1.0
Loperamide,2018-10-01,1,0,0.0,1.0001107206277489,0.4757597803306428,0.6181108123193033,False,0.0,1.0
Diclazepam,2018-10-01,1,0,0.0,1.0001107206277489,0.4757597803306428,0.6181108123193033,False,0.0,1.0
Chloroethane,2018-10-01,1,0,0.0,1.0001107206277489,0.4757597803306428,0.6181108123193033,False,0.0,1.0
Fluvoxamine,2018-10-01,1,0,0.0,1.0001107206277489,0.4757597803306428,0.6181108123193033,False,0.0,1.0
Memantine,2018-10-01,1,0,0.0,1.0001107206277489,0.4757597803306428,0.6181108123193033,False,0.0,1.0
Metoclopramide,2018-10-01,1,0,0.0,1.0001107206277489,0.4757597803306428,0.6181108123193033,False,0.0,1.0
Methocarbamol,2018-10-01,1,0,0.0,1.0001107206277489,0.4757597803306428,0.6181108123193033,False,0.0,1.0
Valproic Acid,2018-10-01,1,0,0.0,1.0001107206277489,0.4757597803306428,0.6181108123193033,False,0.0,1.0
Oxymorphone,2018-10-01,3,5,3.2480195003046926,0.86862154653485,0.4567572657939996,0.593422599063416,False,0.0,1.0
Metoprolol,2018-10-01,2,3,1.9488117001828154,0.884381842100583,0.44466320212712485,0.5777098967766487,False,0.0,1.0
Acetaminophen,2018-10-01,1,1,0.6496039000609385,0.906107696418656,0.43104187337723815,0.5600129596362058,False,0.0,1.0
Tizanidine,2018-10-01,1,1,0.6496039000609385,0.906107696418656,0.43104187337723815,0.5600129596362058,False,0.0,1.0
Oxazepam,2018-10-01,1,1,0.6496039000609385,0.906107696418656,0.43104187337723815,0.5600129596362058,False,0.0,1.0
Ketamine,2018-10-01,1,1,0.6496039000609385,0.906107696418656,0.43104187337723815,0.5600129596362058,False,0.0,1.0
Nortriptyline,2018-10-01,2,4,2.598415600243754,0.8195403443322642,0.41206118944909853,0.5353531080819011,False,0.0,1.0
Dextromethorphan,2018-10-01,1,2,1.299207800121877,0.8282575970807756,0.3940080276281788,0.511898299009291,False,0.0,1.000300090027008
Topiramate,2018-10-01,1,2,1.299207800121877,0.8282575970807756,0.3940080276281788,0.511898299009291,False,0.0,1.0
Donepezil,2018-10-01,1,2,1.299207800121877,0.8282575970807756,0.3940080276281788,0.511898299009291,False,0.0,1.0
Etizolam,2018-10-01,1,2,1.299207800121877,0.8282575970807756,0.3940080276281788,0.511898299009291,False,0.0,1.0
Buprenorphine,2018-10-01,1,2,1.299207800121877,0.8282575970807756,0.3940080276281788,0.511898299009291,False,0.0,1.0
Venlafaxine,2018-10-01,2,5,3.2480195003046926,0.7635574990143149,0.3839132672754142,0.49878310842313445,False,0.0,1.0
Mirtazapine,2018-10-01,4,11,7.145642900670324,0.6906396329305646,0.3769348380953762,0.48971667966547416,False,0.0,1.0
Gabapentin,2018-10-01,5,14,9.094454600853139,0.6680763667103311,0.3762970641758224,0.4888880790757301,False,0.0,1.0
"1,1-Difluoroethane",2018-10-01,1,3,1.9488117001828154,0.7627263959579514,0.36283436934419516,0.4713972395085394,False,0.0,1.0
Clonazepam,2018-10-01,2,7,4.547227300426569,0.6717789817443984,0.3377674426632902,0.438830093728232,False,0.0,1.0
Lorazepam,2018-10-01,3,11,7.145642900670324,0.6161046815137541,0.3239734161485192,0.4209087873887732,False,0.0,1.0
Temazepam,2018-10-01,2,11,7.145642900670324,0.5415837905752191,0.27230588765291924,0.3537819315741109,False,0.0,1.0
Fentanyl,2019-01-01,330,270,135.52201087490397,2.3704693588645376,2.1518238996388095,2.8801926125622734,True,5.897225746474666,10000.0
Cocaine,2019-01-01,256,369,185.21341463414635,1.3656633994295053,1.223661801610425,1.637857858129125,False,8.801030839865007,1.000100010001
Sertraline,2019-01-01,9,3,2.0077334919690664,1.7830661005575885,1.086081820831036,1.4537086345445616,False,0.0,1.0
Methamphetamine,2019-01-01,834,1102,737.5074360499704,1.1285060771965303,1.0618185579283768,1.421232455032666,False,0.0,1.4322543683758235
Hydromorphone,2019-01-01,13,8,5.353955978584176,1.6044547594595504,1.0395539034592076,1.3914315100179644,False,0.0,1.0018032458425166
MDMA,2019-01-01,16,14,7.759127292051414,1.540415173637266,1.0323801235934957,1.3818294763932188,False,1.009924319853458,1.0
Heroin,2019-01-01,274,458,247.8096533794859,1.099418122041775,0.988696175469929,1.3233589526011729,False,1.1903471788195248,1.0
Hydroxyzine,2019-01-01,7,2,1.338488994646044,1.6679142948210395,0.9736964391828823,1.3032820434191552,False,0.0,1.1853959222380277
PCP,2019-01-01,17,21,11.823405299135068,1.2395328269525627,0.8387836979113487,1.1227027819824695,False,0.9056827448172524,1.0
Zolpidem,2019-01-01,9,8,5.353955978584176,1.241397819261487,0.7561467314630538,1.0120941285268366,False,0.0,1.001201441730076
Methadone,2019-01-01,43,82,43.562877276236556,0.9684565104745076,0.7464305043416262,0.999089028229313,False,1.355526971041558,1.0
Ethanol,2019-01-01,256,466,311.8679357525283,0.8209339580830294,0.7355732946864487,0.984556761868802,False,-0.3974415920696449,1.0
Morphine,2019-01-01,115,246,133.9743184863821,0.8570218815976046,0.7282077608704746,0.9746980785491179,False,1.1380975811875345,1.0
Diphenhydramine,2019-01-01,13,16,10.707911957168353,1.0796734439116542,0.6995390405757975,0.936325342312676,False,-0.3905413269980538,1.0
Alprazolam,2019-01-01,38,81,40.757954412045216,0.9192650852133453,0.6978238845117406,0.9340296032283685,False,2.674746455901072,1.0
Trazodone,2019-01-01,8,8,5.353955978584176,1.1506415095018603,0.6870208204862108,0.919569857106553,False,0.0,1.0
GHB,2019-01-01,4,2,1.338488994646044,1.2395473181729462,0.6612821843956094,0.8851189993469429,False,0.0,1.0002000400080016
Tramadol,2019-01-01,12,21,10.540685330735268,1.0291071019476217,0.6579722046953642,0.8806885901394449,False,4.2235418944485765,1.0
Hydrocodone,2019-01-01,38,67,44.839381320642474,0.844970561304163,0.6414261227494479,0.858541818736916,False,-0.1386281737395716,1.0
Citalopram,2019-01-01,9,11,7.361689470553243,1.0500113592350124,0.6395714934934917,0.8560594481280456,False,0.0,1.0108157282927324
Fluoxetine,2019-01-01,9,12,8.030933967876265,0.9986887042899623,0.6083103963781509,0.8142168116886578,False,0.0,1.0
Anabasine,2019-01-01,2,0,0.0,1.179658453611935,0.5739215795642172,0.7681878039587162,False,0.0,1.0
Labetalol,2019-01-01,2,0,0.0,1.179658453611935,0.5739215795642172,0.7681878039587162,False,0.0,1.0
Fluvoxamine,2019-01-01,2,0,0.0,1.179658453611935,0.5739215795642172,0.7681878039587162,False,0.0,1.0
Quetiapine,2019-01-01,14,31,15.805023656037182,0.8698839435909406,0.5705245670506066,0.7636408814610899,False,1.9840175819496564,1.0
Pentobarbital,2019-01-01,8,12,8.030933967876265,0.9256764112170611,0.5526994831034716,0.7397822159764055,False,0.0,1.0
Olanzapine,2019-01-01,6,9,6.023200475907198,0.9136349336473688,0.5198389459124277,0.6957987542890459,False,0.0,1.0
Oxycodone,2019-01-01,33,93,48.45063881511814,0.6961815694261225,0.5189523024212421,0.6946119572377658,False,1.581309172430359,1.0
Bupropion,2019-01-01,5,7,4.6847114812611546,0.935228891173592,0.516577379416265,0.6914331884690984,False,0.0,1.0
Amitriptyline,2019-01-01,4,5,3.34622248661511,0.9632537079141393,0.5138831787684593,0.6878270369125308,False,0.0,1.0
Cyclobenzaprine,2019-01-01,4,5,3.34622248661511,0.9632537079141393,0.5138831787684593,0.6878270369125308,False,0.0,1.0
Paroxetine,2019-01-01,2,1,0.669244497323022,1.0549459437608701,0.5132470678646751,0.6869756291376383,False,0.0,1.0
Oxymorphone,2019-01-01,3,3,2.0077334919690664,1.0010825955944262,0.5123612157350984,0.6857899144469349,False,0.0,1.0
Diazepam,2019-01-01,9,16,10.707911957168353,0.8353643198004157,0.5088280245036337,0.6810607453710064,False,0.0,1.0
Codeine,2019-01-01,11,22,14.723378941106485,0.7688983274778111,0.484493460977432,0.6484891937446742,False,-0.7848878726129722,1.0
Hydroxychloroquine,2019-01-01,2,2,1.338488994646044,0.9540812663884731,0.46417488533374357,0.6212930458021735,False,0.0,1.0
Mitragynine,2019-01-01,2,2,1.338488994646044,0.9540812663884731,0.46417488533374357,0.6212930458021735,False,0.0,1.0127607859023695
Diclazepam,2019-01-01,1,0,0.0,1.0032631739278053,0.4579360840267431,0.612942492013706,False,0.0,1.0
Chloroethane,2019-01-01,1,0,0.0,1.0032631739278053,0.4579360840267431,0.612942492013706,False,0.0,1.0
Chlordiazepoxide,2019-01-01,1,0,0.0,1.0032631739278053,0.4579360840267431,0.612942492013706,False,0.0,1.0
Loperamide,2019-01-01,1,0,0.0,1.0032631739278053,0.4579360840267431,0.612942492013706,False,0.0,1.0
Valproic Acid,2019-01-01,1,0,0.0,1.0032631739278053,0.4579360840267431,0.612942492013706,False,0.0,1.0
Nifedipine,2019-01-01,1,0,0.0,1.0032631739278053,0.4579360840267431,0.612942492013706,False,0.0,1.0
Buspirone,2019-01-01,1,0,0.0,1.0032631739278053,0.4579360840267431,0.612942492013706,False,0.0,1.0
Metoclopramide,2019-01-01,1,0,0.0,1.0032631739278053,0.4579360840267431,0.612942492013706,False,0.0,1.0
Oxazepam,2019-01-01,1,0,0.0,1.0032631739278053,0.4579360840267431,0.612942492013706,False,0.0,1.0
Memantine,2019-01-01,1,0,0.0,1.0032631739278053,0.4579360840267431,0.612942492013706,False,0.0,1.0
Amphetamine,2019-01-01,13,30,20.07733491969066,0.68664660186163,0.4448901728476897,0.5954806229960612,False,-0.0469687531800195,1.0
Carisoprodol,2019-01-01,2,3,2.0077334919690664,0.8708210009420755,0.4236675139724631,0.5670743691434047,False,0.0,1.0
Ketamine,2019-01-01,1,1,0.669244497323022,0.8971990262259131,0.4095234623772479,0.5481427222696924,False,0.0,1.0
Tizanidine,2019-01-01,1,1,0.669244497323022,0.8971990262259131,0.4095234623772479,0.5481427222696924,False,0.0,1.0
Nitrous oxide,2019-01-01,1,1,0.669244497323022,0.8971990262259131,0.4095234623772479,0.5481427222696924,False,0.0,1.0
Chlorpromazine,2019-01-01,1,1,0.669244497323022,0.8971990262259131,0.4095234623772479,0.5481427222696924,False,0.0,1.0
Diltiazem,2019-01-01,1,1,0.669244497323022,0.8971990262259131,0.4095234623772479,0.5481427222696924,False,0.0,1.0
Doxylamine,2019-01-01,3,6,4.015466983938133,0.7933750718916485,0.40605502298934315,0.5435002322109306,False,0.0,1.0
Duloxetine,2019-01-01,2,4,2.676977989292088,0.8009261924632453,0.3896626384403247,0.5215592125003025,False,0.0,1.0
Metoprolol,2019-01-01,2,4,2.676977989292088,0.8009261924632453,0.3896626384403247,0.5215592125003025,False,0.0,1.0
Venlafaxine,2019-01-01,2,4,2.676977989292088,0.8009261924632453,0.3896626384403247,0.5215592125003025,False,0.0,1.0
Nortriptyline,2019-01-01,2,4,2.676977989292088,0.8009261924632453,0.3896626384403247,0.5215592125003025,False,0.0,1.0
Gabapentin,2019-01-01,5,13,8.700178465199286,0.6737363972071098,0.3721409654591219,0.4981066240842281,False,0.0,1.0
"1,1-Difluoroethane",2019-01-01,1,2,1.338488994646044,0.8114167253845169,0.3703684211607747,0.49573412361182906,False,0.0,1.0
Buprenorphine,2019-01-01,1,2,1.338488994646044,0.8114167253845169,0.3703684211607747,0.49573412361182906,False,0.0,1.0
Cannabis,2019-01-01,1,2,1.338488994646044,0.8114167253845169,0.3703684211607747,0.49573412361182906,False,0.0,1.0
Donepezil,2019-01-01,1,2,1.338488994646044,0.8114167253845169,0.3703684211607747,0.49573412361182906,False,0.0,1.0
Etizolam,2019-01-01,1,2,1.338488994646044,0.8114167253845169,0.3703684211607747,0.49573412361182906,False,0.0,1.0
Clozapine,2019-01-01,1,3,2.0077334919690664,0.7406064345600311,0.3380473033009325,0.45247265732239933,False,0.0,1.0
Clonazepam,2019-01-01,2,6,4.015466983938133,0.6901405311286416,0.33576374800170417,0.449416132867547,False,0.0,1.0
Lorazepam,2019-01-01,3,11,7.361689470553243,0.5895171786272588,0.3017190985713199,0.40384773244271915,False,0.0,1.0
Temazepam,2019-01-01,2,8,5.353955978584176,0.60627886492741,0.294963786128222,0.39480582684157306,False,0.0,1.0
Doxepin,2019-01-01,1,6,4.015466983938133,0.5869432610738653,0.2679082672493207,0.3585923168936448,False,0.0,1.0
Mirtazapine,2019-01-01,2,12,8.030933967876265,0.4877436101933457,0.23729460194806912,0.3176162498195208,False,0.0,1.0
Fentanyl,2019-04-01,394,323,163.43597345193768,2.369005114707722,2.167087647280137,2.924084013028253,True,4.644430416935467,10000.0
Cocaine,2019-04-01,273,392,198.34931506849313,1.3621544450902308,1.2238591326470305,1.6513715680556385,False,8.7286139535104,1.0
Hydroxyzine,2019-04-01,8,2,1.3493150684931507,1.991285612327956,1.1287482616936242,1.523036983069751,False,0.0,1.020512297173181
Methamphetamine,2019-04-01,878,1151,776.5308219178082,1.1282384803149663,1.0629512859218337,1.434256186925708,False,0.0,1.1894849530153444
Zolpidem,2019-04-01,10,6,3.480413711176828,1.6902156922271083,1.0060301672545928,1.3574516332361035,False,0.7735608406163116,1.0126582278481011
Heroin,2019-04-01,280,484,256.95373839770724,1.083042098821995,0.9743971141503943,1.3147687082224269,False,1.4478884097240632,1.0
MDMA,2019-04-01,16,15,9.014368846667761,1.4319192923064064,0.9371380744695837,1.264494510909564,False,0.5783321849490404,1.0
Olanzapine,2019-04-01,12,9,6.071917808219179,1.4532356249892626,0.8986797912246168,1.212602166630089,False,0.0,1.0
Fluoxetine,2019-04-01,10,7,4.722602739726027,1.4488045000304481,0.8623402564463908,1.1635686833902181,False,0.0,1.0
PCP,2019-04-01,18,23,12.103762892461043,1.2811534408666188,0.8569558627885278,1.156303449681226,False,1.5543336693121026,1.0
Morphine,2019-04-01,120,240,125.91874866994891,0.9438251273088706,0.8031778743208592,1.0837400078443846,False,1.5951301647477918,1.0
Ethanol,2019-04-01,271,449,302.92123287671234,0.8914958261160516,0.8006688763306977,1.0803545794584704,False,-0.096448360705962,1.0
Alprazolam,2019-04-01,39,78,39.476216875191795,0.9573461386908766,0.7235012555377136,0.9762311446488456,False,3.4035386385247945,1.0
Methadone,2019-04-01,42,86,45.24299776444578,0.9061266401026792,0.6915499182052315,0.9331187242334432,False,1.558555075779075,1.0
Sertraline,2019-04-01,7,6,4.0479452054794525,1.1968586826512186,0.6583280792294357,0.8882919873079932,False,0.0,1.0
Diphenhydramine,2019-04-01,12,16,10.794520547945206,0.9885416506035185,0.6113133953675077,0.8248543730410333,False,-0.0180768603688999,1.0
Citalopram,2019-04-01,9,12,8.095890410958905,0.9610916120130488,0.5591537194543076,0.7544745370138441,False,0.0,1.0
Hydromorphone,2019-04-01,10,14,9.445205479452055,0.9389460386809522,0.5588683412899659,0.754089472422791,False,0.0,1.0
Paroxetine,2019-04-01,3,1,0.6746575342465754,1.205752820890401,0.5460835898555845,0.7368388048859613,False,0.0,1.077354018530489
Hydrocodone,2019-04-01,30,71,40.05821290279059,0.7403070382639371,0.5389711169097567,0.7272418498324592,False,0.9441252531989688,1.0
Trazodone,2019-04-01,7,10,6.7465753424657535,0.895593000233967,0.4926179073283049,0.664696764987624,False,0.0,1.0
Fluvoxamine,2019-04-01,2,0,0.0,1.1593404838289196,0.48191592798896704,0.6502564146192504,False,0.0,1.0
Labetalol,2019-04-01,2,0,0.0,1.1593404838289196,0.48191592798896704,0.6502564146192504,False,0.0,1.0
Oxycodone,2019-04-01,29,88,44.72580606909615,0.6488208922746268,0.4699508956178442,0.6341118258202275,False,2.473821554632304,1.0
GHB,2019-04-01,3,3,2.0239726027397262,0.9345250578498666,0.4232449549848826,0.5710907958817938,False,0.0,1.0
Clozapine,2019-04-01,3,3,2.0239726027397262,0.9345250578498666,0.4232449549848826,0.5710907958817938,False,0.0,1.0
Bupropion,2019-04-01,5,8,5.397260273972603,0.8112879090633603,0.4129691690208672,0.5572255249702588,False,0.0,1.0
Amphetamine,2019-04-01,12,30,18.828889371329275,0.6402459076683191,0.39592757619056546,0.5342310470519713,False,0.3568892038631817,1.0
Quetiapine,2019-04-01,12,31,19.456519017040254,0.6230960747251051,0.38532213270712595,0.5199209624938393,False,0.3568892038631817,1.0
Hydroxychloroquine,2019-04-01,2,2,1.3493150684931507,0.8655045019177056,0.35977386370805803,0.485448299561585,False,0.0,1.0
Mitragynine,2019-04-01,2,2,1.3493150684931507,0.8655045019177056,0.35977386370805803,0.485448299561585,False,0.0,1.0
Tramadol,2019-04-01,9,22,14.842465753424658,0.6165040669944503,0.35867604899456146,0.4839670010730614,False,0.0,1.0
Codeine,2019-04-01,9,22,14.842465753424658,0.6165040669944503,0.35867604899456146,0.4839670010730614,False,0.0,1.0
Loperamide,2019-04-01,1,0,0.0,0.908532700545244,0.3350577793415832,0.4520985151267656,False,0.0,1.0
Valproic Acid,2019-04-01,1,0,0.0,0.908532700545244,0.3350577793415832,0.4520985151267656,False,0.0,1.0
Buspirone,2019-04-01,1,0,0.0,0.908532700545244,0.3350577793415832,0.4520985151267656,False,0.0,1.0
Atorvastatin,2019-04-01,1,0,0.0,0.908532700545244,0.3350577793415832,0.4520985151267656,False,0.0,1.0
Memantine,2019-04-01,1,0,0.0,0.908532700545244,0.3350577793415832,0.4520985151267656,False,0.0,1.0
Chloroethane,2019-04-01,1,0,0.0,0.908532700545244,0.3350577793415832,0.4520985151267656,False,0.0,1.0
Rocuronium,2019-04-01,1,0,0.0,0.908532700545244,0.3350577793415832,0.4520985151267656,False,0.0,1.0
Ziprasidone,2019-04-01,1,0,0.0,0.908532700545244,0.3350577793415832,0.4520985151267656,False,0.0,1.0
Nifedipine,2019-04-01,1,0,0.0,0.908532700545244,0.3350577793415832,0.4520985151267656,False,0.0,1.0
Chlorcyclizine,2019-04-01,1,0,0.0,0.908532700545244,0.3350577793415832,0.4520985151267656,False,0.0,1.0
Chlordiazepoxide,2019-04-01,1,0,0.0,0.908532700545244,0.3350577793415832,0.4520985151267656,False,0.0,1.049648367796788
Carisoprodol,2019-04-01,2,3,2.0239726027397262,0.7681591563835776,0.319309243363265,0.4308487802411793,False,0.0,1.0
Clonazepam,2019-04-01,3,6,4.0479452054794525,0.6987536227094534,0.3164644362448953,0.4270102389311175,False,0.0,1.0
Pentobarbital,2019-04-01,6,16,10.794520547945206,0.5824597968145606,0.3092684667387878,0.4173006074984062,False,0.0,1.0
Amitriptyline,2019-04-01,3,7,4.722602739726027,0.6445491618017262,0.29191531963837575,0.3938857467726187,False,0.0,1.0
Duloxetine,2019-04-01,2,4,2.6986301369863015,0.6904972876080268,0.28702667229603235,0.3872894222020128,False,0.0,1.0
Nortriptyline,2019-04-01,2,4,2.6986301369863015,0.6904972876080268,0.28702667229603235,0.3872894222020128,False,0.0,1.0
Oxymorphone,2019-04-01,2,4,2.6986301369863015,0.6904972876080268,0.28702667229603235,0.3872894222020128,False,0.0,1.0
"1,1-Difluoroethane",2019-04-01,1,1,0.6746575342465754,0.776690707680431,0.2864357701098382,0.3864921095461089,False,0.0,1.0
Chlorpromazine,2019-04-01,1,1,0.6746575342465754,0.776690707680431,0.2864357701098382,0.3864921095461089,False,0.0,1.0
Nitrous oxide,2019-04-01,1,1,0.6746575342465754,0.776690707680431,0.2864357701098382,0.3864921095461089,False,0.0,1.0
Diazepam,2019-04-01,6,18,12.143835616438357,0.5337001772942842,0.2833785892738139,0.38236700602381446,False,0.0,1.0
Temazepam,2019-04-01,3,8,5.397260273972603,0.598148916417346,0.2709007201859183,0.36553043158174486,False,0.0,1.0
Venlafaxine,2019-04-01,2,5,3.3732876712328768,0.6270969840627233,0.26067236435630736,0.3517291582747735,False,0.0,1.0
Buprenorphine,2019-04-01,1,2,1.3493150684931507,0.6782641971272669,0.25013705677294623,0.3375137106969011,False,0.0,1.0
Ketamine,2019-04-01,1,2,1.3493150684931507,0.6782641971272669,0.25013705677294623,0.3375137106969011,False,0.0,1.0
Cannabis,2019-04-01,1,2,1.3493150684931507,0.6782641971272669,0.25013705677294623,0.3375137106969011,False,0.0,1.0
Mirtazapine,2019-04-01,3,11,7.421232876712329,0.4919125140755202,0.2227864176862357,0.3006090787709564,False,0.0,1.0
Acetyl fentanyl,2019-04-01,1,4,2.6986301369863015,0.5411174492568321,0.1995587069151917,0.2692675823957177,False,0.0,1.0
Gabapentin,2019-04-01,3,14,9.445205479452055,0.4177215643629903,0.18918545117645374,0.25527078823847116,False,0.0,1.0
Metoprolol,2019-04-01,1,5,3.3732876712328768,0.49143295208032983,0.18123556094403245,0.2445438854700452,False,0.0,1.0
Doxepin,2019-04-01,1,5,3.3732876712328768,0.49143295208032983,0.18123556094403245,0.2445438854700452,False,0.0,1.0
Lorazepam,2019-04-01,2,11,7.421232876712329,0.404341326808469,0.16807704764146597,0.22678890266110857,False,0.0,1.0
Cyclobenzaprine,2019-04-01,1,8,5.397260273972603,0.3853001188480736,0.14209483282638835,0.19173071052791918,False,0.0,1.0
Fentanyl,2019-07-01,480,375,250.7396449704142,1.8777592894547113,1.7323368105325079,2.316616098504356,True,0.0,10000.0
Cocaine,2019-07-01,296,415,208.1139053254438,1.397703165396476,1.261617334185912,1.6871332431572919,False,9.266806598586951,1.0
Alprazolam,2019-07-01,55,76,38.39154679967125,1.3170387501067184,1.0467644762509267,1.3998152218434403,False,2.290871490921872,1.0009008107296566
Ethanol,2019-07-01,292,472,269.6230612992499,1.0741404137100092,0.9688884841477753,1.29567335662746,False,0.8111118577100115,1.0
Methamphetamine,2019-07-01,858,1267,847.1656804733727,1.010604307921384,0.9514172554917085,1.2723094654832723,False,0.0,1.4394702749388226
Zolpidem,2019-07-01,9,6,4.011834319526627,1.2593888284493295,0.7913729179400015,1.0582856600265873,False,0.0,1.0
Heroin,2019-07-01,293,514,334.67582321380775,0.8734053607385546,0.7879599559058311,1.053721595382003,False,0.1317305520684785,1.0
Methadone,2019-07-01,43,82,41.83364416909824,0.9881893361728442,0.7645822459467879,1.0224590851681918,False,1.9433916103983584,1.0
Sertraline,2019-07-01,8,6,4.011834319526627,1.1791122902285587,0.7290563856207242,0.9749511111939929,False,0.0,1.000100010001
Hydroxyzine,2019-07-01,7,5,3.3431952662721893,1.1611810022092646,0.7052102776911505,0.9430622270859615,False,0.0,1.0121457489878545
Morphine,2019-07-01,101,235,120.38619177930143,0.8358518219072752,0.703124263539311,0.9402726760188534,False,1.847856735780521,1.0
Trazodone,2019-07-01,9,9,6.017751479289941,1.084682759208235,0.6815913725793141,0.9114771801230209,False,0.0,1.0
Clonazepam,2019-07-01,6,4,2.6745562130177514,1.141096541055025,0.6792514579222261,0.9083480586260246,False,0.0,1.00130169219986
Olanzapine,2019-07-01,10,11,7.355029585798817,1.0561502597539256,0.6734564502492574,0.9005985267580365,False,0.0,1.0
Clozapine,2019-07-01,5,3,2.0059171597633134,1.1184465704058824,0.6508685911389778,0.8703922638612811,False,0.0,1.0
Citalopram,2019-07-01,10,12,8.023668639053254,1.0132623818999273,0.6461089040913771,0.8640272481234887,False,0.0,1.0
PCP,2019-07-01,14,27,13.541520205386826,0.9408600041235348,0.6290390834647678,0.8412001555739215,False,3.5752171338701726,1.0
Hydroxychloroquine,2019-07-01,4,2,1.3372781065088757,1.0927064018444141,0.61968651093795,0.8286931406681668,False,0.0,1.0
Oxycodone,2019-07-01,35,81,43.088402500656265,0.8088834946499085,0.6109213859931832,0.8169717725523624,False,1.3336506492812694,1.0
Fluoxetine,2019-07-01,9,12,8.023668639053254,0.952543204468837,0.5985577116104711,0.8004380713539703,False,0.0,1.0081661457808246
MDMA,2019-07-01,12,19,12.70414201183432,0.8835515801987431,0.5780201434362603,0.7729736362121904,False,-0.2437090746505305,1.0
Hydrocodone,2019-07-01,28,70,36.955027240730125,0.7639787605854644,0.5612016159828165,0.7504826071292269,False,1.411049943756146,1.0
Hydromorphone,2019-07-01,9,14,9.36094674556213,0.8809929357986014,0.5535970579840018,0.7403131691240663,False,0.0,1.0
Diazepam,2019-07-01,11,19,12.41619058127952,0.8478145939248254,0.5478845408638894,0.7326739501945921,False,0.1138758557317803,1.0
Ephedrine,2019-07-01,2,0,0.0,1.0290296502485967,0.5470047160550228,0.7314973410685893,False,0.0,1.0
Labetalol,2019-07-01,2,0,0.0,1.0290296502485967,0.5470047160550228,0.7314973410685893,False,0.0,1.0
Paroxetine,2019-07-01,3,2,1.3372781065088757,0.9905049005668902,0.5452353942373885,0.7291312718512688,False,0.0,1.031140441328109
Carisoprodol,2019-07-01,3,2,1.3372781065088757,0.9905049005668902,0.5452353942373885,0.7291312718512688,False,0.0,1.0
Ketamine,2019-07-01,3,2,1.3372781065088757,0.9905049005668902,0.5452353942373885,0.7291312718512688,False,0.0,1.000300090027008
Pentobarbital,2019-07-01,9,16,10.698224852071005,0.8194406625869068,0.5149189301834274,0.6885897528495727,False,0.0,1.0
Oxymorphone,2019-07-01,3,3,2.0059171597633134,0.9271160175877993,0.5103422174529105,0.6824693847534453,False,0.0,1.0
Duloxetine,2019-07-01,3,4,2.6745562130177514,0.871352477025697,0.47964650256543306,0.6414206734935721,False,0.0,1.0
GHB,2019-07-01,3,4,2.6745562130177514,0.871352477025697,0.47964650256543306,0.6414206734935721,False,0.0,1.0
Etizolam,2019-07-01,2,2,1.3372781065088757,0.8883157830643406,0.4722049773443517,0.6314692750370801,False,0.0,1.0
Rocuronium,2019-07-01,1,0,0.0,0.910673126662484,0.46433176772824875,0.6209405924097106,False,0.0,1.0
Nifedipine,2019-07-01,1,0,0.0,0.910673126662484,0.46433176772824875,0.6209405924097106,False,0.0,1.0
Chlorcyclizine,2019-07-01,1,0,0.0,0.910673126662484,0.46433176772824875,0.6209405924097106,False,0.0,1.0
Loperamide,2019-07-01,1,0,0.0,0.910673126662484,0.46433176772824875,0.6209405924097106,False,0.0,1.0
Norfluoxetine,2019-07-01,1,0,0.0,0.910673126662484,0.46433176772824875,0.6209405924097106,False,0.0,1.0
Isopropanol,2019-07-01,1,0,0.0,0.910673126662484,0.46433176772824875,0.6209405924097106,False,0.0,1.0
Chlordiazepoxide,2019-07-01,1,0,0.0,0.910673126662484,0.46433176772824875,0.6209405924097106,False,0.0,1.0002000400080016
Ziprasidone,2019-07-01,1,0,0.0,0.910673126662484,0.46433176772824875,0.6209405924097106,False,0.0,1.0
Risperidone,2019-07-01,1,0,0.0,0.910673126662484,0.46433176772824875,0.6209405924097106,False,0.0,1.0
Chloroethane,2019-07-01,1,0,0.0,0.910673126662484,0.46433176772824875,0.6209405924097106,False,0.0,1.0
Buspirone,2019-07-01,1,0,0.0,0.910673126662484,0.46433176772824875,0.6209405924097106,False,0.0,1.0
Atorvastatin,2019-07-01,1,0,0.0,0.910673126662484,0.46433176772824875,0.6209405924097106,False,0.0,1.0
Flubromazolam,2019-07-01,1,0,0.0,0.910673126662484,0.46433176772824875,0.6209405924097106,False,0.0,1.0
Doxepin,2019-07-01,2,3,2.0059171597633134,0.8314666496689199,0.44198549429697426,0.5910574189625059,False,0.0,1.0
Acetyl fentanyl,2019-07-01,2,3,2.0059171597633134,0.8314666496689199,0.44198549429697426,0.5910574189625059,False,0.0,1.0
Bupropion,2019-07-01,4,8,5.349112426035503,0.7748412085193858,0.4394214623688922,0.5876286129086012,False,0.0,1.0
Diphenhydramine,2019-07-01,9,21,14.041420118343195,0.697593814269691,0.438352985086617,0.5861997882615263,False,0.0,1.0
Fluvoxamine,2019-07-01,1,1,0.6686390532544378,0.8438388801219228,0.43025448694288293,0.5753697868996895,False,0.0,1.0
Chlorpromazine,2019-07-01,1,1,0.6686390532544378,0.8438388801219228,0.43025448694288293,0.5753697868996895,False,0.0,1.0
Propranolol,2019-07-01,1,1,0.6686390532544378,0.8438388801219228,0.43025448694288293,0.5753697868996895,False,0.0,1.0
Nitrous oxide,2019-07-01,1,1,0.6686390532544378,0.8438388801219228,0.43025448694288293,0.5753697868996895,False,0.0,1.0
Promethazine,2019-07-01,1,1,0.6686390532544378,0.8438388801219228,0.43025448694288293,0.5753697868996895,False,0.0,1.0
"1,1-Difluoroethane",2019-07-01,1,1,0.6686390532544378,0.8438388801219228,0.43025448694288293,0.5753697868996895,False,0.0,1.0
Temazepam,2019-07-01,3,7,4.680473372781065,0.7381578377038657,0.4063279034960272,0.5433733118800788,False,0.0,1.0
Benztropine,2019-07-01,1,2,1.3372781065088757,0.7861438311630798,0.40083707767946425,0.5360305276807411,False,0.0,1.0
Amphetamine,2019-07-01,10,32,18.546584766769573,0.6181908203261868,0.39419068602089863,0.5271425165598035,False,0.7269989859031986,1.0
Codeine,2019-07-01,8,22,14.710059171597633,0.6342650440083127,0.3921721318167549,0.5244431405414678,False,0.0,1.0
Quetiapine,2019-07-01,12,34,22.733727810650887,0.5993042164938238,0.39206529300960036,0.5243002811852645,False,-0.5702897442560743,1.0
Tramadol,2019-07-01,8,23,15.378698224852071,0.6164615355537624,0.3811640525754416,0.5097222774780251,False,0.0,1.0
Mitragynine,2019-07-01,1,3,2.0059171597633134,0.7358333488123008,0.37518489302478725,0.5017264223306587,False,0.0,1.0
Dextromethorphan,2019-07-01,1,3,2.0059171597633134,0.7358333488123008,0.37518489302478725,0.5017264223306587,False,0.0,1.0
Venlafaxine,2019-07-01,2,6,4.011834319526627,0.6975452161110072,0.37079643213600516,0.4958578428174408,False,0.0,1.0
Doxylamine,2019-07-01,3,9,6.017751479289941,0.6698915742637197,0.3687499136863869,0.4931210892207281,False,0.0,1.0
Metoprolol,2019-07-01,1,4,2.6745562130177514,0.6915749474741355,0.3526185285099013,0.4715489176662688,False,0.0,1.0
Mirtazapine,2019-07-01,3,10,6.686390532544379,0.6402842135049033,0.35245218410784285,0.4713264929890988,False,0.0,1.0
Lorazepam,2019-07-01,3,10,6.686390532544379,0.6402842135049033,0.35245218410784285,0.4713264929890988,False,0.0,1.0
Amitriptyline,2019-07-01,2,8,5.349112426035503,0.6299072410801367,0.334841888632463,0.44777662077092845,False,0.0,1.0
Cyclobenzaprine,2019-07-01,2,9,6.017751479289941,0.6007797215538296,0.3193584761340712,0.427070993574429,False,0.0,1.0
Gabapentin,2019-07-01,3,15,10.029585798816568,0.5243992154661443,0.2886618862953842,0.38602113031127605,False,0.0,1.0
Fentanyl,2019-10-01,561,438,294.6421923474664,1.8837920150212746,1.7476772085114554,2.3513216634272167,True,0.0,10000.0
Cocaine,2019-10-01,313,416,209.88210961737332,1.4731922338698555,1.3324839529592034,1.792721430087458,False,10.502993784625652,1.0011012113324658
Alprazolam,2019-10-01,64,76,38.780536960310926,1.5428432214854415,1.2389941736381773,1.6669404553207288,False,2.1181027199542046,1.1276499774470004
Clonazepam,2019-10-01,10,4,2.6120314225242387,1.772752241521417,1.0797499345568464,1.4526935543535642,False,0.1472785034516094,3.28515111695138
Clozapine,2019-10-01,8,3,2.018097207859359,1.6423758124452723,0.9595560965353955,1.2909849865945942,False,0.0,1.0
Etizolam,2019-10-01,7,2,1.345398138572906,1.6583555420589233,0.9449004752211865,1.2712673409849167,False,0.0,12.755102040816327
Methamphetamine,2019-10-01,890,1347,906.1256463288521,0.9808540276329698,0.9241696352988619,1.2433761070086113,False,0.0,1.099747058176619
Heroin,2019-10-01,305,507,311.55683272681694,0.9751258771380724,0.8808391960537191,1.1850794146062211,False,0.4482129537870166,1.0
Diazepam,2019-10-01,17,18,11.534988179823904,1.2470330236532041,0.8346807528492327,1.1229779295914513,False,0.2397601417930088,1.0071507704703393
Hydroxychloroquine,2019-10-01,6,2,1.345398138572906,1.5066082217143109,0.8340199150135158,1.1220888395147774,False,0.0,1.0
Ethanol,2019-10-01,287,491,330.2952430196484,0.8670234466568745,0.7807408720252356,1.0504073157484257,False,-0.0376808568458444,1.0
Hydrocodone,2019-10-01,36,69,36.05664222769135,0.9666164698311902,0.7248364373124174,0.9751935922458143,False,1.6107052830446749,1.0
Hydroxyzine,2019-10-01,7,5,3.3634953464322646,1.2694109997515952,0.7232870313365317,0.9731090221315893,False,0.0,1.0
PCP,2019-10-01,17,28,14.158100294223239,1.0784125623182657,0.7218174597822066,0.9711318645308195,False,2.712764717373457,1.0
Olanzapine,2019-10-01,10,11,7.399689762150983,1.1013297278540284,0.6707991527091974,0.9024919279841278,False,0.0,1.0
Ketamine,2019-10-01,4,2,1.345398138572906,1.2031719822452687,0.6187242003999293,0.8324303818360862,False,0.0,1.000100010001
Trazodone,2019-10-01,10,14,9.417786970010342,0.949709372080063,0.578450055418578,0.7782456239194737,False,0.0,1.000100010001
Hydromorphone,2019-10-01,9,13,8.745087900723888,0.9239109441032567,0.5518262874015253,0.7424260556313927,False,0.0,1.0
Ephedrine,2019-10-01,2,0,0.0,1.1308770392173837,0.5213803975764622,0.7014642081044636,False,0.0,1.0
Risperidone,2019-10-01,2,0,0.0,1.1308770392173837,0.5213803975764622,0.7014642081044636,False,0.0,1.0
Chlordiazepoxide,2019-10-01,2,0,0.0,1.1308770392173837,0.5213803975764622,0.7014642081044636,False,0.0,1.0004001600640255
Diphenhydramine,2019-10-01,11,20,12.535764372860868,0.8393729002641209,0.5202909246308094,0.6999984377283777,False,0.3491121455887255,1.0
Lorazepam,2019-10-01,7,10,6.726990692864529,0.9126584627867764,0.5200159997844548,0.6996285530926251,False,0.0,1.0
Bupropion,2019-10-01,6,8,5.381592554291624,0.934159610291013,0.5171269528168733,0.6957416342214867,False,0.0,1.0
Duloxetine,2019-10-01,3,2,1.345398138572906,1.0514997225693579,0.5150907006931583,0.6930020624624326,False,0.0,1.0
Paroxetine,2019-10-01,3,2,1.345398138572906,1.0514997225693579,0.5150907006931583,0.6930020624624326,False,0.0,1.0
Morphine,2019-10-01,85,236,139.65547498162132,0.6136675058583587,0.5068765417535442,0.6819507551110632,False,0.6453145139364351,1.0
Quetiapine,2019-10-01,15,30,20.180972078593587,0.7442600672691875,0.48760462464224863,0.6560223513295838,False,-0.5832666692429725,1.0
Fluvoxamine,2019-10-01,2,1,0.672699069286453,1.0022396171447976,0.46207330411046443,0.6216725543925917,False,0.0,1.000300090027008
Baclofen,2019-10-01,2,1,0.672699069286453,1.0022396171447976,0.46207330411046443,0.6216725543925917,False,0.0,1.0
Sertraline,2019-10-01,6,10,6.726990692864529,0.829145927262711,0.45899405420912304,0.6175297405366296,False,0.0,1.0
Oxycodone,2019-10-01,33,84,56.50672182006205,0.5979029181598832,0.44310068389462737,0.5961468337872973,False,-0.1191075003107754,1.0
Fluoxetine,2019-10-01,7,14,9.417786970010342,0.7451305525668472,0.4245616789437681,0.5712044874665018,False,0.0,1.0
Tramadol,2019-10-01,10,22,14.799379524301965,0.6946785071461321,0.42311556858354255,0.5692588943622668,False,0.0,1.0
Zolpidem,2019-10-01,5,9,6.054291623578076,0.7900496885237266,0.4228642453916741,0.568920762434167,False,0.0,1.0
Doxylamine,2019-10-01,5,9,6.054291623578076,0.7900496885237266,0.4228642453916741,0.568920762434167,False,0.0,1.0
Benztropine,2019-10-01,2,2,1.345398138572906,0.8998783306245303,0.41488057986936666,0.5581795508752243,False,0.0,1.0
Amphetamine,2019-10-01,13,31,20.853671147880043,0.6484434597979815,0.41426502219321193,0.5573513864499863,False,-0.369224889449578,1.0
Methadone,2019-10-01,34,94,63.23371251292658,0.5537680654529455,0.41207164147247516,0.5544004179476021,False,-0.1191075003107754,1.0
Perphenazine,2019-10-01,1,0,0.0,0.9404363838835825,0.40081010937397926,0.539249164480863,False,0.0,1.0
Norfluoxetine,2019-10-01,1,0,0.0,0.9404363838835825,0.40081010937397926,0.539249164480863,False,0.0,1.0
Nifedipine,2019-10-01,1,0,0.0,0.9404363838835825,0.40081010937397926,0.539249164480863,False,0.0,1.0
Ziprasidone,2019-10-01,1,0,0.0,0.9404363838835825,0.40081010937397926,0.539249164480863,False,0.0,1.0
Rocuronium,2019-10-01,1,0,0.0,0.9404363838835825,0.40081010937397926,0.539249164480863,False,0.0,1.0
Pseudoephedrine,2019-10-01,1,0,0.0,0.9404363838835825,0.40081010937397926,0.539249164480863,False,0.0,1.0
Pregabalin,2019-10-01,1,0,0.0,0.9404363838835825,0.40081010937397926,0.539249164480863,False,0.0,1.0
Flubromazolam,2019-10-01,1,0,0.0,0.9404363838835825,0.40081010937397926,0.539249164480863,False,0.0,1.0
Ibuprofen,2019-10-01,1,0,0.0,0.9404363838835825,0.40081010937397926,0.539249164480863,False,0.0,1.0
Isopropanol,2019-10-01,1,0,0.0,0.9404363838835825,0.40081010937397926,0.539249164480863,False,0.0,1.0
Flualprazolam,2019-10-01,1,0,0.0,0.9404363838835825,0.40081010937397926,0.539249164480863,False,0.0,1.0
Atorvastatin,2019-10-01,1,0,0.0,0.9404363838835825,0.40081010937397926,0.539249164480863,False,0.0,1.0
Amlodipine,2019-10-01,1,0,0.0,0.9404363838835825,0.40081010937397926,0.539249164480863,False,0.0,1.0
Chlorcyclizine,2019-10-01,1,0,0.0,0.9404363838835825,0.40081010937397926,0.539249164480863,False,0.0,1.0
GHB,2019-10-01,3,5,3.3634953464322646,0.8048848875965989,0.39428324309626195,0.5304679335312159,False,0.0,1.0
Citalopram,2019-10-01,7,16,10.763185108583247,0.6824913736049576,0.3888710272907034,0.5231863512624957,False,0.0,1.0
MDMA,2019-10-01,9,22,14.799379524301965,0.6447949946464542,0.3851181007236484,0.5181371716304458,False,0.0,1.0
Doxepin,2019-10-01,2,3,2.018097207859359,0.816488299592682,0.376434377474642,0.5064541017806267,False,0.0,1.0
Dextromethorphan,2019-10-01,2,3,2.018097207859359,0.816488299592682,0.376434377474642,0.5064541017806267,False,0.0,1.0
Acetyl fentanyl,2019-10-01,2,3,2.018097207859359,0.816488299592682,0.376434377474642,0.5064541017806267,False,0.0,1.0
Chlorpromazine,2019-10-01,1,1,0.672699069286453,0.8334616131076462,0.3552179031283018,0.4779094951156293,False,0.0,1.0
Propranolol,2019-10-01,1,1,0.672699069286453,0.8334616131076462,0.3552179031283018,0.4779094951156293,False,0.0,1.0
Promethazine,2019-10-01,1,1,0.672699069286453,0.8334616131076462,0.3552179031283018,0.4779094951156293,False,0.0,1.0
Mitragynine,2019-10-01,2,4,2.690796277145812,0.7472427230082004,0.34450934495739016,0.4635022226163304,False,0.0,1.0
Gabapentin,2019-10-01,5,14,9.417786970010342,0.6087724382091039,0.3258378573372619,0.4383816409818928,False,0.0,1.0
Temazepam,2019-10-01,3,8,5.381592554291624,0.6519734572660266,0.31937760679185273,0.42969003030541586,False,0.0,1.0
Acetaminophen,2019-10-01,1,2,1.345398138572906,0.7483380543064078,0.31893859333327557,0.4290993795009749,False,0.0,1.0
Venlafaxine,2019-10-01,2,5,3.3634953464322646,0.6888242131205744,0.3175760313832518,0.42726619288844286,False,0.0,1.0
Codeine,2019-10-01,7,22,14.799379524301965,0.5450364028233183,0.3105517140197796,0.4178156933955227,False,0.0,1.0
Cyclobenzaprine,2019-10-01,3,9,6.054291623578076,0.6131451699805539,0.3003570694818487,0.40409983500105234,False,0.0,1.0
Pentobarbital,2019-10-01,5,18,12.108583247156153,0.5143569031484434,0.27530311937504537,0.3703922990511134,False,0.0,1.0
Carisoprodol,2019-10-01,1,4,2.690796277145812,0.6214064128452694,0.26484085108412464,0.35631637850246095,False,0.0,1.0
Metoprolol,2019-10-01,1,4,2.690796277145812,0.6214064128452694,0.26484085108412464,0.35631637850246095,False,0.0,1.0
Oxymorphone,2019-10-01,1,4,2.690796277145812,0.6214064128452694,0.26484085108412464,0.35631637850246095,False,0.0,1.0
Amitriptyline,2019-10-01,2,8,5.381592554291624,0.5579619031210505,0.25724317392021284,0.34609447954484324,False,0.0,1.0
Mirtazapine,2019-10-01,1,11,7.399689762150983,0.3899233054302551,0.16618370511312625,0.22358324035099517,False,0.0,1.0
Clonazepam,2020-01-01,16,4,2.9011425732737206,3.0858786969837215,1.9982593755419895,2.898617306514917,False,-0.1217426433325985,9.708737864077673
Etizolam,2020-01-01,12,2,1.4505712866368603,3.194158592877761,1.947574224032148,2.8250947706319556,True,-1.036646434776212,113.63636363636364
Fentanyl,2020-01-01,714,492,356.84053651266765,1.9902128596088342,1.8616291985134532,2.700425857002481,True,0.0,10000.0
Alprazolam,2020-01-01,81,74,46.5318841593835,1.6786408232981227,1.3762539875812063,1.9963544971346754,False,0.7258576229947116,5.595970900951315
Cocaine,2020-01-01,364,451,245.327868852459,1.4744087721094121,1.3425794876893204,1.9475072512977036,False,11.452837136427078,1.0194719135487815
Acetyl fentanyl,2020-01-01,9,3,2.1758569299552906,2.1584121031138115,1.2323968151851377,1.7876792396152865,False,0.0,27.027027027027028
Clozapine,2020-01-01,9,4,2.9011425732737206,1.8911503483969552,1.079797348726124,1.566322900973134,False,0.0,1.0
Heroin,2020-01-01,320,495,271.2784499585251,1.1744404090911191,1.0627630673493167,1.5416135883797573,False,2.2824447577401323,1.0
Diazepam,2020-01-01,20,16,11.19158897700069,1.5602866729681062,1.0544204701138977,1.5295120147027985,False,0.1793680273490395,1.0009008107296566
Ethanol,2020-01-01,299,509,287.76591790596495,1.0356015570462769,0.9338881986511163,1.3546714050706383,False,1.5633343912456408,1.0
Methamphetamine,2020-01-01,999,1423,1032.0814704421261,0.9671842686253039,0.9141188327751792,1.3259945312269747,False,0.0,1.0
PCP,2020-01-01,21,27,14.68728689380097,1.3078206350998778,0.8916757543937087,1.2934392266744557,False,4.048259488469605,1.0
Flualprazolam,2020-01-01,3,0,0.0,1.7194664082618105,0.7406627488421182,1.0743839929506296,False,0.0,2.2461814914645104
Lorazepam,2020-01-01,9,8,5.802285146547441,1.264735399121693,0.7221308088853371,1.0475021960218251,False,0.0,1.0
MDMA,2020-01-01,15,21,13.398914022207032,1.0440402225992418,0.6673355353328956,0.968017764511494,False,0.645113337470877,1.0
Oxycodone,2020-01-01,45,84,51.535276149474484,0.863865466137281,0.662452160205742,0.960934084065819,False,0.8713220999685584,1.0
Ketamine,2020-01-01,4,2,1.4505712866368603,1.379993526064104,0.6410836763307456,0.9299375356495354,False,0.0,1.0
Hydroxychloroquine,2020-01-01,4,3,2.1758569299552906,1.1849696393665565,0.5504842438732872,0.7985166339124815,False,0.0,1.0
Doxepin,2020-01-01,4,3,2.1758569299552906,1.1849696393665565,0.5504842438732872,0.7985166339124815,False,0.0,1.0
Sertraline,2020-01-01,8,10,7.252856433184301,0.9871326108826728,0.5478909255850228,0.7947548529688269,False,0.0,1.0
Trazodone,2020-01-01,10,14,10.153999006458022,0.9211739114713069,0.5390937771954786,0.7819939637198801,False,0.0,1.0
Perphenazine,2020-01-01,2,0,0.0,1.3821019843211797,0.5375009515480959,0.7796834153266468,False,0.0,1.0
Risperidone,2020-01-01,2,0,0.0,1.3821019843211797,0.5375009515480959,0.7796834153266468,False,0.0,1.0
Ephedrine,2020-01-01,2,0,0.0,1.3821019843211797,0.5375009515480959,0.7796834153266468,False,0.0,1.0
Paroxetine,2020-01-01,3,2,1.4505712866368603,1.1534822499430384,0.4968642189683986,0.7207369750454178,False,0.0,1.0
Methadone,2020-01-01,38,93,58.83112291794805,0.6485720631446573,0.4861265302692712,0.7051611923199772,False,0.6922311548132204,1.0
Chlordiazepoxide,2020-01-01,4,1,0.7252856433184302,1.23108635829956,0.47877081180003717,0.6944911927227129,False,0.0,1.0194719135487815
Quetiapine,2020-01-01,15,29,21.033283656234474,0.7117878838911738,0.45496460601625316,0.6599586070085981,False,-0.2402824617265729,1.0
Olanzapine,2020-01-01,8,13,9.428713363139591,0.813708282722327,0.45163474416906296,0.6551284110639938,False,0.0,1.0
Diphenhydramine,2020-01-01,10,24,13.05559975026168,0.7542429342104203,0.44140163682779415,0.6402845579796095,False,3.8780777382953615,1.0
Hydromorphone,2020-01-01,9,16,11.604570293094882,0.76075693955176,0.43437229993337595,0.6300880052756301,False,0.0,1.0
Cyclobenzaprine,2020-01-01,5,7,5.076999503229011,0.8813498685895003,0.43418131515250363,0.629810973573909,False,0.0,1.0
Baclofen,2020-01-01,2,1,0.7252856433184302,1.109821508276922,0.4316107809080201,0.6260822265174999,False,0.0,1.0
Venlafaxine,2020-01-01,3,3,2.1758569299552906,0.9904694622945887,0.4266462148154885,0.6188807755217088,False,0.0,1.0
Morphine,2020-01-01,82,220,159.56284153005464,0.5173104859600658,0.4246354817832085,0.6159640403380741,False,-0.8242676253460702,1.0
Doxylamine,2020-01-01,5,8,5.802285146547441,0.8083664151990503,0.3982273167385138,0.5776571403680173,False,0.0,1.0
Hydrocodone,2020-01-01,30,81,58.74813710879284,0.5197996603917482,0.37623171312619363,0.5457509285317361,False,-0.437230485704653,1.0
Mitragynine,2020-01-01,3,4,2.9011425732737206,0.8678262441137671,0.3738174636004663,0.5422489170262313,False,0.0,1.0
Benztropine,2020-01-01,2,2,1.4505712866368603,0.9271656014130115,0.3605757018335535,0.5230408028625854,False,0.0,1.0
Amphetamine,2020-01-01,13,32,23.209140586189765,0.5761772084457901,0.3574488607954873,0.5185050711984553,False,-2.0595279655137797,1.0
Isopropanol,2020-01-01,1,0,0.0,1.0452953447480924,0.3503085113652755,0.5081475129289558,False,0.0,1.0
Norfluoxetine,2020-01-01,1,0,0.0,1.0452953447480924,0.3503085113652755,0.5081475129289558,False,0.0,1.0
Ethylene Glycol,2020-01-01,1,0,0.0,1.0452953447480924,0.3503085113652755,0.5081475129289558,False,0.0,1.0
Ziprasidone,2020-01-01,1,0,0.0,1.0452953447480924,0.3503085113652755,0.5081475129289558,False,0.0,1.0
Rocuronium,2020-01-01,1,0,0.0,1.0452953447480924,0.3503085113652755,0.5081475129289558,False,0.0,1.0
Pseudoephedrine,2020-01-01,1,0,0.0,1.0452953447480924,0.3503085113652755,0.5081475129289558,False,0.0,1.0
Chlorcyclizine,2020-01-01,1,0,0.0,1.0452953447480924,0.3503085113652755,0.5081475129289558,False,0.0,1.0
Amlodipine,2020-01-01,1,0,0.0,1.0452953447480924,0.3503085113652755,0.5081475129289558,False,0.0,1.0
Ibuprofen,2020-01-01,1,0,0.0,1.0452953447480924,0.3503085113652755,0.5081475129289558,False,0.0,1.0
Flubromazolam,2020-01-01,1,0,0.0,1.0452953447480924,0.3503085113652755,0.5081475129289558,False,0.0,1.0
Pregabalin,2020-01-01,1,0,0.0,1.0452953447480924,0.3503085113652755,0.5081475129289558,False,0.0,1.0
Atorvastatin,2020-01-01,1,0,0.0,1.0452953447480924,0.3503085113652755,0.5081475129289558,False,0.0,1.0
Zolpidem,2020-01-01,5,11,7.978142076502731,0.6475083937864922,0.31898347751095774,0.4627083083429444,False,0.0,1.0
Dextromethorphan,2020-01-01,2,3,2.1758569299552906,0.7961364075909565,0.30961830711240673,0.44912347903990335,False,0.0,1.0
Codeine,2020-01-01,8,21,15.230998509687034,0.5541110476465954,0.3075497774311336,0.4461229020597895,False,0.0,1.0
Pentobarbital,2020-01-01,7,18,13.055141579731742,0.5669943819911041,0.30449208906743863,0.4416875097426026,False,0.0,1.0
Fluoxetine,2020-01-01,6,15,10.879284649776451,0.5839408292424316,0.3015816783425799,0.4374657547155511,False,0.0,1.0
Hydroxyzine,2020-01-01,4,9,6.527570789865871,0.6412402665031127,0.2978917362269034,0.4321132395744331,False,0.0,1.0
Tizanidine,2020-01-01,1,1,0.7252856433184302,0.8393673327029862,0.2812961162461559,0.4080401353164678,False,0.0,1.0
Propranolol,2020-01-01,1,1,0.7252856433184302,0.8393673327029862,0.2812961162461559,0.4080401353164678,False,0.0,1.0
Promethazine,2020-01-01,1,1,0.7252856433184302,0.8393673327029862,0.2812961162461559,0.4080401353164678,False,0.0,1.0
Bupropion,2020-01-01,4,10,7.252856433184301,0.5956847667542295,0.27672867516574473,0.40141471130485834,False,0.0,1.0
Temazepam,2020-01-01,3,7,5.076999503229011,0.6327708717699373,0.2725670074276812,0.3953779224602617,False,0.0,1.0
Citalopram,2020-01-01,6,18,13.055141579731742,0.5045867499182536,0.2605985252087883,0.3780167693561059,False,0.0,1.0
Gabapentin,2020-01-01,4,12,8.703427719821162,0.5215762931238902,0.24230117110512706,0.35147516208021873,False,0.0,1.0
"1,1-Difluoroethane",2020-01-01,1,2,1.4505712866368603,0.701223135457396,0.23500002554413904,0.3408843614092243,False,0.0,1.0
Acetaminophen,2020-01-01,1,2,1.4505712866368603,0.701223135457396,0.23500002554413904,0.3408843614092243,False,0.0,1.0
Tapentadol,2020-01-01,1,2,1.4505712866368603,0.701223135457396,0.23500002554413904,0.3408843614092243,False,0.0,1.0
Fluvoxamine,2020-01-01,1,2,1.4505712866368603,0.701223135457396,0.23500002554413904,0.3408843614092243,False,0.0,1.0
Nitrous oxide,2020-01-01,1,2,1.4505712866368603,0.701223135457396,0.23500002554413904,0.3408843614092243,False,0.0,1.0
Tramadol,2020-01-01,7,25,18.132141082960754,0.4304915094638324,0.23118616904478248,0.3353520457611623,False,0.0,1.0
Amitriptyline,2020-01-01,3,9,6.527570789865871,0.535987489354153,0.23087741947302198,0.3349042029478041,False,0.0,1.0
GHB,2020-01-01,2,6,4.351713859910581,0.559097528203737,0.2174336314011555,0.31540303982216994,False,0.0,1.0
Oxymorphone,2020-01-01,1,3,2.1758569299552906,0.6021246551122139,0.20178927673261743,0.2927098029608776,False,0.0,1.0
Duloxetine,2020-01-01,1,4,2.9011425732737206,0.5275675806539046,0.1768030583432736,0.25646550989517675,False,0.0,1.0
Carisoprodol,2020-01-01,1,4,2.9011425732737206,0.5275675806539046,0.1768030583432736,0.25646550989517675,False,0.0,1.0
Mirtazapine,2020-01-01,2,10,7.252856433184301,0.4002181275411282,0.15564526121841052,0.225774597575629,False,0.0,1.0
Etizolam,2020-04-01,21,2,1.5856196783349101,5.781168616862158,3.9206246424491766,6.21661867031172,True,-0.8033800687700273,1428.571428571429
Clonazepam,2020-04-01,20,5,3.8693672201829976,3.491356289657026,2.3461440563249876,3.720091879030646,True,0.1200300628559764,37.59398496240602
Flualprazolam,2020-04-01,10,0,0.0,3.7113629459499915,1.9568358407442608,3.102796749557014,True,1.0511772717232897,833.3333333333334
Fentanyl,2020-04-01,914,586,464.58656575212865,1.9610493724577418,1.8481969140033325,2.9305373936483665,True,0.0,10000.0
Cocaine,2020-04-01,422,488,290.16840113528855,1.4483775882235201,1.3271883081959972,2.104415896008167,False,11.002903006499375,1.0856584518510477
Alprazolam,2020-04-01,94,75,59.46073793755913,1.547938784538844,1.2856532510227034,2.038557083458293,False,-0.0710232751851259,2.879355024474518
Diazepam,2020-04-01,22,14,11.099337748344372,1.7610276696482237,1.2045510569152624,1.909959810554683,False,-0.2336906174776587,1.000100010001
Acetyl fentanyl,2020-04-01,9,4,3.1712393566698203,1.936261573844975,1.0902808722583976,1.7287706967689942,False,0.0,1.404494382022472
PCP,2020-04-01,28,30,17.838596636539492,1.470100408941363,1.0484494106725837,1.662441993845693,False,4.000871000626468,1.000100010001
Heroin,2020-04-01,337,511,304.3128217613869,1.1043768979631043,1.0014463535856588,1.587913043956037,False,2.8320377647510955,1.0
Ethanol,2020-04-01,327,512,315.53991875404205,1.0339118500794644,0.9361510489087661,1.4843795242151088,False,1.6009373592013028,1.0
Methamphetamine,2020-04-01,1157,1516,1201.8997161778618,0.9621499630776044,0.9128002143589397,1.4473539820929544,False,0.0,1.0
Ephedrine,2020-04-01,3,0,0.0,1.999351542521259,0.8252005349792186,1.3084540283674289,False,0.0,1.0
MDMA,2020-04-01,23,24,19.02743614001892,1.1542233543801963,0.79585787552698,1.26192789860023,False,-1.1522872151003465,1.0023053021950483
Lorazepam,2020-04-01,11,9,7.135288552507095,1.3367665659736019,0.7906578136733456,1.2536825605408202,False,-0.4629080857564843,1.0
Clozapine,2020-04-01,8,6,4.75685903500473,1.3622685197539364,0.7442054605884385,1.180026789345398,False,0.0,1.0
Diphenhydramine,2020-04-01,15,20,12.473583937776347,1.1248939611474933,0.7134289282475994,1.13122693729378,False,1.4513681272153491,1.0
Oxycodone,2020-04-01,52,71,56.28949858088931,0.9152372112942062,0.7132502086500516,1.130943565048101,False,-0.1500197039376794,1.0
Lamotrigine,2020-04-01,4,2,1.5856196783349101,1.4450086437354968,0.6496599083214127,1.0301134836276942,False,0.0,2.208480565371025
Hydroxychloroquine,2020-04-01,4,2,1.5856196783349101,1.4450086437354968,0.6496599083214127,1.0301134836276942,False,0.0,1.0
Doxepin,2020-04-01,4,2,1.5856196783349101,1.4450086437354968,0.6496599083214127,1.0301134836276942,False,0.0,1.0
Cyclobenzaprine,2020-04-01,7,6,4.75685903500473,1.2213213971707446,0.6439481985073877,1.0210569152361595,False,0.0,1.0
Chlordiazepoxide,2020-04-01,5,1,0.7928098391674551,1.5883791945854766,0.6372701248176508,1.0104679697571455,False,0.0,1.8993352326685664
Trazodone,2020-04-01,11,13,10.306527909176916,1.0013778807546894,0.5922853443613029,0.9391392933868635,False,0.0,1.0
Mitragynine,2020-04-01,5,4,3.1712393566698203,1.2101531988605225,0.5807315702861834,0.9208193864718439,False,0.0,1.0
Perphenazine,2020-04-01,2,0,0.0,1.572145174174221,0.5761548306430145,0.9135623582878412,False,0.0,1.0
Pseudoephedrine,2020-04-01,2,0,0.0,1.572145174174221,0.5761548306430145,0.9135623582878412,False,0.0,1.0
Risperidone,2020-04-01,2,0,0.0,1.572145174174221,0.5761548306430145,0.9135623582878412,False,0.0,1.0
Gabapentin,2020-04-01,9,11,8.720908230842007,0.9641656088580371,0.5429077017418794,0.8608451343175082,False,0.0,1.0
Methadone,2020-04-01,42,87,58.82247245658922,0.7138162286497023,0.5410431056839907,0.857888596755542,False,0.8216761058731799,1.0
Sertraline,2020-04-01,8,10,7.928098391674551,0.9412595807432182,0.5142088433099926,0.8153396615712217,False,0.0,1.0
Doxylamine,2020-04-01,5,5,3.9640491958372754,1.057796489097095,0.5076182228291322,0.8048894389078036,False,0.0,1.0
Hydrocodone,2020-04-01,37,76,60.253547776726585,0.6176080205558224,0.4598434529377064,0.7291368307432364,False,-0.3889143668868137,1.0
Citalopram,2020-04-01,11,18,14.27057710501419,0.7623044557049703,0.4508804974952102,0.7149249956617734,False,-1.0824055690787897,1.0
Quetiapine,2020-04-01,16,29,22.991485335856197,0.6971793499693699,0.4481968083123094,0.7106696843886514,False,-0.1658483965111956,1.0
Baclofen,2020-04-01,2,1,0.7928098391674551,1.1734164317154017,0.4300299721645155,0.6818639775200374,False,0.0,1.0
Propranolol,2020-04-01,2,1,0.7928098391674551,1.1734164317154017,0.4300299721645155,0.6818639775200374,False,0.0,1.0
Ketamine,2020-04-01,3,3,2.378429517502365,0.9900697670845379,0.4086355421191388,0.6479405636233597,False,0.0,1.0
Dextromethorphan,2020-04-01,3,3,2.378429517502365,0.9900697670845379,0.4086355421191388,0.6479405636233597,False,0.0,1.0
Codeine,2020-04-01,10,21,16.649006622516556,0.6141285356557845,0.3549889228190112,0.5628774321059825,False,0.0,1.0
Isopropanol,2020-04-01,1,0,0.0,1.1459300109956714,0.35057980752921464,0.5558862447115174,False,0.0,1.0
Norfluoxetine,2020-04-01,1,0,0.0,1.1459300109956714,0.35057980752921464,0.5558862447115174,False,0.0,1.0
Tianeptine,2020-04-01,1,0,0.0,1.1459300109956714,0.35057980752921464,0.5558862447115174,False,0.0,1.0
Pregabalin,2020-04-01,1,0,0.0,1.1459300109956714,0.35057980752921464,0.5558862447115174,False,0.0,1.0
Ibuprofen,2020-04-01,1,0,0.0,1.1459300109956714,0.35057980752921464,0.5558862447115174,False,0.0,1.0
Ethylene Glycol,2020-04-01,1,0,0.0,1.1459300109956714,0.35057980752921464,0.5558862447115174,False,0.0,1.0
Flubromazolam,2020-04-01,1,0,0.0,1.1459300109956714,0.35057980752921464,0.5558862447115174,False,0.0,1.0
Butalbital,2020-04-01,1,0,0.0,1.1459300109956714,0.35057980752921464,0.5558862447115174,False,0.0,1.0
Amlodipine,2020-04-01,1,0,0.0,1.1459300109956714,0.35057980752921464,0.5558862447115174,False,0.0,1.0
Venlafaxine,2020-04-01,3,4,3.1712393566698203,0.8474678831645042,0.3497788836490313,0.5546162982840115,False,0.0,1.0
Benztropine,2020-04-01,2,2,1.5856196783349101,0.9360218149163242,0.3430303378532133,0.5439156709836943,False,0.0,1.0
Temazepam,2020-04-01,4,7,5.549668874172186,0.7183546932589303,0.3229643270218931,0.5120986114586871,False,0.0,1.0
Tramadol,2020-04-01,9,21,16.649006622516556,0.5614717623833396,0.31615662424377555,0.5013041770611827,False,0.0,1.0
Morphine,2020-04-01,69,229,181.55345316934722,0.3842225227002856,0.30938208650345944,0.4905623264790553,False,-0.7931017845342192,1.0
Hydromorphone,2020-04-01,8,19,15.063386944181646,0.5551967296427982,0.30330322686722977,0.4809235785686801,False,0.0,1.0
Amphetamine,2020-04-01,12,33,26.162724692526016,0.4792541148782319,0.2892927337524422,0.4587082614315206,False,-1.320346271699612,1.0
Hydroxyzine,2020-04-01,4,9,7.135288552507095,0.5980564318716447,0.2688795588768003,0.42634074173293013,False,0.0,1.0
Pentobarbital,2020-04-01,7,19,15.063386944181646,0.49775329585862377,0.2624430710145536,0.41613491323368523,False,0.0,1.0
Promethazine,2020-04-01,1,1,0.7928098391674551,0.8552983061531955,0.2616654705558481,0.41490195215360026,False,0.0,1.0
Tizanidine,2020-04-01,1,1,0.7928098391674551,0.8552983061531955,0.2616654705558481,0.41490195215360026,False,0.0,1.0
Desloratadine,2020-04-01,1,1,0.7928098391674551,0.8552983061531955,0.2616654705558481,0.41490195215360026,False,0.0,1.0
MDA,2020-04-01,1,1,0.7928098391674551,0.8552983061531955,0.2616654705558481,0.41490195215360026,False,0.0,1.0
Amitriptyline,2020-04-01,3,7,5.549668874172186,0.5917673150579138,0.24424254293630002,0.3872758088575418,False,0.0,1.0
Carisoprodol,2020-04-01,2,4,3.1712393566698203,0.6663873333173729,0.24421553904637916,0.3872329959023473,False,0.0,1.0
Duloxetine,2020-04-01,2,4,3.1712393566698203,0.6663873333173729,0.24421553904637916,0.3872329959023473,False,0.0,1.0
Fluoxetine,2020-04-01,5,15,11.892147587511825,0.46826144088904437,0.2247105590664209,0.35630550388843873,False,0.0,1.0
"1,1-Difluoroethane",2020-04-01,1,2,1.5856196783349101,0.6822623675467182,0.2087277645265006,0.3309628916295677,False,0.0,1.0
Acetaminophen,2020-04-01,1,2,1.5856196783349101,0.6822623675467182,0.2087277645265006,0.3309628916295677,False,0.0,1.0
Nitrous oxide,2020-04-01,1,2,1.5856196783349101,0.6822623675467182,0.2087277645265006,0.3309628916295677,False,0.0,1.0
Tapentadol,2020-04-01,1,2,1.5856196783349101,0.6822623675467182,0.2087277645265006,0.3309628916295677,False,0.0,1.0
Fluvoxamine,2020-04-01,1,2,1.5856196783349101,0.6822623675467182,0.2087277645265006,0.3309628916295677,False,0.0,1.0
GHB,2020-04-01,2,6,4.75685903500473,0.51735563690234,0.1895988705484806,0.3006317328269825,False,0.0,1.0
Bupropion,2020-04-01,3,10,7.928098391674551,0.4546030964176223,0.18763019428487648,0.29751015459619307,False,0.0,1.0
Zolpidem,2020-04-01,3,11,8.720908230842007,0.42199845237663963,0.1741731462704501,0.27617239387692866,False,0.0,1.0
Cannabis,2020-04-01,1,3,2.378429517502365,0.5674593161595556,0.1736055220920715,0.27527237403843313,False,0.0,1.0
Oxymorphone,2020-04-01,1,3,2.378429517502365,0.5674593161595556,0.1736055220920715,0.27527237403843313,False,0.0,1.0
Olanzapine,2020-04-01,4,18,14.27057710501419,0.3410476401664984,0.1533312479509002,0.24312506413295348,False,0.0,1.0
Paroxetine,2020-04-01,1,4,3.1712393566698203,0.4857269269657977,0.14860074431550033,0.23562430519135275,False,0.0,1.0
Mirtazapine,2020-04-01,1,6,4.75685903500473,0.3770983497090661,0.1153674880595201,0.18292899601895926,False,0.0,1.0
Etizolam,2020-07-01,24,4,3.5842293906810037,4.0419309238046,2.8098962011607287,5.035656793181444,True,-0.2251815578822993,344.82758620689657
PCP,2020-07-01,60,27,18.145161291208133,2.95339212854434,2.3400027508596994,4.193553439206752,True,6.409069060697897,2500.0
Flualprazolam,2020-07-01,11,0,0.0,3.512650769858764,1.93460723296163,3.4670388003773542,True,1.039004276535344,86.95652173913044
Clonazepam,2020-07-01,22,7,5.674018642215659,2.816586366176602,1.9282870194649617,3.455711741502682,True,0.4981153448917709,28.73563218390805
Fentanyl,2020-07-01,1168,718,643.3691756272401,1.8105430966732106,1.717647863116046,3.0782219792913597,True,0.0,10000.0
Alprazolam,2020-07-01,105,88,61.64089582942591,1.659278856396869,1.3910974723503464,2.4930062401002524,False,1.5265436278160798,2.203613926840018
Cocaine,2020-07-01,467,531,356.85483870967744,1.3038703119204627,1.1994788248710606,2.14960363095951,False,9.909302308554068,1.0
Ethanol,2020-07-01,385,516,349.7553975707436,1.097569072216611,1.0011543753062158,1.7941834696601726,False,2.2293461637758445,1.0
Methamphetamine,2020-07-01,1470,1567,1404.1218637992831,1.0462247170248158,0.998259039001379,1.7889946938741124,False,0.0,4.2105263157894735
Acetyl fentanyl,2020-07-01,8,3,2.688172043010753,1.80808213771409,0.9958088664621362,1.7846038340093189,False,0.0,1.0237510237510237
Lorazepam,2020-07-01,12,8,6.02691445663797,1.578491008652416,0.956673808521267,1.7144692607682663,False,0.9096288721152782,1.0
Heroin,2020-07-01,355,538,361.5593306330379,0.9796921451325185,0.8902236519619681,1.5953828896940199,False,4.80039339557937,1.0
Diazepam,2020-07-01,23,20,17.921146953405017,1.2041136629612774,0.8308910442997208,1.48905206846976,False,-0.3876459917968587,1.0
Oxycodone,2020-07-01,61,73,62.2491214667928,0.9679046499332477,0.7683350635008035,1.3769445613919549,False,0.2448450453324054,1.0
Phenobarbital,2020-07-01,3,0,0.0,1.7611581185236902,0.748206002343254,1.3408711357113063,False,0.0,1.0
Amitriptyline,2020-07-01,8,6,5.376344086021506,1.217345989047423,0.6704584400010443,1.2015384515150245,False,0.0,1.0
Diphenhydramine,2020-07-01,18,21,16.882608035974346,1.0141425021731056,0.6688109206321388,1.1985858867376433,False,0.5406336661627793,1.0
MDMA,2020-07-01,22,25,22.401433691756274,0.9508877217834222,0.650995287381369,1.1666582251684536,False,-1.392127822444166,1.0
Mitragynine,2020-07-01,6,4,3.5842293906810037,1.2457930689060495,0.6374858354381845,1.1424477678068545,False,0.0,1.0
Trazodone,2020-07-01,14,15,13.164993908778346,0.9998397735523439,0.6266164015560592,1.1229684683466947,False,0.1030765865513354,1.0
Citalopram,2020-07-01,17,19,17.025089605734767,0.9565698788239461,0.6238239244265237,1.117964026557138,False,-0.5094327094408678,1.0
Lamotrigine,2020-07-01,4,2,1.7921146953405018,1.2964029903555239,0.5952078175780725,1.0666807205336806,False,0.0,1.0007004903432404
Chlordiazepoxide,2020-07-01,5,1,0.8960573476702509,1.4219987736099122,0.5889819067789644,1.0555232018356673,False,0.0,1.0
Temazepam,2020-07-01,7,6,5.376344086021506,1.0958847474191502,0.5835963261559847,1.0458715668414889,False,0.0,1.0
Methadone,2020-07-01,45,83,60.58336407843779,0.7410986521942844,0.5667414965549955,1.0156657631881894,False,1.1302685098531082,1.0
MDA,2020-07-01,2,0,0.0,1.411447792644406,0.5396692952952838,0.9671493440428015,False,0.0,1.0
Perphenazine,2020-07-01,2,0,0.0,1.411447792644406,0.5396692952952838,0.9671493440428015,False,0.0,1.0
Tamsulosin,2020-07-01,2,0,0.0,1.411447792644406,0.5396692952952838,0.9671493440428015,False,0.0,1.0
Pseudoephedrine,2020-07-01,2,0,0.0,1.411447792644406,0.5396692952952838,0.9671493440428015,False,0.0,1.0
Cyclobenzaprine,2020-07-01,7,8,7.168458781362007,0.8998792063275218,0.479216632984163,0.8588111665538087,False,0.0,1.0
Hydrocodone,2020-07-01,40,71,63.62007168458781,0.6320240465981514,0.4756982073132215,0.8525057447455057,False,-0.4421325099976553,1.0
Doxepin,2020-07-01,3,2,1.7921146953405018,1.0814605089310603,0.4594449729236649,0.8233780948211438,False,0.0,1.0
Clozapine,2020-07-01,6,7,6.272401433691757,0.8787421296894294,0.4496618857991424,0.8058456665643625,False,0.0,1.0
Tramadol,2020-07-01,13,20,17.921146953405017,0.722784543207017,0.4458373202385366,0.798991605846939,False,-1.32303460462114,1.0
Gabapentin,2020-07-01,9,13,11.648745519713263,0.7596813226311405,0.4306487163251275,0.7717718835022183,False,0.0,1.0
Isopropanol,2020-07-01,2,1,0.8960573476702509,1.0739569729264633,0.4106291467364943,0.7358945292170137,False,0.0,1.0
Baclofen,2020-07-01,2,1,0.8960573476702509,1.0739569729264633,0.4106291467364943,0.7358945292170137,False,0.0,1.0
Risperidone,2020-07-01,2,1,0.8960573476702509,1.0739569729264633,0.4106291467364943,0.7358945292170137,False,0.0,1.000100010001
Sertraline,2020-07-01,8,12,10.752688172043012,0.7362506975657798,0.4054931782589573,0.726690271639999,False,0.0,1.0
Quetiapine,2020-07-01,16,29,25.985663082437277,0.6246623617824762,0.4024613939653953,0.7212569700586974,False,-0.5775783605660088,1.0
Olanzapine,2020-07-01,11,19,17.025089605734767,0.6547773884595153,0.38912192110646276,0.697351101874028,False,0.0,1.0
Butalbital,2020-07-01,1,0,0.0,1.0623642565792424,0.34813698930047665,0.6239014044448306,False,0.0,1.0
Ethylene Glycol,2020-07-01,1,0,0.0,1.0623642565792424,0.34813698930047665,0.6239014044448306,False,0.0,1.0
Desloratadine,2020-07-01,1,0,0.0,1.0623642565792424,0.34813698930047665,0.6239014044448306,False,0.0,1.0
LSD,2020-07-01,1,0,0.0,1.0623642565792424,0.34813698930047665,0.6239014044448306,False,0.0,1.0
Ibuprofen,2020-07-01,1,0,0.0,1.0623642565792424,0.34813698930047665,0.6239014044448306,False,0.0,1.0
Eutylone,2020-07-01,1,0,0.0,1.0623642565792424,0.34813698930047665,0.6239014044448306,False,0.0,1.0
Tianeptine,2020-07-01,1,0,0.0,1.0623642565792424,0.34813698930047665,0.6239014044448306,False,0.0,1.0
Pregabalin,2020-07-01,1,0,0.0,1.0623642565792424,0.34813698930047665,0.6239014044448306,False,0.0,1.0
Amlodipine,2020-07-01,1,0,0.0,1.0623642565792424,0.34813698930047665,0.6239014044448306,False,0.0,1.0
Morphine,2020-07-01,75,218,181.04871607449437,0.4187650291280213,0.33997565879904634,0.6092753717442884,False,0.3754226182919752,1.0
Nitrous oxide,2020-07-01,2,2,1.7921146953405018,0.8667166406627834,0.33139047800758475,0.5938897207173032,False,0.0,1.0
Propranolol,2020-07-01,2,2,1.7921146953405018,0.8667166406627834,0.33139047800758475,0.5938897207173032,False,0.0,1.0
Codeine,2020-07-01,10,21,18.817204301075268,0.5544912565511114,0.3223221379765957,0.577638225657314,False,0.0,1.0
Amphetamine,2020-07-01,13,31,27.77777777777778,0.4901887966915277,0.30236460032503615,0.5418720314808204,False,-0.2067028662529308,1.0
Dextromethorphan,2020-07-01,2,3,2.688172043010753,0.726520713102072,0.27778634342729924,0.4978249528821324,False,0.0,1.0
Zolpidem,2020-07-01,5,11,9.85663082437276,0.5522891295859793,0.2692836350970636,0.48258713508970974,False,0.0,1.0
Flubromazolam,2020-07-01,1,1,0.8960573476702509,0.8083426869112385,0.26489406773762775,0.4747205104669372,False,0.0,1.0
Tizanidine,2020-07-01,1,1,0.8960573476702509,0.8083426869112385,0.26489406773762775,0.4747205104669372,False,0.0,1.0
Acetaminophen,2020-07-01,1,1,0.8960573476702509,0.8083426869112385,0.26489406773762775,0.4747205104669372,False,0.0,1.0
"1,1-Difluoroethane",2020-07-01,1,1,0.8960573476702509,0.8083426869112385,0.26489406773762775,0.4747205104669372,False,0.0,1.0
Benztropine,2020-07-01,1,1,0.8960573476702509,0.8083426869112385,0.26489406773762775,0.4747205104669372,False,0.0,1.0
Oxazepam,2020-07-01,1,1,0.8960573476702509,0.8083426869112385,0.26489406773762775,0.4747205104669372,False,0.0,1.0
Memantine,2020-07-01,1,1,0.8960573476702509,0.8083426869112385,0.26489406773762775,0.4747205104669372,False,0.0,1.0
Venlafaxine,2020-07-01,2,4,3.5842293906810037,0.6253647155708083,0.23910918782361198,0.42851104984265725,False,0.0,1.0
Hydroxychloroquine,2020-07-01,2,4,3.5842293906810037,0.6253647155708083,0.23910918782361198,0.42851104984265725,False,0.0,1.0
Bupropion,2020-07-01,4,10,8.960573476702509,0.5096421582407323,0.23398819580712069,0.4193336555474841,False,0.0,1.0
Hydromorphone,2020-07-01,7,20,17.921146953405017,0.4340666781775893,0.23115543791238152,0.414257037481058,False,0.0,1.0
Ephedrine,2020-07-01,1,2,1.7921146953405018,0.6523576602840391,0.21377774185444673,0.3831141830609314,False,0.0,1.0
Fluvoxamine,2020-07-01,1,2,1.7921146953405018,0.6523576602840391,0.21377774185444673,0.3831141830609314,False,0.0,1.0
Tapentadol,2020-07-01,1,2,1.7921146953405018,0.6523576602840391,0.21377774185444673,0.3831141830609314,False,0.0,1.0
Promethazine,2020-07-01,1,2,1.7921146953405018,0.6523576602840391,0.21377774185444673,0.3831141830609314,False,0.0,1.0
Ketamine,2020-07-01,2,5,4.480286738351254,0.5489346423167061,0.20988602846386664,0.37613979534295994,False,0.0,1.0
Duloxetine,2020-07-01,2,5,4.480286738351254,0.5489346423167061,0.20988602846386664,0.37613979534295994,False,0.0,1.0
GHB,2020-07-01,2,5,4.480286738351254,0.5489346423167061,0.20988602846386664,0.37613979534295994,False,0.0,1.0
Paroxetine,2020-07-01,2,5,4.480286738351254,0.5489346423167061,0.20988602846386664,0.37613979534295994,False,0.0,1.0
Cannabis,2020-07-01,1,3,2.688172043010753,0.5468354134573047,0.17919807947690244,0.3211434606081877,False,0.0,1.0
Hydroxyzine,2020-07-01,3,11,9.85663082437276,0.39516660395420844,0.16788158990061802,0.30086303248131735,False,0.0,1.0
Doxylamine,2020-07-01,2,8,7.168458781362007,0.40166427673590854,0.1535769713205175,0.2752275090091773,False,0.0,1.0
Fluoxetine,2020-07-01,4,17,15.232974910394265,0.3328775629789016,0.15283158805970057,0.27389170939007695,False,0.0,1.0
Pentobarbital,2020-07-01,4,17,15.232974910394265,0.3328775629789016,0.15283158805970057,0.27389170939007695,False,0.0,1.0
Mirtazapine,2020-07-01,1,5,4.480286738351254,0.4131704666899435,0.13539604843678277,0.24264520058618605,False,0.0,1.0
Carisoprodol,2020-07-01,1,5,4.480286738351254,0.4131704666899435,0.13539604843678277,0.24264520058618605,False,0.0,1.0
PCP,2020-10-01,66,34,24.232818782612686,2.475193067660214,1.9809077472613894,3.764310489340385,True,3.480089962824436,116.27906976744184
Etizolam,2020-10-01,25,8,7.601182931981411,2.4905417315474465,1.7431887459020057,3.312574027266994,True,-0.3478411588159188,1428.571428571429
Fentanyl,2020-10-01,1420,850,807.6256865230249,1.7537638615210587,1.6716188425287537,3.176570152421034,True,0.0,10000.0
Flualprazolam,2020-10-01,13,1,0.7372549024476882,2.909635612090825,1.6518291506718,3.138963584275264,True,1.6269483256836397,144.92753623188406
Clonazepam,2020-10-01,21,12,8.63753559876339,1.94080950837913,1.3176513018690503,2.503927083652063,False,2.1668985425488163,3.209242618741977
Alprazolam,2020-10-01,110,96,74.41325472841315,1.4435498179395856,1.2143636105123667,2.307649980048967,False,1.1187862853112085,2.6946914578280787
Cocaine,2020-10-01,474,557,396.92427122940427,1.189810332206145,1.0948272528093865,2.0804955558541436,False,9.651455067258269,1.0
Acetyl fentanyl,2020-10-01,8,2,1.9002957329953527,1.9558965013778737,1.0813944232616373,2.0549690981665076,False,0.0,1.001201441730076
Lamotrigine,2020-10-01,5,0,0.0,2.171659969008521,1.067441175019424,2.028453730310512,False,0.0,2.8200789622109417
Ethanol,2020-10-01,438,533,379.91940649633705,1.1486692532013414,1.0534207852731627,2.0018110223403207,False,3.3624850355744504,1.0
Methamphetamine,2020-10-01,1673,1665,1581.996197718631,1.056708081036225,1.011034956408727,1.9212654133777323,False,0.0,6.042296072507552
Oxycodone,2020-10-01,65,72,53.05450065614449,1.1923032429453313,0.9525987124675016,1.810219262977656,False,1.6346638438621823,1.0
Heroin,2020-10-01,377,556,396.2411602891853,0.9490861923804992,0.8645187871147414,1.6428413618108675,False,3.691010227414545,1.0
Citalopram,2020-10-01,17,14,13.302070130967468,1.1561853740585495,0.7543775278295213,1.4335403863967973,False,-0.14672503115826,1.0
Lorazepam,2020-10-01,12,10,8.635141114406254,1.1893498996921832,0.7220125605716018,1.3720373737692495,False,0.4743041083017366,1.0
Diphenhydramine,2020-10-01,20,21,17.434799452137586,1.0705430579422297,0.7203709645201005,1.3689178636136,False,0.6821325801103008,1.0
Amitriptyline,2020-10-01,9,6,5.700887198986058,1.243696477439475,0.7072195014527707,1.343926181306186,False,0.0,1.0
Phenobarbital,2020-10-01,3,0,0.0,1.5725687147921628,0.6781470047101341,1.2886797890239388,False,0.0,1.0
MDMA,2020-10-01,24,27,25.65399239543726,0.9049730851456411,0.6290264468991364,1.195336272041785,False,-0.7365978988341862,1.0
Methadone,2020-10-01,51,80,62.79325796490951,0.8049950931284864,0.6251182104259335,1.1879094681325906,False,1.0270562275825077,1.0
Gabapentin,2020-10-01,10,10,9.501478664976764,0.9532946755787872,0.5555341579681492,1.0556791890673447,False,-0.4750680763468715,1.0
Temazepam,2020-10-01,6,5,4.750739332488382,1.0190068535413785,0.5246865065635931,0.9970595271906234,False,0.0,1.0
Diazepam,2020-10-01,19,26,23.984854727414767,0.77725760009656,0.5180554302059646,0.9844585261722021,False,0.146429266639977,1.0
MDA,2020-10-01,2,0,0.0,1.2733443986624728,0.4976294697630117,0.9456431352089711,False,0.0,1.0
Tamsulosin,2020-10-01,2,0,0.0,1.2733443986624728,0.4976294697630117,0.9456431352089711,False,0.0,1.0
Duloxetine,2020-10-01,4,3,2.850443599493029,1.0090961455664405,0.4683232442389148,0.8899526637412986,False,0.0,1.0
Olanzapine,2020-10-01,12,17,15.701269516067093,0.7478300148389085,0.4539813422659575,0.8626988132675953,False,0.1405137109215609,1.0
Doxepin,2020-10-01,3,2,1.9002957329953527,1.001565550780004,0.43191033364292936,0.8207573682318215,False,0.0,1.0
Hydrocodone,2020-10-01,37,70,66.51035065483734,0.5617107909483451,0.4179173426275153,0.7941665460395347,False,-0.4388070067620778,1.0
Chlordiazepoxide,2020-10-01,4,2,1.9002957329953527,1.012779583491336,0.4039482533057367,0.7676211484172843,False,0.0,1.0
Cyclobenzaprine,2020-10-01,6,8,7.601182931981411,0.7533658761117936,0.38790799917349783,0.737139926880802,False,0.0,1.0
Isopropanol,2020-10-01,2,1,0.9501478664976764,0.9908868399259946,0.38724361866708473,0.7358774052793454,False,0.0,1.0
"1,1-Difluoroethane",2020-10-01,2,1,0.9501478664976764,0.9908868399259946,0.38724361866708473,0.7358774052793454,False,0.0,1.0
Propranolol,2020-10-01,2,1,0.9501478664976764,0.9908868399259946,0.38724361866708473,0.7358774052793454,False,0.0,1.0
Mitragynine,2020-10-01,4,5,4.750739332488382,0.7718875550453959,0.3582343323327087,0.6807511881290085,False,0.0,1.0
Trazodone,2020-10-01,10,19,17.548477694427927,0.5859315013269197,0.3414526185400494,0.6488609641829644,False,0.1405137109215609,1.0
Sertraline,2020-10-01,8,14,13.302070130967468,0.6153301357774758,0.3402095033279229,0.6464986792730417,False,0.0,1.0
Eutylone,2020-10-01,1,0,0.0,0.9745856023412656,0.3306872094025962,0.6284035102251121,False,0.0,1.0
Aripiprazole,2020-10-01,1,0,0.0,0.9745856023412656,0.3306872094025962,0.6284035102251121,False,0.0,1.0
Butalbital,2020-10-01,1,0,0.0,0.9745856023412656,0.3306872094025962,0.6284035102251121,False,0.0,1.0
Midazolam,2020-10-01,1,0,0.0,0.9745856023412656,0.3306872094025962,0.6284035102251121,False,0.0,1.0
Tapentadol,2020-10-01,1,0,0.0,0.9745856023412656,0.3306872094025962,0.6284035102251121,False,0.0,1.0
Tianeptine,2020-10-01,1,0,0.0,0.9745856023412656,0.3306872094025962,0.6284035102251121,False,0.0,1.0
Propofol,2020-10-01,1,0,0.0,0.9745856023412656,0.3306872094025962,0.6284035102251121,False,0.0,1.0
LSD,2020-10-01,1,0,0.0,0.9745856023412656,0.3306872094025962,0.6284035102251121,False,0.0,1.0
Desloratadine,2020-10-01,1,0,0.0,0.9745856023412656,0.3306872094025962,0.6284035102251121,False,0.0,1.0
Ethylene Glycol,2020-10-01,1,0,0.0,0.9745856023412656,0.3306872094025962,0.6284035102251121,False,0.0,1.0
Hydroxyzine,2020-10-01,6,10,9.501478664976764,0.6418229686624324,0.3304745695177914,0.6279994285677017,False,0.0,1.0
Acetaminophen,2020-10-01,2,2,1.9002957329953527,0.8109902428954062,0.3169391132351403,0.6022780659332478,False,0.0,1.0
Nitrous oxide,2020-10-01,2,2,1.9002957329953527,0.8109902428954062,0.3169391132351403,0.6022780659332478,False,0.0,1.0
Quetiapine,2020-10-01,12,27,25.65399239543726,0.49106339012679945,0.2981073406574334,0.5664921167681959,False,-1.3283089984762584,1.0
Amphetamine,2020-10-01,12,28,25.86091449705168,0.4875828306990438,0.2959944152472527,0.5624769336362383,False,0.1405137109215609,1.0
Tramadol,2020-10-01,10,22,20.90325306294888,0.5048277136721193,0.2941892428629727,0.5590465736823343,False,0.0,1.0
Morphine,2020-10-01,67,212,185.91797009046567,0.36581658637083764,0.2932475201536073,0.5572570132306278,False,0.3962275446648924,1.0
Fluoxetine,2020-10-01,8,17,16.152513730460498,0.5253173500490423,0.29044238914759696,0.5519264454897129,False,0.0,1.0
Paroxetine,2020-10-01,3,5,4.750739332488382,0.6484079943983028,0.2796163595874595,0.531353797318409,False,0.0,1.0
Dextromethorphan,2020-10-01,2,3,2.850443599493029,0.6863776285410881,0.2682398695175266,0.5097351058038312,False,0.0,1.0
Zolpidem,2020-10-01,5,11,10.45162653147444,0.5251125672101704,0.2581098255525708,0.49048501780034953,False,0.0,1.0
Pseudoephedrine,2020-10-01,1,1,0.9501478664976764,0.7583997296848276,0.25733305480675467,0.48900893725697,False,0.0,1.0
Perphenazine,2020-10-01,1,1,0.9501478664976764,0.7583997296848276,0.25733305480675467,0.48900893725697,False,0.0,1.0
Oxazepam,2020-10-01,1,1,0.9501478664976764,0.7583997296848276,0.25733305480675467,0.48900893725697,False,0.0,1.0
Flubromazolam,2020-10-01,1,1,0.9501478664976764,0.7583997296848276,0.25733305480675467,0.48900893725697,False,0.0,1.0
Memantine,2020-10-01,1,1,0.9501478664976764,0.7583997296848276,0.25733305480675467,0.48900893725697,False,0.0,1.0
Tizanidine,2020-10-01,1,1,0.9501478664976764,0.7583997296848276,0.25733305480675467,0.48900893725697,False,0.0,1.0
Promethazine,2020-10-01,1,1,0.9501478664976764,0.7583997296848276,0.25733305480675467,0.48900893725697,False,0.0,1.0041168792047397
Codeine,2020-10-01,8,20,19.002957329953528,0.45827864216998865,0.2533773988518406,0.4814920026928947,False,0.0,1.0
Pentobarbital,2020-10-01,6,15,14.252217997465145,0.4684331344063093,0.24119616467358737,0.45834405823048674,False,0.0,1.0
Venlafaxine,2020-10-01,2,4,3.8005914659907054,0.5949592344392917,0.23251309596651512,0.4418436721777085,False,0.0,1.0
Bupropion,2020-10-01,4,10,9.501478664976764,0.48617451426464364,0.225634422237227,0.42877214999026564,False,0.0,1.0
Risperidone,2020-10-01,1,2,1.9002957329953527,0.6207114235514972,0.21061395531131832,0.400228835458535,False,0.0,1.0
Nortriptyline,2020-10-01,1,2,1.9002957329953527,0.6207114235514972,0.21061395531131832,0.400228835458535,False,0.0,1.0
Cannabis,2020-10-01,1,2,1.9002957329953527,0.6207114235514972,0.21061395531131832,0.400228835458535,False,0.0,1.0
Ephedrine,2020-10-01,1,2,1.9002957329953527,0.6207114235514972,0.21061395531131832,0.400228835458535,False,0.0,1.0
Ketamine,2020-10-01,2,5,4.750739332488382,0.5250305948151638,0.20518462780506874,0.3899115009648363,False,0.0,1.0
GHB,2020-10-01,2,6,5.700887198986058,0.4698112462773544,0.18360462544090644,0.34890311406819985,False,0.0,1.0
Hydroxychloroquine,2020-10-01,2,6,5.700887198986058,0.4698112462773544,0.18360462544090644,0.34890311406819985,False,0.0,1.0
Hydromorphone,2020-10-01,6,21,19.953105196451205,0.3537526887436916,0.1821472169685154,0.34613359366882174,False,0.0,1.0
Clozapine,2020-10-01,3,10,9.501478664976764,0.40840073098907126,0.17611677622511498,0.33467398082385763,False,0.0,1.0
Doxylamine,2020-10-01,2,9,8.551330798479087,0.3571294844675452,0.13956801960176546,0.26522053709080734,False,0.0,1.0
Mirtazapine,2020-10-01,1,5,4.750739332488382,0.4018451402723475,0.1363503090230608,0.2591059425702907,False,0.0,1.0
Carisoprodol,2020-10-01,1,5,4.750739332488382,0.4018451402723475,0.1363503090230608,0.2591059425702907,False,0.0,1.0
PCP,2021-01-01,86,38,26.66982619356045,2.893584739028429,2.3788737567665774,4.452220981822557,True,5.53619605915245,5000.0
Fentanyl,2021-01-01,1623,1044,976.9578336557059,1.6572295161889703,1.5842261754957454,2.9649850053502593,True,0.0,10000.0
Flualprazolam,2021-01-01,16,3,2.1373388296779448,2.586696180888206,1.5662301836799553,2.9313043622475465,True,2.001420957081713,51.81347150259067
para-Fluorofentanyl,2021-01-01,8,0,0.0,2.6846217185298715,1.4954929665274763,2.7989149580208466,False,0.0,10000.0
Lamotrigine,2021-01-01,7,0,0.0,2.4310371369009203,1.3127786050549013,2.4569528619339382,False,0.0,4.07000407000407
Etizolam,2021-01-01,24,13,12.1460078423966,1.6520629937762206,1.1492657861840274,2.1509276537821003,False,0.0079024500600224,63.69426751592357
Ethanol,2021-01-01,464,555,394.06875299241983,1.17226937182608,1.07736132882007,2.01635362287752,False,2.10795499832163,1.0
Methamphetamine,2021-01-01,1817,1833,1715.290909090909,1.0583648130773902,1.0142546913236277,1.8982453377947437,False,0.0,3.755163349605708
Cocaine,2021-01-01,469,620,435.13926499093867,1.0740055739331147,0.9874998765582546,1.8481719183176644,False,6.93013602621522,1.0
Alprazolam,2021-01-01,115,119,96.91674532107331,1.1657511310874575,0.9839109090993556,1.841454933390584,False,0.7042765581427055,1.00080064051241
Olanzapine,2021-01-01,18,14,11.578591420881805,1.3259015884922127,0.8762803536934116,1.6400172106026272,False,0.6201078655308901,1.0
Clonazepam,2021-01-01,20,18,13.78866916467949,1.2734132096152233,0.8580671519105904,1.6059299829446672,False,1.0929380522055137,1.0485477613505296
Heroin,2021-01-01,376,594,416.8991588838663,0.8995688598506879,0.8190137296238827,1.532838851398419,False,4.032482270082159,1.0
Citalopram,2021-01-01,18,15,14.036750483558993,1.1446076012402342,0.756464252219161,1.415773378238358,False,-0.1270780291557934,1.0
Oxycodone,2021-01-01,54,78,55.503122633491785,0.951744397299849,0.7440289207272183,1.3924997927256788,False,2.0371229893106078,1.0
MDMA,2021-01-01,27,31,25.347614267620454,1.009832190269086,0.7162976810962601,1.3405989433381584,False,0.6822139069355299,1.0
Diphenhydramine,2021-01-01,19,23,16.602204935892185,1.050339661132707,0.7011659238124195,1.3122788623319437,False,1.7197435359507252,1.0
Lorazepam,2021-01-01,12,12,8.80163949796788,1.1440866616297036,0.6972830012259101,1.3050117365564002,False,1.4938583890131896,1.0
Methadone,2021-01-01,49,81,56.98358245717525,0.8465503375560766,0.6539410210547159,1.22389427718815,False,2.691619887973254,1.0
Phenobarbital,2021-01-01,3,0,0.0,1.4172339846597344,0.6259272271330295,1.171464749845172,False,0.0,1.0
Gabapentin,2021-01-01,10,9,8.422050290135397,1.017496331087041,0.5961300088401262,1.115697166229806,False,-0.4721401542364131,1.0
Hydrocodone,2021-01-01,39,68,52.298218912330036,0.7392709462260758,0.5541121288300759,1.0370578459100972,False,1.0636738059193098,1.0
Temazepam,2021-01-01,6,5,4.678916827852998,0.9955550852838446,0.5183429226550023,0.9701134714137128,False,0.0,1.0
Cannabis,2021-01-01,3,1,0.9357833655705996,1.1452933467204773,0.5058235242212105,0.9466826374981814,False,0.0,1.0
Isopropanol,2021-01-01,3,1,0.9357833655705996,1.1452933467204773,0.5058235242212105,0.9466826374981814,False,0.0,1.0
Diazepam,2021-01-01,20,29,26.625126692388296,0.7386363018583503,0.4977171141682091,0.931510828083701,False,0.094834880853596,1.0
Amitriptyline,2021-01-01,7,7,6.550483558994197,0.9132050642682079,0.4931377033291076,0.922940207409675,False,0.0,1.0
Amphetamine,2021-01-01,17,26,23.206921545555332,0.7211478347452203,0.4714767788474743,0.8824002937235731,False,0.2335923848570961,1.0
MDA,2021-01-01,2,0,0.0,1.16408766233954,0.4704244198459997,0.8804308791434913,False,0.0,1.0
Tamsulosin,2021-01-01,2,0,0.0,1.16408766233954,0.4704244198459997,0.8804308791434913,False,0.0,1.0
Desloratadine,2021-01-01,2,0,0.0,1.16408766233954,0.4704244198459997,0.8804308791434913,False,0.0,1.0
Duloxetine,2021-01-01,4,3,2.807350096711799,0.9756067296620596,0.4609606148171932,0.8627186764522898,False,0.0,1.0
Dextromethorphan,2021-01-01,3,2,1.8715667311411992,0.9609122891507461,0.4243908706511748,0.7942759759390918,False,0.0,1.0
Tramadol,2021-01-01,12,19,17.77988394584139,0.6711850826088434,0.4090651210922254,0.7655927207502178,False,-0.2122355619633206,1.0
Propranolol,2021-01-01,2,1,0.9357833655705996,0.9407210588426326,0.38015879100854255,0.711492707665819,False,0.0,1.0
Acetaminophen,2021-01-01,2,1,0.9357833655705996,0.9407210588426326,0.38015879100854255,0.711492707665819,False,0.0,1.0
Fluoxetine,2021-01-01,9,15,14.036750483558993,0.6441191421931823,0.36859173119251787,0.6898440797437382,False,0.0,1.0
Trazodone,2021-01-01,10,18,16.362490227578835,0.6195683471187026,0.3629922516284134,0.6793642744680598,False,0.1438345865215702,1.0
Bupropion,2021-01-01,6,9,8.422050290135397,0.6941356153428485,0.3614067055598004,0.6763968459220301,False,0.0,1.0
Mitragynine,2021-01-01,4,5,4.678916827852998,0.7637843877264993,0.3608775034548354,0.6754064351815589,False,0.0,1.0
Morphine,2021-01-01,64,197,145.45650159928803,0.4456266095173874,0.3552826330186944,0.6649351649432056,False,1.4182903583917503,1.0
Doxylamine,2021-01-01,5,8,7.486266924564797,0.6635500421794904,0.33072872901582573,0.6189809710822932,False,0.0,1.0
4-ANPP,2021-01-01,1,0,0.0,0.9112585406784343,0.3252753594313816,0.6087747295499717,False,0.0,1.0
Atenolol,2021-01-01,1,0,0.0,0.9112585406784343,0.3252753594313816,0.6087747295499717,False,0.0,1.0
Butalbital,2021-01-01,1,0,0.0,0.9112585406784343,0.3252753594313816,0.6087747295499717,False,0.0,1.0
Midazolam,2021-01-01,1,0,0.0,0.9112585406784343,0.3252753594313816,0.6087747295499717,False,0.0,1.0
Metformin,2021-01-01,1,0,0.0,0.9112585406784343,0.3252753594313816,0.6087747295499717,False,0.0,1.0
Loratadine,2021-01-01,1,0,0.0,0.9112585406784343,0.3252753594313816,0.6087747295499717,False,0.0,1.0
LSD,2021-01-01,1,0,0.0,0.9112585406784343,0.3252753594313816,0.6087747295499717,False,0.0,1.0
Eutylone,2021-01-01,1,0,0.0,0.9112585406784343,0.3252753594313816,0.6087747295499717,False,0.0,1.0
Propofol,2021-01-01,1,0,0.0,0.9112585406784343,0.3252753594313816,0.6087747295499717,False,0.0,1.0
Tianeptine,2021-01-01,1,0,0.0,0.9112585406784343,0.3252753594313816,0.6087747295499717,False,0.0,1.0
Aripiprazole,2021-01-01,1,0,0.0,0.9112585406784343,0.3252753594313816,0.6087747295499717,False,0.0,1.0
Codeine,2021-01-01,9,19,17.77988394584139,0.5331194091621442,0.30507307279570384,0.5709646637364064,False,0.0,1.0
Ketamine,2021-01-01,3,5,4.678916827852998,0.6479644302018693,0.2861761596653114,0.5355978854418655,False,0.0,1.0
Paroxetine,2021-01-01,3,5,4.678916827852998,0.6479644302018693,0.2861761596653114,0.5355978854418655,False,0.0,1.0
Hydroxyzine,2021-01-01,5,11,10.293617021276596,0.5326857132354019,0.26550291267343157,0.49690648944712007,False,0.0,1.0
Pseudoephedrine,2021-01-01,1,1,0.9357833655705996,0.7364051067628015,0.26286111470740364,0.49196227772861173,False,0.0,1.0
Oxazepam,2021-01-01,1,1,0.9357833655705996,0.7364051067628015,0.26286111470740364,0.49196227772861173,False,0.0,1.0
Memantine,2021-01-01,1,1,0.9357833655705996,0.7364051067628015,0.26286111470740364,0.49196227772861173,False,0.0,1.0
Flubromazolam,2021-01-01,1,1,0.9357833655705996,0.7364051067628015,0.26286111470740364,0.49196227772861173,False,0.0,1.0
Amlodipine,2021-01-01,1,1,0.9357833655705996,0.7364051067628015,0.26286111470740364,0.49196227772861173,False,0.0,1.0
Promethazine,2021-01-01,1,1,0.9357833655705996,0.7364051067628015,0.26286111470740364,0.49196227772861173,False,0.0,1.0
Quetiapine,2021-01-01,11,29,27.13771760154739,0.43692485216501864,0.26137818822078657,0.48918675835611086,False,-0.2122355619633206,1.0
GHB,2021-01-01,3,6,5.614700193423598,0.584510398134361,0.25815142502563093,0.48314771598555717,False,0.0,1.0
Cyclobenzaprine,2021-01-01,4,9,8.422050290135397,0.532537027634826,0.25161634110139985,0.47091685244459836,False,0.0,1.0
Acetyl fentanyl,2021-01-01,4,9,8.422050290135397,0.532537027634826,0.25161634110139985,0.47091685244459836,False,0.0,1.007759750075582
Oxymorphone,2021-01-01,2,4,3.7431334622823984,0.5970391764871883,0.24127204274277197,0.4515568428015488,False,0.0,1.0
Ephedrine,2021-01-01,1,2,1.8715667311411992,0.6178510675085992,0.22054303920081614,0.41276115436189387,False,0.0,1.0
Nortriptyline,2021-01-01,1,2,1.8715667311411992,0.6178510675085992,0.22054303920081614,0.41276115436189387,False,0.0,1.0
Risperidone,2021-01-01,1,2,1.8715667311411992,0.6178510675085992,0.22054303920081614,0.41276115436189387,False,0.0,1.0
"1,1-Difluoroethane",2021-01-01,1,2,1.8715667311411992,0.6178510675085992,0.22054303920081614,0.41276115436189387,False,0.0,1.0
Nitrous oxide,2021-01-01,1,2,1.8715667311411992,0.6178510675085992,0.22054303920081614,0.41276115436189387,False,0.0,1.0
Hydroxychloroquine,2021-01-01,2,6,5.614700193423598,0.48010515577690255,0.1940173379361408,0.36311649018679776,False,0.0,1.0
Sertraline,2021-01-01,5,17,15.908317214700194,0.3820077425968127,0.19040151782414222,0.3563491997363736,False,0.0,1.0
Carisoprodol,2021-01-01,1,3,2.807350096711799,0.5321759331446837,0.18996114736602823,0.3555250866360681,False,0.0,1.0
Pentobarbital,2021-01-01,4,15,14.036750483558993,0.3662193128394434,0.1730335333612088,0.3238438618668408,False,0.0,1.0
Chlordiazepoxide,2021-01-01,1,5,4.678916827852998,0.4926275484183401,0.16174230137916382,0.30271163686024194,False,0.0,1.0
Hydromorphone,2021-01-01,5,22,20.58723404255319,0.30913764360447943,0.1540813705993265,0.28837361129076666,False,0.0,1.0
Venlafaxine,2021-01-01,1,5,4.678916827852998,0.41663065341962835,0.1487170539332408,0.27833398990494784,False,0.0,1.0
Zolpidem,2021-01-01,3,14,13.100967117988395,0.3277457883182539,0.14475027744683042,0.2709098624722607,False,0.0,1.0
Clozapine,2021-01-01,1,10,9.357833655705996,0.27004901227627565,0.09639447600332812,0.18040876134012043,False,0.0,1.0
para-Fluorofentanyl,2021-04-01,27,0,0.0,4.901814036843104,3.516111417975797,6.362956022885703,True,3.178095080046804,10000.0
PCP,2021-04-01,94,46,31.216585024492712,2.6205958070632014,2.1756457872237487,3.9371728585225045,True,7.81029967155117,1666.6666666666667
Fentanyl,2021-04-01,1837,1308,1183.5157452764172,1.5477355449748198,1.4833399912968124,2.684336751477826,False,0.0,10000.0
Ethanol,2021-04-01,468,598,406.74846357631657,1.1441691181085147,1.0517427979121738,1.9032938254148772,False,2.7018168704196044,1.0
Methamphetamine,2021-04-01,1930,2035,1841.3261021693493,1.0470818408950266,1.0045591558162335,1.817907611755895,False,0.0,3.372681281618888
Olanzapine,2021-04-01,20,16,11.034714794523563,1.4161018045150726,0.9707126817533797,1.7566571148990457,False,1.9699740389171776,1.0
Alprazolam,2021-04-01,131,133,120.34219734079777,1.0708249859892935,0.9140479058377913,1.654113287656905,False,-0.1036276260776124,1.0
Cocaine,2021-04-01,448,695,471.6418848398196,0.9470501846588152,0.8689329381168909,1.5724706640767456,False,5.658223780454964,1.0
Heroin,2021-04-01,357,617,418.7094143114066,0.8509301927596623,0.7727269376921786,1.3983707921643727,False,5.65819382521571,1.0
Oxycodone,2021-04-01,53,81,55.06702854644747,0.9392238787223388,0.7354428227957522,1.3308993330643049,False,2.782967942735305,1.0
Buprenorphine,2021-04-01,5,1,0.9048285514345696,1.328044867462274,0.7208801899249512,1.3045459891195346,False,0.0,57.4712643678161
Tramadol,2021-04-01,15,18,12.42386821715601,1.047790635837909,0.6855695258688072,1.240645776788862,False,1.9493667481525387,1.0
Etizolam,2021-04-01,17,21,15.225339944389846,1.004705935938674,0.671045095543006,1.2143615365864568,False,1.2671584737067103,1.0118385105737124
Amphetamine,2021-04-01,22,24,21.71588523442967,0.9507610210520872,0.6614467204029462,1.1969917661092326,False,-0.552675397159303,1.0
Diphenhydramine,2021-04-01,22,27,22.231573339412392,0.9336909530566138,0.649571033198009,1.1755008442448502,False,0.4677134889914617,1.0
Diazepam,2021-04-01,23,28,23.5790292432242,0.9251046517104,0.6479779131643176,1.1726178428475558,False,0.3548120596376227,1.0
Hydrocodone,2021-04-01,41,67,49.74348011515772,0.8147501236541833,0.6185448104313407,1.1193540151693964,False,1.0755589486875117,1.0
Phenobarbital,2021-04-01,3,0,0.0,1.2052980906402935,0.6056892909213187,1.096089964161864,False,0.0,1.0
Citalopram,2021-04-01,15,20,14.987538009286029,0.9227267158553544,0.6037401895556714,1.0925627355582845,False,1.0093836206088256,1.0
Flualprazolam,2021-04-01,10,10,7.098155836048854,1.040434929749085,0.6030406434708421,1.0912968061738142,False,1.4836533452474885,4.49438202247191
MDMA,2021-04-01,23,39,26.63334489223749,0.8398029717264285,0.5882294247276522,1.0644935655626446,False,2.346666094441419,1.0
Lorazepam,2021-04-01,12,13,11.762771168649405,0.9214192841717126,0.5806136124152664,1.050711563011733,False,-0.0372884698943635,1.0
Gabapentin,2021-04-01,11,12,10.562498898685503,0.9276459316704496,0.5758812409720089,1.0421475943512335,False,0.136836121200327,1.0
Flubromazolam,2021-04-01,3,1,0.9048285514345696,1.0578380397995446,0.5315873120610455,0.9619907878592697,False,0.0,1.0
Isopropanol,2021-04-01,3,1,0.9048285514345696,1.0578380397995446,0.5315873120610455,0.9619907878592697,False,0.0,1.0
Acetaminophen,2021-04-01,3,1,0.9048285514345696,1.0578380397995446,0.5315873120610455,0.9619907878592697,False,0.0,1.0
Ketamine,2021-04-01,5,4,3.6193142057382786,0.9714821141077695,0.5273332461010368,0.95429237969158,False,0.0,1.0
Methadone,2021-04-01,39,84,57.57771720136445,0.683908031344519,0.5159114365949347,0.9336228006113034,False,2.167681095220926,1.0
Amitriptyline,2021-04-01,6,6,5.428971308607418,0.9078385796976969,0.50785489939364,0.919043247906839,False,0.0,1.0
Clonazepam,2021-04-01,16,23,20.8110566829951,0.7625311928297818,0.504274027469217,0.9125630862970889,False,-0.9939191571565028,1.0
Midazolam,2021-04-01,2,0,0.0,1.0514151309631683,0.5020891271881803,0.9086091916059467,False,0.0,1.0
Tamsulosin,2021-04-01,2,0,0.0,1.0514151309631683,0.5020891271881803,0.9086091916059467,False,0.0,1.0
Paliperidone,2021-04-01,2,0,0.0,1.0514151309631683,0.5020891271881803,0.9086091916059467,False,0.0,1.0
Bupropion,2021-04-01,7,8,7.238628411476557,0.8609794455997422,0.4943957922729311,0.8946868765952667,False,0.0,1.0
Doxylamine,2021-04-01,5,5,4.524142757172848,0.8916805732372102,0.4840159220041482,0.8759028746074784,False,0.0,1.0
Hydroxyzine,2021-04-01,9,12,10.857942617214835,0.7966002747745332,0.47767962345219894,0.8644363393850129,False,0.0,1.0
Duloxetine,2021-04-01,4,4,3.6193142057382786,0.87264331707248,0.4572917899843781,0.8275413609348036,False,0.0,1.0
Mirtazapine,2021-04-01,4,4,3.6193142057382786,0.87264331707248,0.4572917899843781,0.8275413609348036,False,0.0,1.000100010001
Lamotrigine,2021-04-01,4,4,3.6193142057382786,0.87264331707248,0.4572917899843781,0.8275413609348036,False,0.0,2.2815423226100844
Fluoxetine,2021-04-01,10,15,13.572428271518545,0.7386509685641227,0.4510780480620291,0.8162966076164787,False,0.0,1.0
Amlodipine,2021-04-01,2,1,0.9048285514345696,0.9227816170876105,0.44066192606947213,0.7974470168217878,False,0.0,1.0
Trazodone,2021-04-01,11,18,16.286913925822255,0.6945151843588261,0.4311540131720765,0.780240934870586,False,-0.2192801870699811,1.0
Dextromethorphan,2021-04-01,3,3,2.714485654303709,0.8498831543989014,0.42708532366494034,0.7728780164938919,False,0.0,1.0
Oxymorphone,2021-04-01,3,3,2.714485654303709,0.8498831543989014,0.42708532366494034,0.7728780164938919,False,0.0,1.0
Clonazolam,2021-04-01,1,0,0.0,0.8975919137408176,0.40211250170680296,0.727685780453023,False,0.0,1.0
Bromazolam,2021-04-01,1,0,0.0,0.8975919137408176,0.40211250170680296,0.727685780453023,False,0.0,1.0
4-ANPP,2021-04-01,1,0,0.0,0.8975919137408176,0.40211250170680296,0.727685780453023,False,0.0,1.0
Aripiprazole,2021-04-01,1,0,0.0,0.8975919137408176,0.40211250170680296,0.727685780453023,False,0.0,1.0011012113324658
Carvedilol,2021-04-01,1,0,0.0,0.8975919137408176,0.40211250170680296,0.727685780453023,False,0.0,1.0
2-Methyl AP-237,2021-04-01,1,0,0.0,0.8975919137408176,0.40211250170680296,0.727685780453023,False,0.0,1.0
Eutylone,2021-04-01,1,0,0.0,0.8975919137408176,0.40211250170680296,0.727685780453023,False,0.0,1.0
Atenolol,2021-04-01,1,0,0.0,0.8975919137408176,0.40211250170680296,0.727685780453023,False,0.0,1.0
Oxazepam,2021-04-01,1,0,0.0,0.8975919137408176,0.40211250170680296,0.727685780453023,False,0.0,1.0
Metformin,2021-04-01,1,0,0.0,0.8975919137408176,0.40211250170680296,0.727685780453023,False,0.0,1.0
Disulfiram,2021-04-01,1,0,0.0,0.8975919137408176,0.40211250170680296,0.727685780453023,False,0.0,1.0
Loratadine,2021-04-01,1,0,0.0,0.8975919137408176,0.40211250170680296,0.727685780453023,False,0.0,1.0
LSD,2021-04-01,1,0,0.0,0.8975919137408176,0.40211250170680296,0.727685780453023,False,0.0,1.0
Desvenlafaxine,2021-04-01,1,0,0.0,0.8975919137408176,0.40211250170680296,0.727685780453023,False,0.0,1.0
Propofol,2021-04-01,1,0,0.0,0.8975919137408176,0.40211250170680296,0.727685780453023,False,0.0,1.0
Fluoride,2021-04-01,1,0,0.0,0.8975919137408176,0.40211250170680296,0.727685780453023,False,0.0,1.0
"1,1-Difluoroethane",2021-04-01,2,2,1.8096571028691393,0.8221919994774218,0.39262670969986707,0.7105197431341103,False,0.0,1.0
Nitrous oxide,2021-04-01,2,2,1.8096571028691393,0.8221919994774218,0.39262670969986707,0.7105197431341103,False,0.0,1.0
Cannabis,2021-04-01,2,2,1.8096571028691393,0.8221919994774218,0.39262670969986707,0.7105197431341103,False,0.0,1.0
Paroxetine,2021-04-01,3,4,3.6193142057382786,0.7738223010882376,0.3888630410061062,0.7037087889919401,False,0.0,1.0
Temazepam,2021-04-01,4,7,6.333799860041988,0.6879403037494667,0.3605017614291329,0.652384593388598,False,0.0,1.0
Quetiapine,2021-04-01,13,28,25.33519944016795,0.5598899095355512,0.35764134592830377,0.6472082111791884,False,-0.3792002663727138,1.0
GHB,2021-04-01,3,5,4.524142757172848,0.7102573511112039,0.35692022969825293,0.6459032517516249,False,0.0,1.0
MDA,2021-04-01,1,1,0.9048285514345696,0.7877776277460952,0.35291676298802166,0.6386583584745014,False,0.0,1.0
Memantine,2021-04-01,1,1,0.9048285514345696,0.7877776277460952,0.35291676298802166,0.6386583584745014,False,0.0,1.0
Desloratadine,2021-04-01,1,1,0.9048285514345696,0.7877776277460952,0.35291676298802166,0.6386583584745014,False,0.0,1.0
Butalbital,2021-04-01,1,1,0.9048285514345696,0.7877776277460952,0.35291676298802166,0.6386583584745014,False,0.0,1.0
Chlorcyclizine,2021-04-01,1,1,0.9048285514345696,0.7877776277460952,0.35291676298802166,0.6386583584745014,False,0.0,1.0
Codeine,2021-04-01,9,19,17.191742477256824,0.583554494937931,0.3499271846029504,0.6332482270649281,False,0.0,1.0
Promethazine,2021-04-01,1,1,0.9048285514345696,0.7672374579821821,0.3307017224535971,0.5984567539303611,False,0.0,1.0
Risperidone,2021-04-01,1,2,1.8096571028691393,0.7019043844245197,0.3144463799853439,0.5690401534415234,False,0.0,1.0
Propranolol,2021-04-01,1,2,1.8096571028691393,0.7019043844245197,0.3144463799853439,0.5690401534415234,False,0.0,1.0
Nortriptyline,2021-04-01,1,2,1.8096571028691393,0.7019043844245197,0.3144463799853439,0.5690401534415234,False,0.0,1.0
Benztropine,2021-04-01,1,2,1.8096571028691393,0.7019043844245197,0.3144463799853439,0.5690401534415234,False,0.0,1.0
Mitragynine,2021-04-01,3,7,6.333799860041988,0.6100356680031024,0.30655658882959486,0.5547623283166122,False,0.0,1.0
Cyclobenzaprine,2021-04-01,3,8,7.238628411476557,0.5698322494533724,0.28635347039516423,0.5182016103132726,False,0.0,1.0
Morphine,2021-04-01,59,189,171.01259622113366,0.35952322461533937,0.28492713932206165,0.5156204233787763,False,-0.0050778330289369,1.0
Hydroxychloroquine,2021-04-01,2,6,5.428971308607418,0.5725460047393145,0.27341162907870736,0.4947813174373548,False,0.0,1.0
Sertraline,2021-04-01,5,15,13.572428271518545,0.4895467313342372,0.26573239301449214,0.48088452597528486,False,0.0,1.0
Pentobarbital,2021-04-01,4,13,11.762771168649405,0.4833354742690802,0.25328257246379404,0.4583546208337235,False,0.0,1.0
Acetyl fentanyl,2021-04-01,3,10,9.048285514345697,0.5034713164036178,0.25300561495931045,0.45785342480489594,False,0.0,1.0
Chlordiazepoxide,2021-04-01,1,6,5.428971308607418,0.5699446880940755,0.24644077894090635,0.4459733309202155,False,0.0,1.0
Venlafaxine,2021-04-01,1,5,4.524142757172848,0.5289324358704637,0.2369566188885702,0.4288102502675753,False,0.0,1.0
Doxepin,2021-04-01,1,5,4.524142757172848,0.5289324358704637,0.2369566188885702,0.4288102502675753,False,0.0,1.0
Hydromorphone,2021-04-01,5,18,16.286913925822255,0.4312065325680816,0.2340645671772747,0.4235766184875483,False,0.0,1.0
Zolpidem,2021-04-01,3,13,11.762771168649405,0.428600966258714,0.21538158681021818,0.3897668326709423,False,0.0,1.0
para-Fluorofentanyl,2021-07-01,45,0,0.0,5.504926074807307,4.2448854734481145,6.756741018340546,True,2.291084233818116,10000.0
Fentanyl,2021-07-01,1931,1648,1311.59050262103,1.4668841371315393,1.4071256696329697,2.2397726554163504,False,0.0,10000.0
PCP,2021-07-01,84,74,44.17067530064917,1.6938550909698245,1.39360242668529,2.218247339751911,False,7.428540665038118,2000.0
Alprazolam,2021-07-01,136,160,109.87624905277205,1.19671838155469,1.0249116871334492,1.6313888994972365,False,0.7529840978832814,1.0
Cocaine,2021-07-01,487,763,455.4354764107308,1.0621813985499156,0.9778342924890097,1.556454095265626,False,10.195993852287105,1.001602564102564
Methamphetamine,2021-07-01,1891,2328,1852.780758556892,1.0190951866528,0.9771508948337212,1.5553663034540925,False,0.0,75.18796992481204
Ethanol,2021-07-01,440,677,431.91707510546524,1.012287019688574,0.9279212083731638,1.4770056391782378,False,1.263260600763468,1.0
MDMA,2021-07-01,29,34,21.053523334805327,1.1736365726736384,0.8571563350777153,1.3643666883800512,False,1.5884673655168315,1.0
Heroin,2021-07-01,316,648,386.79185946463986,0.8146036899391584,0.7352140490987665,1.1702667028663578,False,6.194919516848204,1.0
Buprenorphine,2021-07-01,5,0,0.0,1.2494736604344454,0.7144743806347853,1.1372547392285137,False,0.0,32.78688524590164
Amphetamine,2021-07-01,21,23,18.30496453900709,1.00132442451273,0.6999873812009467,1.1141951528810816,False,-0.8060836541744738,1.0
Lorazepam,2021-07-01,15,15,11.938020351526365,1.018946668284295,0.6789273456325398,1.0806731354779646,False,-1.1251868576837771,1.0
Gabapentin,2021-07-01,11,12,9.550416281221093,0.9362776412713657,0.5963616791214201,0.9492503535088374,False,-0.4771119004913965,1.0
Diazepam,2021-07-01,19,34,20.894858261779437,0.8497033240020105,0.5856875683304024,0.9322599836666146,False,1.7021542553783884,1.0
Hydroxyzine,2021-07-01,9,10,7.9586802343509095,0.9069389464831548,0.5612393886186122,0.893344920820501,False,0.0,1.0
Clonazepam,2021-07-01,19,28,22.28430465618255,0.8124399414059092,0.5600024858739939,0.8913761052074288,False,-0.806560208178898,1.0
Ketamine,2021-07-01,6,5,3.9793401171754548,0.9525326457874792,0.5575038819234306,0.8873989793591304,False,0.0,1.0
Olanzapine,2021-07-01,13,21,13.90960217401056,0.8469633902136774,0.5527285311986346,0.8797978815038405,False,0.9761215146307556,1.0
Diphenhydramine,2021-07-01,18,27,21.488436632747458,0.8010013280992586,0.54789050632535,0.8720970267672542,False,-0.1454579001391331,1.0
Flubromazolam,2021-07-01,4,2,1.591736046870182,0.9775711792916979,0.5443629234441896,0.8664820365147704,False,0.0,1.0111223458038423
Mirtazapine,2021-07-01,5,4,3.183472093740364,0.9333395693511678,0.5337024955790172,0.8495134394656318,False,0.0,1.0
Hydrocodone,2021-07-01,37,68,54.11902559358619,0.6886194035086738,0.5187384670314928,0.8256946859709607,False,-0.451948112447373,1.0
Acetaminophen,2021-07-01,3,1,0.795868023435091,0.9558552588262182,0.516230813373109,0.8217031217019046,False,0.0,1.0
Tramadol,2021-07-01,11,21,12.535469889644908,0.8088584348188225,0.5152020651748838,0.8200656368036489,False,3.824048305887565,1.0
Dextromethorphan,2021-07-01,4,3,2.387604070305273,0.9115610591903216,0.5076050251791007,0.8079731367275101,False,0.0,1.0
Doxylamine,2021-07-01,5,5,3.9793401171754548,0.8778147554549792,0.5019522808489625,0.7989754577865857,False,0.0,1.0
Flualprazolam,2021-07-01,9,11,8.466297772013306,0.8487174917854048,0.4980382567806321,0.7927453652811961,False,0.1658222840130587,1.0708931248661384
Etizolam,2021-07-01,15,26,19.837243843906688,0.7436390561597143,0.49548902432481085,0.7886876818646813,False,0.208728110443202,1.0
Oxycodone,2021-07-01,39,96,61.68597345020982,0.6434506179339533,0.4878344989111073,0.7765037244557352,False,1.2016701635019378,1.0
Paliperidone,2021-07-01,2,0,0.0,0.9304760331107254,0.48484304608192796,0.7717420547148937,False,0.0,1.0
Midazolam,2021-07-01,2,0,0.0,0.9304760331107254,0.48484304608192796,0.7717420547148937,False,0.0,1.0
Psilocin,2021-07-01,2,0,0.0,0.9304760331107254,0.48484304608192796,0.7717420547148937,False,0.0,1.0
Lamotrigine,2021-07-01,4,4,3.183472093740364,0.853901675075365,0.47549725485433386,0.7568660205036684,False,0.0,1.1973180076628351
Methadone,2021-07-01,32,88,52.55120632556608,0.6253395402236264,0.4625702600679438,0.7362897174467111,False,3.201748279792439,1.0
Fluoxetine,2021-07-01,8,13,10.346284304656184,0.7466382190813304,0.4544186291026767,0.7233144211384984,False,0.0,1.0
Mitragynine,2021-07-01,5,7,5.571076164045637,0.7844769441002204,0.44857982725573475,0.7140205720542572,False,0.0,1.0
Amlodipine,2021-07-01,2,1,0.795868023435091,0.8578360159838212,0.44699252020270774,0.7114939784020439,False,0.0,1.0
Chlorcyclizine,2021-07-01,2,1,0.795868023435091,0.8578360159838212,0.44699252020270774,0.7114939784020439,False,0.0,1.004419445560466
Cannabis,2021-07-01,2,1,0.795868023435091,0.8578360159838212,0.44699252020270774,0.7114939784020439,False,0.0,1.0
Oxymorphone,2021-07-01,3,3,2.387604070305273,0.8267677370758999,0.4465142367950634,0.7107326835935408,False,0.0,1.0
Codeine,2021-07-01,10,18,14.325624421831638,0.70568302992076,0.44333683965041115,0.7056751429855855,False,-0.4771119004913965,1.0
Morphine,2021-07-01,57,176,105.18766079497495,0.5562537426943805,0.44036086425246984,0.7009382354975454,False,2.894274400904035,1.0
Acetyl fentanyl,2021-07-01,6,10,7.9586802343509095,0.7341561553983791,0.42969121151139644,0.6839548805551532,False,0.0,1.0
Bupropion,2021-07-01,5,8,6.366944187480728,0.7448757244686596,0.42593504668564763,0.6779760495014528,False,0.0,1.0
"1,1-Difluoroethane",2021-07-01,2,2,1.591736046870182,0.7957163610561798,0.4146238383184621,0.6599715601565921,False,0.0,1.0
MDA,2021-07-01,2,2,1.591736046870182,0.7957163610561798,0.4146238383184621,0.6599715601565921,False,0.0,1.0
2-Methyl AP-237,2021-07-01,1,0,0.0,0.8241766427744384,0.41150462442713914,0.6550065823484041,False,0.0,1.0
Bromazolam,2021-07-01,1,0,0.0,0.8241766427744384,0.41150462442713914,0.6550065823484041,False,0.0,1.0
Atenolol,2021-07-01,1,0,0.0,0.8241766427744384,0.41150462442713914,0.6550065823484041,False,0.0,1.0
Aripiprazole,2021-07-01,1,0,0.0,0.8241766427744384,0.41150462442713914,0.6550065823484041,False,0.0,1.0
Clonazolam,2021-07-01,1,0,0.0,0.8241766427744384,0.41150462442713914,0.6550065823484041,False,0.0,1.0
4-ANPP,2021-07-01,1,0,0.0,0.8241766427744384,0.41150462442713914,0.6550065823484041,False,0.0,1.0
Carvedilol,2021-07-01,1,0,0.0,0.8241766427744384,0.41150462442713914,0.6550065823484041,False,0.0,1.0
Metformin,2021-07-01,1,0,0.0,0.8241766427744384,0.41150462442713914,0.6550065823484041,False,0.0,1.0
Nortriptyline,2021-07-01,1,0,0.0,0.8241766427744384,0.41150462442713914,0.6550065823484041,False,0.0,1.0
Desvenlafaxine,2021-07-01,1,0,0.0,0.8241766427744384,0.41150462442713914,0.6550065823484041,False,0.0,1.0
Disulfiram,2021-07-01,1,0,0.0,0.8241766427744384,0.41150462442713914,0.6550065823484041,False,0.0,1.0
Loratadine,2021-07-01,1,0,0.0,0.8241766427744384,0.41150462442713914,0.6550065823484041,False,0.0,1.0
Guanfacine,2021-07-01,1,0,0.0,0.8241766427744384,0.41150462442713914,0.6550065823484041,False,0.0,1.0
Fluoride,2021-07-01,1,0,0.0,0.8241766427744384,0.41150462442713914,0.6550065823484041,False,0.0,1.0
Propofol,2021-07-01,1,0,0.0,0.8241766427744384,0.41150462442713914,0.6550065823484041,False,0.0,1.0
GHB,2021-07-01,3,5,3.9793401171754548,0.7283981270347761,0.3933875491152948,0.6261689941368004,False,0.0,1.0
Paroxetine,2021-07-01,3,5,3.9793401171754548,0.7283981270347761,0.3933875491152948,0.6261689941368004,False,0.0,1.0
Duloxetine,2021-07-01,3,5,3.9793401171754548,0.7283981270347761,0.3933875491152948,0.6261689941368004,False,0.0,1.0
Quetiapine,2021-07-01,12,28,22.28430465618255,0.5915302969433154,0.3815648398574162,0.6073504228589071,False,-0.7736958112143028,1.0
Desloratadine,2021-07-01,1,1,0.795868023435091,0.7598351623747972,0.3793794520395655,0.6038717681735767,False,0.0,1.0
Loperamide,2021-07-01,1,1,0.795868023435091,0.7598351623747972,0.3793794520395655,0.6038717681735767,False,0.0,1.0
Butalbital,2021-07-01,1,1,0.795868023435091,0.7598351623747972,0.3793794520395655,0.6038717681735767,False,0.0,1.0
Pentobarbital,2021-07-01,6,13,10.346284304656184,0.6453806410028093,0.3777321588593343,0.6012497701249947,False,0.0,1.0
Citalopram,2021-07-01,10,27,18.54547031176603,0.5991180507068159,0.3763886786503845,0.5991113305183774,False,0.751791015616878,1.0
Venlafaxine,2021-07-01,2,4,3.183472093740364,0.6950527470368483,0.36217105983304326,0.5764805585473928,False,0.0,1.0
Benztropine,2021-07-01,1,2,1.591736046870182,0.7048121775512025,0.3519069279111546,0.5601427490238483,False,0.0,1.0
Doxepin,2021-07-01,2,5,3.9793401171754548,0.6537037292789445,0.3406253316156114,0.5421854402447082,False,0.0,1.0
Ephedrine,2021-07-01,1,3,2.387604070305273,0.6572200047512873,0.3281445471577116,0.5223193036573174,False,0.0,1.0
Nitrous oxide,2021-07-01,1,3,2.387604070305273,0.6572200047512873,0.3281445471577116,0.5223193036573174,False,0.0,1.0
Isopropanol,2021-07-01,1,3,2.387604070305273,0.6572200047512873,0.3281445471577116,0.5223193036573174,False,0.0,1.0
Hydroxychloroquine,2021-07-01,2,6,4.775208140610546,0.6169982128033061,0.32149919210983313,0.5117416709199685,False,0.0,1.0
Chlordiazepoxide,2021-07-01,1,6,4.775208140610546,0.6086205352251847,0.2970685506690222,0.47285450325268963,False,0.0,1.0
Trazodone,2021-07-01,7,23,18.30496453900709,0.49605993500007894,0.2963904728702879,0.4717752793453382,False,0.0,1.0
Hydromorphone,2021-07-01,4,16,12.733888374961456,0.4854357951947912,0.2703161204160671,0.4302717620703245,False,0.0,1.0
Sertraline,2021-07-01,4,16,12.733888374961456,0.4854357951947912,0.2703161204160671,0.4302717620703245,False,0.0,1.0
Temazepam,2021-07-01,2,10,7.9586802343509095,0.5038363973974372,0.2625339771777326,0.4178846118226573,False,0.0,1.0
Amitriptyline,2021-07-01,2,10,7.9586802343509095,0.5038363973974372,0.2625339771777326,0.4178846118226573,False,0.0,1.0
Cyclobenzaprine,2021-07-01,1,9,7.162812210915819,0.46772307424252796,0.23353028709253765,0.37171837537145425,False,0.0,1.0
Zolpidem,2021-07-01,1,14,11.142152328091274,0.37711212913520503,0.18828898686609843,0.2997061835612939,False,0.0,1.0
para-Fluorofentanyl,2021-10-01,60,0,0.0,8.188884500157908,6.50377577777118,9.838109977155773,True,1.874292395851839,10000.0
PCP,2021-10-01,106,83,47.082042253521124,2.032061644970359,1.7041094729647879,2.577765710207609,True,8.576163408379522,3333.333333333333
Fentanyl,2021-10-01,2012,1981,1498.3056338028168,1.3396861091526013,1.2859621831021362,1.945244206181737,False,0.0,10000.0
Cocaine,2021-10-01,558,787,446.4285211267606,1.24108304482249,1.1482970633282197,1.7370014798311746,False,13.336855237722444,1.0004001600640255
Alprazolam,2021-10-01,145,174,113.85878900310524,1.2390077500294703,1.0651039153299269,1.611157211977888,False,0.7377285995351925,1.0
Methamphetamine,2021-10-01,2002,2563,1938.4943661971831,1.0315969863562726,0.9901268030455849,1.4977411087567107,False,0.0,588.2352941176471
Ethanol,2021-10-01,458,725,432.6906665957658,1.0528845130390703,0.9663745462871821,1.46181164214247,False,1.4174941038316835,1.0
MDMA,2021-10-01,28,33,23.056374745350713,1.0946310779612054,0.7920906590566111,1.1981766201840163,False,0.3920017054074539,1.0
Diazepam,2021-10-01,26,36,21.77189011917562,1.0747300749270052,0.7697778588942797,1.164424580012081,False,1.286019762120047,1.0
Buprenorphine,2021-10-01,5,0,0.0,1.372528964769318,0.7693308017412535,1.1637484941100706,False,0.0,5.310674455655868
Amphetamine,2021-10-01,22,25,18.908450704225352,1.0405414658634626,0.7278343249402766,1.1009775979748284,False,-0.3024932229573728,1.0
Hydrocodone,2021-10-01,41,73,41.88309381026825,0.9423058620242343,0.7164385120159124,1.0837394014686246,False,2.116409405441648,1.0
Lorazepam,2021-10-01,17,19,13.814916041396744,1.054274810941309,0.709891009146078,1.0738351817522378,False,0.1950228716617869,1.0
Codeine,2021-10-01,13,15,9.42169900726281,1.0904237579441833,0.7047853732505243,1.0661120231511154,False,0.9906319647440616,1.0
Amlodipine,2021-10-01,5,1,0.7563380281690141,1.2548905340628784,0.7033920343024336,1.0640044399175812,False,0.0,1.0
Levamisole,2021-10-01,4,0,0.0,1.2486550972599566,0.6797016994581297,1.0281686410505635,False,0.0,144.92753623188406
Mirtazapine,2021-10-01,5,2,1.5126760563380282,1.1558255876791923,0.6478640880207137,0.980008601035297,False,0.0,1.0
Tramadol,2021-10-01,13,20,11.356505559588689,0.9818111824436023,0.6345846333948578,0.9599210184057524,False,2.965306349234708,1.0
Heroin,2021-10-01,268,682,386.8669014087625,0.6939576954805863,0.6205186697055549,0.9386437344767582,False,7.007970105342276,1.0
Clonazepam,2021-10-01,21,31,23.446478873239435,0.8589773055849935,0.5967943524411141,0.9027565404473679,False,-1.7002023080403768,1.0
Quetiapine,2021-10-01,18,27,20.42112676056338,0.8449019259584041,0.5738091187538129,0.867987325987551,False,-0.1647476869546666,1.0
Flubromazolam,2021-10-01,4,2,1.5126760563380282,1.0515096938895367,0.5723861837442373,0.8658349434126289,False,0.0,1.0
Ketamine,2021-10-01,6,6,4.538028169014084,0.957727417163294,0.5506855677832647,0.8330089086963116,False,0.0,1.0
Oxymorphone,2021-10-01,3,1,0.7563380281690141,1.028391216598853,0.5410352200381927,0.8184110832334698,False,0.0,1.0
Acetyl fentanyl,2021-10-01,8,10,7.563380281690141,0.9002657105285904,0.5400717424284532,0.8169536143468837,False,0.0,1.0
Diphenhydramine,2021-10-01,18,31,23.446478873239435,0.7637926749029755,0.5187243492190484,0.7846619032835694,False,-0.1745505876534208,1.0
Morphine,2021-10-01,56,152,86.90321165746512,0.6535550607251889,0.5152036465239433,0.7793362175880999,False,2.262229234381584,1.0
Gabapentin,2021-10-01,10,15,11.345070422535212,0.8278876153724634,0.5138661473147151,0.7773130237890029,False,0.0,1.0
Psilocin,2021-10-01,2,0,0.0,1.0009594571031133,0.5057608067290502,0.7650523116655614,False,0.0,1.0
Paliperidone,2021-10-01,2,0,0.0,1.0009594571031133,0.5057608067290502,0.7650523116655614,False,0.0,1.0
Citalopram,2021-10-01,13,24,16.3258004274414,0.7818060824672355,0.5053131753842488,0.7643751420358669,False,0.5279215489433315,1.0
Dextromethorphan,2021-10-01,4,4,3.0253521126760563,0.9081287069142414,0.4943371686631713,0.7477720187625659,False,0.0,1.0
Venlafaxine,2021-10-01,4,4,3.0253521126760563,0.9081287069142414,0.4943371686631713,0.7477720187625659,False,0.0,1.0
Mitragynine,2021-10-01,5,6,4.538028169014084,0.8784388506551876,0.492383099083672,0.7448161377194368,False,0.0,1.0
Olanzapine,2021-10-01,11,22,14.411860928145607,0.7594182422036828,0.47834804197628433,0.723585625592605,False,0.7314457262023736,1.0
GHB,2021-10-01,4,5,3.7816901408450705,0.8501655798771918,0.46278511234318037,0.7000439626028355,False,0.0,1.0
Lamotrigine,2021-10-01,4,5,3.7816901408450705,0.8501655798771918,0.46278511234318037,0.7000439626028355,False,0.0,1.0
Cannabis,2021-10-01,2,1,0.7563380281690141,0.9151679709072861,0.4624124263716068,0.6994802231764472,False,0.0,1.0
Clonidine,2021-10-01,2,1,0.7563380281690141,0.9151679709072861,0.4624124263716068,0.6994802231764472,False,0.0,1.0
Chlorcyclizine,2021-10-01,2,1,0.7563380281690141,0.9151679709072861,0.4624124263716068,0.6994802231764472,False,0.0,1.0
Hydroxyzine,2021-10-01,7,13,9.832394366197184,0.7303058802464609,0.42945305057826655,0.6496233326230367,False,0.0,1.0
MDA,2021-10-01,2,2,1.5126760563380282,0.842921776112534,0.4259081568897573,0.6442610662603123,False,0.0,1.0
"1,1-Difluoroethane",2021-10-01,2,2,1.5126760563380282,0.842921776112534,0.4259081568897573,0.6442610662603123,False,0.0,1.0
Disulfiram,2021-10-01,1,0,0.0,0.8771522095065931,0.42207766767841787,0.6384667822741407,False,0.0,1.0
Guanfacine,2021-10-01,1,0,0.0,0.8771522095065931,0.42207766767841787,0.6384667822741407,False,0.0,1.0
Carvedilol,2021-10-01,1,0,0.0,0.8771522095065931,0.42207766767841787,0.6384667822741407,False,0.0,1.0
Bromazolam,2021-10-01,1,0,0.0,0.8771522095065931,0.42207766767841787,0.6384667822741407,False,0.0,1.0
Atenolol,2021-10-01,1,0,0.0,0.8771522095065931,0.42207766767841787,0.6384667822741407,False,0.0,1.0
4-ANPP,2021-10-01,1,0,0.0,0.8771522095065931,0.42207766767841787,0.6384667822741407,False,0.0,1.0
2-Methyl AP-237,2021-10-01,1,0,0.0,0.8771522095065931,0.42207766767841787,0.6384667822741407,False,0.0,1.0
Buspirone,2021-10-01,1,0,0.0,0.8771522095065931,0.42207766767841787,0.6384667822741407,False,0.0,1.0
Clonazolam,2021-10-01,1,0,0.0,0.8771522095065931,0.42207766767841787,0.6384667822741407,False,0.0,1.0
Verapamil,2021-10-01,1,0,0.0,0.8771522095065931,0.42207766767841787,0.6384667822741407,False,0.0,1.0
Fluoride,2021-10-01,1,0,0.0,0.8771522095065931,0.42207766767841787,0.6384667822741407,False,0.0,1.0
Loperamide,2021-10-01,1,0,0.0,0.8771522095065931,0.42207766767841787,0.6384667822741407,False,0.0,1.0
Loratadine,2021-10-01,1,0,0.0,0.8771522095065931,0.42207766767841787,0.6384667822741407,False,0.0,1.0
Metformin,2021-10-01,1,0,0.0,0.8771522095065931,0.42207766767841787,0.6384667822741407,False,0.0,1.0
Lidocaine,2021-10-01,1,0,0.0,0.8771522095065931,0.42207766767841787,0.6384667822741407,False,0.0,1.0
Insulin,2021-10-01,1,0,0.0,0.8771522095065931,0.42207766767841787,0.6384667822741407,False,0.0,1.0
Desvenlafaxine,2021-10-01,1,0,0.0,0.8771522095065931,0.42207766767841787,0.6384667822741407,False,0.0,1.0
Doxylamine,2021-10-01,4,7,5.294366197183098,0.7539241526370197,0.41039637681727853,0.6207967545702605,False,0.0,1.0
Doxepin,2021-10-01,3,5,3.7816901408450705,0.7658347297147348,0.40290460946801876,0.6094641359703057,False,0.0,1.0
Acetaminophen,2021-10-01,2,3,2.269014084507042,0.7812476651375643,0.39474570780188745,0.5971223593113012,False,0.0,1.0
Desloratadine,2021-10-01,1,1,0.7563380281690141,0.8019721498752945,0.38590170656107387,0.5837442493097003,False,0.0,1.0
Metoprolol,2021-10-01,1,1,0.7563380281690141,0.8019721498752945,0.38590170656107387,0.5837442493097003,False,0.0,1.0
Midazolam,2021-10-01,1,1,0.7563380281690141,0.8019721498752945,0.38590170656107387,0.5837442493097003,False,0.0,1.0
Butalbital,2021-10-01,1,1,0.7563380281690141,0.8019721498752945,0.38590170656107387,0.5837442493097003,False,0.0,1.0
Etizolam,2021-10-01,13,32,24.20281690140845,0.5909749743017421,0.38197124265729043,0.5777987323018456,False,-0.3974992826581289,1.0
Paroxetine,2021-10-01,3,6,4.538028169014084,0.7198865349698471,0.3787313267202578,0.5728977805092157,False,0.0,1.0
Sertraline,2021-10-01,6,14,10.588732394366197,0.6471217478989671,0.3720898042390295,0.5628513087579301,False,0.0,1.0
Temazepam,2021-10-01,4,9,6.807042253521127,0.6772565709993593,0.3686626061012378,0.5576670651689759,False,0.0,1.0
Trazodone,2021-10-01,8,20,15.126760563380282,0.6067073640908838,0.3639653264993831,0.5505616067054668,False,0.0,1.0
Flualprazolam,2021-10-01,6,14,10.588732394366197,0.6650476215308601,0.36292424019665603,0.5489867749542119,False,0.0,1.0
Methadone,2021-10-01,23,85,49.00039120359039,0.5093906176370175,0.35859068709360087,0.5424315300318124,False,1.970596077160909,1.0
Benztropine,2021-10-01,1,2,1.5126760563380282,0.7386619838711062,0.3554374303296857,0.5376616522133238,False,0.0,1.0
Nitrous oxide,2021-10-01,1,2,1.5126760563380282,0.7386619838711062,0.3554374303296857,0.5376616522133238,False,0.0,1.0
Oxycodone,2021-10-01,33,98,74.12112676056339,0.47536147438996734,0.35162318072931564,0.5318919535305,False,-0.3657008655907576,1.0
Pentobarbital,2021-10-01,4,11,8.319718309859155,0.6147425568283926,0.334633287865003,0.5061917216963554,False,0.0,1.0
Phenobarbital,2021-10-01,1,3,2.269014084507042,0.6846162557178261,0.3294311173549401,0.4983225141081438,False,0.0,1.0
Ephedrine,2021-10-01,1,3,2.269014084507042,0.6846162557178261,0.3294311173549401,0.4983225141081438,False,0.0,1.0
Isopropanol,2021-10-01,1,3,2.269014084507042,0.6846162557178261,0.3294311173549401,0.4983225141081438,False,0.0,1.0
Chlordiazepoxide,2021-10-01,2,6,4.538028169014084,0.6805573779433582,0.3288313346891884,0.49741523716236913,False,0.0,1.0
Fluoxetine,2021-10-01,5,15,11.345070422535212,0.5704230609781454,0.31973389421896337,0.48365376544498556,False,0.0,1.0
Bupropion,2021-10-01,3,10,7.563380281690141,0.5805582766783509,0.30543091957405194,0.46201798935457655,False,0.0,1.0
Hydromorphone,2021-10-01,4,15,11.345070422535212,0.5189410795455953,0.28248403779378,0.4273067911781331,False,0.0,1.0
Cyclobenzaprine,2021-10-01,2,9,6.807042253521127,0.5429092237837572,0.27431900967915984,0.41495573810862096,False,0.0,1.0
Zolpidem,2021-10-01,2,10,7.563380281690141,0.5166402935823653,0.26104594928067415,0.3948778956272768,False,0.0,1.0
Duloxetine,2021-10-01,1,7,5.294366197183098,0.5296148133596823,0.25484583264806226,0.3854991200001124,False,0.0,1.0
Amitriptyline,2021-10-01,1,11,8.319718309859155,0.4318428629194925,0.20779885909101167,0.3143322864185522,False,0.0,1.0
para-Fluorofentanyl,2022-01-01,69,8,4.492519322704487,10.856296552175777,8.676938047357218,12.40585109346448,True,1.4677528239403657,10000.0
Levamisole,2022-01-01,5,0,0.0,3.199109906395281,1.470779259227717,2.102846512484046,False,0.0,47.39336492890995
Buprenorphine,2022-01-01,5,0,0.0,3.199109906395281,1.470779259227717,2.102846512484046,False,0.0,1.834189288334556
PCP,2022-01-01,99,107,57.368716745228255,1.6906179890196327,1.4023139540880556,2.004958289174965,False,5.539137737598057,1.96270853778214
Alprazolam,2022-01-01,152,196,105.38399704632356,1.4282045673845931,1.2283727563506608,1.7562658722261515,False,2.631956383208766,1.0
Cocaine,2022-01-01,587,833,446.6181361175561,1.311504138625926,1.2150481569780243,1.7372150249438942,False,17.384314011096066,1.0
Fentanyl,2022-01-01,2103,2337,1670.6627996906418,1.2580920643557807,1.2084661662357572,1.7278044235213152,False,0.0,10000.0
Methamphetamine,2022-01-01,2053,2816,2013.0879092549626,1.0194894238536152,0.9787966951564158,1.3994345120643803,False,0.0,3.021148036253776
Ethanol,2022-01-01,464,763,434.7266940470564,1.0655668688232618,0.977779490982599,1.3979801653071524,False,1.3164452038825831,1.0
Acetyl fentanyl,2022-01-01,15,13,9.293374581077597,1.4495341108729836,0.9017127307583767,1.2892237481261855,False,-0.6087439906146571,10.940919037199125
Mirtazapine,2022-01-01,5,2,1.4297499355503995,1.860625984741823,0.8554160962297024,1.2230311744863172,False,0.0,1.0
Flubromazolam,2022-01-01,5,2,1.4297499355503995,1.860625984741823,0.8554160962297024,1.2230311744863172,False,0.0,1.0
Diazepam,2022-01-01,27,40,21.79726721688596,1.1919532398190005,0.8339913428674252,1.192399086316718,False,1.967704578393866,1.0
Lorazepam,2022-01-01,20,21,15.012374323279195,1.2559552781816365,0.8306619784462144,1.187638933358444,False,-0.5072751762320327,1.0
Hydrocodone,2022-01-01,43,69,39.646561745991306,1.065221618461587,0.8020759956079513,1.146768114278429,False,1.239826146468234,1.0
Amphetamine,2022-01-01,22,30,17.957601339289635,1.1707546886299574,0.7889265017726244,1.1279676363012248,False,0.9359041440769326,1.0
Gabapentin,2022-01-01,13,14,9.137847644507435,1.2900778355476603,0.7762595536731333,1.109857080898345,False,0.4508103814614686,1.0
Clonazepam,2022-01-01,27,36,24.45982084821442,1.0719546938417732,0.750030206508684,1.0723556568069421,False,0.2511155557579464,1.0
MDMA,2022-01-01,31,42,30.02474864655839,1.0105521279843275,0.7238577879132504,1.0349356407239856,False,-0.3926053277305235,1.0
Ketamine,2022-01-01,8,7,5.004124774426399,1.3380258912948086,0.7091359147557132,1.0138870794560788,False,0.0,1.0
Tramadol,2022-01-01,13,19,10.233493606167253,1.1744187317456842,0.7066657029598986,1.0103552770707245,False,2.464997481066173,1.0
Quetiapine,2022-01-01,20,26,18.16776182471991,1.059330365190449,0.7006184633032702,1.0017092255007831,False,0.1132517627447277,1.0
"1,1-Difluoroethane",2022-01-01,4,2,1.4297499355503995,1.568541512884455,0.6705149565879042,0.9586688000060196,False,0.0,1.0
Amlodipine,2022-01-01,4,2,1.4297499355503995,1.568541512884455,0.6705149565879042,0.9586688000060196,False,0.0,1.0
Codeine,2022-01-01,14,17,12.152874452178397,1.0857045611085656,0.6647944681408897,0.9504898792002039,False,-0.7099862971271669,1.0
Chlorcyclizine,2022-01-01,3,1,0.7148749677751998,1.6144362067153455,0.6264071726593613,0.8956057149928491,False,0.0,1.0
Heroin,2022-01-01,259,696,373.19609020930045,0.6939223655349209,0.6183647418766072,0.8841069515486505,False,3.66012729253236,1.0
Venlafaxine,2022-01-01,5,4,2.859499871100799,1.3117848898440687,0.6030883792688874,0.8622656435265703,False,0.0,1.0
Hydroxyzine,2022-01-01,8,9,6.433874709976798,1.1108606515438564,0.5887413610033906,0.8417529723480791,False,0.0,1.0
Paliperidone,2022-01-01,2,0,0.0,1.6941246396561969,0.5728088172677278,0.818973493161221,False,0.0,1.0
Clonazolam,2022-01-01,2,0,0.0,1.6941246396561969,0.5728088172677278,0.818973493161221,False,0.0,1.0
Psilocin,2022-01-01,2,0,0.0,1.6941246396561969,0.5728088172677278,0.818973493161221,False,0.0,1.0
Acetaminophen,2022-01-01,4,3,2.1446249033255995,1.2971769023856783,0.5545129072105318,0.792814876640671,False,0.0,1.0
Diphenhydramine,2022-01-01,16,29,20.731374065480793,0.7637605727481852,0.4820000049654164,0.6891395000136146,False,-0.1721397168411301,1.0
Citalopram,2022-01-01,13,24,17.156999226604796,0.7496963722210569,0.45110376696273774,0.6449656098826605,False,-0.3937312704597782,1.0
Olanzapine,2022-01-01,13,26,17.420358120893205,0.7395232114864221,0.44498242064260635,0.6362136151490894,False,0.3199788141931099,1.0
Sertraline,2022-01-01,8,13,9.293374581077597,0.8292772227688205,0.4395058913136343,0.6283835631564588,False,0.0,1.0
Temazepam,2022-01-01,6,9,6.433874709976798,0.8735920500543786,0.4252597388442314,0.6080151388933711,False,0.0,1.0
Clonidine,2022-01-01,2,1,0.7148749677751998,1.2459671389003273,0.42128007968338654,0.602325285225112,False,0.0,1.0
Morphine,2022-01-01,55,146,104.37174529517917,0.529800559935447,0.41220368774969224,0.5893482023442621,False,-0.3093511672287458,1.0
Dextromethorphan,2022-01-01,4,5,3.5743748388759986,0.9637209422240369,0.4119682523096888,0.5890116566648538,False,0.0,1.0
Oxycodone,2022-01-01,38,99,70.77262180974478,0.5408139127198919,0.3999656351161649,0.5718508500680769,False,-0.1706796159592115,1.0
Pentobarbital,2022-01-01,6,11,7.863624645527198,0.7468025841809441,0.36353933383118203,0.5197703889452197,False,0.0,1.0
Doxepin,2022-01-01,3,4,2.859499871100799,0.9001048935423946,0.34924400178554765,0.4993316730384178,False,0.0,1.0
Trazodone,2022-01-01,9,20,14.297499355503994,0.6358185148068198,0.34819995471492804,0.4978388964770377,False,0.0,1.0
Cyclobenzaprine,2022-01-01,5,9,6.433874709976798,0.7550095483842386,0.34711292102298175,0.4962847329157531,False,0.0,1.0
MDA,2022-01-01,2,2,1.4297499355503995,0.9853154215284472,0.33314984507627515,0.47632107586916866,False,0.0,1.0
Mitragynine,2022-01-01,4,7,5.004124774426399,0.7666450096225176,0.3277228821314864,0.46856183477306673,False,0.0,1.0
Bromazolam,2022-01-01,1,0,0.0,1.1948025924418992,0.3253051506655186,0.46510516490320536,False,0.0,1.0
Chlorpheniramine,2022-01-01,1,0,0.0,1.1948025924418992,0.3253051506655186,0.46510516490320536,False,0.0,1.0
Carvedilol,2022-01-01,1,0,0.0,1.1948025924418992,0.3253051506655186,0.46510516490320536,False,0.0,1.0
Buspirone,2022-01-01,1,0,0.0,1.1948025924418992,0.3253051506655186,0.46510516490320536,False,0.0,1.0
Insulin,2022-01-01,1,0,0.0,1.1948025924418992,0.3253051506655186,0.46510516490320536,False,0.0,1.0
Fluoride,2022-01-01,1,0,0.0,1.1948025924418992,0.3253051506655186,0.46510516490320536,False,0.0,1.0
2-Methyl AP-237,2022-01-01,1,0,0.0,1.1948025924418992,0.3253051506655186,0.46510516490320536,False,0.0,1.0
Metoprolol,2022-01-01,1,0,0.0,1.1948025924418992,0.3253051506655186,0.46510516490320536,False,0.0,1.0
Verapamil,2022-01-01,1,0,0.0,1.1948025924418992,0.3253051506655186,0.46510516490320536,False,0.0,1.0
Disulfiram,2022-01-01,1,0,0.0,1.1948025924418992,0.3253051506655186,0.46510516490320536,False,0.0,1.0
Desvenlafaxine,2022-01-01,1,0,0.0,1.1948025924418992,0.3253051506655186,0.46510516490320536,False,0.0,1.0
Loperamide,2022-01-01,1,0,0.0,1.1948025924418992,0.3253051506655186,0.46510516490320536,False,0.0,1.0
Lidocaine,2022-01-01,1,0,0.0,1.1948025924418992,0.3253051506655186,0.46510516490320536,False,0.0,1.0
Guanfacine,2022-01-01,1,0,0.0,1.1948025924418992,0.3253051506655186,0.46510516490320536,False,0.0,1.0
GHB,2022-01-01,3,5,3.5743748388759986,0.7844131397922453,0.30435517677952373,0.43515187154910695,False,0.0,1.0
Methadone,2022-01-01,21,87,52.482864237597276,0.4103321455889489,0.27402162005802216,0.3917824059634635,False,0.8863614569843086,1.0
Paroxetine,2022-01-01,3,6,4.289249806651199,0.695074262715709,0.26969136462931564,0.38559128228669687,False,0.0,1.0
Bupropion,2022-01-01,4,10,7.148749677751997,0.5866841977976062,0.2507938273776814,0.3585725125371973,False,0.0,1.0
Butalbital,2022-01-01,1,1,0.7148749677751998,0.8787339094233577,0.23925012266305923,0.34206797100189834,False,0.0,1.0
Midazolam,2022-01-01,1,1,0.7148749677751998,0.8787339094233577,0.23925012266305923,0.34206797100189834,False,0.0,1.0
Memantine,2022-01-01,1,1,0.7148749677751998,0.8787339094233577,0.23925012266305923,0.34206797100189834,False,0.0,1.0
Etizolam,2022-01-01,10,36,25.73549883990719,0.4095427281564194,0.2307090955147903,0.3298563367413829,False,-0.4882212177712987,1.0
Hydromorphone,2022-01-01,4,14,10.008249548852797,0.446832652598056,0.19101054973539225,0.27309736475595264,False,0.0,1.0
Baclofen,2022-01-01,1,2,1.4297499355503995,0.6949060254823295,0.18919988184483166,0.27050862376981744,False,0.0,1.0
Nitrous oxide,2022-01-01,1,2,1.4297499355503995,0.6949060254823295,0.18919988184483166,0.27050862376981744,False,0.0,1.0
Benztropine,2022-01-01,1,2,1.4297499355503995,0.6949060254823295,0.18919988184483166,0.27050862376981744,False,0.0,1.0
Carisoprodol,2022-01-01,1,2,1.4297499355503995,0.6949060254823295,0.18919988184483166,0.27050862376981744,False,0.0,1.0
Fluoxetine,2022-01-01,4,15,10.723124516627996,0.4217017388891246,0.18026766956541118,0.25773773048943743,False,0.0,1.0
Chlordiazepoxide,2022-01-01,2,5,3.5743748388759986,0.6264571541593382,0.1742103975611128,0.24907740000446063,False,0.0,1.0
Lamotrigine,2022-01-01,2,7,5.004124774426399,0.481585692577418,0.16283130799296577,0.23280811605523968,False,0.0,1.0
Propranolol,2022-01-01,1,3,2.1446249033255995,0.5746842134427547,0.15646746652684487,0.22370944082352406,False,0.0,1.0
Phenobarbital,2022-01-01,1,3,2.1446249033255995,0.5746842134427547,0.15646746652684487,0.22370944082352406,False,0.0,1.0
Ephedrine,2022-01-01,1,3,2.1446249033255995,0.5746842134427547,0.15646746652684487,0.22370944082352406,False,0.0,1.0
Oxymorphone,2022-01-01,1,3,2.1446249033255995,0.5746842134427547,0.15646746652684487,0.22370944082352406,False,0.0,1.0
Zolpidem,2022-01-01,2,8,5.718999742201598,0.4369125207496348,0.14772664206740346,0.21121221595289932,False,0.0,1.0
Doxylamine,2022-01-01,2,10,7.148749677751997,0.36853917024739274,0.1246085921216987,0.1781591775467777,False,0.0,1.0
Duloxetine,2022-01-01,1,5,3.5743748388759986,0.4269542655606614,0.11624549742701595,0.16620206334845708,False,0.0,1.0
Flualprazolam,2022-01-01,2,19,13.582624387728796,0.24495036653767363,0.07262363526976631,0.10383367811577272,False,0.0,1.0
Amitriptyline,2022-01-01,1,10,7.148749677751997,0.25991685955133237,0.07076674732019902,0.10117879802442072,False,0.0,1.0
para-Fluorofentanyl,2022-04-01,104,27,17.921867667761614,4.961808222632722,4.135659210066755,5.490276894621918,True,-0.7554669938957533,10000.0
Acetyl fentanyl,2022-04-01,30,12,7.9652745190051615,2.827170769173104,2.0245346412347756,2.6876624114346575,True,-0.2038269891051456,10000.0
PCP,2022-04-01,113,122,60.73521820764725,1.7976356367442723,1.5093892484710958,2.0037832901147925,False,6.786307066296268,2.653927813163482
Cocaine,2022-04-01,628,870,433.1118019709056,1.4440544259358878,1.3409335767283532,1.7801506753015963,False,20.314370845124472,1.0
Fentanyl,2022-04-01,2150,2751,1826.0391834819334,1.1765292593825083,1.1304412433707434,1.5007124718333074,False,0.0,10000.0
Amlodipine,2022-04-01,8,3,1.9913186297512904,1.906821364050699,1.0484989932982802,1.39193040384684,False,0.0,1.0006003602161295
Levamisole,2022-04-01,5,0,0.0,2.131601613049475,1.0460814275707044,1.3887209928349893,False,0.0,7.727975270479135
Clonazepam,2022-04-01,30,36,19.01852671696483,1.442953776734431,1.0332980018585276,1.3717503750066091,False,1.3298328731604634,1.0
Methamphetamine,2022-04-01,2131,3087,2049.0668700140777,1.0394371197479875,0.9985413685253234,1.3256093531066306,False,0.0,3.892565200467108
Alprazolam,2022-04-01,155,225,144.97688369288255,1.060861186576267,0.9137207120206647,1.2130060501794202,False,0.1472880067372985,1.0
Lorazepam,2022-04-01,21,23,14.233097700355298,1.3252437848650527,0.8932194974740196,1.1857897485181894,False,0.3462309484627496,1.0
Amphetamine,2022-04-01,24,34,17.922428360971818,1.2372722303516184,0.8538880262646323,1.1335754200332442,False,1.3513917802683186,1.0
Ethanol,2022-04-01,479,795,527.6994368840919,0.9064804050573086,0.8327209987936219,1.1054752252262394,False,-0.6460202276369937,1.0
Quetiapine,2022-04-01,24,29,19.24941342092914,1.1652818855472162,0.8042047860470195,1.0676186445191274,False,-1.2016341607147811,1.0
Codeine,2022-04-01,15,19,12.147002393123937,1.1192798407209474,0.7070945543249825,0.9387003654180782,False,0.1857784606773983,1.0
Diazepam,2022-04-01,24,45,23.132985695011786,0.9957255581079696,0.6871875975689165,0.9122729711985577,False,1.6553927199358065,1.0
MDMA,2022-04-01,29,46,30.533552322853122,0.9262245720985081,0.6596951123459642,0.8757754397291937,False,-0.9481364429033576,1.0
Ketamine,2022-04-01,8,8,5.310183012670108,1.1931246320315483,0.6560603940932129,0.8709501783799256,False,0.0,1.0
Heroin,2022-04-01,238,694,355.4673107571249,0.6700763183510012,0.5940057218893489,0.7885697726990997,False,1.71359906813044,1.0
Mitragynine,2022-04-01,7,8,5.310183012670108,1.0804224483366405,0.5754977284551758,0.7639995499838476,False,0.0,1.0
Hydrocodone,2022-04-01,39,78,51.774284373533554,0.7513833184201453,0.5596587251885118,0.7429725595668841,False,-0.3287623825473794,1.0
"1,1-Difluoroethane",2022-04-01,4,3,1.9913186297512904,1.1865611097476427,0.5513361097530637,0.7319238905522953,False,0.0,1.0
Sertraline,2022-04-01,9,13,8.629047395588925,0.9501947119711253,0.5370491081570163,0.7129572486586324,False,0.0,1.0
Psilocin,2022-04-01,2,0,0.0,1.2897702287183423,0.5107878980036493,0.6780942778520167,False,0.0,1.0
Metoprolol,2022-04-01,2,0,0.0,1.2897702287183423,0.5107878980036493,0.6780942778520167,False,0.0,1.0
Carisoprodol,2022-04-01,3,2,1.327545753167527,1.1434409523454425,0.4958791249677634,0.6583022007560707,False,0.0,1.0
Oxycodone,2022-04-01,45,105,69.69615204129516,0.6494574284069796,0.49335424533475003,0.6549503294216857,False,-0.527798593461119,1.0
Flubromazolam,2022-04-01,4,4,2.655091506335054,1.0597750297217752,0.49242490530008015,0.6537165685434246,False,0.0,1.0
Venlafaxine,2022-04-01,4,4,2.655091506335054,1.0597750297217752,0.49242490530008015,0.6537165685434246,False,0.0,1.0
Tramadol,2022-04-01,13,24,15.930549038010323,0.7993645715994834,0.49021196016806345,0.650778794668431,False,-0.0534027206280462,1.0
GHB,2022-04-01,4,5,3.3188643829188176,0.9574679453696985,0.4448878762979676,0.5906089862334177,False,0.0,1.0
Trazodone,2022-04-01,11,22,14.603003284842798,0.7477025144300345,0.4422331980588566,0.587084791141065,False,-0.2327558880186724,1.0
Morphine,2022-04-01,48,128,84.96292820272173,0.571337127516276,0.4377065708526936,0.5810754957877008,False,-1.02381816963719,1.0
Benztropine,2022-04-01,3,3,1.9913186297512904,1.0066455080076162,0.43655467528920694,0.5795462770559997,False,0.0,1.059658789869662
Clonidine,2022-04-01,2,1,0.6637728765837635,1.0869367762646287,0.4304597352683312,0.5714549609201024,False,0.0,1.0
Chlorcyclizine,2022-04-01,2,1,0.6637728765837635,1.0869367762646287,0.4304597352683312,0.5714549609201024,False,0.0,1.0364842454394694
Citalopram,2022-04-01,12,26,17.25809479117785,0.7003545853112052,0.4221935186304349,0.5604812007132369,False,-0.5565207044824254,1.0
Temazepam,2022-04-01,5,8,5.310183012670108,0.855075445359895,0.4196274468394174,0.5570746128627686,False,0.0,1.0
Olanzapine,2022-04-01,11,24,15.930549038010323,0.6967669578326584,0.4121070534301517,0.5470909558540703,False,0.0,1.0
Acetaminophen,2022-04-01,3,4,2.655091506335054,0.8990837171420131,0.3899080630395811,0.5176207641798459,False,0.0,1.0
Paroxetine,2022-04-01,3,4,2.655091506335054,0.8990837171420131,0.3899080630395811,0.5176207641798459,False,0.0,1.0
Methadone,2022-04-01,22,81,40.34937937781118,0.5597388084768338,0.3804386035580454,0.5050496455767979,False,3.109648219243791,1.0
MDA,2022-04-01,2,2,1.327545753167527,0.939230361152786,0.371963541437276,0.4937985854381114,False,0.0,1.0
Bupropion,2022-04-01,5,10,6.637728765837635,0.7437285429914836,0.364984062319507,0.4845330199043072,False,0.0,1.0
Cyclobenzaprine,2022-04-01,5,10,6.637728765837635,0.7437285429914836,0.364984062319507,0.4845330199043072,False,0.0,1.0
Doxylamine,2022-04-01,5,10,6.637728765837635,0.7437285429914836,0.364984062319507,0.4845330199043072,False,0.0,1.0
Lidocaine,2022-04-01,1,0,0.0,1.009724638401919,0.3522632340119461,0.4676455185930341,False,0.0,1.0
Guanfacine,2022-04-01,1,0,0.0,1.009724638401919,0.3522632340119461,0.4676455185930341,False,0.0,1.0
Buspirone,2022-04-01,1,0,0.0,1.009724638401919,0.3522632340119461,0.4676455185930341,False,0.0,1.0
Deoxymethoxetamine,2022-04-01,1,0,0.0,1.009724638401919,0.3522632340119461,0.4676455185930341,False,0.0,1.0
Chlorpheniramine,2022-04-01,1,0,0.0,1.009724638401919,0.3522632340119461,0.4676455185930341,False,0.0,1.0
Carbon monoxide,2022-04-01,1,0,0.0,1.009724638401919,0.3522632340119461,0.4676455185930341,False,0.0,1.0
Acryl fentanyl,2022-04-01,1,0,0.0,1.009724638401919,0.3522632340119461,0.4676455185930341,False,0.0,1.0
Benzylfentanyl,2022-04-01,1,0,0.0,1.009724638401919,0.3522632340119461,0.4676455185930341,False,0.0,1.0
Topiramate,2022-04-01,1,0,0.0,1.009724638401919,0.3522632340119461,0.4676455185930341,False,0.0,1.0
Insulin,2022-04-01,1,0,0.0,1.009724638401919,0.3522632340119461,0.4676455185930341,False,0.0,1.0
Verapamil,2022-04-01,1,0,0.0,1.009724638401919,0.3522632340119461,0.4676455185930341,False,0.0,1.0
MMC,2022-04-01,1,0,0.0,1.009724638401919,0.3522632340119461,0.4676455185930341,False,0.0,1.0
Loperamide,2022-04-01,1,0,0.0,1.009724638401919,0.3522632340119461,0.4676455185930341,False,0.0,1.0
Gabapentin,2022-04-01,8,20,13.27545753167527,0.6285271184421464,0.3456066013165026,0.4588085601626546,False,0.0,1.0
Fluoxetine,2022-04-01,6,15,9.956593148756452,0.6349979266819417,0.3258477288369756,0.43257774964640694,False,0.0,1.0
Dextromethorphan,2022-04-01,3,6,3.9826372595025807,0.7407771180209446,0.32125481278843726,0.4264804337600146,False,0.0,1.0
Diphenhydramine,2022-04-01,12,37,24.55959643359925,0.5184819441957094,0.31255555536780905,0.4149317892824246,False,-1.562756672191184,1.0
Hydroxyzine,2022-04-01,5,13,8.629047395588925,0.6221960953189901,0.30534213130429844,0.4053556287326759,False,0.0,1.0
Clonazolam,2022-04-01,1,1,0.6637728765837635,0.8509320644423258,0.296865174469081,0.39410205967018036,False,0.0,1.0
Memantine,2022-04-01,1,1,0.6637728765837635,0.8509320644423258,0.296865174469081,0.39410205967018036,False,0.0,1.0
Pentobarbital,2022-04-01,4,11,7.301501642421399,0.6062918190899749,0.2817137441688676,0.37398786132507916,False,0.0,1.0
Doxepin,2022-04-01,2,5,3.3188643829188176,0.6672200275736412,0.26423924804725984,0.35078965905644544,False,0.0,1.0
Mirtazapine,2022-04-01,2,5,3.3188643829188176,0.6672200275736412,0.26423924804725984,0.35078965905644544,False,0.0,1.0
Pseudoephedrine,2022-04-01,1,2,1.327545753167527,0.7352968890695356,0.2565234621911407,0.3405465922809446,False,0.0,1.0
Baclofen,2022-04-01,1,2,1.327545753167527,0.7352968890695356,0.2565234621911407,0.3405465922809446,False,0.0,1.0
Zolpidem,2022-04-01,2,6,3.9826372595025807,0.6084794834970517,0.2409762215264143,0.3199069282555263,False,0.0,1.0
Promethazine,2022-04-01,1,2,1.327545753167527,0.7333565926174438,0.2369404566264903,0.3145492523384025,False,0.0,1.0
Etizolam,2022-04-01,9,38,25.223369310183013,0.4023269883595726,0.22739481451941898,0.30187700875283496,False,0.0,1.0
Ephedrine,2022-04-01,1,3,1.9913186297512904,0.6473297190515591,0.2258343033661615,0.29980533179724267,False,0.0,1.0
Phenobarbital,2022-04-01,1,3,1.9913186297512904,0.6473297190515591,0.2258343033661615,0.29980533179724267,False,0.0,1.0
Propranolol,2022-04-01,1,3,1.9913186297512904,0.6473297190515591,0.2258343033661615,0.29980533179724267,False,0.0,1.0
Oxymorphone,2022-04-01,1,4,2.655091506335054,0.5781614335847882,0.2017035225543264,0.26777061831610377,False,0.0,1.0
Hydromorphone,2022-04-01,3,13,8.629047395588925,0.4583267534496676,0.1987638006000641,0.2638680164386054,False,0.0,1.0
Chlordiazepoxide,2022-04-01,1,6,3.9826372595025807,0.5494410589074206,0.17728688966715142,0.2353564186007178,False,0.0,1.0
Duloxetine,2022-04-01,1,6,3.9826372595025807,0.47636138032088027,0.16618847753958996,0.2206227751094644,False,0.0,1.0
Hydroxychloroquine,2022-04-01,1,6,3.9826372595025807,0.47636138032088027,0.16618847753958996,0.2206227751094644,False,0.0,1.0
Flualprazolam,2022-04-01,3,20,13.27545753167527,0.3662912320232626,0.14611026507002914,0.19396803935285142,False,0.0,1.0
Lamotrigine,2022-04-01,1,8,5.310183012670108,0.4050432030013388,0.14130766268081751,0.18759235841563882,False,0.0,1.0
Clozapine,2022-04-01,1,8,5.310183012670108,0.4050432030013388,0.14130766268081751,0.18759235841563882,False,0.0,1.0
Amitriptyline,2022-04-01,1,9,5.9739558892538716,0.37683442549754714,0.1314664497272185,0.17452769944213056,False,0.0,1.0
para-Fluorofentanyl,2022-07-01,116,45,29.3811394891945,3.5959333321952447,3.023849346388776,3.9486285462076105,True,-1.8301428984698933,10000.0
Acetyl fentanyl,2022-07-01,39,14,9.140798952193844,3.2663252720937503,2.4308396611339402,3.1742597646840975,True,-0.4704895158391772,10000.0
Ketamine,2022-07-01,14,8,3.921588119045062,2.2163898554150023,1.3811044666260262,1.8034856366124625,False,2.9534971836114186,1.578282828282828
PCP,2022-07-01,114,144,70.5147347740668,1.5745801009369504,1.3220893943914431,1.7264219199710054,False,9.536793253614642,1.0
Cocaine,2022-07-01,634,954,467.1601178781926,1.3525153290325316,1.25589995684701,1.639989860067055,False,21.091201686010635,1.0
Fentanyl,2022-07-01,2273,3099,2023.3811394891945,1.1227148123458244,1.0797024006214075,1.4099060819345097,False,0.0,10000.0
Amlodipine,2022-07-01,8,3,1.9587426326129667,1.922694654341345,1.060096678508941,1.384304510495295,False,0.0,1.0
Levamisole,2022-07-01,5,0,0.0,2.1332162836810307,1.0531754929823147,1.3752667222653439,False,0.0,2.36630383341221
Methamphetamine,2022-07-01,2313,3361,2194.4446627373936,1.0535387498478792,1.0135212865404897,1.3234849021135846,False,0.0,3.969829297340214
Tramadol,2022-07-01,22,24,13.39987426124341,1.4534121209035629,0.9874166710511351,1.2893967810177889,False,0.8055028051811898,1.3672409078479628
Alprazolam,2022-07-01,144,241,125.30346131598174,1.1382270032546902,0.9742003676616509,1.2721385305987536,False,1.3246214821494304,1.0
Ethanol,2022-07-01,484,825,480.0937363667317,1.0062725125498384,0.9244045364207945,1.207113717068775,False,0.5752313411822443,1.0
Clonazepam,2022-07-01,27,41,20.424911740995405,1.2369762247205751,0.8702767485610046,1.1364321223595286,False,1.943385568730567,1.0
Amphetamine,2022-07-01,25,34,19.266632140127534,1.2122314888471877,0.8419971748175004,1.0995038497740395,False,0.7198641817620274,1.0
Diazepam,2022-07-01,30,42,24.580558903059398,1.161149731178099,0.8308984284750089,1.0850107882840436,False,0.5454093923173761,1.0
Lorazepam,2022-07-01,20,27,14.795968532379431,1.235001036458616,0.8247446731076963,1.0769750445016921,False,0.9206204392617828,1.0
Doxylamine,2022-07-01,9,7,4.570399476096922,1.4334460142597027,0.8118835832508347,1.0601806922692605,False,0.0,1.0
Hydrocodone,2022-07-01,48,77,46.36479490587871,1.0152838595405596,0.7771358415073346,1.0148060689712868,False,0.4002951771401138,1.0
Quetiapine,2022-07-01,22,28,18.281597904387688,1.1299030238271803,0.7676316072721635,1.0023951727647071,False,-1.1706543709249586,1.0
Codeine,2022-07-01,15,20,13.058284217419779,1.064242579700729,0.6725047726927224,0.8781758418375901,False,-1.4092533362037856,1.0
Benztropine,2022-07-01,4,2,1.3058284217419778,1.369640465330621,0.6415470736676567,0.8377504217270786,False,0.0,1.0551862403714256
Mitragynine,2022-07-01,9,11,7.1820563195808775,1.0878441905908987,0.6161395899737943,0.8045725798048624,False,0.0,1.0536297545042672
Carisoprodol,2022-07-01,3,1,0.6529142108709889,1.345460725918848,0.5900025972185364,0.7704421701975286,False,0.0,1.0
Oxycodone,2022-07-01,50,100,65.29142108709888,0.7655663068322128,0.5890691249711778,0.7692232001911583,False,-1.536438201840004,1.0
Sertraline,2022-07-01,9,12,7.834970530451867,1.0260022638711612,0.5811131958432234,0.7588341135125354,False,0.0,1.0
"1,1-Difluoroethane",2022-07-01,4,3,1.9587426326129667,1.2102079592909414,0.5668680171660901,0.7402323596513477,False,0.0,1.0
Trazodone,2022-07-01,12,21,12.539505091222425,0.9130900638862232,0.5509411893160038,0.7194346473691537,False,0.4424284974468873,1.0
MDMA,2022-07-01,26,51,33.29862475442043,0.778927295867228,0.5446046959850991,0.7111602800350346,False,-0.2513428374414025,1.0
Olanzapine,2022-07-01,14,24,15.669941060903733,0.8686333281964097,0.5412736240879711,0.706810466341965,False,-0.2382668917906331,1.0
Heroin,2022-07-01,222,671,365.3565318120167,0.6091444773467578,0.5373648523313543,0.7017062954061929,False,0.9625242256532788,1.0
Metoprolol,2022-07-01,2,0,0.0,1.3128201058253521,0.5282782285739087,0.6898407209279765,False,0.0,1.0
Topiramate,2022-07-01,2,0,0.0,1.3128201058253521,0.5282782285739087,0.6898407209279765,False,0.0,1.0
Acryl fentanyl,2022-07-01,2,0,0.0,1.3128201058253521,0.5282782285739087,0.6898407209279765,False,0.0,1.0
Acetaminophen,2022-07-01,4,4,2.6116568434839555,1.0840226879588548,0.5077621469671414,0.6630502173584353,False,0.0,1.0
Bupropion,2022-07-01,6,9,5.8762278978389,0.9222515599883157,0.47541387368324056,0.6208089177961654,False,0.0,1.0
Chlordiazepoxide,2022-07-01,5,7,4.570399476096922,0.9472228964667598,0.4676468807134236,0.6106665547794546,False,0.0,1.0017028949213664
GHB,2022-07-01,4,5,3.2645710543549447,0.9816668140470606,0.4598180966539404,0.6004435030148783,False,0.0,1.0
Clonidine,2022-07-01,2,1,0.6529142108709889,1.1136279769995527,0.4481234042419007,0.5851722383695864,False,0.0,1.0
Cyclobenzaprine,2022-07-01,5,8,5.223313686967911,0.8775266109837369,0.43323760848718823,0.5657339442031996,False,0.0,1.0
Citalopram,2022-07-01,12,27,17.6286836935167,0.6947109016045927,0.41917535355912056,0.5473710661336914,False,-1.5664264514847377,1.0
Venlafaxine,2022-07-01,3,4,2.6116568434839555,0.9245975375800234,0.4054484371377928,0.5294460433732953,False,0.0,1.0
Gabapentin,2022-07-01,9,20,13.058284217419779,0.7052603225887129,0.3994494889461709,0.5216124654654605,False,0.0,1.0
Diphenhydramine,2022-07-01,14,36,23.5049115913556,0.6180101306269834,0.3851021740348303,0.5028773418358948,False,-0.7163847690065677,1.0
Methadone,2022-07-01,21,77,38.00223015973095,0.5709379750686477,0.3846721582724345,0.5023158213113099,False,2.263817771764139,1.0
Eszopiclone,2022-07-01,1,0,0.0,1.0398521509539178,0.3717457987196064,0.4854361647355816,False,0.0,1.0
Lidocaine,2022-07-01,1,0,0.0,1.0398521509539178,0.3717457987196064,0.4854361647355816,False,0.0,1.0
MMC,2022-07-01,1,0,0.0,1.0398521509539178,0.3717457987196064,0.4854361647355816,False,0.0,1.0
Verapamil,2022-07-01,1,0,0.0,1.0398521509539178,0.3717457987196064,0.4854361647355816,False,0.0,1.0
Insulin,2022-07-01,1,0,0.0,1.0398521509539178,0.3717457987196064,0.4854361647355816,False,0.0,1.0
Chlorpromazine,2022-07-01,1,0,0.0,1.0398521509539178,0.3717457987196064,0.4854361647355816,False,0.0,1.0
Deoxymethoxetamine,2022-07-01,1,0,0.0,1.0398521509539178,0.3717457987196064,0.4854361647355816,False,0.0,1.0
Carbon monoxide,2022-07-01,1,0,0.0,1.0398521509539178,0.3717457987196064,0.4854361647355816,False,0.0,1.0
Buspirone,2022-07-01,1,0,0.0,1.0398521509539178,0.3717457987196064,0.4854361647355816,False,0.0,1.0
Benzylfentanyl,2022-07-01,1,0,0.0,1.0398521509539178,0.3717457987196064,0.4854361647355816,False,0.0,1.0
Chlorpheniramine,2022-07-01,1,0,0.0,1.0398521509539178,0.3717457987196064,0.4854361647355816,False,0.0,1.0
Duloxetine,2022-07-01,3,5,3.2645710543549447,0.8372949469360087,0.367165078707766,0.47945453996974585,False,0.0,1.0
Morphine,2022-07-01,40,132,86.18467583497053,0.47620369004414587,0.3556621357399004,0.4644337164323792,False,-0.6812980335877978,1.0
Zolpidem,2022-07-01,3,6,3.9174852652259333,0.7650565748261556,0.33548758241032073,0.43808916176795026,False,0.0,1.0
Fluoxetine,2022-07-01,5,12,7.834970530451867,0.6779835630345684,0.3347225870602833,0.43709022162623057,False,0.0,1.0
Temazepam,2022-07-01,4,9,5.8762278978389,0.7125459960491088,0.3337604358152219,0.43583381148562444,False,0.0,1.0
Memantine,2022-07-01,1,1,0.6529142108709889,0.8820770203830943,0.31534139365265923,0.4117816743577327,False,0.0,1.0
Clonazolam,2022-07-01,1,1,0.6529142108709889,0.8820770203830943,0.31534139365265923,0.4117816743577327,False,0.0,1.0
Hydromorphone,2022-07-01,4,11,7.1820563195808775,0.626649075888619,0.29352584932268266,0.3832943440559954,False,0.0,1.0
Flubromazolam,2022-07-01,2,5,3.2645710543549447,0.6930228879564749,0.27887210287707564,0.3641590468478961,False,0.0,1.0
Doxepin,2022-07-01,2,5,3.2645710543549447,0.6930228879564749,0.27887210287707564,0.3641590468478961,False,0.0,1.0
Promethazine,2022-07-01,1,1,0.6529142108709889,0.834540497746864,0.27800254401508023,0.3630235307828592,False,0.0,1.0
Hydroxyzine,2022-07-01,4,12,7.834970530451867,0.5910252369553567,0.27683944862195164,0.3615047679808367,False,0.0,1.0
Propranolol,2022-07-01,1,2,1.3058284217419778,0.7658724054654349,0.2737983941523544,0.35753363945612493,False,0.0,1.0
Baclofen,2022-07-01,1,2,1.3058284217419778,0.7658724054654349,0.2737983941523544,0.35753363945612493,False,0.0,1.0
Chlorcyclizine,2022-07-01,1,2,1.3058284217419778,0.7658724054654349,0.2737983941523544,0.35753363945612493,False,0.0,1.0032102728731942
Midazolam,2022-07-01,1,2,1.3058284217419778,0.7658724054654349,0.2737983941523544,0.35753363945612493,False,0.0,1.0
Pseudoephedrine,2022-07-01,1,2,1.3058284217419778,0.7658724054654349,0.2737983941523544,0.35753363945612493,False,0.0,1.0
Dextromethorphan,2022-07-01,2,6,3.9174852652259333,0.6332317170625809,0.2548121622164866,0.3327408925857232,False,0.0,1.0
Oxymorphone,2022-07-01,1,3,1.9587426326129667,0.676721303405584,0.2419269904998547,0.31591505384590723,False,0.0,1.0
Phenobarbital,2022-07-01,1,3,1.9587426326129667,0.676721303405584,0.2419269904998547,0.31591505384590723,False,0.0,1.0
Lamotrigine,2022-07-01,2,8,5.223313686967911,0.5400458392846631,0.2173142063105827,0.2837749984088286,False,0.0,1.0
Hydroxychloroquine,2022-07-01,1,4,2.6116568434839555,0.6061613135865879,0.21670188542232288,0.2829753960202316,False,0.0,1.0
Paroxetine,2022-07-01,1,5,3.2645710543549447,0.5489261914135442,0.1962404032899699,0.2562562134891195,False,0.0,1.0
Buprenorphine,2022-07-01,1,5,3.2645710543549447,0.5489261914135442,0.1962404032899699,0.2562562134891195,False,0.0,1.1345586566825503
Pentobarbital,2022-07-01,2,10,6.529142108709889,0.47076799423865534,0.18943683217689358,0.2473719345283413,False,0.0,1.0
Clozapine,2022-07-01,1,6,3.9174852652259333,0.5015670921841938,0.17930958658347435,0.2341474746956431,False,0.0,1.0
Mirtazapine,2022-07-01,1,6,3.9174852652259333,0.5015670921841938,0.17930958658347435,0.2341474746956431,False,0.0,1.0
Flualprazolam,2022-07-01,3,20,13.058284217419779,0.384080096507616,0.15560460962550116,0.2031928640253382,False,0.0,1.0
Etizolam,2022-07-01,6,39,25.463654223968568,0.3017739121763254,0.15556222487290836,0.20313754365794826,False,0.0,1.0
para-Fluorofentanyl,2022-10-01,133,60,36.09241994325092,3.4635229457285437,2.943049645160158,3.5407260686274125,True,-2.2613487524207585,10000.0
Acetyl fentanyl,2022-10-01,42,16,9.624645318200244,3.517081840800775,2.636627753687518,3.1720757171735454,True,-0.4382954335934059,10000.0
Ketamine,2022-10-01,18,8,3.7320057443769676,3.026265792603598,1.9657582712930155,2.364965547672911,False,1.6350376136227691,6.939625260235947
Mitragynine,2022-10-01,17,9,4.060817259370841,2.741192546828849,1.7602173173026388,2.117683230165388,True,3.606524052461434,48.30917874396136
Cocaine,2022-10-01,619,1032,465.5922172679368,1.325806163367636,1.2296202597930475,1.4793323574141508,False,15.802078221137986,1.0
Tramadol,2022-10-01,24,23,12.177422211736086,1.7322147062898252,1.1879832907564878,1.4292396640034981,False,0.6423448277867406,1.1107408641563925
PCP,2022-10-01,105,172,77.59870287799168,1.3308315322197526,1.1080178215150633,1.3330348058693067,False,7.461253568299769,1.0
Amphetamine,2022-10-01,33,34,20.452371301175518,1.5041344231638885,1.0879818637872605,1.308929905758425,False,-0.9947974925947596,1.0
Fentanyl,2022-10-01,2309,3432,2064.486420753952,1.117903000873128,1.0752498346479464,1.2936122854263221,False,0.0,10000.0
Ethanol,2022-10-01,449,896,409.18425422272753,1.0947723856552545,1.002059363580642,1.2055582431976446,False,2.088755414427289,1.0
Methamphetamine,2022-10-01,2272,3675,2210.6607215241183,1.0273677216655426,0.9878562333849772,1.188470733577231,False,0.0,2.503128911138924
Alprazolam,2022-10-01,139,255,120.64921116240251,1.1423547994584753,0.9741438356553555,1.1719736066467397,False,1.4532625201811151,1.0
Doxylamine,2022-10-01,9,6,3.6092419943250915,1.708602470353555,0.9506127236842996,1.14366366867157,False,0.0,1.0
Carisoprodol,2022-10-01,4,1,0.6015403323875153,1.749259372601024,0.7868068459341355,0.9465919191882803,False,0.0,1.0
Benztropine,2022-10-01,4,1,0.6015403323875153,1.749259372601024,0.7868068459341355,0.9465919191882803,False,0.0,1.0390689941812137
Clonazepam,2022-10-01,22,42,19.263415909250813,1.0892430790602796,0.7353155805152076,0.8846439280581327,False,1.9612024329706408,1.0
Amlodipine,2022-10-01,6,5,3.0077016619375763,1.3772194769703106,0.6907035684217888,0.8309720079563608,False,0.0,1.0
Hydrocodone,2022-10-01,43,78,46.92014592622619,0.9061957898019788,0.6815798560036911,0.8199955336991899,False,-0.4382954335934059,1.0
Oxycodone,2022-10-01,52,98,58.950952573976494,0.875454463224435,0.6753404154016058,0.8124889858219975,False,-1.731946942810721,1.0
Olanzapine,2022-10-01,15,23,13.835427644912851,1.024467245750984,0.640953224665198,0.7711183969046332,False,-0.0806493069069091,1.0
MDMA,2022-10-01,25,52,27.32965920210631,0.8980621008805854,0.620371891452568,0.7463574084959124,False,0.6826461560938024,1.0
Heroin,2022-10-01,214,645,304.9537157043426,0.7021294506234989,0.6175604809055254,0.7429750719629552,False,1.461401493315943,1.0
Oxymorphone,2022-10-01,4,3,1.8046209971625458,1.3054250569867398,0.587172713080208,0.7064160286714941,False,0.0,1.0774701002047191
Trazodone,2022-10-01,11,18,10.206403522307358,1.0030894538772233,0.5856111018551647,0.7045373526893491,False,0.2917603999757693,1.0
Duloxetine,2022-10-01,5,5,3.0077016619375763,1.209196646051414,0.5776462833715175,0.6949549876487988,False,0.0,1.0
Bupropion,2022-10-01,6,7,4.210782326712607,1.1454128963112802,0.5744478552822504,0.6911070350254657,False,0.0,1.0
Codeine,2022-10-01,12,21,12.63234698013782,0.9109981003351554,0.5426346785287379,0.6528332568628074,False,-0.580451941818996,1.0
Acryl fentanyl,2022-10-01,2,0,0.0,1.4283219498463948,0.5361981362591683,0.6450894501208926,False,0.0,1.0
Valproate,2022-10-01,2,0,0.0,1.4283219498463948,0.5361981362591683,0.6450894501208926,False,0.0,1.0
Topiramate,2022-10-01,2,0,0.0,1.4283219498463948,0.5361981362591683,0.6450894501208926,False,0.0,1.0
Baclofen,2022-10-01,2,0,0.0,1.4283219498463948,0.5361981362591683,0.6450894501208926,False,0.0,1.0
Diazepam,2022-10-01,21,45,27.069314957438188,0.7725632353775732,0.517033141633219,0.622032558891119,False,-0.8976526124826182,1.0
Lorazepam,2022-10-01,14,29,17.057877515591848,0.8093598726465422,0.4989234308675305,0.6002451085572906,False,0.1113863834063458,1.0
Quetiapine,2022-10-01,14,30,18.04620997162546,0.7712381498560468,0.47542359924995653,0.5719729174043716,False,-1.16226028935164,1.0
Hydromorphone,2022-10-01,6,10,6.0154033238751525,0.9145214856710161,0.4586511185137586,0.5517942432233732,False,0.0,1.0
Cyclobenzaprine,2022-10-01,5,8,4.812322659100122,0.9276058626232951,0.44312732815436023,0.5331178653941168,False,0.0,1.0
Gabapentin,2022-10-01,9,20,12.030806647750305,0.7472663525517059,0.415755516594692,0.5001873950985106,False,0.0,1.0
Acetaminophen,2022-10-01,3,4,2.406161329550061,0.971695807069211,0.4046117845029971,0.48678054157662637,False,0.0,1.0
"1,1-Difluoroethane",2022-10-01,3,4,2.406161329550061,0.971695807069211,0.4046117845029971,0.48678054157662637,False,0.0,1.0
Morphine,2022-10-01,39,123,73.98946088366438,0.5353227945230967,0.3970854982621312,0.47772587956246104,False,-0.8958709836651736,1.0
Chlordiazepoxide,2022-10-01,4,7,4.210782326712607,0.8659800392145441,0.38951286125349277,0.4686153379573065,False,0.0,1.0
Fluoxetine,2022-10-01,6,13,7.820024321037698,0.761099633526187,0.38170694039087116,0.45922420329857505,False,0.0,1.0
Methadone,2022-10-01,18,74,33.51675132364592,0.553638974109685,0.35962485361537744,0.4326576970331971,False,2.5182127982406324,1.0
MMC,2022-10-01,1,0,0.0,1.0895035055490414,0.3523073771369939,0.42385407884753346,False,0.0,1.0
Meprobamate,2022-10-01,1,0,0.0,1.0895035055490414,0.3523073771369939,0.42385407884753346,False,0.0,1.0
Lacosamide,2022-10-01,1,0,0.0,1.0895035055490414,0.3523073771369939,0.42385407884753346,False,0.0,1.0
Levodopa,2022-10-01,1,0,0.0,1.0895035055490414,0.3523073771369939,0.42385407884753346,False,0.0,1.0
Eszopiclone,2022-10-01,1,0,0.0,1.0895035055490414,0.3523073771369939,0.42385407884753346,False,0.0,1.0
Dipyrone,2022-10-01,1,0,0.0,1.0895035055490414,0.3523073771369939,0.42385407884753346,False,0.0,1.0
Carbidopa,2022-10-01,1,0,0.0,1.0895035055490414,0.3523073771369939,0.42385407884753346,False,0.0,1.0
Benzylfentanyl,2022-10-01,1,0,0.0,1.0895035055490414,0.3523073771369939,0.42385407884753346,False,0.0,1.0
Chlorpheniramine,2022-10-01,1,0,0.0,1.0895035055490414,0.3523073771369939,0.42385407884753346,False,0.0,1.0
Deoxymethoxetamine,2022-10-01,1,0,0.0,1.0895035055490414,0.3523073771369939,0.42385407884753346,False,0.0,1.0
Carbon monoxide,2022-10-01,1,0,0.0,1.0895035055490414,0.3523073771369939,0.42385407884753346,False,0.0,1.0
Chlorpromazine,2022-10-01,1,0,0.0,1.0895035055490414,0.3523073771369939,0.42385407884753346,False,0.0,1.0
Propoxyphene,2022-10-01,1,0,0.0,1.0895035055490414,0.3523073771369939,0.42385407884753346,False,0.0,1.0
Ondansetron,2022-10-01,1,0,0.0,1.0895035055490414,0.3523073771369939,0.42385407884753346,False,0.0,1.0
Hydroxyzine,2022-10-01,5,13,7.820024321037698,0.6682443427211752,0.31922753194645936,0.38405643929723154,False,0.0,1.0
Temazepam,2022-10-01,4,10,6.0154033238751525,0.691416479222795,0.31099517187966597,0.3741522407762629,False,0.0,1.0
Diphenhydramine,2022-10-01,10,38,19.889386618876365,0.5337875374626091,0.30467848152056837,0.3665527747498805,False,0.7056094609354164,1.0
Sertraline,2022-10-01,5,14,8.421564653425214,0.6328547088725469,0.3023215220519614,0.3637171483635528,False,0.0,1.0
Memantine,2022-10-01,1,1,0.6015403323875153,0.9042921676186579,0.29241649991636093,0.3518005532304651,False,0.0,1.0
Pseudoephedrine,2022-10-01,1,1,0.6015403323875153,0.9042921676186579,0.29241649991636093,0.3518005532304651,False,0.0,1.0
Clonazolam,2022-10-01,1,1,0.6015403323875153,0.9042921676186579,0.29241649991636093,0.3518005532304651,False,0.0,1.0
Metoprolol,2022-10-01,1,1,0.6015403323875153,0.9042921676186579,0.29241649991636093,0.3518005532304651,False,0.0,1.0
Flubromazolam,2022-10-01,2,5,3.0077016619375763,0.7056689477272516,0.2649111249939221,0.3187094036645571,False,0.0,1.0
Buprenorphine,2022-10-01,2,5,3.0077016619375763,0.7056689477272516,0.2649111249939221,0.3187094036645571,False,0.0,1.0
Citalopram,2022-10-01,8,30,18.04620997162546,0.4854138143324327,0.2622588221606402,0.3155185029926426,False,0.0,1.0
Hydroxychloroquine,2022-10-01,1,2,1.2030806647750305,0.7729018703287515,0.24992946726002296,0.3006852447615474,False,0.0,1.0
Chlorcyclizine,2022-10-01,1,2,1.2030806647750305,0.7729018703287515,0.24992946726002296,0.3006852447615474,False,0.0,1.0
Propranolol,2022-10-01,1,2,1.2030806647750305,0.7729018703287515,0.24992946726002296,0.3006852447615474,False,0.0,1.0
Midazolam,2022-10-01,1,2,1.2030806647750305,0.7729018703287515,0.24992946726002296,0.3006852447615474,False,0.0,1.0
Ephedrine,2022-10-01,1,2,1.2030806647750305,0.7729018703287515,0.24992946726002296,0.3006852447615474,False,0.0,1.0
Promethazine,2022-10-01,1,1,0.6015403323875153,0.8418245220024331,0.2479908426701653,0.2983529080231386,False,0.0,1.0
GHB,2022-10-01,2,6,3.6092419943250915,0.6408244988957649,0.24056824304497818,0.2894229600190037,False,0.0,1.0
Mirtazapine,2022-10-01,2,6,3.6092419943250915,0.6408244988957649,0.24056824304497818,0.2894229600190037,False,0.0,1.0
Zolpidem,2022-10-01,2,7,4.210782326712607,0.5868943380261454,0.22032263122786866,0.2650658612954307,False,0.0,1.0
Clozapine,2022-10-01,1,3,1.8046209971625458,0.6748488377060693,0.21822254152028714,0.26253926814694134,False,0.0,1.0
Levamisole,2022-10-01,1,4,2.406161329550061,0.5988736352303307,0.19365481486741074,0.2329823201700869,False,0.0,1.4806040864672787
Lamotrigine,2022-10-01,2,9,5.413862991487637,0.5023425875675922,0.18858154441043076,0.226878781234772,False,0.0,1.0
Pentobarbital,2022-10-01,2,10,6.0154033238751525,0.4685886492740481,0.1759101723809302,0.21163410141306752,False,0.0,1.0
Doxepin,2022-10-01,1,6,3.6092419943250915,0.48881174028287366,0.15806464252360955,0.19016448353510018,False,0.0,1.0
Dextromethorphan,2022-10-01,1,6,3.6092419943250915,0.48881174028287366,0.15806464252360955,0.19016448353510018,False,0.0,1.0
Paroxetine,2022-10-01,1,6,3.6092419943250915,0.48881174028287366,0.15806464252360955,0.19016448353510018,False,0.0,1.0
Venlafaxine,2022-10-01,1,6,3.6092419943250915,0.48881174028287366,0.15806464252360955,0.19016448353510018,False,0.0,1.0
Flualprazolam,2022-10-01,3,19,11.42926631536279,0.3940850263414508,0.14917548574982076,0.179470122873216,False,0.0,1.0
Amitriptyline,2022-10-01,1,10,6.0154033238751525,0.35743270352980927,0.1155812511315537,0.13905354845029733,False,0.0,1.0
Etizolam,2022-10-01,2,38,22.85853263072558,0.16262500915974243,0.06105012026872629,0.07344821331891303,False,0.0,1.0
para-Fluorofentanyl,2023-01-01,152,77,45.2478813559322,3.225914142472692,2.7672375351658864,3.2522502721239652,True,-0.4513430460368414,10000.0
Acetyl fentanyl,2023-01-01,41,19,9.281473470516225,3.6585242341790365,2.7231187185912598,3.200398754061951,True,0.9838589737558798,10000.0
Mitragynine,2023-01-01,21,8,3.525813158508181,3.8391380811330205,2.548525444981566,2.995204564194557,True,4.633687174333889,46.08294930875576
Ketamine,2023-01-01,21,11,5.242645905008866,2.969408801855551,1.9711752294795593,2.3166623757430185,True,1.1645033624409504,15.15151515151515
Tramadol,2023-01-01,30,25,14.390252350924257,1.8834432989943182,1.3346473489587325,1.5685704921076855,False,0.1027665044433833,1.020512297173181
Cocaine,2023-01-01,664,1056,465.40677966101697,1.4227920879209337,1.3225261720881742,1.5543248644796053,False,15.493901320998893,1.0
PCP,2023-01-01,117,185,81.5343316640987,1.4129097289358734,1.1861823008921861,1.394084046450051,False,7.889153145046261,1.0
Fentanyl,2023-01-01,2390,3726,2189.5273497688754,1.0910810519816896,1.0499629265602786,1.2339895563397223,False,0.0,238.0952380952381
Methamphetamine,2023-01-01,2358,3870,2274.1467642526964,1.0364675689988159,0.9971476504446939,1.171917365502539,False,0.0,1.0011012113324658
Amlodipine,2023-01-01,8,5,2.938174114021572,1.802753696088994,0.94939819666428,1.1157988106476404,False,0.0,1.0
Alprazolam,2023-01-01,129,267,117.85643788874673,1.085767756214341,0.9191960624613374,1.08030322603081,False,2.830031851118297,1.0
Ethanol,2023-01-01,448,928,462.6519673593474,0.9666931118622676,0.8843207555909548,1.0393153397794115,False,0.8531315595914457,1.0
Amphetamine,2023-01-01,28,39,22.91775808936826,1.1682587314842534,0.8181104555028749,0.9615003655150467,False,-0.2173869642034153,1.0
Benztropine,2023-01-01,4,1,0.5876348228043143,1.8857736209801021,0.803573393948902,0.9444153033790216,False,0.0,1.0009008107296566
Doxylamine,2023-01-01,8,7,4.113443759630201,1.4742289494982694,0.7763846548535044,0.9124612552631822,False,0.0,1.0
Hydrocodone,2023-01-01,42,82,48.18605546995378,0.861051423164955,0.6431482745930229,0.7558726339373839,False,-0.6588482372572522,1.0
Oxycodone,2023-01-01,46,92,54.06240369799692,0.8422569621502387,0.637259825227274,0.7489521191666147,False,-0.0074671149625357,1.0
Heroin,2023-01-01,194,635,280.0211789717692,0.6923882741793449,0.6045479049181023,0.7105067998079487,False,3.135408280516893,1.0
Metoprolol,2023-01-01,3,1,0.5876348228043143,1.5446404269466028,0.5990942153763535,0.7040971296371246,False,0.0,1.0116337885685385
Oxymorphone,2023-01-01,4,3,1.762904468412943,1.3450378015707405,0.5731528849343122,0.6736090969447925,False,0.0,1.0
Diazepam,2023-01-01,20,47,22.400396139583336,0.8693153673982335,0.5714783225906743,0.6716411048978801,False,1.1645033624409504,1.0
Duloxetine,2023-01-01,5,5,2.938174114021572,1.2345523515214194,0.5649296312354757,0.6639445723726282,False,0.0,1.0
Flecainide,2023-01-01,2,0,0.0,1.5069270289216532,0.5121653135962048,0.601932210703662,False,0.0,1.0
Acryl fentanyl,2023-01-01,2,0,0.0,1.5069270289216532,0.5121653135962048,0.601932210703662,False,0.0,1.0
Carbon monoxide,2023-01-01,2,0,0.0,1.5069270289216532,0.5121653135962048,0.601932210703662,False,0.0,1.0
Topiramate,2023-01-01,2,0,0.0,1.5069270289216532,0.5121653135962048,0.601932210703662,False,0.0,1.0
Valproate,2023-01-01,2,0,0.0,1.5069270289216532,0.5121653135962048,0.601932210703662,False,0.0,1.0
Chlordiazepoxide,2023-01-01,4,4,2.3505392912172574,1.1763776956782643,0.5012827663750347,0.5891423370484538,False,0.0,1.0
Carisoprodol,2023-01-01,3,2,1.1752696456086287,1.2861163914278895,0.4988247600953115,0.5862534972419025,False,0.0,1.0
Trazodone,2023-01-01,10,19,11.165061633281972,0.8522690376056669,0.47696537062290495,0.5605628869093809,False,-1.1179941516709964,1.0
Lorazepam,2023-01-01,13,32,18.80431432973806,0.6861415012965854,0.410168095370455,0.4820580880519666,False,-0.4261385589743099,1.0
Nortriptyline,2023-01-01,2,1,0.5876348228043143,1.204017541611155,0.40921425519580973,0.4809369782679965,False,0.0,1.0
Hydromorphone,2023-01-01,5,9,5.288713405238829,0.8539535613167866,0.3907680949231446,0.45925782468918996,False,0.0,1.0
MDMA,2023-01-01,17,58,28.456316584631022,0.6009352663348839,0.3818655142179743,0.44879493024105477,False,0.954823536824,1.0
Clonazepam,2023-01-01,13,47,21.140074444862435,0.6178729065042111,0.36935785514057307,0.4340950535832145,False,1.868522057897856,1.0
Quetiapine,2023-01-01,11,31,17.186178996604205,0.6406048437269292,0.3674595176030844,0.43186399134596515,False,0.2875075214172525,1.0
Fluoxetine,2023-01-01,6,13,7.6392526964560865,0.7528348301815904,0.3644490329714029,0.4283258410120296,False,0.0,1.0
Bupropion,2023-01-01,5,10,5.876348228043144,0.7928470727325972,0.36280584122088677,0.4263946401153021,False,0.0,1.0
Codeine,2023-01-01,9,23,13.51560092449923,0.6628393375774816,0.3606463948150443,0.4238567300202025,False,0.0,1.0
Midazolam,2023-01-01,2,2,1.1752696456086287,1.0025030219452804,0.340724709797771,0.4004433104391106,False,0.0,1.0
Mirtazapine,2023-01-01,3,5,2.938174114021572,0.8562092236262167,0.3320837549489292,0.3902878839999879,False,0.0,1.0
Diphenhydramine,2023-01-01,11,35,19.403750480037008,0.5752589703638005,0.3299762495034084,0.3878110464645073,False,0.2875075214172525,1.0
Temazepam,2023-01-01,5,12,7.051617873651772,0.6935851154970518,0.31738369219036405,0.37301137287058445,False,0.0,1.0
Eszopiclone,2023-01-01,1,0,0.0,1.081945538950643,0.2999724998248416,0.3525484458955818,False,0.0,1.0
Dipyrone,2023-01-01,1,0,0.0,1.081945538950643,0.2999724998248416,0.3525484458955818,False,0.0,1.0
MMC,2023-01-01,1,0,0.0,1.081945538950643,0.2999724998248416,0.3525484458955818,False,0.0,1.0
Chlorpromazine,2023-01-01,1,0,0.0,1.081945538950643,0.2999724998248416,0.3525484458955818,False,0.0,1.0
Deoxymethoxetamine,2023-01-01,1,0,0.0,1.081945538950643,0.2999724998248416,0.3525484458955818,False,0.0,1.0
Benzylfentanyl,2023-01-01,1,0,0.0,1.081945538950643,0.2999724998248416,0.3525484458955818,False,0.0,1.0
Carbidopa,2023-01-01,1,0,0.0,1.081945538950643,0.2999724998248416,0.3525484458955818,False,0.0,1.0
Clobazam,2023-01-01,1,0,0.0,1.081945538950643,0.2999724998248416,0.3525484458955818,False,0.0,1.0
Meprobamate,2023-01-01,1,0,0.0,1.081945538950643,0.2999724998248416,0.3525484458955818,False,0.0,1.0
Levodopa,2023-01-01,1,0,0.0,1.081945538950643,0.2999724998248416,0.3525484458955818,False,0.0,1.0
Ondansetron,2023-01-01,1,0,0.0,1.081945538950643,0.2999724998248416,0.3525484458955818,False,0.0,1.0
Propoxyphene,2023-01-01,1,0,0.0,1.081945538950643,0.2999724998248416,0.3525484458955818,False,0.0,1.0
Lacosamide,2023-01-01,1,0,0.0,1.081945538950643,0.2999724998248416,0.3525484458955818,False,0.0,1.0
Paroxetine,2023-01-01,3,6,3.525808936825886,0.7703723582405486,0.298791625194015,0.35116066083835024,False,0.0,1.0
GHB,2023-01-01,3,6,3.525808936825886,0.7703723582405486,0.298791625194015,0.35116066083835024,False,0.0,1.0
Sertraline,2023-01-01,5,13,7.6392526964560865,0.6527255251710321,0.2986863941236887,0.35103700843111024,False,0.0,1.0
Morphine,2023-01-01,28,119,69.92854391371341,0.40826021045415056,0.28589723982974274,0.3360063396687712,False,-0.7516592884799587,1.0
Clozapine,2023-01-01,1,1,0.5876348228043143,0.8644621690120584,0.23967461254478312,0.2816821915276644,False,0.0,1.0
Chlorpheniramine,2023-01-01,1,1,0.5876348228043143,0.8644621690120584,0.23967461254478312,0.2816821915276644,False,0.0,1.0
Loperamide,2023-01-01,1,1,0.5876348228043143,0.8644621690120584,0.23967461254478312,0.2816821915276644,False,0.0,1.0
Pseudoephedrine,2023-01-01,1,1,0.5876348228043143,0.8644621690120584,0.23967461254478312,0.2816821915276644,False,0.0,1.0
Baclofen,2023-01-01,1,1,0.5876348228043143,0.8644621690120584,0.23967461254478312,0.2816821915276644,False,0.0,1.0
Hydroxyzine,2023-01-01,4,13,7.6392526964560865,0.5526665075903933,0.23550446155646218,0.2767812020713154,False,0.0,1.0
Cyclobenzaprine,2023-01-01,3,9,5.288713405238829,0.5922494212957667,0.22970601841599506,0.26996645814552156,False,0.0,1.0
Gabapentin,2023-01-01,6,23,13.51560092449923,0.47374707398831006,0.22934202306557067,0.2695386885613304,False,0.0,1.0
"1,1-Difluoroethane",2023-01-01,2,5,2.938174114021572,0.6673986427851472,0.22683144479818595,0.2665880425933603,False,0.0,1.0
Buprenorphine,2023-01-01,2,5,2.938174114021572,0.6673986427851472,0.22683144479818595,0.2665880425933603,False,0.0,1.0
Olanzapine,2023-01-01,7,31,18.216679506933744,0.4139875633456089,0.20982485305321294,0.24660075698416736,False,0.0,1.0
Ephedrine,2023-01-01,1,2,1.1752696456086287,0.7197784972736241,0.19956065011991947,0.2345374848765035,False,0.0,1.0
Nitrous oxide,2023-01-01,1,2,1.1752696456086287,0.7197784972736241,0.19956065011991947,0.2345374848765035,False,0.0,1.0
Hydroxychloroquine,2023-01-01,1,2,1.1752696456086287,0.7197784972736241,0.19956065011991947,0.2345374848765035,False,0.0,1.0
Promethazine,2023-01-01,1,1,0.5876348228043143,0.7823209363021325,0.18916439519815095,0.2223190652866949,False,0.0,1.0
Citalopram,2023-01-01,6,31,18.216679506933744,0.36538413916207696,0.1768832828159494,0.20788552984929715,False,0.0,1.0
Doxepin,2023-01-01,1,3,1.762904468412943,0.6165821190905935,0.1709491586704911,0.20091127916023444,False,0.0,1.0
Lamotrigine,2023-01-01,2,9,5.288713405238829,0.4616470473058575,0.15690182750478707,0.1844019058579824,False,0.0,1.0
Methadone,2023-01-01,10,70,41.13443759630201,0.2646946761655169,0.14813420263849802,0.17409761965554915,False,0.0,1.0
Zolpidem,2023-01-01,1,5,2.938174114021572,0.479179794644619,0.132853970639328,0.15613917720197285,False,0.0,1.0
Levamisole,2023-01-01,1,5,2.938174114021572,0.479179794644619,0.132853970639328,0.15613917720197285,False,0.0,1.912777352716144
Acetaminophen,2023-01-01,1,6,3.525808936825886,0.4311409620865639,0.11953506670902198,0.1404858795181117,False,0.0,1.0
Flubromazolam,2023-01-01,1,6,3.525808936825886,0.4311409620865639,0.11953506670902198,0.1404858795181117,False,0.0,1.0
Amitriptyline,2023-01-01,1,8,4.701078582434515,0.3591331744945181,0.09957070133829182,0.11702237578229491,False,0.0,1.0
Flualprazolam,2023-01-01,2,18,10.577426810477657,0.3014504284000503,0.09139165469765985,0.10740980065987171,False,0.0,1.0
Etizolam,2023-01-01,3,34,19.97958397534669,0.20235351892977066,0.07848352311451309,0.09223928326449403,False,0.0,1.0
Acetyl fentanyl,2023-04-01,55,33,13.611460163129644,3.270058627459065,2.538194727376691,2.7917796111055373,True,4.236902104435439,10000.0
Ketamine,2023-04-01,21,13,5.9437526677711,2.3746105421528756,1.5909669917007216,1.7499165876927263,False,0.983308835823936,1.9131432944327529
Mitragynine,2023-04-01,17,10,4.125096299708613,2.4137879068952945,1.5534032157095912,1.7085998640208828,True,3.5970158241169536,10.834236186348864
para-Fluorofentanyl,2023-04-01,102,131,54.56928300375637,1.7863211700624189,1.4817877116144123,1.629829633435733,False,2.1730397798801824,10000.0
Cocaine,2023-04-01,633,1076,443.81274238227144,1.4194131458161987,1.316822377633023,1.4483830226531256,False,11.97187741552987,1.0
Tramadol,2023-04-01,27,28,15.383314909335263,1.5286904825413405,1.0703674519760096,1.1773053210702962,False,0.0050112192855484,1.0009008107296566
PCP,2023-04-01,109,207,85.38033240997228,1.2489959512110198,1.0423599968911237,1.1464997422237908,False,8.912878153598745,1.0
Fentanyl,2023-04-01,2354,3987,2192.665927977839,1.072825425679602,1.0319764271472658,1.1350787809662137,False,0.0,181.81818181818184
Methamphetamine,2023-04-01,2333,4061,2233.3625115420127,1.0439254710833972,1.004001329646546,1.1043087568577854,False,0.0,1.0256410256410258
Amphetamine,2023-04-01,32,46,25.29787626962142,1.1822900817679478,0.8508771835464628,0.9358863240329388,False,-0.418982423196177,1.0047221943132725
Ethanol,2023-04-01,431,947,462.8771069503803,0.9288149841569612,0.8480462274084059,0.9327725446129939,False,0.590163785595606,1.0
Alprazolam,2023-04-01,106,286,118.08802423750463,0.8898810680599533,0.7407862492892426,0.814796473178687,False,2.955048932092899,1.0
Hydrocodone,2023-04-01,41,80,43.99630655586334,0.9093272354963795,0.678950983551632,0.746783391776443,False,-1.1237559391409015,1.0
Diazepam,2023-04-01,21,47,20.614597217110386,0.9605907510953154,0.6435868747302403,0.7078861383925783,False,1.3101430896545514,1.0
Heroin,2023-04-01,180,595,245.89916816076644,0.7308834167478233,0.6348514903539959,0.6982780208760752,False,2.7535473966167454,1.0
Oxycodone,2023-04-01,34,98,43.83161936236288,0.766185607799988,0.5565945687671955,0.612202638484598,False,1.1428920533580729,1.0
Buprenorphine,2023-04-01,5,5,2.749769159741459,1.1329050155481684,0.5516067308255902,0.6067164722393269,False,0.0,1.0017028949213664
Chlordiazepoxide,2023-04-01,4,3,1.6498614958448752,1.1765283835535667,0.5424441570926167,0.5966384838465543,False,0.0,1.0
Temazepam,2023-04-01,6,9,4.949584487534626,0.9664765613784897,0.4920591576657216,0.5412196578752098,False,0.0,1.0
Doxylamine,2023-04-01,6,10,5.499538319482918,0.9106576692217683,0.4636402614875308,0.5099615015132263,False,0.0,1.0
Valproate,2023-04-01,2,0,0.0,1.1629905733001,0.4575948046782095,0.5033120475861387,False,0.0,1.0
Flecainide,2023-04-01,2,0,0.0,1.1629905733001,0.4575948046782095,0.5033120475861387,False,0.0,1.0
Metoclopramide,2023-04-01,2,0,0.0,1.1629905733001,0.4575948046782095,0.5033120475861387,False,0.0,1.0
Duloxetine,2023-04-01,4,5,2.749769159741459,0.9854483106099644,0.45434575627713925,0.49973840604366737,False,0.0,1.0
Hydromorphone,2023-04-01,5,8,4.399630655586334,0.9109771927235844,0.443550998749696,0.48786517185418293,False,0.0,1.0
Methadone,2023-04-01,21,61,33.5471837488458,0.6299284931548853,0.42204623535132785,0.46421190317402783,False,-0.2038928968484718,1.339405304045004
Nortriptyline,2023-04-01,2,1,0.5499538319482917,1.0231156934636785,0.4025590891809532,0.44277786656218676,False,0.0,1.0
Oxymorphone,2023-04-01,3,4,2.199815327793167,0.9121308722673457,0.39265035877714766,0.43187918130902225,False,0.0,1.0
MDMA,2023-04-01,17,52,28.59759926131117,0.6029051046860292,0.3880020799307251,0.42676647915327215,False,-0.2134397070022409,1.0
Sertraline,2023-04-01,6,14,7.699353647276084,0.7397585350306777,0.37663092533153786,0.4142592772843848,False,0.0,1.0
Morphine,2023-04-01,30,107,58.845060018467215,0.519590835875695,0.37014167688177646,0.4071216783214869,False,-1.3059711700504084,1.0
Trazodone,2023-04-01,8,22,12.098984302862418,0.6618395386407585,0.36114670264084575,0.3972280576064249,False,0.0,1.0
Metoprolol,2023-04-01,2,2,1.0999076638965835,0.9132745856674207,0.35934057871182584,0.39524150971903493,False,0.0,1.0
Midazolam,2023-04-01,2,2,1.0999076638965835,0.9132745856674207,0.35934057871182584,0.39524150971903493,False,0.0,1.0
Gabapentin,2023-04-01,7,19,10.449122807017543,0.6682398650095724,0.35318547333245004,0.3884714435698892,False,0.0,1.0
Clonazepam,2023-04-01,11,46,18.975630920098343,0.5943264927048945,0.3489869215119591,0.38385341534395323,False,3.573972805025498,1.0
Codeine,2023-04-01,8,24,13.198891966759001,0.6195690629868962,0.3380809261041274,0.37185783410055145,False,0.0,1.0
Paroxetine,2023-04-01,3,6,3.2997229916897504,0.7751177754376327,0.3336695225144467,0.3670057185290317,False,0.0,1.0
Lorazepam,2023-04-01,10,33,18.148476454293625,0.571414083002125,0.3284054937878263,0.36121574746389895,False,-0.5106456835506279,1.0
Eszopiclone,2023-04-01,1,0,0.0,0.9153815440710262,0.31794828398949065,0.34971382328197137,False,0.0,1.0
Fluvoxamine,2023-04-01,1,0,0.0,0.9153815440710262,0.31794828398949065,0.34971382328197137,False,0.0,1.0
Benazepril,2023-04-01,1,0,0.0,0.9153815440710262,0.31794828398949065,0.34971382328197137,False,0.0,1.0
Chlorpromazine,2023-04-01,1,0,0.0,0.9153815440710262,0.31794828398949065,0.34971382328197137,False,0.0,1.0
Clobazam,2023-04-01,1,0,0.0,0.9153815440710262,0.31794828398949065,0.34971382328197137,False,0.0,1.0
Carbidopa,2023-04-01,1,0,0.0,0.9153815440710262,0.31794828398949065,0.34971382328197137,False,0.0,1.0
Propoxyphene,2023-04-01,1,0,0.0,0.9153815440710262,0.31794828398949065,0.34971382328197137,False,0.0,1.0
Vancomycin,2023-04-01,1,0,0.0,0.9153815440710262,0.31794828398949065,0.34971382328197137,False,0.0,1.0
Ondansetron,2023-04-01,1,0,0.0,0.9153815440710262,0.31794828398949065,0.34971382328197137,False,0.0,1.0
Dipyrone,2023-04-01,1,0,0.0,0.9153815440710262,0.31794828398949065,0.34971382328197137,False,0.0,1.0
Meprobamate,2023-04-01,1,0,0.0,0.9153815440710262,0.31794828398949065,0.34971382328197137,False,0.0,1.0
Levodopa,2023-04-01,1,0,0.0,0.9153815440710262,0.31794828398949065,0.34971382328197137,False,0.0,1.0
Lacosamide,2023-04-01,1,0,0.0,0.9153815440710262,0.31794828398949065,0.34971382328197137,False,0.0,1.0
Quetiapine,2023-04-01,10,37,20.348291782086793,0.5198360215164572,0.2987623343791062,0.3286110093539142,False,0.0,1.0
Fluoxetine,2023-04-01,5,16,8.799261311172668,0.5983899373998074,0.29135356680217933,0.3204620657587806,False,0.0,1.0
Cyclobenzaprine,2023-04-01,3,8,4.399630655586334,0.673891165983956,0.29009390663711176,0.3190765688720637,False,0.0,1.0
Bupropion,2023-04-01,4,12,6.599445983379501,0.6283002656272182,0.2896809059207082,0.3186222990393278,False,0.0,1.0
Diphenhydramine,2023-04-01,9,34,18.69843028624192,0.5135921801024147,0.28810650939909793,0.3168905880133212,False,0.0,1.0
Topiramate,2023-04-01,1,1,0.5499538319482917,0.805287028757725,0.27970809611674635,0.3076531573657514,False,0.0,1.0
Ephedrine,2023-04-01,1,1,0.5499538319482917,0.805287028757725,0.27970809611674635,0.3076531573657514,False,0.0,1.0
Loperamide,2023-04-01,1,1,0.5499538319482917,0.805287028757725,0.27970809611674635,0.3076531573657514,False,0.0,1.0
Baclofen,2023-04-01,1,1,0.5499538319482917,0.805287028757725,0.27970809611674635,0.3076531573657514,False,0.0,1.0
Carbon monoxide,2023-04-01,1,1,0.5499538319482917,0.805287028757725,0.27970809611674635,0.3076531573657514,False,0.0,1.0
Chlorpheniramine,2023-04-01,1,1,0.5499538319482917,0.805287028757725,0.27970809611674635,0.3076531573657514,False,0.0,1.0
Acryl fentanyl,2023-04-01,1,1,0.5499538319482917,0.805287028757725,0.27970809611674635,0.3076531573657514,False,0.0,1.0
Lamotrigine,2023-04-01,2,5,2.749769159741459,0.6907870831732785,0.27179977865335575,0.2989547278244359,False,0.0,1.0
Amlodipine,2023-04-01,3,10,5.499538319482918,0.5960499439148476,0.256585136456895,0.2822200166898892,False,0.0,1.0
Mirtazapine,2023-04-01,2,6,3.2997229916897504,0.6389047928171453,0.2513859704361443,0.27650142462325233,False,0.0,1.0
Nitrous oxide,2023-04-01,1,2,1.0999076638965835,0.7188318801388502,0.24967879705181484,0.2746237054059915,False,0.0,1.0
GHB,2023-04-01,2,7,3.849676823638042,0.5942714133452883,0.23382434695402302,0.2571852603606045,False,0.0,1.0
MDA,2023-04-01,1,3,1.6498614958448752,0.6491405292012757,0.22547222921894633,0.24799871711358443,False,0.0,1.0
Doxepin,2023-04-01,1,3,1.6498614958448752,0.6491405292012757,0.22547222921894633,0.24799871711358443,False,0.0,1.0
Carisoprodol,2023-04-01,1,3,1.6498614958448752,0.6491405292012757,0.22547222921894633,0.24799871711358443,False,0.0,1.0009008107296566
Hydroxyzine,2023-04-01,3,14,7.699353647276084,0.4841918628900129,0.20843292827941406,0.2292570317606775,False,0.0,1.0
Benztropine,2023-04-01,1,4,2.199815327793167,0.5917681162583978,0.2055445167129696,0.22608007289104096,False,0.0,1.0
Citalopram,2023-04-01,5,27,14.848753462603877,0.40656758539529614,0.19795606300766527,0.217733431914847,False,0.0,1.0
Levamisole,2023-04-01,1,5,2.749769159741459,0.5437135616887822,0.18885326565787616,0.20772123647171742,False,0.0,1.0
Zolpidem,2023-04-01,1,5,2.749769159741459,0.5437135616887822,0.18885326565787616,0.20772123647171742,False,0.0,1.0
Olanzapine,2023-04-01,5,31,17.048568790397045,0.3641222951512214,0.17728962807344564,0.19500225957655715,False,0.0,1.0
"1,1-Difluoroethane",2023-04-01,1,6,3.2997229916897504,0.5028773828353499,0.17466924253087143,0.19212011874474436,False,0.0,1.0
Acetaminophen,2023-04-01,1,6,3.2997229916897504,0.5028773828353499,0.17466924253087143,0.19212011874474436,False,0.0,1.0
Amitriptyline,2023-04-01,1,7,3.849676823638042,0.4677467697796294,0.16246698849930177,0.17869876376659427,False,0.0,1.0
Pentobarbital,2023-04-01,1,8,4.399630655586334,0.4372040438300353,0.15185828946343696,0.1670301720258272,False,0.0,1.0
Etizolam,2023-04-01,2,26,14.298799630655585,0.2553452787976133,0.1004691488129079,0.11050683221930883,False,0.0,1.0
Acetyl fentanyl,2023-07-01,59,45,18.03655617322875,2.7506386986609677,2.154275742688218,2.2308275964824915,True,1.6622308092358755,10000.0
Cocaine,2023-07-01,631,1121,435.3129486719311,1.4418774666368361,1.3371790903307204,1.3846955044305844,False,11.51623937972036,1.0
Mitragynine,2023-07-01,16,14,5.439995682405193,1.921389643891119,1.2297188002801314,1.2734166494571324,False,3.10588613198945,10.1010101010101
PCP,2023-07-01,114,198,76.88846015793251,1.4394815270834147,1.2059455057735178,1.2487985569383646,False,9.049991893734065,1.0
para-Fluorofentanyl,2023-07-01,87,161,62.643515122233374,1.3429401579453175,1.0970659282877073,1.1360499612173622,False,2.7529053569904427,10000.0
Temazepam,2023-07-01,10,6,2.4775916322480867,1.8782677899146842,1.09330217620862,1.1321524764709028,False,1.3102950801807045,1.0347682119205297
Fentanyl,2023-07-01,2301,4204,2176.694185211773,1.0563963756046455,1.0155761114944024,1.0516644224506233,False,0.0,5.757052389176741
Methamphetamine,2023-07-01,2230,4204,2176.694185211773,1.0238473096396792,0.9836707104261657,1.0186252687744304,False,0.0,1.0656436487638534
Ketamine,2023-07-01,17,20,9.288345378824886,1.461903285923526,0.9464613478953132,0.9800936595507442,False,0.5419619110049269,1.2426991425375915
Amphetamine,2023-07-01,30,46,22.076953139153378,1.2485688897437017,0.8914683511630842,0.9231464992666938,False,0.3749238997206007,1.0
Ethanol,2023-07-01,452,924,478.4170854271357,0.9426469457740404,0.8622919126852275,0.8929332964293343,False,-0.4384988152731301,1.0
Tramadol,2023-07-01,21,33,17.08632447954056,1.1210924601192234,0.7543375050819079,0.7811427230917516,False,-0.2111312665756631,1.0049241282283188
Alprazolam,2023-07-01,93,280,108.87312982549325,0.84881586146609,0.6979429493347997,0.7227442165925544,False,2.884753358289936,1.0
Diazepam,2023-07-01,21,49,19.735738068458087,0.9991801262400403,0.6723076555837179,0.6961979558324459,False,1.591080397139235,1.0
Heroin,2023-07-01,162,538,209.3407170495008,0.7727356099549656,0.6659484547526854,0.6896128066626758,False,2.744866420908081,1.0
Hydromorphone,2023-07-01,7,8,4.1421392677674085,1.1798831423536054,0.6360355619682123,0.6586369055379159,False,0.0,1.0
Cyclobenzaprine,2023-07-01,6,6,3.1066044508255564,1.2086560469593743,0.6299771990798869,0.6523632540637941,False,0.0,1.0
Bromazolam,2023-07-01,4,2,1.0355348169418521,1.2978724360604978,0.6198973001465181,0.6419251533712792,False,0.0,9.293680297397769
Oxazepam,2023-07-01,3,0,0.0,1.3725285706892791,0.6181548565472011,0.6401207840205284,False,0.0,25.97402597402597
Metoclopramide,2023-07-01,3,0,0.0,1.3725285706892791,0.6181548565472011,0.6401207840205284,False,0.0,4.050222762251924
Methadone,2023-07-01,20,53,20.763031903579584,0.9193752867585689,0.6132625011557576,0.6350546406899517,False,2.218855591133511,1.0
Hydrocodone,2023-07-01,37,85,44.01022972002872,0.8294420273515952,0.6111325069493388,0.6328489703744797,False,-0.4119730909368608,1.0
Nortriptyline,2023-07-01,3,1,0.5177674084709261,1.234424101924053,0.5559558248467366,0.5757115123426748,False,0.0,1.0
Buprenorphine,2023-07-01,5,6,3.1066044508255564,1.0794844032741693,0.5407662945291543,0.5599822437056626,False,0.0,1.0
Oxymorphone,2023-07-01,4,4,2.0710696338837042,1.0972481104448546,0.5240739554653185,0.5426967352824525,False,0.0,1.0
MDMA,2023-07-01,21,55,28.477207465900932,0.7353452576469617,0.4947839065550686,0.5123659325880503,False,-0.2885956396974924,1.0
Sertraline,2023-07-01,7,13,6.730976310122038,0.9109741514667323,0.4910757138294729,0.5085259311925745,False,0.0,1.0
Trazodone,2023-07-01,9,19,9.837580760947596,0.8535167684481132,0.4858144517042524,0.503077721754987,False,0.0,1.0
Flecainide,2023-07-01,2,0,0.0,1.1568986909483705,0.4834964027455457,0.5006772369519115,False,0.0,1.0
Valproate,2023-07-01,2,0,0.0,1.1568986909483705,0.4834964027455457,0.5006772369519115,False,0.0,1.0
Oxycodone,2023-07-01,28,89,42.17340203156831,0.6697042666934624,0.4729786593783385,0.4897858468811335,False,0.4388332482868471,1.0
Morphine,2023-07-01,27,97,42.275284679669475,0.6469306724001843,0.4542258917136209,0.4703667026242186,False,0.9021512591052668,1.0
Clozapine,2023-07-01,2,1,0.5177674084709261,1.0404910018549676,0.43484676784757176,0.45029884433793477,False,0.0,1.0
Paroxetine,2023-07-01,3,4,2.0710696338837042,0.9481993203993778,0.42704685891185235,0.4422217845793939,False,0.0,1.0
Metoprolol,2023-07-01,2,2,1.0355348169418521,0.9453676639475249,0.39509238653895806,0.40913179920394793,False,0.0,1.0
Duloxetine,2023-07-01,3,6,3.1066044508255564,0.821250865074354,0.3698722354714677,0.3830154745540862,False,0.0,1.0
"1,1-Difluoroethane",2023-07-01,3,6,3.1066044508255564,0.821250865074354,0.3698722354714677,0.3830154745540862,False,0.0,1.0
Midazolam,2023-07-01,2,3,1.5533022254127782,0.8661801047597251,0.36199795890319375,0.37486136944599335,False,0.0,1.0
Meprobamate,2023-07-01,1,0,0.0,0.9414681942991311,0.35617908311525415,0.3688356962734084,False,0.0,1.0
Fluvoxamine,2023-07-01,1,0,0.0,0.9414681942991311,0.35617908311525415,0.3688356962734084,False,0.0,1.0
Levodopa,2023-07-01,1,0,0.0,0.9414681942991311,0.35617908311525415,0.3688356962734084,False,0.0,1.0
Lacosamide,2023-07-01,1,0,0.0,0.9414681942991311,0.35617908311525415,0.3688356962734084,False,0.0,1.0
Benazepril,2023-07-01,1,0,0.0,0.9414681942991311,0.35617908311525415,0.3688356962734084,False,0.0,1.0
Carbidopa,2023-07-01,1,0,0.0,0.9414681942991311,0.35617908311525415,0.3688356962734084,False,0.0,1.0
Dipyrone,2023-07-01,1,0,0.0,0.9414681942991311,0.35617908311525415,0.3688356962734084,False,0.0,1.0
Clobazam,2023-07-01,1,0,0.0,0.9414681942991311,0.35617908311525415,0.3688356962734084,False,0.0,1.0
Ondansetron,2023-07-01,1,0,0.0,0.9414681942991311,0.35617908311525415,0.3688356962734084,False,0.0,1.0
Metonitazene,2023-07-01,1,0,0.0,0.9414681942991311,0.35617908311525415,0.3688356962734084,False,0.0,1.0
Xylazine,2023-07-01,1,0,0.0,0.9414681942991311,0.35617908311525415,0.3688356962734084,False,0.0,1.0
Vancomycin,2023-07-01,1,0,0.0,0.9414681942991311,0.35617908311525415,0.3688356962734084,False,0.0,1.0
Propoxyphene,2023-07-01,1,0,0.0,0.9414681942991311,0.35617908311525415,0.3688356962734084,False,0.0,1.0
Bupropion,2023-07-01,4,11,5.695441493180187,0.7120235414005857,0.340080780430729,0.3521654022305925,False,0.0,1.0
Doxepin,2023-07-01,2,4,2.0710696338837042,0.7992333099319601,0.33401924760563473,0.34588844285370646,False,0.0,1.0
Chlorpheniramine,2023-07-01,1,1,0.5177674084709261,0.8467372228573182,0.32034017665503056,0.33172326505917304,False,0.0,1.0
Ephedrine,2023-07-01,1,1,0.5177674084709261,0.8467372228573182,0.32034017665503056,0.33172326505917304,False,0.0,1.0
Loperamide,2023-07-01,1,1,0.5177674084709261,0.8467372228573182,0.32034017665503056,0.33172326505917304,False,0.0,1.0
Baclofen,2023-07-01,1,1,0.5177674084709261,0.8467372228573182,0.32034017665503056,0.33172326505917304,False,0.0,1.0
Carbon monoxide,2023-07-01,1,1,0.5177674084709261,0.8467372228573182,0.32034017665503056,0.33172326505917304,False,0.0,1.0
Nitrous oxide,2023-07-01,1,1,0.5177674084709261,0.8467372228573182,0.32034017665503056,0.33172326505917304,False,0.0,1.0
Venlafaxine,2023-07-01,2,5,2.5888370423546303,0.7418926540756302,0.31005517792994086,0.3210728178257349,False,0.0,1.0
Fluoxetine,2023-07-01,4,13,6.730976310122038,0.6471121870019492,0.3090774458790636,0.320060373669292,False,0.0,1.0
Diphenhydramine,2023-07-01,8,32,16.568557071069634,0.535328378076439,0.2970761548344729,0.3076326501361382,False,0.0,1.0
Amlodipine,2023-07-01,3,10,5.177674084709261,0.6477929903008623,0.2917508542577108,0.30211807423879433,False,0.0,1.0
MDA,2023-07-01,1,2,1.0355348169418521,0.7693271627750368,0.2910541695536123,0.30139659023778265,False,0.0,1.0
Amitriptyline,2023-07-01,1,2,1.0355348169418521,0.7693271627750368,0.2910541695536123,0.30139659023778265,False,0.0,1.0
Mirtazapine,2023-07-01,2,6,3.1066044508255564,0.6922289787145182,0.2892995071248021,0.2995796016887574,False,0.0,1.0
Quetiapine,2023-07-01,8,34,17.604091888011485,0.5103936259724748,0.2832388157727677,0.29330360523232457,False,0.0,1.0
Gabapentin,2023-07-01,5,20,10.355348169418521,0.557243531910783,0.27915041568710675,0.28906990615106887,False,0.0,1.0
Codeine,2023-07-01,6,25,12.944185211773151,0.5320033936614997,0.2772914665698365,0.28714490752992,False,0.0,1.0
Carisoprodol,2023-07-01,1,3,1.5533022254127782,0.7048854195672726,0.26667437515474024,0.27615046980635155,False,0.0,1.0
Hydroxychloroquine,2023-07-01,1,3,1.5533022254127782,0.7048854195672726,0.26667437515474024,0.27615046980635155,False,0.0,1.0
Cannabis,2023-07-01,1,2,1.0355348169418521,0.7411198678352604,0.2554975470787528,0.26457645391540674,False,0.0,1.0
Hydroxyzine,2023-07-01,3,13,6.730976310122038,0.5592092892177655,0.25185482134092974,0.260804350598345,False,0.0,1.0
Zolpidem,2023-07-01,1,4,2.0710696338837042,0.6504050415240208,0.24606319443008115,0.2548068800362201,False,0.0,1.0
Lorazepam,2023-07-01,7,35,18.121859296482413,0.4548478322021529,0.2451932620951184,0.25390610957230675,False,0.0,1.0
Doxylamine,2023-07-01,3,14,7.248743718592965,0.534830480885352,0.24087517465864125,0.24943454653747232,False,0.0,1.0
Levamisole,2023-07-01,1,5,2.5888370423546303,0.6037420068509217,0.22840949459626714,0.23652586452336424,False,0.0,1.0
Clonazepam,2023-07-01,8,46,23.8173007896626,0.39891002467843667,0.22137189267308605,0.22923826002142725,False,0.0,1.0
Lamotrigine,2023-07-01,1,6,3.1066044508255564,0.5633263929944002,0.21311933782397985,0.22069237988703683,False,0.0,1.0
GHB,2023-07-01,1,7,3.6243718592964824,0.5279822765195463,0.19974784521726052,0.20684573850865565,False,0.0,1.0
Pentobarbital,2023-07-01,1,8,4.1421392677674085,0.49681142914557236,0.18795519634731894,0.1946340444957666,False,0.0,1.0
Citalopram,2023-07-01,3,22,11.390882986360374,0.39653461745742064,0.1785899432660209,0.18493603659804478,False,0.0,1.0
Olanzapine,2023-07-01,3,27,13.979720028715004,0.3413658666152898,0.15374322459583736,0.15920640174081524,False,0.0,1.0
Etizolam,2023-07-01,2,21,10.873115577889447,0.3454015936284518,0.14435181691236612,0.14948126322137786,False,0.0,1.0
Acetyl fentanyl,2023-10-01,61,50,19.28911409447212,2.4413591506950625,1.932013293581672,1.9631141874308602,True,2.081766059373128,10000.0
Cocaine,2023-10-01,660,1177,448.4800990624447,1.4596568988394283,1.3559105046698108,1.3777374747480144,False,14.662934506783015,1.1287955751213454
PCP,2023-10-01,121,211,80.39872634002403,1.440272611975946,1.2154482172346015,1.2350140786979797,False,7.12657826087206,1.0
Fentanyl,2023-10-01,2286,4321,2195.2789669202193,1.0405381119466648,1.00010447742805,1.0162038066896686,False,0.0,1.7079419299743808
Methamphetamine,2023-10-01,2197,4274,2171.4006722094464,1.0111110965236538,0.9710481798794891,0.9866797711087664,False,0.0,1.000100010001
Ethanol,2023-10-01,465,907,460.80028303555633,1.0060144713529968,0.9214903814087138,0.9363242091881078,False,-0.3923512813016558,1.0
Bromazolam,2023-10-01,7,2,1.0160976472669379,1.4749865972043945,0.8739466285560898,0.8880151441984993,False,0.0,90.09009009009009
Methadone,2023-10-01,22,41,15.680027008582815,1.2029229168372253,0.838271253466429,0.8517654600712872,False,2.5412181391960744,1.0
Ketamine,2023-10-01,17,24,12.193171767203253,1.1643817475444258,0.7822638735593156,0.7948564940564744,False,-1.1562072218255537,1.1383039271485489
para-Fluorofentanyl,2023-10-01,73,193,75.00531199744502,0.9596119775226255,0.7736267833388323,0.7860803574610046,False,1.8824619247933971,1.0
Quetiapine,2023-10-01,17,32,12.817956741522714,1.1305662159737175,0.7595456638581108,0.7717725738499798,False,1.4265082539239575,1.000100010001
Diazepam,2023-10-01,22,47,19.324049244097633,1.0464792384200197,0.7292516009449735,0.7409908446000399,False,1.1822908044809095,1.0
Temazepam,2023-10-01,8,8,4.064390589067751,1.2009617253588338,0.7245370547222026,0.7362004157040998,False,0.0,1.0
Heroin,2023-10-01,153,482,183.66595423557575,0.8334302115879748,0.7162098560369012,0.7277391508692977,False,3.8834584914395314,1.0
Amphetamine,2023-10-01,26,55,24.788723712245467,0.9951426206076698,0.7096303870990391,0.7210537737225537,False,0.5999945320786514,1.0
Cyclobenzaprine,2023-10-01,7,7,3.5563417654342824,1.1691686694770782,0.6927459672105131,0.7038975662881066,False,0.0,1.0
Tramadol,2023-10-01,20,37,18.79780647443835,0.9937712166500575,0.6833021032573972,0.6943016676292536,False,-0.5697724635759722,1.0
Oxycodone,2023-10-01,33,85,36.44100189407188,0.8933168452360194,0.65745801770643,0.6680415496633392,False,0.8863939628295772,1.0
Sertraline,2023-10-01,8,11,5.588537059968158,1.07281556959443,0.6472268155105636,0.657645659381133,False,0.0,1.0
Metoprolol,2023-10-01,4,2,1.0160976472669379,1.1662146650362815,0.645493664258191,0.6558846156199868,False,0.0,1.0
Metoclopramide,2023-10-01,3,0,0.0,1.1875597588762403,0.6383829426180254,0.6486594304236041,False,0.0,1.763357432551578
Oxazepam,2023-10-01,3,0,0.0,1.1875597588762403,0.6383829426180254,0.6486594304236041,False,0.0,4.531037607612143
Nortriptyline,2023-10-01,3,0,0.0,1.1875597588762403,0.6383829426180254,0.6486594304236041,False,0.0,1.0
Mirtazapine,2023-10-01,6,7,3.5563417654342824,1.0875791040199296,0.6315939196370818,0.6417611127079407,False,0.0,3.5855145213338115
Mitragynine,2023-10-01,12,22,11.177074119936316,0.9723529349780173,0.6212104386908636,0.6312104753351477,False,-0.5748890230887155,1.2658227848101264
MDMA,2023-10-01,24,53,26.926587652573854,0.8792779076809293,0.6201786434383291,0.6301620660518528,False,-1.1935966747610562,1.0
Codeine,2023-10-01,11,25,10.120107580500404,0.9738383714956033,0.6144238600740801,0.6243146492130697,False,1.3191195598155598,1.000100010001
Hydrocodone,2023-10-01,34,84,41.438938191143166,0.8242069489509453,0.6089244699523158,0.6187267251280071,False,0.1458477115524592,1.0
Trazodone,2023-10-01,10,19,9.65292764903591,0.9441456645914926,0.5876420156729635,0.5971016798430464,False,0.0,1.0
Bupropion,2023-10-01,6,9,4.57243941270122,1.0042889716908596,0.5832245265967347,0.5926130835159616,False,0.0,1.0
Alprazolam,2023-10-01,86,284,124.47675251840214,0.7007478522125128,0.5739663582454605,0.5832058675492802,False,0.7540202915058893,1.0
Buprenorphine,2023-10-01,5,7,3.5563417654342824,1.0059945411324231,0.5712014050381405,0.5803964188248589,False,0.0,1.0
Zinc,2023-10-01,2,0,0.0,1.0726436223504838,0.5573920207815505,0.5663647417385005,False,0.0,1.0
Xylazine,2023-10-01,2,0,0.0,1.0726436223504838,0.5573920207815505,0.5663647417385005,False,0.0,4.531037607612143
Flecainide,2023-10-01,2,0,0.0,1.0726436223504838,0.5573920207815505,0.5663647417385005,False,0.0,1.0
Morphine,2023-10-01,27,95,36.34739236580033,0.7619739236074455,0.5461412254840863,0.5549328180419316,False,2.502228292948669,1.0
Clozapine,2023-10-01,2,1,0.5080488236334689,1.0134320438957782,0.5266231235627223,0.5351005352077951,False,0.0,1.0
Propranolol,2023-10-01,2,1,0.5080488236334689,1.0134320438957782,0.5266231235627223,0.5351005352077951,False,0.0,1.0
Hydromorphone,2023-10-01,5,10,5.0804882363346895,0.8946932326780255,0.5080047760582554,0.5161824693425442,False,0.0,1.0
MDA,2023-10-01,2,2,1.0160976472669379,0.9604156236567237,0.49907349850934657,0.5071074239372017,False,0.0,1.0
Midazolam,2023-10-01,2,2,1.0160976472669379,0.9604156236567237,0.49907349850934657,0.5071074239372017,False,0.0,1.0
"1,1-Difluoroethane",2023-10-01,3,5,2.5402441181673447,0.9190686239307775,0.4940532282501945,0.5020063366852784,False,0.0,1.0
Venlafaxine,2023-10-01,3,5,2.5402441181673447,0.9190686239307775,0.4940532282501945,0.5020063366852784,False,0.0,1.0
Fluvoxamine,2023-10-01,1,0,0.0,0.9577479905851222,0.47819299392569337,0.48589079342268165,False,0.0,1.0
Clobazam,2023-10-01,1,0,0.0,0.9577479905851222,0.47819299392569337,0.48589079342268165,False,0.0,1.0
Atomoxetine,2023-10-01,1,0,0.0,0.9577479905851222,0.47819299392569337,0.48589079342268165,False,0.0,1.0
Benazepril,2023-10-01,1,0,0.0,0.9577479905851222,0.47819299392569337,0.48589079342268165,False,0.0,1.0
Flubromazepam,2023-10-01,1,0,0.0,0.9577479905851222,0.47819299392569337,0.48589079342268165,False,0.0,1.0
Metonitazene,2023-10-01,1,0,0.0,0.9577479905851222,0.47819299392569337,0.48589079342268165,False,0.0,1.0
Vancomycin,2023-10-01,1,0,0.0,0.9577479905851222,0.47819299392569337,0.48589079342268165,False,0.0,1.0
Tapentadol,2023-10-01,1,0,0.0,0.9577479905851222,0.47819299392569337,0.48589079342268165,False,0.0,1.0
Diphenhydramine,2023-10-01,10,28,14.22536706173713,0.755799689549815,0.47041433294535223,0.4779869031759028,False,-1.1111457361716008,1.0
Doxepin,2023-10-01,2,4,2.0321952945338757,0.8694475209164277,0.4518025377199955,0.4590755086275833,False,0.0,1.0
Paroxetine,2023-10-01,2,4,2.0321952945338757,0.8694475209164277,0.4518025377199955,0.4590755086275833,False,0.0,1.0
Loperamide,2023-10-01,1,1,0.5080488236334689,0.9048788277963671,0.4517960048546392,0.4590688728520171,False,0.0,1.0
Carbon monoxide,2023-10-01,1,1,0.5080488236334689,0.9048788277963671,0.4517960048546392,0.4590688728520171,False,0.0,1.0
Chlorpheniramine,2023-10-01,1,1,0.5080488236334689,0.9048788277963671,0.4517960048546392,0.4590688728520171,False,0.0,1.0
Hydroxychloroquine,2023-10-01,1,1,0.5080488236334689,0.9048788277963671,0.4517960048546392,0.4590688728520171,False,0.0,1.0
Nitrous oxide,2023-10-01,1,1,0.5080488236334689,0.9048788277963671,0.4517960048546392,0.4590688728520171,False,0.0,1.0
Lidocaine,2023-10-01,1,1,0.5080488236334689,0.9048788277963671,0.4517960048546392,0.4590688728520171,False,0.0,1.077237961865776
Lorazepam,2023-10-01,10,31,15.423418811976056,0.7182570456770121,0.4470475625978426,0.45424398211293815,False,0.1039869118219795,1.0
Fluoxetine,2023-10-01,4,11,5.588537059968158,0.792899038988784,0.438865434819194,0.4459301451104811,False,0.0,1.0
Hydroxyzine,2023-10-01,4,12,6.096585883601627,0.7656660959447034,0.4237921445227534,0.43061420958461205,False,0.0,1.0
Lamotrigine,2023-10-01,2,6,3.0482929418008133,0.7942209509931316,0.4127115582443258,0.4193552539235362,False,0.0,1.0
GHB,2023-10-01,2,6,3.0482929418008133,0.7942209509931316,0.4127115582443258,0.4193552539235362,False,0.0,1.0
Cannabis,2023-10-01,1,2,1.0160976472669379,0.8476231662893301,0.4096249951969772,0.41621900774744264,False,0.0,1.0
Chlorcyclizine,2023-10-01,1,3,1.5241464709004067,0.8149102305068691,0.40687567787919304,0.4134254310586969,False,0.0,1.0
Oxymorphone,2023-10-01,2,7,3.5563417654342824,0.7612868204931404,0.39559755955028875,0.4019657591292582,False,0.0,1.0
Zolpidem,2023-10-01,1,4,2.0321952945338757,0.7763171278193999,0.3876065679458715,0.39384613251749373,False,0.0,1.0
Benztropine,2023-10-01,1,5,2.5402441181673447,0.7412141757080772,0.3700800516485222,0.3760374794457745,False,0.0,1.0
Levamisole,2023-10-01,1,5,2.5402441181673447,0.7412141757080772,0.3700800516485222,0.3760374794457745,False,0.0,1.0
Dextromethorphan,2023-10-01,1,5,2.5402441181673447,0.7412141757080772,0.3700800516485222,0.3760374794457745,False,0.0,1.0
Flubromazolam,2023-10-01,1,6,3.0482929418008133,0.7091484105666285,0.35406996926125495,0.35976967144779776,False,0.0,1.0
Duloxetine,2023-10-01,1,6,3.0482929418008133,0.7091484105666285,0.35406996926125495,0.35976967144779776,False,0.0,1.0
Pentobarbital,2023-10-01,1,6,3.0482929418008133,0.7091484105666285,0.35406996926125495,0.35976967144779776,False,0.0,1.0
Etizolam,2023-10-01,3,15,7.620732354502034,0.6328920346500356,0.3402165460892012,0.3456932378797224,False,0.0,1.0
Chlordiazepoxide,2023-10-01,1,7,3.5563417654342824,0.6797420013447888,0.3393876739135981,0.3448510248581897,False,0.0,1.0
Amlodipine,2023-10-01,2,11,5.588537059968158,0.6529780904474726,0.33931565878612946,0.3447778492702728,False,0.0,1.0
Clonazepam,2023-10-01,9,43,21.846099416239163,0.5344787414188105,0.32775602257629943,0.33303212627577494,False,0.0,1.0
Doxylamine,2023-10-01,2,13,6.604634707235096,0.60961308204453,0.31678132477129767,0.32188076447386205,False,0.0,1.0
Gabapentin,2023-10-01,3,19,9.65292764903591,0.5627954680535642,0.30253553499328784,0.3074056497082194,False,0.0,1.0
Citalopram,2023-10-01,3,21,10.669025296302847,0.533264364041316,0.28666083653100816,0.29127540539856905,False,0.0,1.0
Olanzapine,2023-10-01,3,26,13.209269414470192,0.47142289837597984,0.25341742580395005,0.25749685293283586,False,0.0,1.0
Acetyl fentanyl,2024-01-01,60,56,20.286923436898128,2.4508125794232924,1.9320044536733296,1.8590236217593332,True,2.514923098217372,172.41379310344828
Bromazolam,2024-01-01,13,2,0.9622252747252747,2.497118864837314,1.598468932946172,1.5380874977267427,True,-0.85256146013404,10000.0
Methadone,2024-01-01,26,31,11.206052717900675,1.802063634551861,1.2787120872218654,1.2304091702798097,False,2.781356147858417,1.0015022533800702
PCP,2024-01-01,120,216,77.94024725274726,1.492513058120368,1.257327260682551,1.209832083843817,False,8.502442504641516,1.0
Cocaine,2024-01-01,603,1251,451.40393200549454,1.3301740087999372,1.2310612946673636,1.1845582949392897,False,15.71394803699498,1.0
Quetiapine,2024-01-01,26,31,14.427487431042586,1.5298108862579574,1.0855264120060393,1.0445209979739074,False,0.1644363916577854,1.0126582278481011
Ketamine,2024-01-01,21,29,11.214171234201155,1.5251821118618267,1.049499942653007,1.0098554239322222,False,1.23990476460745,1.1193194537721065
Methamphetamine,2024-01-01,2175,4411,2122.1878434065934,1.0246747265133722,0.9837287950188432,0.9465687102947764,False,0.0,1.0
Fentanyl,2024-01-01,2191,4493,2161.63907967033,1.0134115049428463,0.9730609635029994,0.9363038531678356,False,0.0,1.0029084344599335
Ethanol,2024-01-01,459,912,438.7747252747253,1.044759087607583,0.9560786122188543,0.9199630064588152,False,-0.3826267441055373,1.0
Codeine,2024-01-01,17,23,9.861319012061918,1.4096346615194637,0.9399558477902612,0.904449318030356,False,0.5759059328717034,1.155802126675913
Amphetamine,2024-01-01,27,50,21.552907980688314,1.1817904321515846,0.8430270466329127,0.8111819478854319,False,0.5477785053601398,1.0
Pregabalin,2024-01-01,4,0,0.0,1.5408313185540836,0.8340736519089382,0.8025668444011465,False,0.0,1.0
Carfentanil,2024-01-01,4,0,0.0,1.5408313185540836,0.8340736519089382,0.8025668444011465,False,0.0,36.36363636363637
Mitragynine,2024-01-01,17,25,12.027815934065934,1.2482477232169822,0.8323417258085642,0.8009002719041379,False,-0.1546851266994841,1.2362467548522686
Diphenhydramine,2024-01-01,15,27,10.235450017422796,1.2621176707325032,0.8257728995128887,0.7945795839503009,False,1.4332594900172932,1.0
Cyclobenzaprine,2024-01-01,8,8,3.848901098901099,1.3609791976301786,0.8094072512910958,0.7788321641818633,False,0.0,1.0
Hydrocodone,2024-01-01,36,85,32.59968521508507,1.0791084853361799,0.8002149564683054,0.7699870648254927,False,1.3145645749014234,1.0
MDMA,2024-01-01,27,48,23.093406593406595,1.1210830136191452,0.7997215718534839,0.7695123213828792,False,-0.4333295327631972,1.0
Oxazepam,2024-01-01,3,0,0.0,1.3959120983843005,0.7314685902930819,0.7038376303373954,False,0.0,1.6611295681063123
Metoclopramide,2024-01-01,3,0,0.0,1.3959120983843005,0.7314685902930819,0.7038376303373954,False,0.0,1.162520344106022
Morphine,2024-01-01,35,83,35.72516792677483,0.9765127735157298,0.7214839982726996,0.6942301421761784,False,0.5554759641931778,1.0
Sertraline,2024-01-01,9,13,6.254464285714286,1.1880319333931058,0.7190687201761107,0.6919061205053969,False,0.0,1.0
Heroin,2024-01-01,136,453,164.24537256418813,0.8333390213611569,0.7091213507831601,0.6823344866515575,False,2.4458634166514157,1.0
Hydromorphone,2024-01-01,7,9,4.330013736263736,1.213598682575195,0.7078169224869365,0.6810793606910498,False,0.0,1.0
Bupropion,2024-01-01,7,9,4.330013736263736,1.213598682575195,0.7078169224869365,0.6810793606910498,False,0.0,1.0
Hydroxyzine,2024-01-01,8,12,5.773351648351649,1.1542401787706917,0.6864545557017353,0.6605239432242218,False,0.0,1.0116337885685385
Propranolol,2024-01-01,3,1,0.4811126373626374,1.304868301261818,0.6837609459412686,0.6579321101350876,False,0.0,1.2184720360667722
Mirtazapine,2024-01-01,6,8,3.848901098901099,1.1749090180790993,0.6704573160153375,0.6451309979532996,False,0.0,1.1396011396011396
Tramadol,2024-01-01,16,43,15.630109684499827,1.0042397814760191,0.6635253747441019,0.6384608911589505,False,2.288888256784708,1.0
Oxycodone,2024-01-01,33,84,37.598533702689394,0.8904499997633315,0.652815833094581,0.6281558945342828,False,0.3566055670053356,1.0
Dextromethorphan,2024-01-01,4,4,1.9244505494505495,1.2046312498853615,0.6520838288375205,0.6274515689462502,False,0.0,1.0236462278636502
Trazodone,2024-01-01,10,19,9.14114010989011,1.0365193691884085,0.6374316638995398,0.6133528649488806,False,0.0,1.0
Xylazine,2024-01-01,2,0,0.0,1.2510167326458468,0.6310297723253899,0.6071928319430153,False,0.0,1.6611295681063123
Arsenic,2024-01-01,2,0,0.0,1.2510167326458468,0.6310297723253899,0.6071928319430153,False,0.0,1.0
Methocarbamol,2024-01-01,2,0,0.0,1.2510167326458468,0.6310297723253899,0.6071928319430153,False,0.0,1.2184720360667722
Zinc,2024-01-01,2,0,0.0,1.2510167326458468,0.6310297723253899,0.6071928319430153,False,0.0,1.0
Buprenorphine,2024-01-01,5,7,3.3677884615384617,1.132599142133557,0.6305789249599434,0.6067589961827304,False,0.0,1.0
Diazepam,2024-01-01,19,47,20.734822366971727,0.927268558341463,0.6287007788189168,0.6049517802059139,False,0.4290527901078211,1.0
Alprazolam,2024-01-01,87,281,118.59806182550265,0.7460034803661892,0.6108051635836543,0.5877321649116469,False,0.6603813581001691,1.0
Temazepam,2024-01-01,6,11,5.292239010989011,1.035769457668614,0.5910578605775996,0.5687308175525829,False,0.0,1.0
Clozapine,2024-01-01,2,1,0.4811126373626374,1.1694232614411268,0.5898729210907484,0.5675906543781486,False,0.0,1.0
MDA,2024-01-01,2,2,0.9622252747252747,1.0978214509996198,0.5537559987811401,0.5328380271184784,False,0.0,1.0
Ephedrine,2024-01-01,2,2,0.9622252747252747,1.0978214509996198,0.5537559987811401,0.5328380271184784,False,0.0,1.0
Venlafaxine,2024-01-01,3,5,2.405563186813187,1.0348813164626296,0.5422857059192617,0.5218010141801835,False,0.0,1.0
Estazolam,2024-01-01,1,0,0.0,1.106154471866081,0.5331251351700206,0.5129864879461745,False,0.0,1.0
Flubromazepam,2024-01-01,1,0,0.0,1.106154471866081,0.5331251351700206,0.5129864879461745,False,0.0,1.0
Benazepril,2024-01-01,1,0,0.0,1.106154471866081,0.5331251351700206,0.5129864879461745,False,0.0,1.0
Atomoxetine,2024-01-01,1,0,0.0,1.106154471866081,0.5331251351700206,0.5129864879461745,False,0.0,1.0
Metonitazene,2024-01-01,1,0,0.0,1.106154471866081,0.5331251351700206,0.5129864879461745,False,0.0,1.0
Vancomycin,2024-01-01,1,0,0.0,1.106154471866081,0.5331251351700206,0.5129864879461745,False,0.0,1.0
Tapentadol,2024-01-01,1,0,0.0,1.106154471866081,0.5331251351700206,0.5129864879461745,False,0.0,1.0
Fluvoxamine,2024-01-01,1,0,0.0,1.106154471866081,0.5331251351700206,0.5129864879461745,False,0.0,1.0
Midazolam,2024-01-01,2,3,1.4433379120879122,1.0344818737307662,0.5218066587122682,0.5020955553241953,False,0.0,1.0
Chlordiazepoxide,2024-01-01,3,6,2.8866758241758244,0.9839829627823243,0.5156145802388811,0.49613737663133833,False,0.0,1.0
"1,1-Difluoroethane",2024-01-01,3,6,2.8866758241758244,0.9839829627823243,0.5156145802388811,0.49613737663133833,False,0.0,1.0
Hydroxychloroquine,2024-01-01,1,1,0.4811126373626374,1.0340091674165621,0.49835379340466485,0.47952861276175807,False,0.0,1.0
Phenobarbital,2024-01-01,1,1,0.4811126373626374,1.0340091674165621,0.49835379340466485,0.47952861276175807,False,0.0,1.0
Lidocaine,2024-01-01,1,1,0.4811126373626374,1.0340091674165621,0.49835379340466485,0.47952861276175807,False,0.0,1.0
Doxepin,2024-01-01,2,4,1.9244505494505495,0.9780524526778502,0.4933428949669469,0.4747069950788233,False,0.0,1.0
Lamotrigine,2024-01-01,2,4,1.9244505494505495,0.9780524526778502,0.4933428949669469,0.4747069950788233,False,0.0,1.0
Metoprolol,2024-01-01,2,4,1.9244505494505495,0.9780524526778502,0.4933428949669469,0.4747069950788233,False,0.0,1.0
Fluoxetine,2024-01-01,4,10,4.811126373626374,0.9075864453341838,0.4912893006311021,0.472730971707345,False,0.0,1.0
Doxylamine,2024-01-01,4,10,4.811126373626374,0.9075864453341838,0.4912893006311021,0.472730971707345,False,0.0,1.0
Clonazepam,2024-01-01,12,40,17.558319406705984,0.7615089127382647,0.4815221725366984,0.4633327939284265,False,0.454424066098788,1.0
Nortriptyline,2024-01-01,1,2,0.9622252747252747,0.9706985331566427,0.46784043265263636,0.4501678771486706,False,0.0,1.0
Topiramate,2024-01-01,1,2,0.9622252747252747,0.9706985331566427,0.46784043265263636,0.4501678771486706,False,0.0,1.0
Baclofen,2024-01-01,1,2,0.9622252747252747,0.9706985331566427,0.46784043265263636,0.4501678771486706,False,0.0,1.0
Oxymorphone,2024-01-01,2,5,2.405563186813187,0.927460865691908,0.46782381373947235,0.4501518842618914,False,0.0,1.0
Cannabis,2024-01-01,1,0,0.0,1.0047781318165316,0.46635306526308323,0.4487366964515989,False,0.0,1.0
para-Fluorofentanyl,2024-01-01,59,221,106.32589285714286,0.5795632864461593,0.4560340593110763,0.43880749360016924,False,-1.174522786852485,1.0
Citalopram,2024-01-01,6,19,9.14114010989011,0.7871771869536865,0.44919963662917495,0.4322312275808656,False,0.0,1.0
Duloxetine,2024-01-01,2,6,2.8866758241758244,0.8818457498175715,0.4448149318967004,0.4280121519009311,False,0.0,1.0
Levamisole,2024-01-01,2,6,2.8866758241758244,0.8937451905102186,0.44313165234375795,0.4263924575789321,False,0.0,1.0
Zolpidem,2024-01-01,1,3,1.4433379120879122,0.9146934016394417,0.44084805132640753,0.42419511889645584,False,0.0,1.0
Chlorcyclizine,2024-01-01,1,3,1.4433379120879122,0.9405125966886636,0.43903497949226705,0.4224505357370213,False,0.0,1.0
Olanzapine,2024-01-01,6,20,9.622252747252748,0.7642490154461671,0.4361157636709066,0.4196415929921759,False,0.0,1.0
Flualprazolam,2024-01-01,1,4,1.9244505494505495,0.8909839311246832,0.4223160687170753,0.40636317283042694,False,0.0,1.0
Benztropine,2024-01-01,1,5,2.405563186813187,0.8200649578012634,0.39524067623073,0.38031054057557184,False,0.0,1.0
Pentobarbital,2024-01-01,1,6,2.8866758241758244,0.7797318726455025,0.37580163582327747,0.3616058014046998,False,0.0,1.0
GHB,2024-01-01,1,6,2.8866758241758244,0.7797318726455025,0.37580163582327747,0.3616058014046998,False,0.0,1.0
Flubromazolam,2024-01-01,1,6,2.8866758241758244,0.7797318726455025,0.37580163582327747,0.3616058014046998,False,0.0,1.0
Gabapentin,2024-01-01,4,19,9.14114010989011,0.662530612348436,0.3586371335322314,0.3450896877463341,False,0.0,1.0
Lorazepam,2024-01-01,7,33,15.876717032967033,0.5982396216823762,0.34891610711906984,0.3357358748506105,False,0.0,1.0
Etizolam,2024-01-01,1,13,6.254464285714286,0.5800369957435626,0.27955616473504374,0.26899596774290396,False,0.0,1.0
Bromazolam,2024-04-01,20,1,0.479249182021698,3.5657518683041594,2.456898239062387,2.354932148668811,True,-0.5438123785992736,10000.0
Cocaine,2024-04-01,621,1261,453.24991389702086,1.3655342248645899,1.2649915498014066,1.212492331282759,False,18.978533557397256,1.0
Ketamine,2024-04-01,24,29,11.01708828711707,1.739992411711578,1.2289783301279822,1.177973691151697,False,1.369670664758768,1.0407993338884265
PCP,2024-04-01,118,222,79.79498880661271,1.445448485625033,1.2164402492371509,1.1659559895242877,False,9.102080632914772,1.0
Mitragynine,2024-04-01,24,24,11.501980368520751,1.695292283035669,1.1974060720383128,1.1477117418392766,False,-0.7056822412042705,1.3808340237503454
Hydromorphone,2024-04-01,11,8,3.322119120579797,1.7765312355974063,1.1269144424522342,1.080145617516729,False,0.7290644766283705,1.6061676839061998
Mirtazapine,2024-04-01,8,4,1.916996728086792,1.7223839923896038,1.0471582699370714,1.0036994787367466,False,0.0,3.1938677738741617
Xylazine,2024-04-01,5,0,0.0,1.7634639746933019,1.0130000540549122,0.9709588825268461,False,0.0,2.12630236019562
Carfentanil,2024-04-01,5,0,0.0,1.7634639746933019,1.0130000540549122,0.9709588825268461,False,0.0,30.674846625766875
MDMA,2024-04-01,29,46,19.28144567872423,1.3880707175304026,1.0052650338196494,0.9635449125622032,False,0.6768708970694503,1.0
Diphenhydramine,2024-04-01,17,21,9.681658310360039,1.4658301936782865,0.9875812766549843,0.9465950654777818,False,0.1917387189660469,1.0
Methamphetamine,2024-04-01,2149,4464,2139.3683485448596,1.0047769502338297,0.9642676393694023,0.9242489555887585,False,0.0,1.0
Codeine,2024-04-01,18,23,11.022731186499053,1.413323102016155,0.9597763686732731,0.9199441128398895,False,-0.1680012081291803,1.1036309458117206
Ethanol,2024-04-01,454,910,436.1167556397452,1.0417294893726783,0.9526842839028449,0.9131463310055054,False,-1.5758657656587218,1.0
Fentanyl,2024-04-01,2101,4504,2158.5383158257278,0.9737223341890271,0.9340281298656483,0.8952644352569062,False,0.0,1.0
Quetiapine,2024-04-01,23,34,16.294472188737732,1.3097569534143378,0.9198082109211217,0.8816347033325314,False,-0.1798414806997573,1.0002000400080016
Pregabalin,2024-04-01,4,0,0.0,1.627896321278725,0.9133179104411459,0.8754137646067964,False,0.0,1.0
Hydrocodone,2024-04-01,36,80,29.038201540135,1.2083620037213745,0.8995005018950006,0.8621697913374563,False,2.176050329977841,1.0
Tramadol,2024-04-01,19,40,14.3865781608186,1.240786201539238,0.8489234517217122,0.8136917925274025,False,3.105532593803855,1.0
Oxazepam,2024-04-01,3,0,0.0,1.492340347380983,0.8151137517528,0.7812852907938922,False,0.0,1.1580775911986103
Hydroxyzine,2024-04-01,7,8,3.833993456173584,1.3385574463585173,0.8001101460321166,0.7669043552073752,False,0.0,1.0007004903432404
Cyclobenzaprine,2024-04-01,7,8,3.833993456173584,1.3385574463585173,0.8001101460321166,0.7669043552073752,False,0.0,1.0
Bupropion,2024-04-01,7,9,4.313242638195282,1.283663042177293,0.7672975313286744,0.7354535269680168,False,0.0,1.0
Benzylfentanyl,2024-04-01,3,1,0.479249182021698,1.4012563662329462,0.7653638366423136,0.7336001020381943,False,0.0,5.037783375314861
Propranolol,2024-04-01,3,1,0.479249182021698,1.4012563662329462,0.7653638366423136,0.7336001020381943,False,0.0,1.00664384940608
"1,1-Difluoroethane",2024-04-01,5,5,2.39624591010849,1.3309079016426426,0.7645235715918635,0.7327947006791613,False,0.0,1.0
Dextromethorphan,2024-04-01,4,3,1.437747546065094,1.3622506801408087,0.7642795971833942,0.7325608562854165,False,0.0,1.000300090027008
Lorazepam,2024-04-01,14,31,11.718586083996792,1.1523192019813395,0.7556897783207998,0.7243274927303962,False,1.4217709393176532,1.018122581958868
Heroin,2024-04-01,133,418,152.5359708912853,0.8817310505646745,0.7491789552830969,0.7180868170177575,False,1.997670136313929,1.0
Amphetamine,2024-04-01,27,56,26.837954193215086,1.0230151902179623,0.7339854468594015,0.7035239030903094,False,-1.2135960985039518,1.6212710765239948
Ephedrine,2024-04-01,3,2,0.958498364043396,1.3206513091134204,0.721337491958776,0.6914009403070102,False,0.0,1.0140959334753068
Zinc,2024-04-01,2,0,0.0,1.3567995250778135,0.7185856122651398,0.6887632762368303,False,0.0,1.0
Methocarbamol,2024-04-01,2,0,0.0,1.3567995250778135,0.7185856122651398,0.6887632762368303,False,0.0,1.8261504747991235
Arsenic,2024-04-01,2,0,0.0,1.3567995250778135,0.7185856122651398,0.6887632762368303,False,0.0,1.0
Protonitazene,2024-04-01,2,0,0.0,1.3567995250778135,0.7185856122651398,0.6887632762368303,False,0.0,1.0
Acetyl fentanyl,2024-04-01,37,85,39.82357923245242,0.9534132358939477,0.7121238778513436,0.6825696149528113,False,0.1125477381977321,2.6434047052603757
Temazepam,2024-04-01,7,11,5.271741002238677,1.1863576945919445,0.7091341733958343,0.6797040572631591,False,0.0,1.0
para-Fluorofentanyl,2024-04-01,77,206,92.23421344227401,0.8533222377467041,0.6911596990171075,0.6624754645383893,False,0.335824866801737,1.0
Diazepam,2024-04-01,19,45,19.582905225555063,1.0015970388815072,0.685274557717304,0.6568346131173843,False,0.4787094425444963,1.0
Clonazepam,2024-04-01,19,41,19.649216462889616,0.9991391560511739,0.6835929187905769,0.6552227650704981,False,-0.8267203319513723,1.022285831118381
Doxepin,2024-04-01,3,3,1.437747546065094,1.248815189670325,0.6821007260739792,0.6537925775981462,False,0.0,1.0
Clozapine,2024-04-01,2,1,0.479249182021698,1.273988186108967,0.6747272266926567,0.6467251024450617,False,0.0,1.0
Alprazolam,2024-04-01,99,261,125.08403650766317,0.8077854289408053,0.6697146615277267,0.6419204265674088,False,-0.2984652913883727,1.0
Sertraline,2024-04-01,8,15,7.188737730325469,1.0988293498944453,0.6680555823066818,0.6403302963189805,False,0.0,1.0
Morphine,2024-04-01,32,78,37.381436197692445,0.8937224265660907,0.655505464334972,0.6283009652239387,False,-0.5320453436766364,1.0
Oxycodone,2024-04-01,32,79,37.86068537971414,0.8842534455334949,0.6485603898643678,0.621644122882666,False,-0.94535318784976,1.0
Venlafaxine,2024-04-01,3,4,1.916996728086792,1.1843908830031509,0.6469122796825697,0.620064519131739,False,0.0,1.0
Trazodone,2024-04-01,9,19,9.105734458412261,1.0316679819826526,0.6369696282781095,0.6105344582827634,False,0.0,1.0
Midazolam,2024-04-01,2,2,0.958498364043396,1.2007040298435578,0.6359146097024695,0.6095232848364337,False,0.0,1.0
Citalopram,2024-04-01,8,17,8.147236094368866,1.0309673346830759,0.6267974942396938,0.6007844916310513,False,0.0,1.0
Flubromazepam,2024-04-01,1,0,0.0,1.2212788491395123,0.6239799223375583,0.5980839235298926,False,0.0,1.0
Atomoxetine,2024-04-01,1,0,0.0,1.2212788491395123,0.6239799223375583,0.5980839235298926,False,0.0,1.0
Metonitazene,2024-04-01,1,0,0.0,1.2212788491395123,0.6239799223375583,0.5980839235298926,False,0.0,1.0
Tapentadol,2024-04-01,1,0,0.0,1.2212788491395123,0.6239799223375583,0.5980839235298926,False,0.0,1.0
Nicotine,2024-04-01,1,0,0.0,1.2212788491395123,0.6239799223375583,0.5980839235298926,False,0.0,1.0
Estazolam,2024-04-01,1,0,0.0,1.2212788491395123,0.6239799223375583,0.5980839235298926,False,0.0,1.0
Phentermine,2024-04-01,1,0,0.0,1.2212788491395123,0.6239799223375583,0.5980839235298926,False,0.0,1.0
Secobarbital,2024-04-01,1,0,0.0,1.2212788491395123,0.6239799223375583,0.5980839235298926,False,0.0,1.0
Chlordiazepoxide,2024-04-01,3,5,2.39624591010849,1.1262875730789492,0.6151763509283223,0.5896456905800149,False,0.0,1.0
Lidocaine,2024-04-01,3,1,0.479249182021698,1.184627327301074,0.6028799773519128,0.5778596687345963,False,0.0,1.0
Lamotrigine,2024-04-01,2,3,1.437747546065094,1.135392378305839,0.6013243756694885,0.5763686108415619,False,0.0,1.0
Zolpidem,2024-04-01,2,3,1.437747546065094,1.135392378305839,0.6013243756694885,0.5763686108415619,False,0.0,1.0
Fluoxetine,2024-04-01,5,11,5.271741002238677,1.028247970527626,0.5906643201528937,0.5661509313557062,False,0.0,1.0
Buspirone,2024-04-01,1,1,0.479249182021698,1.1467389227301374,0.5858957308977899,0.561580299154357,False,0.0,1.0
Hydroxychloroquine,2024-04-01,1,1,0.479249182021698,1.1467389227301374,0.5858957308977899,0.561580299154357,False,0.0,1.0
Phenobarbital,2024-04-01,1,1,0.479249182021698,1.1467389227301374,0.5858957308977899,0.561580299154357,False,0.0,1.0
Acetaminophen,2024-04-01,2,4,1.916996728086792,1.0768193665643198,0.570303047369658,0.546634724482554,False,0.0,1.0
Metoprolol,2024-04-01,2,4,1.916996728086792,1.0768193665643198,0.570303047369658,0.546634724482554,False,0.0,1.0
Oxymorphone,2024-04-01,2,4,1.916996728086792,1.0768193665643198,0.570303047369658,0.546634724482554,False,0.0,1.0
Cannabis,2024-04-01,1,0,0.0,1.1264302114310183,0.5590640361939725,0.5358621831975204,False,0.0,1.0
Topiramate,2024-04-01,1,2,0.958498364043396,1.0807745791629872,0.5521930052630349,0.5292762989187796,False,0.0,1.0
Nortriptyline,2024-04-01,1,2,0.958498364043396,1.0807745791629872,0.5521930052630349,0.5292762989187796,False,0.0,1.0
Baclofen,2024-04-01,1,2,0.958498364043396,1.0807745791629872,0.5521930052630349,0.5292762989187796,False,0.0,1.0
Metoclopramide,2024-04-01,1,2,0.958498364043396,1.0807745791629872,0.5521930052630349,0.5292762989187796,False,0.0,1.025220422390814
Methadone,2024-04-01,14,43,18.83786702495835,0.8393298338971747,0.550431664269065,0.5275879414956941,False,0.4447936452856273,1.0
Olanzapine,2024-04-01,6,16,7.667986912347168,0.930890288370312,0.5460704813080118,0.5234078038185105,False,0.0,1.0
Buprenorphine,2024-04-01,2,5,2.39624591010849,1.0239932512287946,0.5423253795341757,0.5198181796692215,False,0.0,1.0
Duloxetine,2024-04-01,2,5,2.39624591010849,1.0239932512287946,0.5423253795341757,0.5198181796692215,False,0.0,1.0
Chlorcyclizine,2024-04-01,1,2,0.958498364043396,1.0836289303761641,0.5401761386521826,0.5177581661442858,False,0.0,1.0
Doxylamine,2024-04-01,4,11,5.271741002238677,0.9492006145888834,0.5325412377766151,0.5104400681354695,False,0.0,1.0
Flualprazolam,2024-04-01,1,3,1.437747546065094,1.0401623489429248,0.5246191794148619,0.5028468427551839,False,0.0,1.0
MDA,2024-04-01,1,3,1.437747546065094,1.0219864257540956,0.5221567629877392,0.5004866142907781,False,0.0,1.0
Levamisole,2024-04-01,2,6,2.875495092130188,0.992820584880225,0.5186682391154678,0.4971428587103897,False,0.0,1.0
Paroxetine,2024-04-01,2,6,2.875495092130188,0.9761077982624027,0.5169643760090051,0.49550970176315545,False,0.0,1.0
Benztropine,2024-04-01,1,4,1.916996728086792,0.9692638392200125,0.4952195606656393,0.47466735239204616,False,0.0,1.0
Flubromazolam,2024-04-01,1,4,1.916996728086792,0.9692638392200125,0.4952195606656393,0.47466735239204616,False,0.0,1.0
GHB,2024-04-01,1,6,2.875495092130188,0.8786116050782392,0.44890321443614034,0.43027321113405764,False,0.0,1.0
Amlodipine,2024-04-01,2,11,5.271741002238677,0.7911283576500314,0.41899591262729763,0.4016070889740353,False,0.0,1.0
Gabapentin,2024-04-01,2,15,7.188737730325469,0.6869784727121235,0.36383624647753365,0.3487366313537402,False,0.0,1.0
Etizolam,2024-04-01,1,11,5.271741002238677,0.7121083935351844,0.36383283015756923,0.34873337731267057,False,0.0,1.0
Carfentanil,2024-07-01,13,0,0.0,4.111732568708972,2.58690830356508,2.3254005040076335,True,3.465106164986312,10000.0
Bromazolam,2024-07-01,20,5,2.2472770592239617,3.779409171295892,2.5526252081291245,2.2945828310630696,True,-0.2513552343855366,10000.0
Codeine,2024-07-01,25,21,9.083496943593985,2.245065258918916,1.569775717011421,1.4110884599927094,False,0.1897243859311563,4.301075268817204
Mirtazapine,2024-07-01,9,3,1.348366235534377,2.479196033438847,1.4652513023592175,1.317130429182018,False,0.0,3.103662321539417
Xylazine,2024-07-01,7,1,0.4494554118447924,2.525573413244105,1.430896193972338,1.2862482775327673,False,0.0,12.531328320802006
Ketamine,2024-07-01,24,31,10.637080916725866,1.9485310086334733,1.3540085548497047,1.2171329912119788,False,1.928808134437721,1.006137438374082
Cocaine,2024-07-01,583,1265,426.42082198774676,1.3656591455524365,1.2614435740966865,1.1339252828887765,False,13.38596296332399,1.0
Diphenhydramine,2024-07-01,21,22,9.803401714628507,1.8523626193759597,1.2607896254475308,1.1333374796722357,False,0.0429144272791906,1.1021712774165104
Mitragynine,2024-07-01,23,25,11.23638529611981,1.8107568106642755,1.250075883595534,1.1237067756959038,False,-0.9087646042496974,1.0303967027305512
Hydroxyzine,2024-07-01,10,7,3.1461878829135466,2.0268418650656113,1.2195727821798321,1.0962872518048108,False,-0.4934616750581749,1.0548523206751057
Quetiapine,2024-07-01,24,30,13.003048207317114,1.685096007923717,1.1709510397126988,1.0525805858697421,False,0.1796552052161832,1.0
PCP,2024-07-01,108,228,76.85687542545949,1.3949845519257944,1.16217957002996,1.0446957971980524,False,8.883896007280166,1.0
Morphine,2024-07-01,45,67,29.077463003883416,1.5037684357592827,1.140969484803394,1.0256298272047997,False,0.1733443413007229,107.52688172043013
Ephedrine,2024-07-01,5,1,0.4494554118447924,2.1214868885969653,1.1386593274014671,1.0235533056044555,False,0.0,2.95159386068477
Benzylfentanyl,2024-07-01,5,1,0.4494554118447924,2.1214868885969653,1.1386593274014671,1.0235533056044555,False,0.0,18.34862385321101
Oxycodone,2024-07-01,41,78,26.96742202101144,1.4774894097657822,1.1077293406731064,0.9957499009659473,False,1.7687585311474103,1.109262340543539
Pregabalin,2024-07-01,4,0,0.0,2.1113179499920696,1.095983396498518,0.9851914507416469,False,0.0,1.0
Clonazepam,2024-07-01,24,35,14.413878222884836,1.5593817445981832,1.0835938525521118,0.9740542554487157,False,0.4328785859427554,1.4522218995062446
Citalopram,2024-07-01,13,15,6.658791280681941,1.657506031668686,1.0428246596493125,0.9374063971999771,False,0.061788140847903,1.3036110024768608
Amphetamine,2024-07-01,34,55,23.295186639378414,1.4208542574261906,1.0387853608297808,0.9337754088380251,False,0.2931069428133048,2.1767522855899
Hydrocodone,2024-07-01,43,85,31.16231235900408,1.3597653948612753,1.0257619784102798,0.9220685470431825,False,1.1199091552181044,1.6611295681063123
Alprazolam,2024-07-01,116,237,97.06015477377595,1.1962464140658928,1.0028240520697884,0.9014493940970196,False,0.4610880308581402,1.0
Fluoxetine,2024-07-01,9,9,4.045098706603131,1.6965285129173353,1.0026801348151595,0.9013200547987039,False,0.0,1.0144045445323595
Propranolol,2024-07-01,4,1,0.4494554118447924,1.9194800768356433,0.9964005156729077,0.8956752775085491,False,0.0,1.0224948875255624
Methamphetamine,2024-07-01,2103,4543,2041.8759360108918,1.030353157897314,0.9881946203570436,0.8882988400500883,False,0.0,1.0
Hydromorphone,2024-07-01,10,11,4.944009530292716,1.6408822623012458,0.9873366937777787,0.8875276625335308,False,0.0,1.1667250029168126
Lorazepam,2024-07-01,15,27,9.110682640422699,1.5057973568044796,0.9704055384017747,0.8723080506832427,False,2.964073856286443,1.0002000400080016
para-Fluorofentanyl,2024-07-01,104,203,91.23944860449285,1.1436339997540312,0.949576235104006,0.8535843542187824,False,-0.019529028929359,144.92753623188406
Methocarbamol,2024-07-01,3,0,0.0,1.8891612141445677,0.9429144575495333,0.8475960750056308,False,0.0,2.5516713447307984
Ethanol,2024-07-01,433,936,420.69026548672565,1.031279601176245,0.9405622849268556,0.845481617714087,False,-1.6398947145812393,1.0
Dextromethorphan,2024-07-01,4,2,0.8989108236895847,1.7595998933911292,0.9134068450677849,0.8210713373173306,False,0.0,1.0
Baclofen,2024-07-01,4,2,0.8989108236895847,1.7595998933911292,0.9134068450677849,0.8210713373173306,False,0.0,1.557389814670612
Bupropion,2024-07-01,8,10,4.494554118447923,1.5005555528970267,0.8693561588711354,0.7814736654607546,False,0.0,1.0
Fentanyl,2024-07-01,1841,4574,2055.8090537780804,0.8962196837703904,0.8570785176507989,0.7704371560634359,False,0.0,1.0
Tramadol,2024-07-01,19,43,14.733180911831667,1.27351067757661,0.853109783906987,0.7668696129247029,False,1.965909595530949,1.0
Lidocaine,2024-07-01,6,1,0.4494554118447924,1.720282637658723,0.8424134709194873,0.7572546152445456,False,0.0,1.0551862403714256
MDMA,2024-07-01,20,47,16.056506839104696,1.2401642296887696,0.8376109416695252,0.7529375346451865,False,2.0499322216979725,1.0
Chlordiazepoxide,2024-07-01,5,5,2.2472770592239617,1.55597349325889,0.8351330101598691,0.7507101090204015,False,0.0,1.0
Heroin,2024-07-01,132,384,135.25335765929464,0.9838067001561167,0.8336465598601306,0.7493739132929541,False,1.4959821328689986,1.0
Arsenic,2024-07-01,2,0,0.0,1.667059084435159,0.7938399193707824,0.7135913121012486,False,0.0,1.0
Zinc,2024-07-01,2,0,0.0,1.667059084435159,0.7938399193707824,0.7135913121012486,False,0.0,1.0
Protonitazene,2024-07-01,2,0,0.0,1.667059084435159,0.7938399193707824,0.7135913121012486,False,0.0,1.0
Metoprolol,2024-07-01,4,4,1.7978216473791695,1.5083315184091413,0.7829736400422431,0.7038234776320724,False,0.0,1.0
Trazodone,2024-07-01,11,21,8.85713973949454,1.2349237192355738,0.7552331085725322,0.6788872011968726,False,0.3139007180333372,1.0
Methadone,2024-07-01,16,41,14.117375257425522,1.1544995579896906,0.7520215928528575,0.6760003358975353,False,1.849497073119484,1.0002000400080016
Cyclobenzaprine,2024-07-01,6,11,4.944009530292716,1.2173843535072437,0.6725296119720519,0.604544121258944,False,0.0,1.0
Atomoxetine,2024-07-01,1,0,0.0,1.4450362871487825,0.6495356613380564,0.583874609117975,False,0.0,1.0
Estazolam,2024-07-01,1,0,0.0,1.4450362871487825,0.6495356613380564,0.583874609117975,False,0.0,1.0
MDMB-4en-PINACA,2024-07-01,1,0,0.0,1.4450362871487825,0.6495356613380564,0.583874609117975,False,0.0,1.0
Flubromazepam,2024-07-01,1,0,0.0,1.4450362871487825,0.6495356613380564,0.583874609117975,False,0.0,1.0
Nicotine,2024-07-01,1,0,0.0,1.4450362871487825,0.6495356613380564,0.583874609117975,False,0.0,1.0
Secobarbital,2024-07-01,1,0,0.0,1.4450362871487825,0.6495356613380564,0.583874609117975,False,0.0,1.0
Tapentadol,2024-07-01,1,0,0.0,1.4450362871487825,0.6495356613380564,0.583874609117975,False,0.0,1.0
Phentermine,2024-07-01,1,0,0.0,1.4450362871487825,0.6495356613380564,0.583874609117975,False,0.0,1.0
"1,1-Difluoroethane",2024-07-01,4,7,3.1461878829135466,1.2422452273371094,0.64484846706585,0.5796612348824802,False,0.0,1.0
Venlafaxine,2024-07-01,3,5,2.2472770592239617,1.2596817330938737,0.6287298877153273,0.5651720658573437,False,0.0,1.0
Lamotrigine,2024-07-01,2,3,1.348366235534377,1.2825229595650598,0.6107269576214618,0.5489890328876965,False,0.0,1.0
Midazolam,2024-07-01,2,3,1.348366235534377,1.2825229595650598,0.6107269576214618,0.5489890328876965,False,0.0,1.0
MDA,2024-07-01,1,1,0.4494554118447924,1.3137378780382445,0.5905177669414244,0.5308227676542003,False,0.0,1.0
Buspirone,2024-07-01,1,1,0.4494554118447924,1.3137378780382445,0.5905177669414244,0.5308227676542003,False,0.0,1.0
Loperamide,2024-07-01,1,1,0.4494554118447924,1.3137378780382445,0.5905177669414244,0.5308227676542003,False,0.0,1.0
Phenobarbital,2024-07-01,1,1,0.4494554118447924,1.3137378780382445,0.5905177669414244,0.5308227676542003,False,0.0,1.0
Olanzapine,2024-07-01,7,17,7.64074200136147,1.0292554792025383,0.5831379678345308,0.524188996645014,False,0.0,1.0
Paroxetine,2024-07-01,2,4,1.7978216473791695,1.1909517276226829,0.5671214849297426,0.5097915928046767,False,0.0,1.0
Acetaminophen,2024-07-01,2,4,1.7978216473791695,1.1909517276226829,0.5671214849297426,0.5097915928046767,False,0.0,1.0
Chlorcyclizine,2024-07-01,1,1,0.4494554118447924,1.2614481036143335,0.5439239131380552,0.4889390357443144,False,0.0,1.0
Sertraline,2024-07-01,6,16,7.191286589516678,0.9833236604239322,0.5432255457223681,0.48831128316935596,False,0.0,1.0
Topiramate,2024-07-01,1,2,0.8989108236895847,1.2043120728561332,0.5413314846532108,0.48660867466240953,False,0.0,1.0
Flubromazolam,2024-07-01,1,2,0.8989108236895847,1.2043120728561332,0.5413314846532108,0.48660867466240953,False,0.0,1.0
Oxymorphone,2024-07-01,2,5,2.2472770592239617,1.1115853220615972,0.5293278508710502,0.4758184799704693,False,0.0,1.0
Flualprazolam,2024-07-01,1,3,1.348366235534377,1.1415748247371258,0.5021724262699971,0.451408164375127,False,0.0,1.0
Levamisole,2024-07-01,2,6,2.696732471068754,1.066575912127898,0.4970479666425959,0.4468017363563207,False,0.0,1.0
Acetyl fentanyl,2024-07-01,24,98,36.97712170866674,0.7110311471859322,0.494086186870351,0.44413940342208375,False,0.9191869859659536,1.0006003602161295
Diazepam,2024-07-01,15,51,22.293325754643345,0.7648474438729549,0.49290310692392086,0.44307591264830143,False,0.1379816208032986,1.0
Zolpidem,2024-07-01,1,4,1.7978216473791695,1.0323380129267683,0.46403011461660537,0.4171216240063016,False,0.0,1.0
Benztropine,2024-07-01,1,4,1.7978216473791695,1.0323380129267683,0.46403011461660537,0.4171216240063016,False,0.0,1.0
Doxepin,2024-07-01,1,4,1.7978216473791695,1.0323380129267683,0.46403011461660537,0.4171216240063016,False,0.0,1.0
Temazepam,2024-07-01,4,14,6.292375765827093,0.8800103526157546,0.45681264407253097,0.41063377859668065,False,0.0,1.0
GHB,2024-07-01,1,5,2.2472770592239617,0.9635418094285614,0.4331066091419262,0.38932414715896685,False,0.0,1.0
Doxylamine,2024-07-01,3,12,5.393464942137508,0.8589784746480343,0.42873165953506387,0.38539147140172164,False,0.0,1.0
Duloxetine,2024-07-01,1,6,2.696732471068754,0.9033420468458552,0.4060471553764402,0.3650001094946008,False,0.0,1.0
Buprenorphine,2024-07-01,1,6,2.696732471068754,0.9033420468458552,0.4060471553764402,0.3650001094946008,False,0.0,1.0
Gabapentin,2024-07-01,3,14,6.292375765827093,0.7874140539626505,0.39301256557676423,0.3532831905324253,False,0.0,1.0
Amlodipine,2024-07-01,2,11,4.944009530292716,0.7940763169910128,0.3781326560887781,0.3399074717705781,False,0.0,1.0
Etizolam,2024-07-01,1,8,3.595643294758339,0.8030027110985627,0.36094518985318386,0.32445746338606246,False,0.0,1.0
Carfentanil,2024-10-01,13,0,0.0,3.9842848767213668,2.5079891547040405,2.249460379267865,True,3.4738708467876167,10000.0
Bromazolam,2024-10-01,19,8,3.1085576569889004,3.1647145174653497,2.119943104706119,1.901414823078718,True,0.7292934037507012,10000.0
Codeine,2024-10-01,25,23,9.011895027548738,2.2386575895406025,1.564861478441161,1.4035521484791282,False,0.6826523188056447,9.433962264150944
Amphetamine,2024-10-01,44,59,20.987568380036734,1.9344123101490471,1.4627829438665585,1.3119960780423057,False,1.3631515813295418,9.560229445506693
Ketamine,2024-10-01,28,35,11.772119571502474,2.045449169547827,1.454047330687871,1.3041609561732928,False,4.279995746687126,1.056524035921817
Ephedrine,2024-10-01,7,1,0.44845890410958905,2.4674374244683794,1.4006375443528634,1.2562568082344983,False,0.0,4.614674665436087
Hydroxyzine,2024-10-01,12,9,3.3714922200571014,2.1925726522432987,1.361769998549855,1.2213957852646518,False,0.951576690535433,2.354603249352484
Diphenhydramine,2024-10-01,21,20,8.969178082191782,1.952712816968941,1.328916761522934,1.1919291167650903,False,-0.5438158178210163,1.0863661053775122
Citalopram,2024-10-01,14,11,4.7950458289619675,2.07423680755399,1.3219044711684662,1.1856396753400003,False,0.1407088935909696,1.138044838966655
Quetiapine,2024-10-01,22,31,10.74632651271094,1.7926126547400465,1.2288325008703702,1.1021617544521203,False,1.6850812607265462,1.0006003602161295
Pregabalin,2024-10-01,5,0,0.0,2.2769243830573016,1.2256719972535763,1.0993270728286546,False,0.0,1.177024482109228
Hydromorphone,2024-10-01,11,11,3.712411474780754,1.984475081125345,1.2146244639350292,1.0894183201608256,False,2.5677025174030224,1.001001001001001
Mitragynine,2024-10-01,25,29,13.005308219178083,1.7332681584986585,1.2115852757990553,1.0866924095532893,False,-0.2934761617302046,1.0072522159548751
PCP,2024-10-01,111,226,76.01378424666862,1.4456209570212541,1.2066459272537955,1.0822622189274826,False,6.948904427456557,1.0121457489878545
Alprazolam,2024-10-01,125,225,87.62759624749144,1.4154053940183842,1.1934399451827018,1.0704175384284829,False,0.7164277110195958,1.0006003602161295
Cocaine,2024-10-01,556,1279,430.1842037671233,1.2915587974753466,1.1904002361857435,1.0676911703068774,False,9.53676386858609,1.0
Clonazepam,2024-10-01,24,31,13.366001309195443,1.6432342559038555,1.1415801472029217,1.0239035599911805,False,0.19458807853772,1.0009008107296566
Benzylfentanyl,2024-10-01,5,1,0.44845890410958905,2.0779655141636506,1.118572123396212,1.0032672684054427,False,0.0,3.145643284051588
Morphine,2024-10-01,38,66,26.548374086365275,1.3978924319216017,1.0370892101557476,0.9301837752282542,False,0.5419895980450762,1.0090817356205852
Methamphetamine,2024-10-01,2164,4469,2004.1628424657536,1.0800513325623138,1.0363244911956566,0.9294978910758007,False,0.0,1.0
Hydrocodone,2024-10-01,45,77,34.49794151308807,1.2929230290533529,0.9804774005373276,0.8794076347173245,False,0.004848172252076,1.00130169219986
Xylazine,2024-10-01,5,3,1.3453767123287672,1.76884097550305,0.9521698952328478,0.8540181217628033,False,0.0,3.5373187124159884
Fluoxetine,2024-10-01,9,10,4.484589041095891,1.5992664466572701,0.9463900072196312,0.8488340358762916,False,0.0,1.0092854259184498
Ethanol,2024-10-01,420,914,409.8914383561644,1.0267319377906483,0.9348008423970754,0.838439521725799,False,-1.853534092787836,1.0
Methocarbamol,2024-10-01,3,0,0.0,1.8502723660440725,0.9277933439201642,0.8321543584342935,False,0.0,1.4066676044450697
Baclofen,2024-10-01,4,2,0.8969178082191781,1.7319268537222083,0.9023404539459594,0.8093252029813808,False,0.0,1.0009008107296566
Trazodone,2024-10-01,13,21,8.470361077704839,1.4186822843554687,0.8930184194213915,0.8009641069084649,False,0.5277703026249094,1.0165700925078784
para-Fluorofentanyl,2024-10-01,98,206,92.38253424657535,1.0679109260000776,0.8814491718001485,0.7905874552796381,False,-0.0689431287134869,1.0
Heroin,2024-10-01,127,367,124.92391034279825,1.0235350673057266,0.8641560149241202,0.7750769156920849,False,2.0957383220327506,1.0
Paroxetine,2024-10-01,4,3,1.3453767123287672,1.603103471909189,0.8352229838436924,0.7491263408709219,False,0.0,1.020512297173181
Doxepin,2024-10-01,4,3,1.3453767123287672,1.603103471909189,0.8352229838436924,0.7491263408709219,False,0.0,1.4575134819997084
Lorazepam,2024-10-01,13,24,9.6804126602341,1.2991714115650335,0.8177898697313724,0.733490277992717,False,0.5277703026249094,1.0
Lidocaine,2024-10-01,7,1,0.3752971387928246,1.663659229947318,0.8099710746927336,0.7264774498926803,False,0.9395695583967286,5000.0
Oxycodone,2024-10-01,40,85,38.11900684931507,1.0667323881251698,0.7967911695983158,0.7146561801991941,False,-0.1233817058858875,1.1534025374855823
Fentanyl,2024-10-01,1718,4595,2060.668664383562,0.8345585222150829,0.7967260793725894,0.714597808599268,False,0.0,1.0
Protonitazene,2024-10-01,2,0,0.0,1.6370145352498366,0.7841927179171948,0.7033563789511004,False,0.0,1.0
MDMB-4en-PINACA,2024-10-01,2,0,0.0,1.6370145352498366,0.7841927179171948,0.7033563789511004,False,0.0,1.0
Arsenic,2024-10-01,2,0,0.0,1.6370145352498366,0.7841927179171948,0.7033563789511004,False,0.0,1.0
Ethylene Glycol,2024-10-01,2,0,0.0,1.6370145352498366,0.7841927179171948,0.7033563789511004,False,0.0,1.0
Dextromethorphan,2024-10-01,3,2,0.8969178082191781,1.552901238545851,0.7786807279452723,0.6984125775225074,False,0.0,1.000300090027008
"1,1-Difluoroethane",2024-10-01,5,6,2.6907534246575344,1.446142147411862,0.7784606055959066,0.698215149123348,False,0.0,1.0
Duloxetine,2024-10-01,5,6,2.6907534246575344,1.446142147411862,0.7784606055959066,0.698215149123348,False,0.0,1.0015022533800702
Methadone,2024-10-01,16,40,13.530942436341029,1.1892017928911391,0.7747676673952463,0.6949028996605388,False,2.382211627257365,1.0
Chlordiazepoxide,2024-10-01,4,5,2.2422945205479454,1.39550400552424,0.7270628751565735,0.6521156036330982,False,0.0,1.0
Acetaminophen,2024-10-01,3,3,1.3453767123287672,1.4373940571997328,0.7207612583608926,0.6464635682792418,False,0.0,1.0
Dipyrone,2024-10-01,2,1,0.44845890410958905,1.4939713306887576,0.7156695393204829,0.6418967116038631,False,0.0,1.0
Salicylate,2024-10-01,2,1,0.44845890410958905,1.4939713306887576,0.7156695393204829,0.6418967116038631,False,0.0,1.0
Tramadol,2024-10-01,19,44,19.1330165720674,1.0354268886878484,0.6936000327951058,0.6221022035547226,False,0.1528221377773549,1.0
Venlafaxine,2024-10-01,3,4,1.7938356164383562,1.3378804524664552,0.6708615453265155,0.6017076233104651,False,0.0,1.001903616872057
Phenobarbital,2024-10-01,1,0,0.0,1.4238289228571013,0.6450416700545405,0.5785493071580714,False,0.0,1.0
Labetalol,2024-10-01,1,0,0.0,1.4238289228571013,0.6450416700545405,0.5785493071580714,False,0.0,1.0
Estazolam,2024-10-01,1,0,0.0,1.4238289228571013,0.6450416700545405,0.5785493071580714,False,0.0,1.0
Buspirone,2024-10-01,1,0,0.0,1.4238289228571013,0.6450416700545405,0.5785493071580714,False,0.0,1.0
Chloroethane,2024-10-01,1,0,0.0,1.4238289228571013,0.6450416700545405,0.5785493071580714,False,0.0,1.0
Clonidine,2024-10-01,1,0,0.0,1.4238289228571013,0.6450416700545405,0.5785493071580714,False,0.0,1.0
Secobarbital,2024-10-01,1,0,0.0,1.4238289228571013,0.6450416700545405,0.5785493071580714,False,0.0,1.0
Phentermine,2024-10-01,1,0,0.0,1.4238289228571013,0.6450416700545405,0.5785493071580714,False,0.0,1.0
Valproic Acid,2024-10-01,1,0,0.0,1.4238289228571013,0.6450416700545405,0.5785493071580714,False,0.0,1.0
Nicotine,2024-10-01,1,0,0.0,1.4238289228571013,0.6450416700545405,0.5785493071580714,False,0.0,1.0
Bupropion,2024-10-01,6,12,5.381506849315069,1.1588356282933698,0.641699142157865,0.5755513524541465,False,0.0,1.0
Levamisole,2024-10-01,2,2,0.8969178082191781,1.3455918685519834,0.6312471939785086,0.5661767976298773,False,0.0,1.0
Metoprolol,2024-10-01,3,5,2.2422945205479454,1.2512537085021005,0.627423769391159,0.5627475060683559,False,0.0,1.0
Diazepam,2024-10-01,17,43,19.283732876712328,0.9454809731446492,0.6221055462977021,0.5579775234485256,False,-0.5514538462629065,1.0
Olanzapine,2024-10-01,8,18,8.072260273972603,1.071104647547422,0.6215168190164231,0.5574494716314845,False,0.0,1.0
Midazolam,2024-10-01,2,3,1.3453767123287672,1.2717235622712908,0.6092043383015282,0.5464061683991016,False,0.0,1.0
Clozapine,2024-10-01,2,3,1.3453767123287672,1.2717235622712908,0.6092043383015282,0.5464061683991016,False,0.0,1.0
Propranolol,2024-10-01,2,3,1.3453767123287672,1.2717235622712908,0.6092043383015282,0.5464061683991016,False,0.0,1.000300090027008
Zolpidem,2024-10-01,2,3,1.3453767123287672,1.2717235622712908,0.6092043383015282,0.5464061683991016,False,0.0,1.0
Mirtazapine,2024-10-01,4,8,3.5876712328767124,1.1685213865917203,0.6088040705394914,0.5460471697507185,False,0.0,1.1002310485201892
Loperamide,2024-10-01,1,1,0.44845890410958905,1.2994139909877607,0.5886775843526687,0.5279953504072481,False,0.0,1.0
MDMA,2024-10-01,14,49,17.331598806501155,0.8930731937488459,0.5691526847840745,0.510483156010063,False,1.4225780346849466,1.0
Sertraline,2024-10-01,5,13,5.829965753424657,1.0143510621767458,0.5460267813659627,0.4897411036082614,False,0.0,1.0
Topiramate,2024-10-01,1,2,0.8969178082191781,1.1949947144860138,0.5413721929399018,0.485566299978749,False,0.0,1.0
Hydroxychloroquine,2024-10-01,1,2,0.8969178082191781,1.1949947144860138,0.5413721929399018,0.485566299978749,False,0.0,1.0
Carbon monoxide,2024-10-01,1,2,0.8969178082191781,1.1949947144860138,0.5413721929399018,0.485566299978749,False,0.0,1.0
Amlodipine,2024-10-01,3,8,3.5876712328767124,1.0477338027329006,0.5253715432469432,0.47121504417457655,False,0.0,1.0
Flualprazolam,2024-10-01,1,3,1.3453767123287672,1.1343546972008296,0.5033168452582876,0.45143377724820194,False,0.0,1.0
Temazepam,2024-10-01,4,12,5.381506849315069,0.9602677494112116,0.5003031363888982,0.4487307482685156,False,0.0,1.0
Cyclobenzaprine,2024-10-01,4,12,5.381506849315069,0.9602677494112116,0.5003031363888982,0.4487307482685156,False,0.0,1.0
Doxylamine,2024-10-01,3,11,4.933047945205479,0.9011579487913819,0.4518731199001634,0.40529299981025774,False,0.0,1.0
Gabapentin,2024-10-01,3,12,5.381506849315069,0.8610069034910223,0.4317399366646833,0.3872351897078231,False,0.0,1.0
Oxymorphone,2024-10-01,1,6,2.6907534246575344,0.9043159409988488,0.409685079067174,0.36745378218802777,False,0.0,1.0
Acetyl fentanyl,2024-10-01,19,103,46.19126712328767,0.4847279770900542,0.32470408531927153,0.2912328621666013,False,-0.5163721439828118,1.0
Carfentanil,2025-01-01,16,4,1.4185225168450033,3.2936867797080858,2.167068852181258,1.8519873029959255,True,0.99503954901482,10000.0
Amphetamine,2025-01-01,46,55,19.143106993823434,2.142211439775581,1.6325258277733397,1.395163952904052,False,1.1307124141868103,3.17258883248731
Alprazolam,2025-01-01,136,216,77.91500096514527,1.7118236858405886,1.4535046087018215,1.2421715565886762,False,0.8839976637984,12.578616352201257
Bromazolam,2025-01-01,17,14,5.3790359141743656,2.186989467512488,1.4522063353908212,1.2410621686785732,False,0.5291876309660382,277.77777777777777
Codeine,2025-01-01,23,26,10.19879028574525,1.8977892034483168,1.318005173745833,1.1263731797014795,False,0.4234341065875895,20.61855670103093
Clonazepam,2025-01-01,23,25,10.682555954211516,1.8410721263785153,1.2786154454862817,1.0927105316554448,False,-0.4558342514074707,1.5121729925903524
Cocaine,2025-01-01,562,1267,406.0439518195798,1.3820950678290493,1.2741688947837853,1.088910441559591,False,8.858197059563192,1.0
Lorazepam,2025-01-01,19,20,8.546044763369213,1.8363659723347554,1.2399454550054587,1.0596629866930685,False,-0.2087576826889695,1.0640561821664185
PCP,2025-01-01,113,237,75.95297283444387,1.470701088994505,1.2298408851190707,1.0510275286239943,False,8.795577960879113,1.1789672247111531
Xylazine,2025-01-01,7,3,1.281906714505382,2.0341470603706346,1.1816195890609775,1.009817507952196,False,0.0,1.2390038409119069
"1,1-Difluoroethane",2025-01-01,8,5,2.1365111908423033,1.9374627311538615,1.1475108507819214,0.9806679945322582,False,0.0,1.1124707976415618
Benzylfentanyl,2025-01-01,5,1,0.42730223816846064,1.9902050073565742,1.1039716836254738,0.9434592476728828,False,0.0,1.2804097311139564
Morphine,2025-01-01,40,63,26.92004100461302,1.4433699660393347,1.0810536354933835,0.9238732750548443,False,-0.182151260869358,2.136295663319804
Trazodone,2025-01-01,16,20,8.546044763369213,1.622880073589751,1.0677678521130278,0.9125191987831096,False,-0.5544688820092102,1.032417922775139
Fluoxetine,2025-01-01,10,10,4.273022381684607,1.7185909056857336,1.0524257211982293,0.8994077593616764,False,0.0,1.000100010001
Ketamine,2025-01-01,22,42,13.472422188603106,1.5177194489231993,1.0472463714464304,0.8949814377160132,False,2.992821231399243,1.002104419280489
Methamphetamine,2025-01-01,2109,4533,1936.961045617632,1.0892337341125828,1.0444447875275542,0.8925871903653043,False,0.0,1.0
Heroin,2025-01-01,128,330,106.11424685456822,1.2076782647720563,1.0204625579475917,0.8720918656395177,False,2.571519181923128,1.0
Acetaminophen,2025-01-01,4,1,0.42730223816846064,1.821725858251711,0.9827724632047894,0.839881791085318,False,0.0,1.0197838058331634
Citalopram,2025-01-01,10,12,5.0078075772850505,1.5984660620611308,0.9788640173819254,0.836541572499094,False,0.1174159803899257,1.0327377878756585
Diphenhydramine,2025-01-01,16,26,9.924555167806197,1.4778841564755292,0.9723683327636089,0.8309903205157464,False,0.5632821237265112,1.0007004903432404
Venlafaxine,2025-01-01,5,3,1.281906714505382,1.7395825538895042,0.9649507833234092,0.8246512816308335,False,0.0,1.00080064051241
Ephedrine,2025-01-01,5,3,1.281906714505382,1.7395825538895042,0.9649507833234092,0.8246512816308335,False,0.0,1.7143836790673752
Ethanol,2025-01-01,410,907,387.5631300187938,1.060375159839385,0.9641676532453003,0.8239819903060027,False,-2.174480286074495,1.0
Oxycodone,2025-01-01,43,79,33.75687681530839,1.268435318553488,0.9586823477258707,0.8192942139501262,False,-0.8119230442343676,1.0664391596459422
Quetiapine,2025-01-01,19,37,13.134407697366612,1.384306673634841,0.9347073481899322,0.798805066600695,False,0.9882609258132896,1.0063399416322834
Hydrocodone,2025-01-01,41,78,33.018669234264195,1.2408268758886762,0.9322551757937628,0.7967094322893057,False,0.0467817790320079,1.0007004903432404
Lidocaine,2025-01-01,10,1,0.34060080936349485,1.7730574781015573,0.9308491635826799,0.7955078869955647,False,1.3153773725871385,10000.0
Hydromorphone,2025-01-01,9,12,5.127626858021528,1.4864255192174671,0.8959123940228211,0.7656507203528441,False,0.0,1.0004001600640255
Mitragynine,2025-01-01,21,38,16.237485050401503,1.2787127112164427,0.8763252992269622,0.7489114982846952,False,-1.432802717238932,1.000100010001
Salicylate,2025-01-01,3,1,0.42730223816846064,1.6532674201985462,0.8637308776418179,0.7381482613626397,False,0.0,1.000300090027008
Diazepam,2025-01-01,21,39,16.664787288569965,1.254066199314452,0.8594345920900428,0.7344766222717758,False,-0.2526363309354186,1.0
Paroxetine,2025-01-01,4,3,1.281906714505382,1.5923196400722757,0.8590139332956488,0.7341171302791127,False,0.0,1.000300090027008
Doxepin,2025-01-01,4,3,1.281906714505382,1.5923196400722757,0.8590139332956488,0.7341171302791127,False,0.0,1.00130169219986
Hydroxyzine,2025-01-01,8,12,5.127626858021528,1.3924025885500426,0.824685323400485,0.7047797274696848,False,0.0,1.142726545537653
Baclofen,2025-01-01,3,2,0.8546044763369213,1.5421763914781583,0.8056926252922556,0.6885484811925019,False,0.0,1.000300090027008
Ethylene Glycol,2025-01-01,2,0,0.0,1.6001002541609366,0.8051706145368384,0.6881023737845062,False,0.0,1.0
Nicotine,2025-01-01,2,0,0.0,1.6001002541609366,0.8051706145368384,0.6881023737845062,False,0.0,1.0
Protonitazene,2025-01-01,2,0,0.0,1.6001002541609366,0.8051706145368384,0.6881023737845062,False,0.0,1.0
MDMB-4en-PINACA,2025-01-01,2,0,0.0,1.6001002541609366,0.8051706145368384,0.6881023737845062,False,0.0,1.0
Chlordiazepoxide,2025-01-01,5,7,2.9911156671792245,1.389602853183045,0.770816170057196,0.658742890456805,False,0.0,1.0004001600640255
Fentanyl,2025-01-01,1564,4581,1957.471553049718,0.8002130357318764,0.7621263541880621,0.6513165930066683,False,0.0,1.0
para-Fluorofentanyl,2025-01-01,81,211,87.98050493796163,0.9391865224194156,0.7616550807396452,0.6509138278330012,False,0.1215290315647535,1.0
Dipyrone,2025-01-01,2,1,0.42730223816846064,1.484836666757608,0.7471699653513129,0.6385347290848157,False,0.0,1.0
Tramadol,2025-01-01,20,46,19.655902955749188,1.0652399907524712,0.7247817642443134,0.6194016985896766,False,-1.1425928526946578,1.0
Zolpidem,2025-01-01,2,2,0.8546044763369213,1.3850633144392972,0.6969640040738048,0.5956284677666089,False,0.0,1.0
Methadone,2025-01-01,15,36,14.9614153645766,1.0653094296944177,0.6940614770325304,0.5931479931601832,False,0.1377896208218989,1.0
Duloxetine,2025-01-01,4,7,2.9911156671792245,1.2719671797561498,0.6861923338807205,0.5864229536848102,False,0.0,1.0
Bupropion,2025-01-01,6,12,5.127626858021528,1.2043712841259147,0.6846007612032777,0.5850627963391022,False,0.0,1.0
Phentermine,2025-01-01,1,0,0.0,1.418635839390123,0.6826788177733046,0.5834202753510126,False,0.0,1.0
Labetalol,2025-01-01,1,0,0.0,1.418635839390123,0.6826788177733046,0.5834202753510126,False,0.0,1.0
Valproic Acid,2025-01-01,1,0,0.0,1.418635839390123,0.6826788177733046,0.5834202753510126,False,0.0,1.0
Chloroethane,2025-01-01,1,0,0.0,1.418635839390123,0.6826788177733046,0.5834202753510126,False,0.0,1.0
Buspirone,2025-01-01,1,0,0.0,1.418635839390123,0.6826788177733046,0.5834202753510126,False,0.0,1.0
Clonidine,2025-01-01,1,0,0.0,1.418635839390123,0.6826788177733046,0.5834202753510126,False,0.0,1.0
Butalbital,2025-01-01,1,0,0.0,1.418635839390123,0.6826788177733046,0.5834202753510126,False,0.0,1.0
Secobarbital,2025-01-01,1,0,0.0,1.418635839390123,0.6826788177733046,0.5834202753510126,False,0.0,1.0
Metoprolol,2025-01-01,3,5,2.1365111908423033,1.2834523011576229,0.6705251485311156,0.5730336980254628,False,0.0,1.0
Clozapine,2025-01-01,2,3,1.281906714505382,1.2978542166858278,0.6530803770018341,0.5581253074835116,False,0.0,1.0
Carisoprodol,2025-01-01,2,3,1.281906714505382,1.2978542166858278,0.6530803770018341,0.5581253074835116,False,0.0,1.0
Loperamide,2025-01-01,1,1,0.42730223816846064,1.3164440825662465,0.6335018931548676,0.5413934345480318,False,0.0,1.0
Nitrous oxide,2025-01-01,1,1,0.42730223816846064,1.3164440825662465,0.6335018931548676,0.5413934345480318,False,0.0,1.0
Mirtazapine,2025-01-01,4,9,3.8457201435161457,1.1557107530226904,0.6234750955285808,0.5328245063221926,False,0.0,1.010407194099222
Olanzapine,2025-01-01,5,13,5.554929096189988,1.0674644557522943,0.592125197188831,0.5060327443129984,False,0.0,1.0
Hydroxychloroquine,2025-01-01,1,2,0.8546044763369213,1.2279858418736496,0.5909338390414951,0.5050145703757217,False,0.0,1.0
Methocarbamol,2025-01-01,1,2,0.8546044763369213,1.2279858418736496,0.5909338390414951,0.5050145703757217,False,0.0,1.0708931248661384
Carbon monoxide,2025-01-01,1,2,0.8546044763369213,1.2279858418736496,0.5909338390414951,0.5050145703757217,False,0.0,1.0
Amlodipine,2025-01-01,3,8,3.418417905347685,1.0990667493501456,0.5741950010054252,0.4907095000314864,False,0.0,1.0
Propranolol,2025-01-01,1,3,1.281906714505382,1.15066696683927,0.5537262930776738,0.4732168249638595,False,0.0,1.0708931248661384
Nortriptyline,2025-01-01,1,3,1.281906714505382,1.15066696683927,0.5537262930776738,0.4732168249638595,False,0.0,1.0
MDMA,2025-01-01,13,44,17.64287373141378,0.8555140230568302,0.5453086329641881,0.4660231329147949,False,0.3139702006281444,1.0
Pregabalin,2025-01-01,1,4,1.7092089526738425,1.0825079582470234,0.5209266766332175,0.4451861191058278,False,0.0,1.034233116144379
GHB,2025-01-01,1,4,1.7092089526738425,1.0825079582470234,0.5209266766332175,0.4451861191058278,False,0.0,1.0
Dextromethorphan,2025-01-01,1,4,1.7092089526738425,1.0825079582470234,0.5209266766332175,0.4451861191058278,False,0.0,1.429388221841052
Midazolam,2025-01-01,1,4,1.7092089526738425,1.0825079582470234,0.5209266766332175,0.4451861191058278,False,0.0,1.0
Acetyl fentanyl,2025-01-01,28,101,43.15752605501452,0.715161701696076,0.5107784068545357,0.43651347466008544,False,-0.952918550144077,1.0516352928804291
Temazepam,2025-01-01,3,11,4.700324619853067,0.9610051585260563,0.5020662833193323,0.4290679660185674,False,0.0,1.0
Oxymorphone,2025-01-01,1,6,2.563813429010764,0.9678482378256519,0.4657498932684812,0.3980317859331202,False,0.0,1.0
Gabapentin,2025-01-01,2,10,4.273022381684607,0.9008198156079664,0.4532926250301541,0.38738576386188833,False,0.0,1.0
Sertraline,2025-01-01,3,14,5.982231334358449,0.853758483571074,0.4460364701437305,0.38118463460244256,False,0.0,1.0
Buprenorphine,2025-01-01,1,7,2.9911156671792245,0.9191688526699803,0.4423243007483515,0.3780121683349717,False,0.0,1.0
Cyclobenzaprine,2025-01-01,2,11,4.700324619853067,0.8631003544189667,0.4343121882315417,0.37116499730673985,False,0.0,1.0
Doxylamine,2025-01-01,1,12,5.127626858021528,0.7344639888376117,0.3534402513137419,0.30205146557786566,False,0.0,1.0
Carfentanil,2025-04-01,18,5,1.5630668280703448,3.126231112390782,2.1143407568018833,1.7616446753297452,True,3.154210033761827,10000.0
PCP,2025-04-01,126,227,70.9251865995487,1.7259093478391685,1.4570693642501948,1.2140136969661002,False,9.91882430332495,17.18213058419244
Cocaine,2025-04-01,583,1254,391.8069779552161,1.483031979356491,1.3690627435870608,1.1406875824202005,False,10.339305271688117,1.0096930533117934
Amphetamine,2025-04-01,38,59,18.7551274115579,1.805802253362426,1.3486001176810354,1.1236383357941766,False,1.941385347865355,1.7455053237912377
Codeine,2025-04-01,23,26,9.9666109823103,1.85775006320029,1.2995706676275047,1.0827875437758743,False,0.4116195158852637,3.457814661134163
Morphine,2025-04-01,46,62,25.828849158132268,1.6595035272813448,1.2681411657007906,1.056600853356358,False,-0.1183436067097692,8.058017727639001
Oxycodone,2025-04-01,48,66,27.495226523173063,1.6371871724950173,1.257295791257127,1.0475646109847352,False,-1.5008490570208604,1.6889039013680125
Alprazolam,2025-04-01,127,205,85.40183995834057,1.4657776468158776,1.238247160506231,1.0316935157891105,False,-0.7791337363372692,60.24096385542168
Hydrocodone,2025-04-01,43,77,26.74691354875805,1.5246760835208613,1.1558604179776135,0.9630498073608462,False,0.9635749550136564,1.0
"1,1-Difluoroethane",2025-04-01,9,6,2.4995660475611876,1.8442012453271992,1.1337278912922453,0.9446092047208458,False,0.0,2.293577981651376
Trazodone,2025-04-01,15,17,6.841577449617878,1.6969828502449178,1.1189021388118923,0.9322565707228584,False,0.1710941021988344,1.0115314586283632
Methamphetamine,2025-04-01,2061,4482,1867.175837528207,1.1041486697150256,1.058122352109199,0.8816155683437016,False,0.0,1.0
Venlafaxine,2025-04-01,6,3,1.2497830237805938,1.7579973294064577,1.0268845628051015,0.8555885526401112,False,0.0,1.000300090027008
Heroin,2025-04-01,118,313,99.9718661178007,1.1814749362800208,0.9920926088268377,0.8266003311165722,False,1.83327226982016,1.0
Ethanol,2025-04-01,401,885,368.68599201527513,1.089649505563656,0.9896382861944768,0.8245554191521637,False,-2.7630488544352083,1.0
Ketamine,2025-04-01,23,45,15.376039800009806,1.4046476045765273,0.9826073277673666,0.8186972914658383,False,1.0785434395122069,1.0002000400080016
Diazepam,2025-04-01,20,40,13.051321746748265,1.418029019191642,0.9731478357245529,0.8108157483159241,False,1.5029147678797958,1.0
Quetiapine,2025-04-01,18,33,11.435520711605813,1.4340098479518981,0.9698532700166439,0.8080707521254101,False,0.9796184669157328,1.000100010001
Hydroxyzine,2025-04-01,9,10,4.165943412601979,1.5640337092031804,0.9614941121733768,0.8011059848667227,False,0.0,1.0007004903432404
Fluoxetine,2025-04-01,9,10,4.165943412601979,1.5640337092031804,0.9614941121733768,0.8011059848667227,False,0.0,1.0171905197843556
Clozapine,2025-04-01,4,2,0.8331886825203958,1.592113331181654,0.8896220076394941,0.7412229523319054,False,0.0,1.0134792743488394
Chlordiazepoxide,2025-04-01,6,7,2.9161603888213854,1.456583011530513,0.8508218891833287,0.7088951434572357,False,0.0,1.0
Xylazine,2025-04-01,5,5,2.0829717063009894,1.4806692845928557,0.8470061037804961,0.7057158717706292,False,0.0,1.000100010001
Lidocaine,2025-04-01,9,3,1.0979194433029245,1.547296719476879,0.8399035544042467,0.6997981008157929,False,0.6526961673699334,10000.0
Lorazepam,2025-04-01,13,24,9.887948378900713,1.2674489263936854,0.8191958510409137,0.6825446990093982,False,0.0553419844526555,1.0376673238559715
Clonazepam,2025-04-01,15,30,12.073371969913904,1.2266447611883187,0.808785690826473,0.6738710732970368,False,0.1710941021988344,1.4150275930380642
Doxepin,2025-04-01,4,4,1.6663773650407916,1.435486171637727,0.8021037604171538,0.6683037487566835,False,0.0,1.001201441730076
Ephedrine,2025-04-01,4,4,1.6663773650407916,1.435486171637727,0.8021037604171538,0.6683037487566835,False,0.0,1.070663811563169
Citalopram,2025-04-01,8,13,5.415726436382573,1.322238844231732,0.8004175639957188,0.6668988381699539,False,0.0,1.0259567046270648
Baclofen,2025-04-01,3,2,0.8331886825203958,1.461233115351634,0.795028687275909,0.662408875025699,False,0.0,1.0
Bupropion,2025-04-01,7,11,4.5825377538621765,1.3311971476566662,0.7922990502223971,0.6601345832958433,False,0.0,1.0
Ethylene Glycol,2025-04-01,2,0,0.0,1.4933033145992662,0.7880212605685036,0.6565703627551223,False,0.0,1.0
MDMB-4en-PINACA,2025-04-01,2,0,0.0,1.4933033145992662,0.7880212605685036,0.6565703627551223,False,0.0,1.0
Bromazolam,2025-04-01,10,21,7.588705117803316,1.2615279325683681,0.786537194602663,0.6553338749706289,False,0.722927190001866,3.512469265893923
Diphenhydramine,2025-04-01,13,26,10.711944077142439,1.2078213380186413,0.7806564890301727,0.6504341406255506,False,0.0553419844526555,1.000100010001
Mitragynine,2025-04-01,19,41,17.080367991668115,1.1369460364871566,0.7747344365511444,0.6454999569191917,False,-0.5270354366894975,1.000100010001
Methadone,2025-04-01,14,35,12.128582572915256,1.1702537049411255,0.7642147915406402,0.636735105758592,False,0.9796184669157328,1.0
Carisoprodol,2025-04-01,2,1,0.4165943412601979,1.4071345185651254,0.742549692529618,0.6186839724380956,False,0.0,1.0
Dipyrone,2025-04-01,2,1,0.4165943412601979,1.4071345185651254,0.742549692529618,0.6186839724380956,False,0.0,1.0
Nicotine,2025-04-01,2,1,0.4165943412601979,1.4071345185651254,0.742549692529618,0.6186839724380956,False,0.0,1.0454783063251438
Fentanyl,2025-04-01,1440,4455,1855.9277903141817,0.7774345367723441,0.7388243680832138,0.615580101799001,False,0.0,1.0
Duloxetine,2025-04-01,4,6,2.4995660475611876,1.306915853273957,0.7302627786820566,0.6084466626789156,False,0.0,1.0
Olanzapine,2025-04-01,6,11,4.5825377538621765,1.2433983500620258,0.7262960811932037,0.6051416595994755,False,0.0,1.0
Metoprolol,2025-04-01,3,4,1.6663773650407916,1.3174815445264683,0.7168162368145197,0.597243154703531,False,0.0,1.0
Salicylate,2025-04-01,2,2,0.8331886825203958,1.3303676757025362,0.7020395672985121,0.5849313991367557,False,0.0,1.0
para-Fluorofentanyl,2025-04-01,62,179,72.33457565907985,0.8864603002792881,0.7003870238552158,0.5835545402013814,False,0.1508808047010106,1.0
Clonidine,2025-04-01,1,0,0.0,1.3464322021290351,0.6857044786885035,0.5713211860241604,False,0.0,1.0
Chloroethane,2025-04-01,1,0,0.0,1.3464322021290351,0.6857044786885035,0.5713211860241604,False,0.0,1.0
Prochlorperazine,2025-04-01,1,0,0.0,1.3464322021290351,0.6857044786885035,0.5713211860241604,False,0.0,1.0
Valproic Acid,2025-04-01,1,0,0.0,1.3464322021290351,0.6857044786885035,0.5713211860241604,False,0.0,1.0
Butalbital,2025-04-01,1,0,0.0,1.3464322021290351,0.6857044786885035,0.5713211860241604,False,0.0,1.0
Labetalol,2025-04-01,1,0,0.0,1.3464322021290351,0.6857044786885035,0.5713211860241604,False,0.0,1.0
Atenolol,2025-04-01,1,0,0.0,1.3464322021290351,0.6857044786885035,0.5713211860241604,False,0.0,1.0
Amlodipine,2025-04-01,3,5,2.0829717063009894,1.2557148815501986,0.683210189656452,0.5692429797278675,False,0.0,1.0
Zolpidem,2025-04-01,2,3,1.2497830237805938,1.2615436089789476,0.6657208721702371,0.5546710771873727,False,0.0,1.0
Benzylfentanyl,2025-04-01,2,3,1.2497830237805938,1.2615436089789476,0.6657208721702371,0.5546710771873727,False,0.0,3.0845157310302285
Acetaminophen,2025-04-01,2,3,1.2497830237805938,1.2615436089789476,0.6657208721702371,0.5546710771873727,False,0.0,1.0006003602161295
Hydroxychloroquine,2025-04-01,1,1,0.4165943412601979,1.2687383802076726,0.6461369448953688,0.5383539692901166,False,0.0,1.0
Loperamide,2025-04-01,1,1,0.4165943412601979,1.2687383802076726,0.6461369448953688,0.5383539692901166,False,0.0,1.0
Carbon monoxide,2025-04-01,1,1,0.4165943412601979,1.2687383802076726,0.6461369448953688,0.5383539692901166,False,0.0,1.0
Nitrous oxide,2025-04-01,1,1,0.4165943412601979,1.2687383802076726,0.6461369448953688,0.5383539692901166,False,0.0,1.0
Promethazine,2025-04-01,1,0,0.0,1.2730072285342338,0.6354186080259558,0.5294235715614799,False,0.0,1.2514078338130397
Dextromethorphan,2025-04-01,2,4,1.6663773650407916,1.199490239961393,0.6329750973516376,0.527387671386548,False,0.0,1.0002000400080016
Pregabalin,2025-04-01,2,4,1.6663773650407916,1.199490239961393,0.6329750973516376,0.527387671386548,False,0.0,1.0892059688487092
MDA,2025-04-01,1,2,0.8331886825203958,1.1995217995736793,0.6108866595373804,0.5089838342615256,False,0.0,1.0
Methocarbamol,2025-04-01,1,2,0.8331886825203958,1.1995217995736793,0.6108866595373804,0.5089838342615256,False,0.0,1.0
Paroxetine,2025-04-01,2,5,2.0829717063009894,1.1432552894963757,0.603299721880217,0.5026624870750404,False,0.0,1.0
Propranolol,2025-04-01,1,3,1.2497830237805938,1.1374667978790072,0.5792835884582905,0.4826525162394199,False,0.0,1.0
Nortriptyline,2025-04-01,1,3,1.2497830237805938,1.1374667978790072,0.5792835884582905,0.4826525162394199,False,0.0,1.0
GHB,2025-04-01,1,3,1.2497830237805938,1.1374667978790072,0.5792835884582905,0.4826525162394199,False,0.0,1.0
Tramadol,2025-04-01,14,46,19.163339697969104,0.8532102480499657,0.5571748152565309,0.4642317478861735,False,-0.8689344980104216,1.0
Acetyl fentanyl,2025-04-01,27,92,38.32667939593821,0.7789426720554883,0.5567741146547578,0.4638978899905685,False,-0.4212114830429179,1.0
Cyclobenzaprine,2025-04-01,3,10,4.165943412601979,1.0172576190025282,0.5534702033237031,0.46114510170850576,False,0.0,1.0
Midazolam,2025-04-01,1,4,1.6663773650407916,1.0815165743182613,0.5507895292560807,0.4589115912066533,False,0.0,1.0
Oxymorphone,2025-04-01,1,5,2.0829717063009894,1.0308125094099547,0.5249672083546929,0.43739672787008665,False,0.0,1.0
Gabapentin,2025-04-01,2,9,3.749349071341781,0.9627173825831327,0.5080292516446702,0.4232842168206251,False,0.0,1.0
Hydromorphone,2025-04-01,4,16,6.665509460163166,0.9026731207292922,0.504384868952383,0.42024776046576345,False,0.0,1.0
Mirtazapine,2025-04-01,2,10,4.165943412601979,0.9261538353908866,0.4887345428821562,0.40720808509238793,False,0.0,1.0
Buprenorphine,2025-04-01,1,7,2.9161603888213854,0.9424444430356184,0.4799635469819842,0.39990018997304067,False,0.0,1.0
MDMA,2025-04-01,10,46,19.163339697969104,0.6991946069885655,0.43593372010595083,0.3632150419852216,False,0.0,1.0
Temazepam,2025-04-01,1,13,5.415726436382573,0.7496496610532752,0.38177795303672235,0.31809307005556675,False,0.0,1.0
Sertraline,2025-04-01,1,14,5.832320777642771,0.7249332017069339,0.3691904741838627,0.3076053256976969,False,0.0,1.0
PCP,2025-07-01,143,222,69.6612377850163,1.945986021043506,1.6587120255224659,1.3879631625471744,False,11.45948734344064,62.11180124223603
Cocaine,2025-07-01,593,1214,380.94028230184585,1.5456008908335346,1.4275124125967062,1.1945018820318891,False,12.012688459006233,3.800836183960471
Alprazolam,2025-07-01,118,209,68.79264709048662,1.642635151138927,1.3788015971914873,1.153742056937267,False,1.4506770154922053,5.257623554153523
Amphetamine,2025-07-01,40,64,23.535395742632662,1.5268196229737694,1.1468619314510986,0.9596615285984315,False,0.6498279967016919,1.5835312747426762
Ketamine,2025-07-01,24,41,12.889831103700361,1.538983095430354,1.082275974459355,0.9056178348351351,False,2.764248637668647,1.0
Oxycodone,2025-07-01,43,69,28.868621064060804,1.3875059262582767,1.0513450188652627,0.8797356842225796,False,-1.709562088334974,2.0959966464053656
Methamphetamine,2025-07-01,1966,4333,1812.865725660514,1.0841922080506234,1.0378315817738255,0.8684280192635603,False,0.0,1.0
Heroin,2025-07-01,117,294,93.82126321408565,1.2292332894252882,1.0310668801780816,0.8627675101358685,False,1.951788420956554,1.0
"1,1-Difluoroethane",2025-07-01,9,7,2.9287006876583423,1.5692435973812506,0.9644891537864697,0.8070571706957513,False,0.0,1.1383039271485489
Ethanol,2025-07-01,388,885,370.271444082519,1.0473176405285411,0.9494672428149566,0.7944872479004189,False,-2.100541671596899,1.0
Mitragynine,2025-07-01,23,39,15.47028385005147,1.3276059938333342,0.9282589084657635,0.7767407201960301,False,0.2631661434794554,1.0
Carfentanil,2025-07-01,11,13,5.439015562794065,1.4254166304945453,0.9000344605605559,0.7531233070534928,False,0.0,117.6470588235294
Codeine,2025-07-01,19,31,12.969960188201231,1.2952438315458052,0.8821936416866724,0.7381946118226321,False,-0.8672073187354545,1.0134792743488394
Diazepam,2025-07-01,19,36,13.1568618118073,1.283827349334695,0.8744178486106684,0.7316880485993572,False,0.6838338590824886,1.0
Morphine,2025-07-01,32,72,26.33703976399267,1.1697651504080904,0.8544596907203525,0.7149876260395687,False,0.6789396083985502,3.33667000333667
Trazodone,2025-07-01,11,20,6.385456227853282,1.3319472222494233,0.8410161450526011,0.7037384527556688,False,1.939628645751092,1.0002000400080016
Quetiapine,2025-07-01,17,32,12.300999319127763,1.239550188942434,0.831327007091607,0.6956308544353933,False,0.4191091462111111,1.0
Hydrocodone,2025-07-01,32,80,27.666472300481665,1.1262217229029923,0.8226532177835157,0.6883728714926456,False,1.022942774858261,1.000100010001
Lorazepam,2025-07-01,12,22,8.456937031900338,1.2253534512135356,0.7829939278877288,0.6551871052154511,False,0.4191091462111111,1.1655011655011656
Fentanyl,2025-07-01,1420,4142,1732.9540354686935,0.8203439276238712,0.7792271613069899,0.6520351780387734,False,0.0,1.0
Duloxetine,2025-07-01,5,4,1.6735432500904814,1.360532547283617,0.7783657381753301,0.6513143717750092,False,0.0,1.0
Clozapine,2025-07-01,4,2,0.8367716250452407,1.3761712898225904,0.7691462258600542,0.6435997461975435,False,0.0,1.000300090027008
Chlordiazepoxide,2025-07-01,5,5,2.0919290626131017,1.3043944688330085,0.7462489343839074,0.6244399398359519,False,0.0,1.0028078620136385
Doxepin,2025-07-01,4,3,1.2551574375678611,1.3142804696154788,0.7345552624169642,0.6146550073419589,False,0.0,1.0005002501250624
Bupropion,2025-07-01,7,12,5.0206297502714445,1.1650540165593783,0.6933538811724698,0.5801788563468009,False,0.0,1.0
Zolpidem,2025-07-01,3,2,0.8367716250452407,1.2636820288935382,0.6878292984376264,0.5755560448575483,False,0.0,1.0
Acetaminophen,2025-07-01,3,2,0.8367716250452407,1.2636820288935382,0.6878292984376264,0.5755560448575483,False,0.0,1.4427932477276004
Olanzapine,2025-07-01,6,10,4.1838581252262035,1.163030571427482,0.6793510192203606,0.5684616586849427,False,0.0,1.0
Venlafaxine,2025-07-01,4,5,2.0919290626131017,1.2058212045186096,0.6739370566559895,0.5639314094093819,False,0.0,1.0
Hydroxyzine,2025-07-01,7,13,5.439015562794065,1.1289120237398305,0.6718448432750291,0.562180702919184,False,0.0,1.0
Fluoxetine,2025-07-01,7,13,5.439015562794065,1.1289120237398305,0.6718448432750291,0.562180702919184,False,0.0,1.0148163182463974
Ethylene Glycol,2025-07-01,2,0,0.0,1.2709014732040742,0.6710861155319148,0.561545824660465,False,0.0,1.0
MDMA,2025-07-01,14,41,14.582658541162424,0.9820302452730445,0.6410498121844254,0.5364122926884803,False,0.8408248286176738,1.0
Dipyrone,2025-07-01,2,1,0.41838581252262036,1.2080958323109345,0.6379222594273106,0.5337952487789032,False,0.0,1.0
Salicylate,2025-07-01,2,1,0.41838581252262036,1.2080958323109345,0.6379222594273106,0.5337952487789032,False,0.0,1.0045203415369162
Nitrous oxide,2025-07-01,2,1,0.41838581252262036,1.2080958323109345,0.6379222594273106,0.5337952487789032,False,0.0,1.0
Nicotine,2025-07-01,2,1,0.41838581252262036,1.2080958323109345,0.6379222594273106,0.5337952487789032,False,0.0,1.0045203415369162
Carisoprodol,2025-07-01,2,1,0.41838581252262036,1.2080958323109345,0.6379222594273106,0.5337952487789032,False,0.0,1.0
Lidocaine,2025-07-01,6,6,2.0990138880728186,1.158804100571577,0.6087981450296882,0.5094250146735553,False,0.9450713014843748,3333.333333333333
Amlodipine,2025-07-01,3,5,2.0919290626131017,1.107256485786275,0.6026859877684058,0.5043105338189233,False,0.0,1.0
Ziprasidone,2025-07-01,1,0,0.0,1.1467484489127855,0.5845551786400541,0.48913918760898734,False,0.0,1.0
Chloroethane,2025-07-01,1,0,0.0,1.1467484489127855,0.5845551786400541,0.48913918760898734,False,0.0,1.0
Atenolol,2025-07-01,1,0,0.0,1.1467484489127855,0.5845551786400541,0.48913918760898734,False,0.0,1.0
Butalbital,2025-07-01,1,0,0.0,1.1467484489127855,0.5845551786400541,0.48913918760898734,False,0.0,1.0
Desloratadine,2025-07-01,1,0,0.0,1.1467484489127855,0.5845551786400541,0.48913918760898734,False,0.0,1.0
Clonidine,2025-07-01,1,0,0.0,1.1467484489127855,0.5845551786400541,0.48913918760898734,False,0.0,1.0
Naloxone,2025-07-01,1,0,0.0,1.1467484489127855,0.5845551786400541,0.48913918760898734,False,0.0,1.0
Valproic Acid,2025-07-01,1,0,0.0,1.1467484489127855,0.5845551786400541,0.48913918760898734,False,0.0,1.0
Aripiprazole,2025-07-01,1,0,0.0,1.1467484489127855,0.5845551786400541,0.48913918760898734,False,0.0,1.0
Prochlorperazine,2025-07-01,1,0,0.0,1.1467484489127855,0.5845551786400541,0.48913918760898734,False,0.0,1.0
Labetalol,2025-07-01,1,0,0.0,1.1467484489127855,0.5845551786400541,0.48913918760898734,False,0.0,1.0
Nortriptyline,2025-07-01,2,3,1.2551574375678611,1.0994319726541093,0.580543454686485,0.4857822898877886,False,0.0,1.0
Buprenorphine,2025-07-01,3,6,2.5103148751357223,1.0633794897260234,0.5788034898554628,0.48432633613968745,False,0.0,1.0
Acetyl fentanyl,2025-07-01,26,83,34.72602243937749,0.8000816549290275,0.5687322180345269,0.47589898093556776,False,-0.1117342029997202,1.0
Lacosamide,2025-07-01,1,1,0.41838581252262036,1.0900782248271954,0.5556675241633197,0.4649668163682323,False,0.0,1.0
Hydroxychloroquine,2025-07-01,1,1,0.41838581252262036,1.0900782248271954,0.5556675241633197,0.4649668163682323,False,0.0,1.0
Carbon monoxide,2025-07-01,1,1,0.41838581252262036,1.0900782248271954,0.5556675241633197,0.4649668163682323,False,0.0,1.0
Amitriptyline,2025-07-01,1,1,0.41838581252262036,1.0900782248271954,0.5556675241633197,0.4649668163682323,False,0.0,1.0
MDMB-4en-PINACA,2025-07-01,1,1,0.41838581252262036,1.0900782248271954,0.5556675241633197,0.4649668163682323,False,0.0,1.0
Pregabalin,2025-07-01,2,4,1.6735432500904814,1.0521149992946761,0.5555582260751321,0.4648753583256938,False,0.0,1.0
Dextromethorphan,2025-07-01,2,4,1.6735432500904814,1.0521149992946761,0.5555582260751321,0.4648753583256938,False,0.0,1.0
Promethazine,2025-07-01,1,0,0.0,1.0846807720965956,0.5420210416795394,0.4535478266054574,False,0.0,1.0472300764477955
Paroxetine,2025-07-01,2,5,2.0919290626131017,1.0087027968542488,0.5326348705541228,0.44569374385675287,False,0.0,1.0
GHB,2025-07-01,1,2,0.8367716250452407,1.038745319116281,0.5295005684579025,0.44307104896125876,False,0.0,1.0
MDA,2025-07-01,1,2,0.8367716250452407,1.038745319116281,0.5295005684579025,0.44307104896125876,False,0.0,1.0
Ephedrine,2025-07-01,2,6,2.5103148751357223,0.968731164977006,0.511528272022654,0.42803234024857423,False,0.0,1.0
Lamotrigine,2025-07-01,1,3,1.2551574375678611,0.9920296229948394,0.5056872359720778,0.4231447269227208,False,0.0,1.0
Bromazolam,2025-07-01,7,24,10.041259500542889,0.841693378375413,0.5009135734128576,0.41915026156763363,False,0.0,1.0
Clonazepam,2025-07-01,9,32,13.388346000723852,0.8035417849890173,0.4938731867566365,0.4132590658768772,False,0.0,1.0149193139145438
Methadone,2025-07-01,10,36,15.061889250814334,0.7886123846647886,0.49155450664226674,0.4113188602253652,False,0.0,1.0
Tramadol,2025-07-01,11,40,16.735432500904814,0.7757003206939458,0.48979154919092077,0.409843667537732,False,-0.5099663692408849,1.0
Diphenhydramine,2025-07-01,8,29,12.13318856315599,0.8039805661467072,0.48661311981704575,0.40718404763056215,False,0.0,1.0
Propranolol,2025-07-01,1,4,1.6735432500904814,0.9493349948499991,0.4839236434371679,0.40493356930995955,False,0.0,1.0
Mirtazapine,2025-07-01,3,11,4.602243937748824,0.8875298013438927,0.4830875067008537,0.404233913890738,False,0.0,1.0
Gabapentin,2025-07-01,2,8,3.347086500180963,0.8975936907958716,0.4739648792471202,0.3966003577040305,False,0.0,1.0
Xylazine,2025-07-01,2,8,3.347086500180963,0.8975936907958716,0.4739648792471202,0.3966003577040305,False,0.0,1.0
Hydromorphone,2025-07-01,4,17,7.112558812884546,0.806492710769078,0.450751174115577,0.37717578770189936,False,0.0,1.0
Metoprolol,2025-07-01,1,6,2.5103148751357223,0.8740968393483611,0.44557098338211776,0.3728411502412183,False,0.0,1.0
Citalopram,2025-07-01,3,16,6.694173000361926,0.7615871252406379,0.41453619350119664,0.3468721185260461,False,0.0,1.0
Cyclobenzaprine,2025-07-01,2,12,5.0206297502714445,0.7826482422740394,0.4132691477738405,0.3458118902213176,False,0.0,1.0
Sertraline,2025-07-01,1,13,5.439015562794065,0.6842848575036927,0.34881429968184485,0.29187790059960034,False,0.0,1.0
para-Fluorofentanyl,2025-07-01,21,191,72.43455485087368,0.36309782466421187,0.2507422864649388,0.209814027978332,False,0.487745545631958,1.0
PCP,2025-10-01,137,232,68.22473137861955,1.8907083242252358,1.6054413036671766,1.2589747175707713,False,12.002285727639055,185.1851851851852
Cocaine,2025-10-01,565,1216,357.5916955017301,1.5653523340802729,1.442648747969704,1.131314058726181,False,11.27812156753854,1.8221574344023328
Alprazolam,2025-10-01,111,211,62.236094016044426,1.6832065019951847,1.4047712768685607,1.1016108275115162,False,2.6107167800748003,4.035512510088782
MDMA,2025-10-01,22,38,11.310389720337263,1.5176302005727886,1.0526515990169152,0.825481272176349,False,2.092243400196601,1.000300090027008
Carfentanil,2025-10-01,12,13,3.836990821143184,1.626536976891041,1.036178864895085,0.8125634652173317,False,2.541806134020216,16.129032258064516
Methamphetamine,2025-10-01,1851,4361,1709.931342196321,1.081835850214098,1.0340728656718667,0.810911993979307,False,0.0,1.0
Heroin,2025-10-01,115,280,92.93912317447793,1.2131583518293196,1.0155342341150633,0.7963741391366451,False,0.8665955346628128,1.0
Ethanol,2025-10-01,385,885,347.00509925332364,1.1056406242149563,1.0016934294317899,0.7855202885104835,False,-1.6384597293950605,1.001201441730076
Oxycodone,2025-10-01,37,73,28.623019486432344,1.2138789256723947,0.9019147227414165,0.7072745894915283,False,-0.5401533219314599,2.6624068157614484
Amphetamine,2025-10-01,33,70,27.44673101438718,1.142322617599721,0.8365078922677562,0.6559830579511552,False,-0.1930994424142596,1.001401962747847
"1,1-Difluoroethane",2025-10-01,8,8,3.136769258787106,1.3806813652196466,0.8323602171164846,0.6527304684653431,False,0.0,1.0002000400080016
Ketamine,2025-10-01,20,45,14.61313401181166,1.2141984176454517,0.8311193927163156,0.6517574352532574,False,1.0093158168710918,1.0
Morphine,2025-10-01,30,65,25.486250227645236,1.1199481008398993,0.8100224211551892,0.6352133558259557,False,-0.0966791224591951,1.046134532900931
Lorazepam,2025-10-01,12,23,7.556652115823708,1.2496502344661327,0.7960846755171768,0.6242834775018152,False,0.9312393213108716,1.0
Trazodone,2025-10-01,11,23,6.764372488584627,1.249013432272462,0.7861000433263425,0.6164536057926641,False,3.601330827352497,1.013273887931908
Chlordiazepoxide,2025-10-01,6,5,1.9604807867419414,1.3447993934611944,0.7818800866943488,0.6131443412373523,False,0.0,1.000300090027008
Fentanyl,2025-10-01,1276,4004,1569.9530140229467,0.8134924908771393,0.7704339102001123,0.6041683514724254,False,0.0,1.0
Mitragynine,2025-10-01,18,37,14.507557821890366,1.1328387801132218,0.7640730068857073,0.5991801785828978,False,-0.1978718974668063,1.0
Nitrous oxide,2025-10-01,4,1,0.39209615734838826,1.3571868049352385,0.7542810120033413,0.5915013581173816,False,0.0,1.0617965597791463
Diazepam,2025-10-01,16,39,12.849125248401558,1.1271697804462733,0.7477392238242994,0.5863713519782936,False,0.9133457314891038,1.0
Hydrocodone,2025-10-01,32,79,30.97559643052267,1.0148636637505102,0.7402243721578882,0.580478265145275,False,-0.0589356677441193,1.000100010001
Codeine,2025-10-01,16,36,14.115461664541977,1.0640445578887743,0.7058633629400659,0.5535326264373658,False,-0.9379237033237076,1.000100010001
Bupropion,2025-10-01,7,12,4.705153888180659,1.1409278653048567,0.6760962028999892,0.5301894479099203,False,0.0,1.0
Quetiapine,2025-10-01,13,39,11.67233215920033,1.044215465030984,0.6727201289353041,0.5275419588037298,False,1.932998093171653,1.0
Acetyl fentanyl,2025-10-01,28,80,31.019551072293684,0.912515371029104,0.6539993715712233,0.5128612852488101,False,0.0556695160634889,1.0
Methadone,2025-10-01,13,38,12.484903495708734,1.0037746382624213,0.6466667337222859,0.5071110881671721,False,0.9312393213108716,1.0
Buprenorphine,2025-10-01,4,5,1.9604807867419414,1.1536271063278347,0.6411490430582011,0.5027841554560772,False,0.0,1.0
Naloxone,2025-10-01,2,0,0.0,1.184578961522977,0.6210924901381382,0.4870559610781708,False,0.0,1.0
Clomipramine,2025-10-01,2,0,0.0,1.184578961522977,0.6210924901381382,0.4870559610781708,False,0.0,1.0
Carisoprodol,2025-10-01,2,0,0.0,1.184578961522977,0.6210924901381382,0.4870559610781708,False,0.0,1.0
Rosuvastatin,2025-10-01,2,0,0.0,1.184578961522977,0.6210924901381382,0.4870559610781708,False,0.0,1.0
Nicotine,2025-10-01,2,1,0.39209615734838826,1.1323236584311813,0.5936942521359372,0.4655704777263873,False,0.0,1.0
Olanzapine,2025-10-01,5,11,4.313057730832271,1.0197799736785516,0.5804554884983012,0.45518874378080854,False,0.0,1.0
MDMB-4en-PINACA,2025-10-01,2,2,0.7841923146967765,1.0844838486343842,0.5686111233960627,0.4459004845373661,False,0.0,1.0059350165979275
Clonazepam,2025-10-01,11,33,12.939173192496813,0.8892178666500441,0.5596530713271572,0.43887564798259987,False,-0.249014132079711,1.0
Venlafaxine,2025-10-01,3,6,2.3525769440903295,1.0198135423875063,0.5516192099196838,0.4325755588242492,False,0.0,1.0
Gabapentin,2025-10-01,3,6,2.3525769440903295,1.0198135423875063,0.5516192099196838,0.4325755588242492,False,0.0,1.0
Fluoxetine,2025-10-01,5,13,5.097250045529047,0.9609505868536059,0.5469699903036747,0.42892967641054824,False,0.0,1.00080064051241
Nortriptyline,2025-10-01,2,3,1.1762884720451647,1.040522564928265,0.5455615639715068,0.42782520017931364,False,0.0,1.0
Acetaminophen,2025-10-01,2,3,1.1762884720451647,1.040522564928265,0.5455615639715068,0.42782520017931364,False,0.0,1.0
Zolpidem,2025-10-01,2,3,1.1762884720451647,1.040522564928265,0.5455615639715068,0.42782520017931364,False,0.0,1.0
Ziprasidone,2025-10-01,1,0,0.0,1.0669841934689466,0.5395062731355008,0.4230766882842186,False,0.0,1.0
Lacosamide,2025-10-01,1,0,0.0,1.0669841934689466,0.5395062731355008,0.4230766882842186,False,0.0,1.0
Butalbital,2025-10-01,1,0,0.0,1.0669841934689466,0.5395062731355008,0.4230766882842186,False,0.0,1.0
Desloratadine,2025-10-01,1,0,0.0,1.0669841934689466,0.5395062731355008,0.4230766882842186,False,0.0,1.0
Aripiprazole,2025-10-01,1,0,0.0,1.0669841934689466,0.5395062731355008,0.4230766882842186,False,0.0,1.0
Atenolol,2025-10-01,1,0,0.0,1.0669841934689466,0.5395062731355008,0.4230766882842186,False,0.0,1.0
Prochlorperazine,2025-10-01,1,0,0.0,1.0669841934689466,0.5395062731355008,0.4230766882842186,False,0.0,1.0
Amitriptyline,2025-10-01,1,0,0.0,1.0669841934689466,0.5395062731355008,0.4230766882842186,False,0.0,1.0
Lidocaine,2025-10-01,5,8,3.136769258787106,1.01679174578052,0.5255278237918884,0.4121148975905449,False,-0.186766780629285,1111.111111111111
Dextromethorphan,2025-10-01,2,4,1.568384629393553,0.9999865154842348,0.5243079061679049,0.41115824757704356,False,0.0,1.0
Clozapine,2025-10-01,2,4,1.568384629393553,0.9999865154842348,0.5243079061679049,0.41115824757704356,False,0.0,1.0
Amlodipine,2025-10-01,2,5,1.9604807867419414,0.9624903961285151,0.5046481292365136,0.39574120369558197,False,0.0,1.0
Promethazine,2025-10-01,1,0,0.0,1.0081957142379618,0.49942495284277744,0.3916452304617874,False,0.0,1.0059350165979275
MDA,2025-10-01,1,2,0.7841923146967765,0.9768256588632761,0.49391881711300545,0.3873273614900272,False,0.0,1.0
Loperamide,2025-10-01,1,2,0.7841923146967765,0.9768256588632761,0.49391881711300545,0.3873273614900272,False,0.0,1.0
Lamotrigine,2025-10-01,1,2,0.7841923146967765,0.9768256588632761,0.49391881711300545,0.3873273614900272,False,0.0,1.0
Salicylate,2025-10-01,1,2,0.7841923146967765,0.9768256588632761,0.49391881711300545,0.3873273614900272,False,0.0,1.0
GHB,2025-10-01,1,2,0.7841923146967765,0.9768256588632761,0.49391881711300545,0.3873273614900272,False,0.0,1.0
Citalopram,2025-10-01,5,17,6.6656346749226,0.8615480758587073,0.49039040003248063,0.38456040056865964,False,0.0,1.0
Chlorcyclizine,2025-10-01,1,1,0.39209615734838826,0.9795626609001947,0.48349780326497793,0.3791552842222789,False,0.0,1.0
Mirtazapine,2025-10-01,3,10,3.9209615734838827,0.8910047529530835,0.4819462749121896,0.37793858507315975,False,0.0,1.0
Bromazolam,2025-10-01,7,26,10.194500091058094,0.8058470434229423,0.47753249153122845,0.3744773264622965,False,0.0,1.0
Cannabis,2025-10-01,1,1,0.39209615734838826,0.9712359253319652,0.4769345966356003,0.3740084689219652,False,0.0,1.0
Tramadol,2025-10-01,10,39,15.291750136587142,0.7592486907261717,0.47162255999952585,0.36984280155221144,False,-1.1110421110711604,1.0
Propranolol,2025-10-01,1,4,1.568384629393553,0.9007164911421336,0.4554352353692302,0.35714883636896877,False,0.0,1.0
Hydromorphone,2025-10-01,4,16,6.273538517574212,0.8167486218082428,0.4539227575523418,0.3559627587267898,False,0.0,1.0
Xylazine,2025-10-01,2,8,3.136769258787106,0.8651677806789855,0.45362042442349654,0.3557256741924776,False,0.0,1.0
Doxylamine,2025-10-01,1,5,1.9604807867419414,0.8669426626608805,0.43835795114611686,0.34375696276565115,False,0.0,1.0
Pregabalin,2025-10-01,1,5,1.9604807867419414,0.8669426626608805,0.43835795114611686,0.34375696276565115,False,0.0,1.0
Duloxetine,2025-10-01,1,6,2.3525769440903295,0.8356101039634402,0.4225150623065951,0.33133309226580165,False,0.0,1.0
Doxepin,2025-10-01,1,6,2.3525769440903295,0.8356101039634402,0.4225150623065951,0.33133309226580165,False,0.0,1.0
Cyclobenzaprine,2025-10-01,2,11,4.313057730832271,0.7857194343211964,0.4119644665857215,0.32305939476135653,False,0.0,1.0
Diphenhydramine,2025-10-01,6,31,12.154980877800035,0.6809413399624427,0.39590624186206125,0.31046665243044547,False,0.0,1.0
Sertraline,2025-10-01,2,13,5.097250045529047,0.7403926052692176,0.38819893128551247,0.30442264565993543,False,0.0,1.0
Hydroxyzine,2025-10-01,2,16,6.273538517574212,0.6814270401845419,0.35728240242553805,0.2801781422120531,False,0.0,1.0
para-Fluorofentanyl,2025-10-01,12,171,56.1820657306893,0.3101598117268694,0.19758606549818972,0.1549454858076893,False,0.9312393213108716,1.0
