substance,n_cases,observed,expected,z,withheld,as_of,recent_quarters
Acetaminophen,2,0.0,0.12052666477218905,0.0,n<min_cases,2012-10-01,4
Alprazolam,6,2.0,1.807899971582836,0.0,n<min_cases,2012-10-01,4
Amantadine,1,0.0,0.0,0.0,n<min_cases,2012-10-01,4
Arsenic,1,0.0,0.0,0.0,n<min_cases,2012-10-01,4
Bupropion,2,0.0,0.12052666477218905,0.0,n<min_cases,2012-10-01,4
Cannabis,2,0.0,0.12052666477218905,0.0,n<min_cases,2012-10-01,4
Carbon monoxide,1,0.0,0.0,0.0,n<min_cases,2012-10-01,4
Carisoprodol,2,0.0,0.12052666477218905,0.0,n<min_cases,2012-10-01,4
Chlorcyclizine,1,0.0,0.0,0.0,n<min_cases,2012-10-01,4
Chlordiazepoxide,1,0.0,0.0,0.0,n<min_cases,2012-10-01,4
Chloroform,1,0.0,0.0,0.0,n<min_cases,2012-10-01,4
Citalopram,4,0.0,0.7231599886331345,0.0,n<min_cases,2012-10-01,4
Cocaine,70,494.0,291.07189542483655,9.105251269742139,,2012-10-01,4
Codeine,2,0.0,0.12052666477218905,0.0,n<min_cases,2012-10-01,4
Diphenhydramine,2,0.0,0.12052666477218905,0.0,n<min_cases,2012-10-01,4
Ethanol,130,952.0,1010.6160841148053,0.0,case_fraction>max,2012-10-01,4
Fentanyl,5,2.0,1.2052666477218907,0.0,n<min_cases,2012-10-01,4
Fluoxetine,3,0.0,0.36157999431656723,0.0,n<min_cases,2012-10-01,4
Helium,1,0.0,0.0,0.0,n<min_cases,2012-10-01,4
Heroin,133,1118.0,1057.9830633702757,0.0,case_fraction>max,2012-10-01,4
Hydrocodone,17,20.0,16.391626409017714,0.6562391853187247,,2012-10-01,4
Hydromorphone,1,0.0,0.0,0.0,n<min_cases,2012-10-01,4
Hydroxyzine,2,0.0,0.12052666477218905,0.0,n<min_cases,2012-10-01,4
Lurasidone,1,0.0,0.0,0.0,n<min_cases,2012-10-01,4
MDMA,1,0.0,0.0,0.0,n<min_cases,2012-10-01,4
Meprobamate,2,0.0,0.12052666477218905,0.0,n<min_cases,2012-10-01,4
Methadone,31,58.0,56.044899119067914,0.19410453911881295,,2012-10-01,4
Methamphetamine,113,888.0,762.6927346784124,3.61200833247697,,2012-10-01,4
Mirtazapine,1,0.0,0.0,0.0,n<min_cases,2012-10-01,4
Morphine,102,638.0,620.8328502415459,0.5426153229161383,,2012-10-01,4
Oleandrin,1,0.0,0.0,0.0,n<min_cases,2012-10-01,4
Oxycodone,15,10.0,12.655299801079854,-0.548881260343836,,2012-10-01,4
Oxymorphone,1,0.0,0.0,0.0,n<min_cases,2012-10-01,4
PCP,3,0.0,0.36157999431656723,0.0,n<min_cases,2012-10-01,4
Pentobarbital,2,0.0,0.12052666477218905,0.0,n<min_cases,2012-10-01,4
Quetiapine,3,0.0,0.36157999431656723,0.0,n<min_cases,2012-10-01,4
Topiramate,1,0.0,0.0,0.0,n<min_cases,2012-10-01,4
Tramadol,2,0.0,0.12052666477218905,0.0,n<min_cases,2012-10-01,4
Trazodone,1,0.0,0.0,0.0,n<min_cases,2012-10-01,4
Verapamil,1,0.0,0.0,0.0,n<min_cases,2012-10-01,4
Zolpidem,1,0.0,0.0,0.0,n<min_cases,2012-10-01,4
"1,1-Difluoroethane",1,0.0,0.0,0.0,n<min_cases,2013-01-01,4
Acetaminophen,1,0.0,0.0,0.0,n<min_cases,2013-01-01,4
Alprazolam,7,8.0,2.6415746993905453,0.0,n<min_cases,2013-01-01,4
Amantadine,1,0.0,0.0,0.0,n<min_cases,2013-01-01,4
Amphetamine,1,0.0,0.0,0.0,n<min_cases,2013-01-01,4
Arsenic,1,0.0,0.0,0.0,n<min_cases,2013-01-01,4
Bupropion,2,0.0,0.12578927139954976,0.0,n<min_cases,2013-01-01,4
Cannabis,1,0.0,0.0,0.0,n<min_cases,2013-01-01,4
Carisoprodol,1,0.0,0.0,0.0,n<min_cases,2013-01-01,4
Chlorcyclizine,1,0.0,0.0,0.0,n<min_cases,2013-01-01,4
Chlordiazepoxide,1,0.0,0.0,0.0,n<min_cases,2013-01-01,4
Chloroform,1,0.0,0.0,0.0,n<min_cases,2013-01-01,4
Citalopram,2,0.0,0.12578927139954976,0.0,n<min_cases,2013-01-01,4
Cocaine,69,494.0,295.10163070334374,8.80708080892592,,2013-01-01,4
Codeine,2,0.0,0.12578927139954976,0.0,n<min_cases,2013-01-01,4
Diazepam,1,0.0,0.0,0.0,n<min_cases,2013-01-01,4
Diphenhydramine,1,0.0,0.0,0.0,n<min_cases,2013-01-01,4
Ethanol,131,1022.0,1071.0956459671663,0.0,case_fraction>max,2013-01-01,4
Etizolam,1,0.0,0.0,0.0,n<min_cases,2013-01-01,4
Fentanyl,8,0.0,3.5220995991873933,0.0,n<min_cases,2013-01-01,4
Fluoxetine,2,0.0,0.12578927139954976,0.0,n<min_cases,2013-01-01,4
Helium,1,0.0,0.0,0.0,n<min_cases,2013-01-01,4
Heroin,137,1146.0,1171.8528523582056,0.0,case_fraction>max,2013-01-01,4
Hydrocodone,16,18.0,15.094712567945972,0.5502050607394751,,2013-01-01,4
Hydromorphone,1,0.0,0.0,0.0,n<min_cases,2013-01-01,4
Hydroxyzine,2,0.0,0.12578927139954976,0.0,n<min_cases,2013-01-01,4
Ketamine,1,0.0,0.0,0.0,n<min_cases,2013-01-01,4
Lurasidone,1,0.0,0.0,0.0,n<min_cases,2013-01-01,4
Meprobamate,2,0.0,0.12578927139954976,0.0,n<min_cases,2013-01-01,4
Methadone,29,52.0,51.07044418821721,0.09640627595397444,,2013-01-01,4
Methamphetamine,118,966.0,868.3233404710921,0.0,case_fraction>max,2013-01-01,4
Mirtazapine,1,0.0,0.0,0.0,n<min_cases,2013-01-01,4
Morphine,115,814.0,824.5486740240488,-0.2900467963696109,,2013-01-01,4
Oleandrin,1,0.0,0.0,0.0,n<min_cases,2013-01-01,4
Oxycodone,14,30.0,11.44682369735903,4.030480481259697,,2013-01-01,4
Oxymorphone,3,0.0,0.37736781419864934,0.0,n<min_cases,2013-01-01,4
PCP,2,0.0,0.12578927139954976,0.0,n<min_cases,2013-01-01,4
Pentobarbital,2,0.0,0.12578927139954976,0.0,n<min_cases,2013-01-01,4
Quetiapine,4,2.0,0.7547356283972987,0.0,n<min_cases,2013-01-01,4
Topiramate,1,0.0,0.0,0.0,n<min_cases,2013-01-01,4
Tramadol,2,0.0,0.12578927139954976,0.0,n<min_cases,2013-01-01,4
Trazodone,1,0.0,0.0,0.0,n<min_cases,2013-01-01,4
Zolpidem,1,0.0,0.0,0.0,n<min_cases,2013-01-01,4
"1,1-Difluoroethane",1,0.0,0.0,0.0,n<min_cases,2013-04-01,4
Acetaminophen,1,0.0,0.0,0.0,n<min_cases,2013-04-01,4
Alprazolam,6,4.0,1.8256038864648463,0.0,n<min_cases,2013-04-01,4
Amantadine,1,0.0,0.0,0.0,n<min_cases,2013-04-01,4
Amitriptyline,1,0.0,0.0,0.0,n<min_cases,2013-04-01,4
Amphetamine,1,0.0,0.0,0.0,n<min_cases,2013-04-01,4
Bupropion,1,0.0,0.0,0.0,n<min_cases,2013-04-01,4
Cannabis,1,0.0,0.0,0.0,n<min_cases,2013-04-01,4
Carisoprodol,2,0.0,0.12170692576432308,0.0,n<min_cases,2013-04-01,4
Chlorcyclizine,1,0.0,0.0,0.0,n<min_cases,2013-04-01,4
Chlordiazepoxide,1,0.0,0.0,0.0,n<min_cases,2013-04-01,4
Chloroform,1,0.0,0.0,0.0,n<min_cases,2013-04-01,4
Citalopram,4,0.0,0.7302415545859385,0.0,n<min_cases,2013-04-01,4
Cocaine,84,632.0,424.27034321443034,7.661581572733563,,2013-04-01,4
Codeine,2,0.0,0.12170692576432308,0.0,n<min_cases,2013-04-01,4
Diazepam,2,0.0,0.12170692576432308,0.0,n<min_cases,2013-04-01,4
Diphenhydramine,1,0.0,0.0,0.0,n<min_cases,2013-04-01,4
Ethanol,153,1436.0,1415.208132787549,0.0,case_fraction>max,2013-04-01,4
Etizolam,1,0.0,0.0,0.0,n<min_cases,2013-04-01,4
Fentanyl,8,0.0,3.407793921401047,0.0,n<min_cases,2013-04-01,4
Helium,1,0.0,0.0,0.0,n<min_cases,2013-04-01,4
Heroin,142,1268.0,1218.4080338266385,0.0,case_fraction>max,2013-04-01,4
Hydrocodone,18,24.0,18.621159641941432,0.915331563341467,,2013-04-01,4
Hydromorphone,2,0.0,0.12170692576432308,0.0,n<min_cases,2013-04-01,4
Hydroxyzine,2,0.0,0.12170692576432308,0.0,n<min_cases,2013-04-01,4
Ketamine,1,0.0,0.0,0.0,n<min_cases,2013-04-01,4
Lamotrigine,1,0.0,0.0,0.0,n<min_cases,2013-04-01,4
Loperamide,1,0.0,0.0,0.0,n<min_cases,2013-04-01,4
Meperidine,1,0.0,0.0,0.0,n<min_cases,2013-04-01,4
Meprobamate,2,0.0,0.12170692576432308,0.0,n<min_cases,2013-04-01,4
Methadone,35,68.0,72.41562082977224,-0.38392327799376585,,2013-04-01,4
Methamphetamine,135,1258.0,1100.8391435383023,0.0,case_fraction>max,2013-04-01,4
Midazolam,1,0.0,0.0,0.0,n<min_cases,2013-04-01,4
Mirtazapine,1,0.0,0.0,0.0,n<min_cases,2013-04-01,4
Morphine,123,932.0,913.1670640097161,0.4862065755554794,,2013-04-01,4
Oleandrin,1,0.0,0.0,0.0,n<min_cases,2013-04-01,4
Oxycodone,16,24.0,14.60483109171877,1.8037922776121833,,2013-04-01,4
Oxymorphone,2,0.0,0.12170692576432308,0.0,n<min_cases,2013-04-01,4
PCP,2,0.0,0.12170692576432308,0.0,n<min_cases,2013-04-01,4
Pentobarbital,1,0.0,0.0,0.0,n<min_cases,2013-04-01,4
Phenobarbital,1,0.0,0.0,0.0,n<min_cases,2013-04-01,4
Quetiapine,4,2.0,0.7302415545859385,0.0,n<min_cases,2013-04-01,4
Thiothixene,1,0.0,0.0,0.0,n<min_cases,2013-04-01,4
Topiramate,1,0.0,0.0,0.0,n<min_cases,2013-04-01,4
Tramadol,2,0.0,0.12170692576432308,0.0,n<min_cases,2013-04-01,4
Trazodone,1,0.0,0.0,0.0,n<min_cases,2013-04-01,4
Zolpidem,2,0.0,0.12170692576432308,0.0,n<min_cases,2013-04-01,4
"1,1-Difluoroethane",1,0.0,0.0,0.0,n<min_cases,2013-07-01,4
Alprazolam,5,2.0,1.2314685017628817,0.0,n<min_cases,2013-07-01,4
Amitriptyline,1,0.0,0.0,0.0,n<min_cases,2013-07-01,4
Amphetamine,1,0.0,0.0,0.0,n<min_cases,2013-07-01,4
Bupropion,1,0.0,0.0,0.0,n<min_cases,2013-07-01,4
Carisoprodol,2,2.0,0.12314685017628818,0.0,n<min_cases,2013-07-01,4
Chlordiazepoxide,1,0.0,0.0,0.0,n<min_cases,2013-07-01,4
Citalopram,4,0.0,0.7388811010577291,0.0,n<min_cases,2013-07-01,4
Cocaine,85,600.0,439.6342551293488,5.787572125125061,,2013-07-01,4
Codeine,1,0.0,0.0,0.0,n<min_cases,2013-07-01,4
Diazepam,3,0.0,0.36944055052886454,0.0,n<min_cases,2013-07-01,4
Diphenhydramine,2,0.0,0.12314685017628818,0.0,n<min_cases,2013-07-01,4
Doxepin,1,0.0,0.0,0.0,n<min_cases,2013-07-01,4
Ethanol,156,1440.0,1488.8454186313243,0.0,case_fraction>max,2013-07-01,4
Etizolam,1,0.0,0.0,0.0,n<min_cases,2013-07-01,4
Fentanyl,10,2.0,5.541608257932968,-1.101082006120711,,2013-07-01,4
Helium,1,0.0,0.0,0.0,n<min_cases,2013-07-01,4
Heroin,152,1556.0,1413.2332526230832,0.0,case_fraction>max,2013-07-01,4
Hydrocodone,17,26.0,16.747971623975193,1.6586707309935056,,2013-07-01,4
Hydromorphone,2,0.0,0.12314685017628818,0.0,n<min_cases,2013-07-01,4
Ketamine,1,0.0,0.0,0.0,n<min_cases,2013-07-01,4
Lamotrigine,1,0.0,0.0,0.0,n<min_cases,2013-07-01,4
Loperamide,1,0.0,0.0,0.0,n<min_cases,2013-07-01,4
Lorazepam,1,0.0,0.0,0.0,n<min_cases,2013-07-01,4
Meperidine,1,0.0,0.0,0.0,n<min_cases,2013-07-01,4
Meprobamate,1,0.0,0.0,0.0,n<min_cases,2013-07-01,4
Methadone,31,48.0,57.263285331974004,-0.9028895426589926,,2013-07-01,4
Methamphetamine,142,1294.0,1232.823117114821,0.0,case_fraction>max,2013-07-01,4
Midazolam,1,0.0,0.0,0.0,n<min_cases,2013-07-01,4
Mirtazapine,1,0.0,0.0,0.0,n<min_cases,2013-07-01,4
Morphine,123,964.0,923.9708168726902,1.0201390357803175,,2013-07-01,4
Oxazepam,1,0.0,0.0,0.0,n<min_cases,2013-07-01,4
Oxycodone,18,20.0,18.84146807697209,0.19588987493809495,,2013-07-01,4
Oxymorphone,2,0.0,0.12314685017628818,0.0,n<min_cases,2013-07-01,4
Pentobarbital,2,0.0,0.12314685017628818,0.0,n<min_cases,2013-07-01,4
Phenobarbital,1,0.0,0.0,0.0,n<min_cases,2013-07-01,4
Propofol,1,0.0,0.0,0.0,n<min_cases,2013-07-01,4
Quetiapine,4,2.0,0.7388811010577291,0.0,n<min_cases,2013-07-01,4
Sertraline,3,2.0,0.36944055052886454,0.0,n<min_cases,2013-07-01,4
Temazepam,1,0.0,0.0,0.0,n<min_cases,2013-07-01,4
Thiothixene,1,0.0,0.0,0.0,n<min_cases,2013-07-01,4
Topiramate,1,0.0,0.0,0.0,n<min_cases,2013-07-01,4
Tramadol,4,0.0,0.7388811010577291,0.0,n<min_cases,2013-07-01,4
Trazodone,1,0.0,0.0,0.0,n<min_cases,2013-07-01,4
Zolpidem,2,0.0,0.12314685017628818,0.0,n<min_cases,2013-07-01,4
"1,1-Difluoroethane",1,0.0,0.0,0.0,n<min_cases,2013-10-01,4
Alprazolam,5,0.0,1.222471393249382,0.0,n<min_cases,2013-10-01,4
Amitriptyline,2,0.0,0.12224713932493819,0.0,n<min_cases,2013-10-01,4
Amphetamine,1,0.0,0.0,0.0,n<min_cases,2013-10-01,4
Bupropion,1,0.0,0.0,0.0,n<min_cases,2013-10-01,4
Carisoprodol,2,2.0,0.12224713932493819,0.0,n<min_cases,2013-10-01,4
Citalopram,4,0.0,0.733482835949629,0.0,n<min_cases,2013-10-01,4
Clozapine,1,0.0,0.0,0.0,n<min_cases,2013-10-01,4
Cocaine,72,458.0,312.463688114542,6.284322549623973,,2013-10-01,4
Codeine,1,0.0,0.0,0.0,n<min_cases,2013-10-01,4
Diazepam,3,0.0,0.3667414179748145,0.0,n<min_cases,2013-10-01,4
Diphenhydramine,2,0.0,0.12224713932493819,0.0,n<min_cases,2013-10-01,4
Doxepin,1,0.0,0.0,0.0,n<min_cases,2013-10-01,4
Ethanol,163,1762.0,1614.0289805071588,0.0,case_fraction>max,2013-10-01,4
Etizolam,1,0.0,0.0,0.0,n<min_cases,2013-10-01,4
Fentanyl,9,6.0,4.400897015697774,0.0,n<min_cases,2013-10-01,4
Gabapentin,1,0.0,0.0,0.0,n<min_cases,2013-10-01,4
Heroin,162,1748.0,1594.224943936519,0.0,case_fraction>max,2013-10-01,4
Hydrocodone,15,14.0,12.83594962911851,0.23888540896744467,,2013-10-01,4
Hydromorphone,4,2.0,0.733482835949629,0.0,n<min_cases,2013-10-01,4
Ketamine,2,0.0,0.12224713932493819,0.0,n<min_cases,2013-10-01,4
Lamotrigine,1,0.0,0.0,0.0,n<min_cases,2013-10-01,4
Loperamide,1,0.0,0.0,0.0,n<min_cases,2013-10-01,4
Lorazepam,1,0.0,0.0,0.0,n<min_cases,2013-10-01,4
MDMA,1,0.0,0.0,0.0,n<min_cases,2013-10-01,4
Meperidine,1,0.0,0.0,0.0,n<min_cases,2013-10-01,4
Methadone,24,40.0,33.740210453682934,0.796640662095733,,2013-10-01,4
Methamphetamine,140,1308.0,1189.4646656316486,0.0,case_fraction>max,2013-10-01,4
Midazolam,1,0.0,0.0,0.0,n<min_cases,2013-10-01,4
Morphine,120,936.0,872.8445747800587,1.6952387057951548,,2013-10-01,4
Oxazepam,1,0.0,0.0,0.0,n<min_cases,2013-10-01,4
Oxycodone,16,14.0,14.669656718992583,-0.12862659790156028,,2013-10-01,4
Oxymorphone,2,0.0,0.12224713932493819,0.0,n<min_cases,2013-10-01,4
PCP,1,0.0,0.0,0.0,n<min_cases,2013-10-01,4
Paroxetine,1,0.0,0.0,0.0,n<min_cases,2013-10-01,4
Pentobarbital,3,0.0,0.3667414179748145,0.0,n<min_cases,2013-10-01,4
Phenobarbital,1,0.0,0.0,0.0,n<min_cases,2013-10-01,4
Propofol,1,0.0,0.0,0.0,n<min_cases,2013-10-01,4
Quetiapine,3,0.0,0.3667414179748145,0.0,n<min_cases,2013-10-01,4
Sertraline,3,2.0,0.3667414179748145,0.0,n<min_cases,2013-10-01,4
Temazepam,1,0.0,0.0,0.0,n<min_cases,2013-10-01,4
Thiothixene,1,0.0,0.0,0.0,n<min_cases,2013-10-01,4
Tramadol,5,0.0,1.222471393249382,0.0,n<min_cases,2013-10-01,4
Verapamil,1,0.0,0.0,0.0,n<min_cases,2013-10-01,4
Zolpidem,1,0.0,0.0,0.0,n<min_cases,2013-10-01,4
25C-NBOMe,1,0.0,0.0,0.0,n<min_cases,2014-01-01,4
Alprazolam,8,2.0,3.4829379265518363,0.0,n<min_cases,2014-01-01,4
Amitriptyline,3,0.0,0.37317192070198246,0.0,n<min_cases,2014-01-01,4
Amphetamine,1,0.0,0.0,0.0,n<min_cases,2014-01-01,4
Bupropion,1,0.0,0.0,0.0,n<min_cases,2014-01-01,4
Carisoprodol,3,2.0,0.37317192070198246,0.0,n<min_cases,2014-01-01,4
Citalopram,4,0.0,0.7463438414039649,0.0,n<min_cases,2014-01-01,4
Clonazepam,1,0.0,0.0,0.0,n<min_cases,2014-01-01,4
Clozapine,1,0.0,0.0,0.0,n<min_cases,2014-01-01,4
Cocaine,71,452.0,309.11074098147543,6.161758465293231,,2014-01-01,4
Codeine,1,0.0,0.0,0.0,n<min_cases,2014-01-01,4
Depakote,1,0.0,0.0,0.0,n<min_cases,2014-01-01,4
Diazepam,2,0.0,0.12439064023399414,0.0,n<min_cases,2014-01-01,4
Diphenhydramine,3,0.0,0.37317192070198246,0.0,n<min_cases,2014-01-01,4
Dothiepin,1,0.0,0.0,0.0,n<min_cases,2014-01-01,4
Doxepin,1,0.0,0.0,0.0,n<min_cases,2014-01-01,4
Ethanol,173,2008.0,1850.683945401365,0.0,case_fraction>max,2014-01-01,4
Fentanyl,8,4.0,3.4829379265518363,0.0,n<min_cases,2014-01-01,4
Gabapentin,2,0.0,0.12439064023399414,0.0,n<min_cases,2014-01-01,4
Heroin,155,1794.0,1484.6022911927203,0.0,case_fraction>max,2014-01-01,4
Hydrocodone,18,24.0,19.031767955801104,0.8380233007851642,,2014-01-01,4
Hydromorphone,3,2.0,0.37317192070198246,0.0,n<min_cases,2014-01-01,4
Insulin,1,0.0,0.0,0.0,n<min_cases,2014-01-01,4
Ketamine,1,0.0,0.0,0.0,n<min_cases,2014-01-01,4
Lamotrigine,1,0.0,0.0,0.0,n<min_cases,2014-01-01,4
Loperamide,1,0.0,0.0,0.0,n<min_cases,2014-01-01,4
Lorazepam,2,0.0,0.12439064023399414,0.0,n<min_cases,2014-01-01,4
MDMA,1,0.0,0.0,0.0,n<min_cases,2014-01-01,4
Meperidine,2,0.0,0.12439064023399414,0.0,n<min_cases,2014-01-01,4
Methadone,29,58.0,50.502599935001626,0.780733754990263,,2014-01-01,4
Methamphetamine,156,1556.0,1503.8828404289893,0.0,case_fraction>max,2014-01-01,4
Midazolam,1,0.0,0.0,0.0,n<min_cases,2014-01-01,4
Mirtazapine,2,0.0,0.12439064023399414,0.0,n<min_cases,2014-01-01,4
Morphine,112,786.0,773.2122196945077,0.3585896928826655,,2014-01-01,4
Oxazepam,1,0.0,0.0,0.0,n<min_cases,2014-01-01,4
Oxycodone,16,16.0,14.926876828079298,0.2041855690051621,,2014-01-01,4
PCP,1,0.0,0.0,0.0,n<min_cases,2014-01-01,4
Paroxetine,1,0.0,0.0,0.0,n<min_cases,2014-01-01,4
Pentobarbital,5,0.0,1.2439064023399415,0.0,n<min_cases,2014-01-01,4
Phenobarbital,1,0.0,0.0,0.0,n<min_cases,2014-01-01,4
Promethazine,1,0.0,0.0,0.0,n<min_cases,2014-01-01,4
Propofol,1,0.0,0.0,0.0,n<min_cases,2014-01-01,4
Propoxyphene,1,0.0,0.0,0.0,n<min_cases,2014-01-01,4
Quetiapine,3,0.0,0.37317192070198246,0.0,n<min_cases,2014-01-01,4
Sertraline,4,2.0,0.7463438414039649,0.0,n<min_cases,2014-01-01,4
Temazepam,2,0.0,0.12439064023399414,0.0,n<min_cases,2014-01-01,4
Thiothixene,1,0.0,0.0,0.0,n<min_cases,2014-01-01,4
Tramadol,7,0.0,2.612203444913877,0.0,n<min_cases,2014-01-01,4
Trazodone,2,0.0,0.12439064023399414,0.0,n<min_cases,2014-01-01,4
Venlafaxine,1,0.0,0.0,0.0,n<min_cases,2014-01-01,4
Verapamil,1,0.0,0.0,0.0,n<min_cases,2014-01-01,4
Zolpidem,1,0.0,0.0,0.0,n<min_cases,2014-01-01,4
25C-NBOMe,1,0.0,0.0,0.0,n<min_cases,2014-04-01,4
Acetaminophen,1,0.0,0.0,0.0,n<min_cases,2014-04-01,4
Alprazolam,10,12.0,5.716684841875682,1.9253181921619906,,2014-04-01,4
Amitriptyline,2,0.0,0.1270374409305707,0.0,n<min_cases,2014-04-01,4
Amphetamine,2,0.0,0.1270374409305707,0.0,n<min_cases,2014-04-01,4
Bupropion,2,2.0,0.1270374409305707,0.0,n<min_cases,2014-04-01,4
Caffeine,1,0.0,0.0,0.0,n<min_cases,2014-04-01,4
Carisoprodol,5,0.0,1.270374409305707,0.0,n<min_cases,2014-04-01,4
Citalopram,2,0.0,0.1270374409305707,0.0,n<min_cases,2014-04-01,4
Clonazepam,1,0.0,0.0,0.0,n<min_cases,2014-04-01,4
Clozapine,1,0.0,0.0,0.0,n<min_cases,2014-04-01,4
Cocaine,62,404.0,240.2278007997092,7.909793922062745,,2014-04-01,4
Codeine,1,0.0,0.0,0.0,n<min_cases,2014-04-01,4
Depakote,1,0.0,0.0,0.0,n<min_cases,2014-04-01,4
Desloratadine,1,0.0,0.0,0.0,n<min_cases,2014-04-01,4
Diazepam,1,0.0,0.0,0.0,n<min_cases,2014-04-01,4
Diphenhydramine,6,2.0,1.9055616139585605,0.0,n<min_cases,2014-04-01,4
Dothiepin,1,0.0,0.0,0.0,n<min_cases,2014-04-01,4
Doxepin,1,0.0,0.0,0.0,n<min_cases,2014-04-01,4
Ethanol,163,1778.0,1677.275332606325,0.0,case_fraction>max,2014-04-01,4
Fentanyl,12,8.0,8.384471101417667,-0.09734436750625945,,2014-04-01,4
Fluoxetine,3,2.0,0.3811123227917121,0.0,n<min_cases,2014-04-01,4
GHB,1,0.0,0.0,0.0,n<min_cases,2014-04-01,4
Gabapentin,2,0.0,0.1270374409305707,0.0,n<min_cases,2014-04-01,4
Heroin,148,1510.0,1381.9132824427481,0.0,case_fraction>max,2014-04-01,4
Hydrocodone,15,20.0,13.338931297709923,1.3385230849003213,,2014-04-01,4
Hydromorphone,3,0.0,0.3811123227917121,0.0,n<min_cases,2014-04-01,4
Insulin,1,0.0,0.0,0.0,n<min_cases,2014-04-01,4
Ketamine,1,0.0,0.0,0.0,n<min_cases,2014-04-01,4
Lorazepam,2,0.0,0.1270374409305707,0.0,n<min_cases,2014-04-01,4
MDMA,1,0.0,0.0,0.0,n<min_cases,2014-04-01,4
Meperidine,1,0.0,0.0,0.0,n<min_cases,2014-04-01,4
Meprobamate,1,0.0,0.0,0.0,n<min_cases,2014-04-01,4
Metformin,1,0.0,0.0,0.0,n<min_cases,2014-04-01,4
Methadone,23,42.0,32.140472555434386,1.2801012413603323,,2014-04-01,4
Methamphetamine,164,1748.0,1697.982435478008,0.0,case_fraction>max,2014-04-01,4
Mirtazapine,2,0.0,0.1270374409305707,0.0,n<min_cases,2014-04-01,4
Morphine,108,700.0,734.0223336968376,-0.9646755158426675,,2014-04-01,4
Olanzapine,1,0.0,0.0,0.0,n<min_cases,2014-04-01,4
Oxazepam,1,0.0,0.0,0.0,n<min_cases,2014-04-01,4
Oxycodone,17,16.0,17.277091966557613,-0.22565252348615394,,2014-04-01,4
Oxymorphone,1,0.0,0.0,0.0,n<min_cases,2014-04-01,4
PCP,4,0.0,0.7622246455834242,0.0,n<min_cases,2014-04-01,4
Paroxetine,1,0.0,0.0,0.0,n<min_cases,2014-04-01,4
Pentobarbital,5,0.0,1.270374409305707,0.0,n<min_cases,2014-04-01,4
Phenobarbital,1,0.0,0.0,0.0,n<min_cases,2014-04-01,4
Promethazine,1,0.0,0.0,0.0,n<min_cases,2014-04-01,4
Propofol,1,0.0,0.0,0.0,n<min_cases,2014-04-01,4
Propoxyphene,1,0.0,0.0,0.0,n<min_cases,2014-04-01,4
Quetiapine,3,0.0,0.3811123227917121,0.0,n<min_cases,2014-04-01,4
Sertraline,4,2.0,0.7622246455834242,0.0,n<min_cases,2014-04-01,4
Tapentadol,1,0.0,0.0,0.0,n<min_cases,2014-04-01,4
Temazepam,3,0.0,0.3811123227917121,0.0,n<min_cases,2014-04-01,4
Tramadol,8,0.0,3.5570483460559794,0.0,n<min_cases,2014-04-01,4
Trazodone,2,0.0,0.1270374409305707,0.0,n<min_cases,2014-04-01,4
Venlafaxine,1,0.0,0.0,0.0,n<min_cases,2014-04-01,4
Verapamil,1,0.0,0.0,0.0,n<min_cases,2014-04-01,4
25C-NBOMe,1,0.0,0.0,0.0,n<min_cases,2014-07-01,4
Acetaminophen,1,0.0,0.0,0.0,n<min_cases,2014-07-01,4
Alprazolam,13,22.0,9.693810798181895,2.899777642349369,,2014-07-01,4
Amitriptyline,3,0.0,0.3728388768531498,0.0,n<min_cases,2014-07-01,4
Amlodipine,2,0.0,0.12427962561771662,0.0,n<min_cases,2014-07-01,4
Amphetamine,3,0.0,0.3728388768531498,0.0,n<min_cases,2014-07-01,4
Bupropion,1,0.0,0.0,0.0,n<min_cases,2014-07-01,4
Caffeine,1,0.0,0.0,0.0,n<min_cases,2014-07-01,4
Carisoprodol,4,0.0,0.7456777537062996,0.0,n<min_cases,2014-07-01,4
Citalopram,4,0.0,0.7456777537062996,0.0,n<min_cases,2014-07-01,4
Clonazepam,3,0.0,0.3728388768531498,0.0,n<min_cases,2014-07-01,4
Clozapine,1,0.0,0.0,0.0,n<min_cases,2014-07-01,4
Cocaine,67,388.0,274.7822522407714,5.152018743289826,,2014-07-01,4
Codeine,2,0.0,0.12427962561771662,0.0,n<min_cases,2014-07-01,4
Cyclobenzaprine,1,0.0,0.0,0.0,n<min_cases,2014-07-01,4
Depakote,1,0.0,0.0,0.0,n<min_cases,2014-07-01,4
Desloratadine,1,0.0,0.0,0.0,n<min_cases,2014-07-01,4
Diphenhydramine,7,0.0,2.6098721379720486,0.0,n<min_cases,2014-07-01,4
Dothiepin,1,0.0,0.0,0.0,n<min_cases,2014-07-01,4
Estazolam,1,0.0,0.0,0.0,n<min_cases,2014-07-01,4
Ethanol,153,1496.0,1445.1234866828088,0.0,case_fraction>max,2014-07-01,4
Fentanyl,13,10.0,9.693810798181895,0.07214911027288329,,2014-07-01,4
Fluoxetine,4,2.0,0.7456777537062996,0.0,n<min_cases,2014-07-01,4
GHB,1,0.0,0.0,0.0,n<min_cases,2014-07-01,4
Gabapentin,2,0.0,0.12427962561771662,0.0,n<min_cases,2014-07-01,4
Heroin,144,1334.0,1279.5830253600102,0.0,case_fraction>max,2014-07-01,4
Hydrocodone,16,18.0,14.913555074125991,0.5871420422174742,,2014-07-01,4
Hydromorphone,4,0.0,0.7456777537062996,0.0,n<min_cases,2014-07-01,4
Insulin,2,0.0,0.12427962561771662,0.0,n<min_cases,2014-07-01,4
Ketamine,2,0.0,0.12427962561771662,0.0,n<min_cases,2014-07-01,4
Lamotrigine,1,0.0,0.0,0.0,n<min_cases,2014-07-01,4
Levetiracetam,1,0.0,0.0,0.0,n<min_cases,2014-07-01,4
Lorazepam,1,0.0,0.0,0.0,n<min_cases,2014-07-01,4
MDMA,2,0.0,0.12427962561771662,0.0,n<min_cases,2014-07-01,4
Meperidine,1,0.0,0.0,0.0,n<min_cases,2014-07-01,4
Meprobamate,1,0.0,0.0,0.0,n<min_cases,2014-07-01,4
Metaxalone,1,0.0,0.0,0.0,n<min_cases,2014-07-01,4
Metformin,1,0.0,0.0,0.0,n<min_cases,2014-07-01,4
Methadone,25,56.0,37.28388768531499,2.2612450993305653,,2014-07-01,4
Methamphetamine,171,1896.0,1806.404358353511,0.0,case_fraction>max,2014-07-01,4
Metoprolol,1,0.0,0.0,0.0,n<min_cases,2014-07-01,4
Mirtazapine,2,0.0,0.12427962561771662,0.0,n<min_cases,2014-07-01,4
Morphine,106,652.0,691.6161165625929,-1.1651603082883664,,2014-07-01,4
Olanzapine,1,0.0,0.0,0.0,n<min_cases,2014-07-01,4
Oxycodone,18,22.0,19.01478271951064,0.5033869662994089,,2014-07-01,4
Oxymorphone,1,0.0,0.0,0.0,n<min_cases,2014-07-01,4
PCP,5,2.0,1.242796256177166,0.0,n<min_cases,2014-07-01,4
Paroxetine,1,0.0,0.0,0.0,n<min_cases,2014-07-01,4
Pentobarbital,5,2.0,1.242796256177166,0.0,n<min_cases,2014-07-01,4
Phenobarbital,1,0.0,0.0,0.0,n<min_cases,2014-07-01,4
Promethazine,1,0.0,0.0,0.0,n<min_cases,2014-07-01,4
Propoxyphene,1,0.0,0.0,0.0,n<min_cases,2014-07-01,4
Quetiapine,5,0.0,1.242796256177166,0.0,n<min_cases,2014-07-01,4
Sertraline,1,0.0,0.0,0.0,n<min_cases,2014-07-01,4
Tapentadol,1,0.0,0.0,0.0,n<min_cases,2014-07-01,4
Temazepam,2,0.0,0.12427962561771662,0.0,n<min_cases,2014-07-01,4
Topiramate,1,0.0,0.0,0.0,n<min_cases,2014-07-01,4
Tramadol,6,2.0,1.864194384265749,0.0,n<min_cases,2014-07-01,4
Trazodone,3,0.0,0.3728388768531498,0.0,n<min_cases,2014-07-01,4
Venlafaxine,2,0.0,0.12427962561771662,0.0,n<min_cases,2014-07-01,4
Verapamil,1,0.0,0.0,0.0,n<min_cases,2014-07-01,4
Zolpidem,1,0.0,0.0,0.0,n<min_cases,2014-07-01,4
25C-NBOMe,1,0.0,0.0,0.0,n<min_cases,2014-10-01,4
Acetaminophen,3,0.0,0.372862968841031,0.0,n<min_cases,2014-10-01,4
Alprazolam,16,24.0,14.91451875364124,1.732306100492273,,2014-10-01,4
Amitriptyline,2,0.0,0.12428765628034368,0.0,n<min_cases,2014-10-01,4
Amlodipine,2,0.0,0.12428765628034368,0.0,n<min_cases,2014-10-01,4
Amphetamine,4,0.0,0.745725937682062,0.0,n<min_cases,2014-10-01,4
Atorvastatin,1,0.0,0.0,0.0,n<min_cases,2014-10-01,4
Buprenorphine,1,0.0,0.0,0.0,n<min_cases,2014-10-01,4
Bupropion,2,0.0,0.12428765628034368,0.0,n<min_cases,2014-10-01,4
Caffeine,1,0.0,0.0,0.0,n<min_cases,2014-10-01,4
Carbamazepine,1,0.0,0.0,0.0,n<min_cases,2014-10-01,4
Carisoprodol,5,0.0,1.2428765628034368,0.0,n<min_cases,2014-10-01,4
Chlordiazepoxide,1,0.0,0.0,0.0,n<min_cases,2014-10-01,4
Citalopram,6,2.0,1.864314844205155,0.0,n<min_cases,2014-10-01,4
Clonazepam,4,0.0,0.745725937682062,0.0,n<min_cases,2014-10-01,4
Cocaine,83,596.0,422.9508943220095,6.488296448482815,,2014-10-01,4
Codeine,3,0.0,0.372862968841031,0.0,n<min_cases,2014-10-01,4
Cyclobenzaprine,1,0.0,0.0,0.0,n<min_cases,2014-10-01,4
Depakote,1,0.0,0.0,0.0,n<min_cases,2014-10-01,4
Desloratadine,1,0.0,0.0,0.0,n<min_cases,2014-10-01,4
Diazepam,2,0.0,0.12428765628034368,0.0,n<min_cases,2014-10-01,4
Diphenhydramine,7,0.0,2.610040781887217,0.0,n<min_cases,2014-10-01,4
Dothiepin,1,0.0,0.0,0.0,n<min_cases,2014-10-01,4
Duloxetine,2,0.0,0.12428765628034368,0.0,n<min_cases,2014-10-01,4
Estazolam,1,0.0,0.0,0.0,n<min_cases,2014-10-01,4
Ethanol,144,1228.0,1279.6657090624185,0.0,case_fraction>max,2014-10-01,4
Fentanyl,13,10.0,9.694437189866807,0.0721308931781637,,2014-10-01,4
Fluoxetine,4,2.0,0.745725937682062,0.0,n<min_cases,2014-10-01,4
Fluvoxamine,1,0.0,0.0,0.0,n<min_cases,2014-10-01,4
GHB,1,0.0,0.0,0.0,n<min_cases,2014-10-01,4
Gabapentin,1,0.0,0.0,0.0,n<min_cases,2014-10-01,4
Heroin,144,1296.0,1279.6657090624185,0.0,case_fraction>max,2014-10-01,4
Hydrocodone,20,26.0,23.614654693265294,0.3623426590810232,,2014-10-01,4
Hydromorphone,3,0.0,0.372862968841031,0.0,n<min_cases,2014-10-01,4
Hydroxyzine,1,0.0,0.0,0.0,n<min_cases,2014-10-01,4
Insulin,2,0.0,0.12428765628034368,0.0,n<min_cases,2014-10-01,4
Isopropanol,1,0.0,0.0,0.0,n<min_cases,2014-10-01,4
Ketamine,1,0.0,0.0,0.0,n<min_cases,2014-10-01,4
Lamotrigine,2,0.0,0.12428765628034368,0.0,n<min_cases,2014-10-01,4
Levetiracetam,1,0.0,0.0,0.0,n<min_cases,2014-10-01,4
Lorazepam,1,0.0,0.0,0.0,n<min_cases,2014-10-01,4
MDMA,2,0.0,0.12428765628034368,0.0,n<min_cases,2014-10-01,4
Meperidine,1,0.0,0.0,0.0,n<min_cases,2014-10-01,4
Meprobamate,1,0.0,0.0,0.0,n<min_cases,2014-10-01,4
Metaxalone,1,0.0,0.0,0.0,n<min_cases,2014-10-01,4
Metformin,1,0.0,0.0,0.0,n<min_cases,2014-10-01,4
Methadone,27,60.0,43.624967354400624,1.8382023411258137,,2014-10-01,4
Methamphetamine,176,1918.0,1914.0299067172925,0.0,case_fraction>max,2014-10-01,4
Metoprolol,1,0.0,0.0,0.0,n<min_cases,2014-10-01,4
Mirtazapine,2,0.0,0.12428765628034368,0.0,n<min_cases,2014-10-01,4
Morphine,113,750.0,786.4922889420147,-1.0279009673996413,,2014-10-01,4
Nortriptyline,1,0.0,0.0,0.0,n<min_cases,2014-10-01,4
Olanzapine,1,0.0,0.0,0.0,n<min_cases,2014-10-01,4
Oxycodone,21,34.0,26.10040781887217,1.1421197265353848,,2014-10-01,4
Oxymorphone,1,0.0,0.0,0.0,n<min_cases,2014-10-01,4
PCP,7,6.0,2.610040781887217,0.0,n<min_cases,2014-10-01,4
Pentobarbital,4,0.0,0.745725937682062,0.0,n<min_cases,2014-10-01,4
Phenobarbital,1,0.0,0.0,0.0,n<min_cases,2014-10-01,4
Promethazine,1,0.0,0.0,0.0,n<min_cases,2014-10-01,4
Propoxyphene,1,0.0,0.0,0.0,n<min_cases,2014-10-01,4
Quetiapine,7,4.0,2.610040781887217,0.0,n<min_cases,2014-10-01,4
Sertraline,1,0.0,0.0,0.0,n<min_cases,2014-10-01,4
Tapentadol,1,0.0,0.0,0.0,n<min_cases,2014-10-01,4
Temazepam,2,0.0,0.12428765628034368,0.0,n<min_cases,2014-10-01,4
Topiramate,1,0.0,0.0,0.0,n<min_cases,2014-10-01,4
Tramadol,6,4.0,1.864314844205155,0.0,n<min_cases,2014-10-01,4
Trazodone,3,0.0,0.372862968841031,0.0,n<min_cases,2014-10-01,4
Venlafaxine,2,0.0,0.12428765628034368,0.0,n<min_cases,2014-10-01,4
Zolpidem,2,0.0,0.12428765628034368,0.0,n<min_cases,2014-10-01,4
Acetaminophen,3,0.0,0.36875449513743397,0.0,n<min_cases,2015-01-01,4
Alprazolam,15,20.0,12.906407329810188,1.452058050246507,,2015-01-01,4
Amitriptyline,1,0.0,0.0,0.0,n<min_cases,2015-01-01,4
Amlodipine,2,0.0,0.12291816504581132,0.0,n<min_cases,2015-01-01,4
Amphetamine,5,0.0,1.229181650458113,0.0,n<min_cases,2015-01-01,4
Atorvastatin,1,0.0,0.0,0.0,n<min_cases,2015-01-01,4
Buprenorphine,1,0.0,0.0,0.0,n<min_cases,2015-01-01,4
Bupropion,2,0.0,0.12291816504581132,0.0,n<min_cases,2015-01-01,4
Caffeine,1,0.0,0.0,0.0,n<min_cases,2015-01-01,4
Carbamazepine,1,0.0,0.0,0.0,n<min_cases,2015-01-01,4
Carisoprodol,4,0.0,0.7375089902748679,0.0,n<min_cases,2015-01-01,4
Chlordiazepoxide,1,0.0,0.0,0.0,n<min_cases,2015-01-01,4
Chlorpromazine,1,0.0,0.0,0.0,n<min_cases,2015-01-01,4
Citalopram,5,0.0,1.229181650458113,0.0,n<min_cases,2015-01-01,4
Clonazepam,3,0.0,0.36875449513743397,0.0,n<min_cases,2015-01-01,4
Cocaine,93,688.0,525.8439100659808,5.478519022647042,,2015-01-01,4
Codeine,3,0.0,0.36875449513743397,0.0,n<min_cases,2015-01-01,4
Cyclobenzaprine,1,0.0,0.0,0.0,n<min_cases,2015-01-01,4
Desloratadine,1,0.0,0.0,0.0,n<min_cases,2015-01-01,4
Diazepam,3,0.0,0.36875449513743397,0.0,n<min_cases,2015-01-01,4
Diphenhydramine,7,0.0,2.5812814659620376,0.0,n<min_cases,2015-01-01,4
Duloxetine,2,0.0,0.12291816504581132,0.0,n<min_cases,2015-01-01,4
Estazolam,1,0.0,0.0,0.0,n<min_cases,2015-01-01,4
Ethanol,139,1140.0,1178.9081209543763,-0.9113996972939172,,2015-01-01,4
Etizolam,1,0.0,0.0,0.0,n<min_cases,2015-01-01,4
Fentanyl,11,8.0,6.760499077519622,0.34975182398631255,,2015-01-01,4
Fluoxetine,6,2.0,1.8437724756871696,0.0,n<min_cases,2015-01-01,4
Fluvoxamine,1,0.0,0.0,0.0,n<min_cases,2015-01-01,4
GHB,1,0.0,0.0,0.0,n<min_cases,2015-01-01,4
Heroin,148,1386.0,1337.1037993683356,0.0,case_fraction>max,2015-01-01,4
Hydrocodone,21,32.0,25.812814659620376,0.8987664549533397,,2015-01-01,4
Hydromorphone,3,0.0,0.36875449513743397,0.0,n<min_cases,2015-01-01,4
Hydroxyzine,1,0.0,0.0,0.0,n<min_cases,2015-01-01,4
Insulin,1,0.0,0.0,0.0,n<min_cases,2015-01-01,4
Isopropanol,2,0.0,0.12291816504581132,0.0,n<min_cases,2015-01-01,4
Ketamine,1,0.0,0.0,0.0,n<min_cases,2015-01-01,4
Lamotrigine,2,0.0,0.12291816504581132,0.0,n<min_cases,2015-01-01,4
Levetiracetam,1,0.0,0.0,0.0,n<min_cases,2015-01-01,4
Lorazepam,1,0.0,0.0,0.0,n<min_cases,2015-01-01,4
MDMA,2,0.0,0.12291816504581132,0.0,n<min_cases,2015-01-01,4
Meprobamate,1,0.0,0.0,0.0,n<min_cases,2015-01-01,4
Metaxalone,1,0.0,0.0,0.0,n<min_cases,2015-01-01,4
Metformin,1,0.0,0.0,0.0,n<min_cases,2015-01-01,4
Methadone,25,34.0,36.87544951374339,-0.35031507072479495,,2015-01-01,4
Methamphetamine,189,2242.0,2183.764120203884,0.0,case_fraction>max,2015-01-01,4
Metoprolol,1,0.0,0.0,0.0,n<min_cases,2015-01-01,4
Mirtazapine,2,0.0,0.12291816504581132,0.0,n<min_cases,2015-01-01,4
Morphine,113,762.0,777.826148409894,-0.4465391386920119,,2015-01-01,4
Nortriptyline,1,0.0,0.0,0.0,n<min_cases,2015-01-01,4
Olanzapine,1,0.0,0.0,0.0,n<min_cases,2015-01-01,4
Oxcarbazepine,1,0.0,0.0,0.0,n<min_cases,2015-01-01,4
Oxycodone,23,44.0,31.098295756590264,1.7095181412036389,,2015-01-01,4
Oxymorphone,2,0.0,0.12291816504581132,0.0,n<min_cases,2015-01-01,4
PCP,7,2.0,2.5812814659620376,0.0,n<min_cases,2015-01-01,4
Pentobarbital,2,0.0,0.12291816504581132,0.0,n<min_cases,2015-01-01,4
Phenobarbital,2,0.0,0.12291816504581132,0.0,n<min_cases,2015-01-01,4
Promethazine,1,0.0,0.0,0.0,n<min_cases,2015-01-01,4
Quetiapine,7,2.0,2.5812814659620376,0.0,n<min_cases,2015-01-01,4
Tapentadol,1,0.0,0.0,0.0,n<min_cases,2015-01-01,4
Temazepam,1,0.0,0.0,0.0,n<min_cases,2015-01-01,4
Topiramate,1,0.0,0.0,0.0,n<min_cases,2015-01-01,4
Tramadol,6,8.0,1.8437724756871696,0.0,n<min_cases,2015-01-01,4
Trazodone,2,0.0,0.12291816504581132,0.0,n<min_cases,2015-01-01,4
Venlafaxine,2,0.0,0.12291816504581132,0.0,n<min_cases,2015-01-01,4
Zolpidem,3,0.0,0.36875449513743397,0.0,n<min_cases,2015-01-01,4
Acetaminophen,4,2.0,0.7171819252823824,0.0,n<min_cases,2015-04-01,4
Alprazolam,18,20.0,18.288139094700757,0.2946603827379835,,2015-04-01,4
Amitriptyline,1,0.0,0.0,0.0,n<min_cases,2015-04-01,4
Amlodipine,2,0.0,0.11953032088039708,0.0,n<min_cases,2015-04-01,4
Amphetamine,6,2.0,1.7929548132059565,0.0,n<min_cases,2015-04-01,4
Atorvastatin,1,0.0,0.0,0.0,n<min_cases,2015-04-01,4
Buprenorphine,1,0.0,0.0,0.0,n<min_cases,2015-04-01,4
Bupropion,1,0.0,0.0,0.0,n<min_cases,2015-04-01,4
Carbamazepine,1,0.0,0.0,0.0,n<min_cases,2015-04-01,4
Carisoprodol,1,0.0,0.0,0.0,n<min_cases,2015-04-01,4
Chlordiazepoxide,1,0.0,0.0,0.0,n<min_cases,2015-04-01,4
Chlorpromazine,1,0.0,0.0,0.0,n<min_cases,2015-04-01,4
Citalopram,5,0.0,1.195303208803971,0.0,n<min_cases,2015-04-01,4
Clonazepam,6,2.0,1.7929548132059565,0.0,n<min_cases,2015-04-01,4
Clonidine,1,0.0,0.0,0.0,n<min_cases,2015-04-01,4
Cocaine,101,796.0,603.6281204460053,6.094321904356863,,2015-04-01,4
Codeine,7,4.0,2.510136738488339,0.0,n<min_cases,2015-04-01,4
Cyclobenzaprine,2,0.0,0.11953032088039708,0.0,n<min_cases,2015-04-01,4
Diazepam,3,0.0,0.3585909626411912,0.0,n<min_cases,2015-04-01,4
Digoxin,1,0.0,0.0,0.0,n<min_cases,2015-04-01,4
Diphenhydramine,4,0.0,0.7171819252823824,0.0,n<min_cases,2015-04-01,4
Duloxetine,2,0.0,0.11953032088039708,0.0,n<min_cases,2015-04-01,4
Estazolam,1,0.0,0.0,0.0,n<min_cases,2015-04-01,4
Ethanol,129,908.0,986.8423291885584,-1.9968178008353166,,2015-04-01,4
Etizolam,1,0.0,0.0,0.0,n<min_cases,2015-04-01,4
Fentanyl,10,8.0,5.378864439617869,0.8279891783041112,,2015-04-01,4
Fluoxetine,4,2.0,0.7171819252823824,0.0,n<min_cases,2015-04-01,4
Flurazepam,1,0.0,0.0,0.0,n<min_cases,2015-04-01,4
Fluvoxamine,1,0.0,0.0,0.0,n<min_cases,2015-04-01,4
Heroin,166,1756.0,1636.9677444570382,0.0,case_fraction>max,2015-04-01,4
Hydrocodone,26,38.0,38.847354286129054,-0.10055991184147504,,2015-04-01,4
Hydromorphone,2,0.0,0.11953032088039708,0.0,n<min_cases,2015-04-01,4
Hydroxyzine,2,0.0,0.11953032088039708,0.0,n<min_cases,2015-04-01,4
Insulin,1,0.0,0.0,0.0,n<min_cases,2015-04-01,4
Isopropanol,2,0.0,0.11953032088039708,0.0,n<min_cases,2015-04-01,4
Ketamine,1,0.0,0.0,0.0,n<min_cases,2015-04-01,4
Lamotrigine,2,0.0,0.11953032088039708,0.0,n<min_cases,2015-04-01,4
Levetiracetam,1,0.0,0.0,0.0,n<min_cases,2015-04-01,4
Lorazepam,4,2.0,0.7171819252823824,0.0,n<min_cases,2015-04-01,4
MDMA,3,0.0,0.3585909626411912,0.0,n<min_cases,2015-04-01,4
Metaxalone,1,0.0,0.0,0.0,n<min_cases,2015-04-01,4
Metformin,1,0.0,0.0,0.0,n<min_cases,2015-04-01,4
Methadone,26,30.0,38.847354286129054,-1.049961251872316,,2015-04-01,4
Methamphetamine,195,2446.0,2260.916019452711,0.0,case_fraction>max,2015-04-01,4
Metoprolol,2,2.0,0.11953032088039708,0.0,n<min_cases,2015-04-01,4
Mirtazapine,2,0.0,0.11953032088039708,0.0,n<min_cases,2015-04-01,4
Morphine,127,972.0,956.3620973640571,0.4016643299522018,,2015-04-01,4
Nortriptyline,1,0.0,0.0,0.0,n<min_cases,2015-04-01,4
Olanzapine,1,0.0,0.0,0.0,n<min_cases,2015-04-01,4
Oxcarbazepine,1,0.0,0.0,0.0,n<min_cases,2015-04-01,4
Oxycodone,27,44.0,41.95514262901938,0.23365605167905537,,2015-04-01,4
Oxymorphone,2,2.0,0.11953032088039708,0.0,n<min_cases,2015-04-01,4
PCP,5,2.0,1.195303208803971,0.0,n<min_cases,2015-04-01,4
Paroxetine,1,0.0,0.0,0.0,n<min_cases,2015-04-01,4
Pentobarbital,2,0.0,0.11953032088039708,0.0,n<min_cases,2015-04-01,4
Phenobarbital,1,0.0,0.0,0.0,n<min_cases,2015-04-01,4
Promethazine,2,0.0,0.11953032088039708,0.0,n<min_cases,2015-04-01,4
Quetiapine,8,2.0,3.346848984651119,0.0,n<min_cases,2015-04-01,4
Sertraline,1,0.0,0.0,0.0,n<min_cases,2015-04-01,4
Topiramate,1,0.0,0.0,0.0,n<min_cases,2015-04-01,4
Tramadol,6,2.0,1.7929548132059565,0.0,n<min_cases,2015-04-01,4
Trazodone,2,0.0,0.11953032088039708,0.0,n<min_cases,2015-04-01,4
Venlafaxine,2,0.0,0.11953032088039708,0.0,n<min_cases,2015-04-01,4
Zolpidem,3,0.0,0.3585909626411912,0.0,n<min_cases,2015-04-01,4
Acetaminophen,4,2.0,0.7247787243267177,0.0,n<min_cases,2015-07-01,4
Acetyl fentanyl,1,0.0,0.0,0.0,n<min_cases,2015-07-01,4
Alprazolam,18,18.0,18.481857470331303,-0.0822773733682389,,2015-07-01,4
Amitriptyline,1,0.0,0.0,0.0,n<min_cases,2015-07-01,4
Amphetamine,5,2.0,1.2079645405445296,0.0,n<min_cases,2015-07-01,4
Atorvastatin,1,0.0,0.0,0.0,n<min_cases,2015-07-01,4
Baclofen,1,0.0,0.0,0.0,n<min_cases,2015-07-01,4
Buprenorphine,1,0.0,0.0,0.0,n<min_cases,2015-07-01,4
Bupropion,1,0.0,0.0,0.0,n<min_cases,2015-07-01,4
Caffeine,2,0.0,0.12079645405445295,0.0,n<min_cases,2015-07-01,4
Carbamazepine,1,0.0,0.0,0.0,n<min_cases,2015-07-01,4
Carisoprodol,3,0.0,0.3623893621633589,0.0,n<min_cases,2015-07-01,4
Chlorcyclizine,1,0.0,0.0,0.0,n<min_cases,2015-07-01,4
Chlordiazepoxide,2,0.0,0.12079645405445295,0.0,n<min_cases,2015-07-01,4
Chlorpromazine,1,0.0,0.0,0.0,n<min_cases,2015-07-01,4
Citalopram,3,0.0,0.3623893621633589,0.0,n<min_cases,2015-07-01,4
Clindamycin,1,0.0,0.0,0.0,n<min_cases,2015-07-01,4
Clonazepam,5,0.0,1.2079645405445296,0.0,n<min_cases,2015-07-01,4
Clonidine,1,0.0,0.0,0.0,n<min_cases,2015-07-01,4
Cocaine,112,988.0,750.8707584024795,6.645408720732041,,2015-07-01,4
Codeine,8,2.0,3.382300713524683,0.0,n<min_cases,2015-07-01,4
Cyclobenzaprine,2,0.0,0.12079645405445295,0.0,n<min_cases,2015-07-01,4
Diazepam,6,0.0,1.8119468108167944,0.0,n<min_cases,2015-07-01,4
Digoxin,1,0.0,0.0,0.0,n<min_cases,2015-07-01,4
Diphenhydramine,4,2.0,0.7247787243267177,0.0,n<min_cases,2015-07-01,4
Doxylamine,2,0.0,0.12079645405445295,0.0,n<min_cases,2015-07-01,4
Duloxetine,2,0.0,0.12079645405445295,0.0,n<min_cases,2015-07-01,4
Ethanol,150,1330.0,1349.9003740585117,-0.4255373538302478,,2015-07-01,4
Etizolam,1,0.0,0.0,0.0,n<min_cases,2015-07-01,4
Fentanyl,9,4.0,4.348672345960306,0.0,n<min_cases,2015-07-01,4
Fluoxetine,4,0.0,0.7247787243267177,0.0,n<min_cases,2015-07-01,4
Flurazepam,1,0.0,0.0,0.0,n<min_cases,2015-07-01,4
Fluvoxamine,1,0.0,0.0,0.0,n<min_cases,2015-07-01,4
Gabapentin,2,2.0,0.12079645405445295,0.0,n<min_cases,2015-07-01,4
Heroin,169,1864.0,1714.8264617570142,0.0,case_fraction>max,2015-07-01,4
Hydrocodone,32,54.0,59.91504121100866,-0.5642122248647403,,2015-07-01,4
Hydromorphone,5,2.0,1.2079645405445296,0.0,n<min_cases,2015-07-01,4
Hydroxyzine,3,0.0,0.3623893621633589,0.0,n<min_cases,2015-07-01,4
Isopropanol,3,0.0,0.3623893621633589,0.0,n<min_cases,2015-07-01,4
Lamotrigine,2,0.0,0.12079645405445295,0.0,n<min_cases,2015-07-01,4
Lorazepam,5,2.0,1.2079645405445296,0.0,n<min_cases,2015-07-01,4
MDMA,3,0.0,0.3623893621633589,0.0,n<min_cases,2015-07-01,4
Meprobamate,2,0.0,0.12079645405445295,0.0,n<min_cases,2015-07-01,4
Metformin,2,0.0,0.12079645405445295,0.0,n<min_cases,2015-07-01,4
Methadone,31,60.0,56.17035113532062,0.37711503967044147,,2015-07-01,4
Methamphetamine,240,3710.0,3464.4423022817105,0.0,case_fraction>max,2015-07-01,4
Metoprolol,1,0.0,0.0,0.0,n<min_cases,2015-07-01,4
Mirtazapine,2,0.0,0.12079645405445295,0.0,n<min_cases,2015-07-01,4
Morphine,132,1126.0,1044.4061417548003,1.9615413027592712,,2015-07-01,4
Nortriptyline,2,0.0,0.12079645405445295,0.0,n<min_cases,2015-07-01,4
Olanzapine,2,0.0,0.12079645405445295,0.0,n<min_cases,2015-07-01,4
Oxcarbazepine,1,0.0,0.0,0.0,n<min_cases,2015-07-01,4
Oxycodone,28,44.0,45.66105963258322,-0.1811891440145292,,2015-07-01,4
Oxymorphone,3,0.0,0.3623893621633589,0.0,n<min_cases,2015-07-01,4
PCP,4,2.0,0.7247787243267177,0.0,n<min_cases,2015-07-01,4
Paroxetine,1,0.0,0.0,0.0,n<min_cases,2015-07-01,4
Pentobarbital,3,0.0,0.3623893621633589,0.0,n<min_cases,2015-07-01,4
Phenobarbital,1,0.0,0.0,0.0,n<min_cases,2015-07-01,4
Promethazine,2,0.0,0.12079645405445295,0.0,n<min_cases,2015-07-01,4
Quetiapine,7,4.0,2.536725535143512,0.0,n<min_cases,2015-07-01,4
Sertraline,1,0.0,0.0,0.0,n<min_cases,2015-07-01,4
Temazepam,1,0.0,0.0,0.0,n<min_cases,2015-07-01,4
Tramadol,5,0.0,1.2079645405445296,0.0,n<min_cases,2015-07-01,4
Trazodone,2,0.0,0.12079645405445295,0.0,n<min_cases,2015-07-01,4
Venlafaxine,1,0.0,0.0,0.0,n<min_cases,2015-07-01,4
Zolpidem,3,0.0,0.3623893621633589,0.0,n<min_cases,2015-07-01,4
Acetaminophen,2,0.0,0.1245107031663803,0.0,n<min_cases,2015-10-01,4
Acetyl fentanyl,1,0.0,0.0,0.0,n<min_cases,2015-10-01,4
Alprazolam,19,20.0,21.291330241451032,-0.20497026854788544,,2015-10-01,4
Amitriptyline,2,0.0,0.1245107031663803,0.0,n<min_cases,2015-10-01,4
Amlodipine,1,0.0,0.0,0.0,n<min_cases,2015-10-01,4
Amphetamine,4,0.0,0.7470642189982818,0.0,n<min_cases,2015-10-01,4
Baclofen,1,0.0,0.0,0.0,n<min_cases,2015-10-01,4
Benztropine,1,0.0,0.0,0.0,n<min_cases,2015-10-01,4
Butalbital,1,0.0,0.0,0.0,n<min_cases,2015-10-01,4
Caffeine,2,0.0,0.1245107031663803,0.0,n<min_cases,2015-10-01,4
Carisoprodol,3,0.0,0.3735321094991409,0.0,n<min_cases,2015-10-01,4
Chlorcyclizine,1,0.0,0.0,0.0,n<min_cases,2015-10-01,4
Chlordiazepoxide,1,0.0,0.0,0.0,n<min_cases,2015-10-01,4
Chlorpromazine,1,0.0,0.0,0.0,n<min_cases,2015-10-01,4
Citalopram,1,0.0,0.0,0.0,n<min_cases,2015-10-01,4
Clindamycin,1,0.0,0.0,0.0,n<min_cases,2015-10-01,4
Clonazepam,6,0.0,1.8676605474957046,0.0,n<min_cases,2015-10-01,4
Clonidine,1,0.0,0.0,0.0,n<min_cases,2015-10-01,4
Cocaine,110,944.0,746.4416654824499,5.431042419781105,,2015-10-01,4
Codeine,7,2.0,2.6147247664939863,0.0,n<min_cases,2015-10-01,4
Cyclobenzaprine,4,0.0,0.7470642189982818,0.0,n<min_cases,2015-10-01,4
Diazepam,4,4.0,0.7470642189982818,0.0,n<min_cases,2015-10-01,4
Digoxin,1,0.0,0.0,0.0,n<min_cases,2015-10-01,4
Diphenhydramine,4,2.0,0.7470642189982818,0.0,n<min_cases,2015-10-01,4
Doxylamine,2,0.0,0.1245107031663803,0.0,n<min_cases,2015-10-01,4
Duloxetine,1,0.0,0.0,0.0,n<min_cases,2015-10-01,4
Ethanol,150,1404.0,1391.4071078842999,0.25772254840484476,,2015-10-01,4
Etizolam,1,0.0,0.0,0.0,n<min_cases,2015-10-01,4
Fentanyl,12,14.0,8.2177064089811,1.4754102605736301,,2015-10-01,4
Fluoxetine,4,0.0,0.7470642189982818,0.0,n<min_cases,2015-10-01,4
Flurazepam,1,0.0,0.0,0.0,n<min_cases,2015-10-01,4
Gabapentin,2,2.0,0.1245107031663803,0.0,n<min_cases,2015-10-01,4
Heroin,159,1680.0,1563.9789424729029,2.248928216386416,,2015-10-01,4
Hydrocodone,35,70.0,74.08386838399629,-0.34866037305520914,,2015-10-01,4
Hydromorphone,4,0.0,0.7470642189982818,0.0,n<min_cases,2015-10-01,4
Hydroxyzine,3,0.0,0.3735321094991409,0.0,n<min_cases,2015-10-01,4
Isopropanol,2,0.0,0.1245107031663803,0.0,n<min_cases,2015-10-01,4
Lamotrigine,1,0.0,0.0,0.0,n<min_cases,2015-10-01,4
Levetiracetam,1,0.0,0.0,0.0,n<min_cases,2015-10-01,4
Lorazepam,5,2.0,1.245107031663803,0.0,n<min_cases,2015-10-01,4
MDMA,2,0.0,0.1245107031663803,0.0,n<min_cases,2015-10-01,4
Meprobamate,4,0.0,0.7470642189982818,0.0,n<min_cases,2015-10-01,4
Metformin,2,0.0,0.1245107031663803,0.0,n<min_cases,2015-10-01,4
Methadone,32,68.0,61.757308770524624,0.5833586354716952,,2015-10-01,4
Methamphetamine,259,4456.0,4160.027103491932,0.0,case_fraction>max,2015-10-01,4
Metoprolol,2,0.0,0.1245107031663803,0.0,n<min_cases,2015-10-01,4
Mirtazapine,3,0.0,0.3735321094991409,0.0,n<min_cases,2015-10-01,4
Morphine,124,1018.0,949.5186223468161,1.6780774145020252,,2015-10-01,4
Nortriptyline,2,2.0,0.1245107031663803,0.0,n<min_cases,2015-10-01,4
Olanzapine,2,0.0,0.1245107031663803,0.0,n<min_cases,2015-10-01,4
Opium,1,0.0,0.0,0.0,n<min_cases,2015-10-01,4
Oxcarbazepine,1,0.0,0.0,0.0,n<min_cases,2015-10-01,4
Oxycodone,36,62.0,78.44174299481959,-1.3644681063776014,,2015-10-01,4
Oxymorphone,4,0.0,0.7470642189982818,0.0,n<min_cases,2015-10-01,4
PCP,2,0.0,0.1245107031663803,0.0,n<min_cases,2015-10-01,4
Paroxetine,1,0.0,0.0,0.0,n<min_cases,2015-10-01,4
Pentobarbital,2,0.0,0.1245107031663803,0.0,n<min_cases,2015-10-01,4
Phenobarbital,2,0.0,0.1245107031663803,0.0,n<min_cases,2015-10-01,4
Promethazine,2,0.0,0.1245107031663803,0.0,n<min_cases,2015-10-01,4
Quetiapine,4,4.0,0.7470642189982818,0.0,n<min_cases,2015-10-01,4
Salicylate,1,0.0,0.0,0.0,n<min_cases,2015-10-01,4
Sertraline,2,0.0,0.1245107031663803,0.0,n<min_cases,2015-10-01,4
Temazepam,1,0.0,0.0,0.0,n<min_cases,2015-10-01,4
Tramadol,5,0.0,1.245107031663803,0.0,n<min_cases,2015-10-01,4
Trazodone,3,0.0,0.3735321094991409,0.0,n<min_cases,2015-10-01,4
Venlafaxine,1,0.0,0.0,0.0,n<min_cases,2015-10-01,4
Zolpidem,3,0.0,0.3735321094991409,0.0,n<min_cases,2015-10-01,4
"1,1-Difluoroethane",1,0.0,0.0,0.0,n<min_cases,2016-01-01,4
Acetaminophen,2,0.0,0.1225160344800416,0.0,n<min_cases,2016-01-01,4
Acetyl fentanyl,1,0.0,0.0,0.0,n<min_cases,2016-01-01,4
Alprazolam,18,10.0,18.744953275446363,-1.4783226867402488,,2016-01-01,4
Amitriptyline,2,0.0,0.1225160344800416,0.0,n<min_cases,2016-01-01,4
Amlodipine,1,0.0,0.0,0.0,n<min_cases,2016-01-01,4
Amphetamine,4,0.0,0.7350962068802496,0.0,n<min_cases,2016-01-01,4
Amyl nitrite,1,0.0,0.0,0.0,n<min_cases,2016-01-01,4
Baclofen,1,0.0,0.0,0.0,n<min_cases,2016-01-01,4
Benztropine,1,0.0,0.0,0.0,n<min_cases,2016-01-01,4
Butalbital,1,0.0,0.0,0.0,n<min_cases,2016-01-01,4
Butyl Nitrite,1,0.0,0.0,0.0,n<min_cases,2016-01-01,4
Caffeine,2,0.0,0.1225160344800416,0.0,n<min_cases,2016-01-01,4
Carisoprodol,4,2.0,0.7350962068802496,0.0,n<min_cases,2016-01-01,4
Chlorcyclizine,1,0.0,0.0,0.0,n<min_cases,2016-01-01,4
Chlordiazepoxide,1,0.0,0.0,0.0,n<min_cases,2016-01-01,4
Citalopram,1,0.0,0.0,0.0,n<min_cases,2016-01-01,4
Clindamycin,1,0.0,0.0,0.0,n<min_cases,2016-01-01,4
Clonazepam,7,2.0,2.5728367240808736,0.0,n<min_cases,2016-01-01,4
Clonidine,1,0.0,0.0,0.0,n<min_cases,2016-01-01,4
Cocaine,113,990.0,775.2814661897032,5.790960478259206,,2016-01-01,4
Codeine,8,0.0,3.430448965441165,0.0,n<min_cases,2016-01-01,4
Cyclobenzaprine,4,0.0,0.7350962068802496,0.0,n<min_cases,2016-01-01,4
Diazepam,5,0.0,1.225160344800416,0.0,n<min_cases,2016-01-01,4
Digoxin,1,0.0,0.0,0.0,n<min_cases,2016-01-01,4
Diphenhydramine,5,2.0,1.225160344800416,0.0,n<min_cases,2016-01-01,4
Doxylamine,2,0.0,0.1225160344800416,0.0,n<min_cases,2016-01-01,4
Duloxetine,1,0.0,0.0,0.0,n<min_cases,2016-01-01,4
Ephedrine,1,0.0,0.0,0.0,n<min_cases,2016-01-01,4
Ethanol,158,1510.0,1519.5663756559559,-0.18760574902223662,,2016-01-01,4
Fentanyl,14,20.0,11.148959137683786,1.938671030057102,,2016-01-01,4
Fluoxetine,3,0.0,0.3675481034401248,0.0,n<min_cases,2016-01-01,4
Flurazepam,1,0.0,0.0,0.0,n<min_cases,2016-01-01,4
Furanyl fentanyl,1,0.0,0.0,0.0,n<min_cases,2016-01-01,4
GHB,1,0.0,0.0,0.0,n<min_cases,2016-01-01,4
Gabapentin,4,2.0,0.7350962068802496,0.0,n<min_cases,2016-01-01,4
Heroin,165,1746.0,1657.641946514963,1.6642615645182715,,2016-01-01,4
Hydrocodone,30,48.0,53.294474998818096,-0.532087831499559,,2016-01-01,4
Hydromorphone,8,2.0,3.430448965441165,0.0,n<min_cases,2016-01-01,4
Hydroxyzine,3,0.0,0.3675481034401248,0.0,n<min_cases,2016-01-01,4
Ibuprofen,1,0.0,0.0,0.0,n<min_cases,2016-01-01,4
Insulin,2,0.0,0.1225160344800416,0.0,n<min_cases,2016-01-01,4
Isopropanol,1,0.0,0.0,0.0,n<min_cases,2016-01-01,4
Lamotrigine,1,0.0,0.0,0.0,n<min_cases,2016-01-01,4
Levetiracetam,1,0.0,0.0,0.0,n<min_cases,2016-01-01,4
Lorazepam,4,2.0,0.7350962068802496,0.0,n<min_cases,2016-01-01,4
MDMA,6,6.0,1.837740517200624,0.0,n<min_cases,2016-01-01,4
Meprobamate,5,0.0,1.225160344800416,0.0,n<min_cases,2016-01-01,4
Metformin,2,0.0,0.1225160344800416,0.0,n<min_cases,2016-01-01,4
Methadone,29,42.0,49.74150999889689,-0.8051495934957118,,2016-01-01,4
Methamphetamine,281,5104.0,4819.780796444837,0.0,case_fraction>max,2016-01-01,4
Metoprolol,2,0.0,0.1225160344800416,0.0,n<min_cases,2016-01-01,4
Mirtazapine,2,0.0,0.1225160344800416,0.0,n<min_cases,2016-01-01,4
Morphine,134,1128.0,1091.7403832516507,0.8305726980327481,,2016-01-01,4
Nortriptyline,2,2.0,0.1225160344800416,0.0,n<min_cases,2016-01-01,4
Olanzapine,2,0.0,0.1225160344800416,0.0,n<min_cases,2016-01-01,4
Opium,1,0.0,0.0,0.0,n<min_cases,2016-01-01,4
Oxazepam,1,0.0,0.0,0.0,n<min_cases,2016-01-01,4
Oxycodone,37,76.0,81.59567896370771,-0.45517498819109514,,2016-01-01,4
Oxymorphone,4,0.0,0.7350962068802496,0.0,n<min_cases,2016-01-01,4
PCP,3,0.0,0.3675481034401248,0.0,n<min_cases,2016-01-01,4
Paroxetine,1,0.0,0.0,0.0,n<min_cases,2016-01-01,4
Pentobarbital,4,0.0,0.7350962068802496,0.0,n<min_cases,2016-01-01,4
Phenobarbital,2,0.0,0.1225160344800416,0.0,n<min_cases,2016-01-01,4
Promethazine,1,0.0,0.0,0.0,n<min_cases,2016-01-01,4
Quetiapine,4,2.0,0.7350962068802496,0.0,n<min_cases,2016-01-01,4
Salicylate,1,0.0,0.0,0.0,n<min_cases,2016-01-01,4
Sertraline,3,0.0,0.3675481034401248,0.0,n<min_cases,2016-01-01,4
Temazepam,4,0.0,0.7350962068802496,0.0,n<min_cases,2016-01-01,4
Topiramate,1,0.0,0.0,0.0,n<min_cases,2016-01-01,4
Tramadol,4,0.0,0.7350962068802496,0.0,n<min_cases,2016-01-01,4
Trazodone,4,0.0,0.7350962068802496,0.0,n<min_cases,2016-01-01,4
Venlafaxine,1,0.0,0.0,0.0,n<min_cases,2016-01-01,4
Zolpidem,2,0.0,0.1225160344800416,0.0,n<min_cases,2016-01-01,4
"1,1-Difluoroethane",2,2.0,0.12234324096646015,0.0,n<min_cases,2016-04-01,4
Acetyl fentanyl,1,0.0,0.0,0.0,n<min_cases,2016-04-01,4
Alprazolam,23,20.0,30.95283996451442,-1.4415671947035569,,2016-04-01,4
Amitriptyline,2,0.0,0.12234324096646015,0.0,n<min_cases,2016-04-01,4
Amlodipine,1,0.0,0.0,0.0,n<min_cases,2016-04-01,4
Amphetamine,4,2.0,0.7340594457987609,0.0,n<min_cases,2016-04-01,4
Amyl nitrite,1,0.0,0.0,0.0,n<min_cases,2016-04-01,4
Baclofen,1,0.0,0.0,0.0,n<min_cases,2016-04-01,4
Benztropine,1,0.0,0.0,0.0,n<min_cases,2016-04-01,4
Butalbital,1,0.0,0.0,0.0,n<min_cases,2016-04-01,4
Butyl Nitrite,1,0.0,0.0,0.0,n<min_cases,2016-04-01,4
Caffeine,2,0.0,0.12234324096646015,0.0,n<min_cases,2016-04-01,4
Cannabis,2,0.0,0.12234324096646015,0.0,n<min_cases,2016-04-01,4
Carisoprodol,4,2.0,0.7340594457987609,0.0,n<min_cases,2016-04-01,4
Chlorcyclizine,1,0.0,0.0,0.0,n<min_cases,2016-04-01,4
Chlordiazepoxide,1,0.0,0.0,0.0,n<min_cases,2016-04-01,4
Clindamycin,1,0.0,0.0,0.0,n<min_cases,2016-04-01,4
Clonazepam,5,0.0,1.2234324096646016,0.0,n<min_cases,2016-04-01,4
Cocaine,111,940.0,746.9054861002394,5.287600300730516,,2016-04-01,4
Codeine,6,2.0,1.8351486144969025,0.0,n<min_cases,2016-04-01,4
Cyclobenzaprine,3,0.0,0.36702972289938046,0.0,n<min_cases,2016-04-01,4
Diazepam,8,6.0,3.4256107470608845,0.0,n<min_cases,2016-04-01,4
Diphenhydramine,6,6.0,1.8351486144969025,0.0,n<min_cases,2016-04-01,4
Doxepin,1,0.0,0.0,0.0,n<min_cases,2016-04-01,4
Doxylamine,2,0.0,0.12234324096646015,0.0,n<min_cases,2016-04-01,4
Duloxetine,1,0.0,0.0,0.0,n<min_cases,2016-04-01,4
Ephedrine,2,0.0,0.12234324096646015,0.0,n<min_cases,2016-04-01,4
Ethanol,180,1890.0,1970.9496119696732,-1.401306502137384,,2016-04-01,4
Etizolam,1,0.0,0.0,0.0,n<min_cases,2016-04-01,4
Fentanyl,23,44.0,30.95283996451442,1.717212882881481,,2016-04-01,4
Fluoxetine,5,2.0,1.2234324096646016,0.0,n<min_cases,2016-04-01,4
Furanyl fentanyl,1,0.0,0.0,0.0,n<min_cases,2016-04-01,4
GHB,1,0.0,0.0,0.0,n<min_cases,2016-04-01,4
Gabapentin,5,2.0,1.2234324096646016,0.0,n<min_cases,2016-04-01,4
Heroin,150,1546.0,1367.1857178001922,3.6698507820700907,,2016-04-01,4
Hydrocodone,28,40.0,46.24574508532194,-0.673130698124947,,2016-04-01,4
Hydromorphone,8,2.0,3.4256107470608845,0.0,n<min_cases,2016-04-01,4
Hydroxyzine,2,0.0,0.12234324096646015,0.0,n<min_cases,2016-04-01,4
Ibuprofen,1,0.0,0.0,0.0,n<min_cases,2016-04-01,4
Insulin,2,0.0,0.12234324096646015,0.0,n<min_cases,2016-04-01,4
Isopropanol,1,0.0,0.0,0.0,n<min_cases,2016-04-01,4
Lamotrigine,2,0.0,0.12234324096646015,0.0,n<min_cases,2016-04-01,4
Levetiracetam,1,0.0,0.0,0.0,n<min_cases,2016-04-01,4
Lorazepam,3,0.0,0.36702972289938046,0.0,n<min_cases,2016-04-01,4
MDMA,6,8.0,1.8351486144969025,0.0,n<min_cases,2016-04-01,4
Meprobamate,5,0.0,1.2234324096646016,0.0,n<min_cases,2016-04-01,4
Metformin,1,0.0,0.0,0.0,n<min_cases,2016-04-01,4
Methadone,28,40.0,46.24574508532194,-0.673130698124947,,2016-04-01,4
Methamphetamine,302,5972.0,5560.622645166581,0.0,case_fraction>max,2016-04-01,4
Metoprolol,1,0.0,0.0,0.0,n<min_cases,2016-04-01,4
Mirtazapine,3,2.0,0.36702972289938046,0.0,n<min_cases,2016-04-01,4
Morphine,118,886.0,844.5353923914745,1.0702515081801287,,2016-04-01,4
Nortriptyline,2,2.0,0.12234324096646015,0.0,n<min_cases,2016-04-01,4
Olanzapine,1,0.0,0.0,0.0,n<min_cases,2016-04-01,4
Opium,1,0.0,0.0,0.0,n<min_cases,2016-04-01,4
Oxazepam,1,0.0,0.0,0.0,n<min_cases,2016-04-01,4
Oxycodone,37,94.0,81.48059848366246,1.0182557668385024,,2016-04-01,4
Oxymorphone,3,2.0,0.36702972289938046,0.0,n<min_cases,2016-04-01,4
PCP,4,0.0,0.7340594457987609,0.0,n<min_cases,2016-04-01,4
Paroxetine,1,0.0,0.0,0.0,n<min_cases,2016-04-01,4
Pentobarbital,4,0.0,0.7340594457987609,0.0,n<min_cases,2016-04-01,4
Phenobarbital,3,2.0,0.36702972289938046,0.0,n<min_cases,2016-04-01,4
Phenylpropanolamine,1,0.0,0.0,0.0,n<min_cases,2016-04-01,4
Pseudoephedrine,1,0.0,0.0,0.0,n<min_cases,2016-04-01,4
Quetiapine,6,4.0,1.8351486144969025,0.0,n<min_cases,2016-04-01,4
Salicylate,1,0.0,0.0,0.0,n<min_cases,2016-04-01,4
Sertraline,2,0.0,0.12234324096646015,0.0,n<min_cases,2016-04-01,4
Temazepam,5,2.0,1.2234324096646016,0.0,n<min_cases,2016-04-01,4
Topiramate,1,0.0,0.0,0.0,n<min_cases,2016-04-01,4
Tramadol,4,0.0,0.7340594457987609,0.0,n<min_cases,2016-04-01,4
Trazodone,4,0.0,0.7340594457987609,0.0,n<min_cases,2016-04-01,4
U-47700,1,0.0,0.0,0.0,n<min_cases,2016-04-01,4
Venlafaxine,1,0.0,0.0,0.0,n<min_cases,2016-04-01,4
Zolpidem,5,6.0,1.2234324096646016,0.0,n<min_cases,2016-04-01,4
alpha-PVP,1,0.0,0.0,0.0,n<min_cases,2016-04-01,4
"1,1-Difluoroethane",2,2.0,0.1228517012561029,0.0,n<min_cases,2016-07-01,4
Acetyl fentanyl,1,0.0,0.0,0.0,n<min_cases,2016-07-01,4
Alprazolam,27,30.0,43.12094714089212,-1.4647155530806995,,2016-07-01,4
Amitriptyline,1,0.0,0.0,0.0,n<min_cases,2016-07-01,4
Amlodipine,1,0.0,0.0,0.0,n<min_cases,2016-07-01,4
Amphetamine,6,6.0,1.8427755188415436,0.0,n<min_cases,2016-07-01,4
Amyl nitrite,1,0.0,0.0,0.0,n<min_cases,2016-07-01,4
Aripiprazole,1,0.0,0.0,0.0,n<min_cases,2016-07-01,4
Benztropine,1,0.0,0.0,0.0,n<min_cases,2016-07-01,4
Bupropion,2,0.0,0.1228517012561029,0.0,n<min_cases,2016-07-01,4
Butalbital,2,0.0,0.1228517012561029,0.0,n<min_cases,2016-07-01,4
Butyl Nitrite,1,0.0,0.0,0.0,n<min_cases,2016-07-01,4
Cannabis,2,0.0,0.1228517012561029,0.0,n<min_cases,2016-07-01,4
Carisoprodol,3,0.0,0.36855510376830874,0.0,n<min_cases,2016-07-01,4
Citalopram,1,0.0,0.0,0.0,n<min_cases,2016-07-01,4
Clonazepam,6,2.0,1.8427755188415436,0.0,n<min_cases,2016-07-01,4
Cocaine,109,968.0,723.1051135934216,6.819189237818792,,2016-07-01,4
Codeine,6,0.0,1.8427755188415436,0.0,n<min_cases,2016-07-01,4
Cyclobenzaprine,2,0.0,0.1228517012561029,0.0,n<min_cases,2016-07-01,4
Diazepam,5,2.0,1.2285170125610292,0.0,n<min_cases,2016-07-01,4
Diphenhydramine,4,2.0,0.7371102075366175,0.0,n<min_cases,2016-07-01,4
Doxepin,2,0.0,0.1228517012561029,0.0,n<min_cases,2016-07-01,4
Duloxetine,1,0.0,0.0,0.0,n<min_cases,2016-07-01,4
Ephedrine,3,0.0,0.36855510376830874,0.0,n<min_cases,2016-07-01,4
Eszopiclone,1,0.0,0.0,0.0,n<min_cases,2016-07-01,4
Ethanol,155,1360.0,1466.235054491588,-2.1130521078448394,,2016-07-01,4
Etizolam,1,0.0,0.0,0.0,n<min_cases,2016-07-01,4
Fentanyl,42,110.0,105.7753147815046,0.30204099135503304,,2016-07-01,4
Fluoxetine,5,2.0,1.2285170125610292,0.0,n<min_cases,2016-07-01,4
Furanyl fentanyl,1,0.0,0.0,0.0,n<min_cases,2016-07-01,4
GHB,1,0.0,0.0,0.0,n<min_cases,2016-07-01,4
Gabapentin,4,0.0,0.7371102075366175,0.0,n<min_cases,2016-07-01,4
Heroin,150,1450.0,1372.86776153695,1.5822643422685314,,2016-07-01,4
Hydrocodone,25,30.0,36.85551037683087,-0.8274749944943144,,2016-07-01,4
Hydromorphone,6,2.0,1.8427755188415436,0.0,n<min_cases,2016-07-01,4
Hydroxyzine,1,0.0,0.0,0.0,n<min_cases,2016-07-01,4
Ibuprofen,1,0.0,0.0,0.0,n<min_cases,2016-07-01,4
Insulin,2,0.0,0.1228517012561029,0.0,n<min_cases,2016-07-01,4
Lamotrigine,1,0.0,0.0,0.0,n<min_cases,2016-07-01,4
Levetiracetam,1,0.0,0.0,0.0,n<min_cases,2016-07-01,4
Lorazepam,4,2.0,0.7371102075366175,0.0,n<min_cases,2016-07-01,4
MDA,1,0.0,0.0,0.0,n<min_cases,2016-07-01,4
MDMA,7,8.0,2.5798857263781607,0.0,n<min_cases,2016-07-01,4
Meprobamate,3,0.0,0.36855510376830874,0.0,n<min_cases,2016-07-01,4
Methadone,28,50.0,46.4379430748069,0.3832486315630757,,2016-07-01,4
Methamphetamine,305,6050.0,5695.404870232931,0.0,case_fraction>max,2016-07-01,4
Metoprolol,2,0.0,0.1228517012561029,0.0,n<min_cases,2016-07-01,4
Mirtazapine,4,2.0,0.7371102075366175,0.0,n<min_cases,2016-07-01,4
Morphine,119,858.0,862.5417945190985,-0.11618618475122211,,2016-07-01,4
Nortriptyline,2,0.0,0.1228517012561029,0.0,n<min_cases,2016-07-01,4
Olanzapine,1,0.0,0.0,0.0,n<min_cases,2016-07-01,4
Opium,1,0.0,0.0,0.0,n<min_cases,2016-07-01,4
Oxazepam,1,0.0,0.0,0.0,n<min_cases,2016-07-01,4
Oxycodone,41,148.0,100.73839503000438,3.461633525511436,,2016-07-01,4
Oxymorphone,3,0.0,0.36855510376830874,0.0,n<min_cases,2016-07-01,4
PCP,5,0.0,1.2285170125610292,0.0,n<min_cases,2016-07-01,4
Paroxetine,1,0.0,0.0,0.0,n<min_cases,2016-07-01,4
Pentobarbital,2,0.0,0.1228517012561029,0.0,n<min_cases,2016-07-01,4
Phenobarbital,3,2.0,0.36855510376830874,0.0,n<min_cases,2016-07-01,4
Phenylpropanolamine,1,0.0,0.0,0.0,n<min_cases,2016-07-01,4
Pseudoephedrine,2,0.0,0.1228517012561029,0.0,n<min_cases,2016-07-01,4
Quetiapine,6,2.0,1.8427755188415436,0.0,n<min_cases,2016-07-01,4
Salicylate,1,0.0,0.0,0.0,n<min_cases,2016-07-01,4
Sertraline,3,0.0,0.36855510376830874,0.0,n<min_cases,2016-07-01,4
Temazepam,5,2.0,1.2285170125610292,0.0,n<min_cases,2016-07-01,4
Topiramate,1,0.0,0.0,0.0,n<min_cases,2016-07-01,4
Tramadol,5,0.0,1.2285170125610292,0.0,n<min_cases,2016-07-01,4
Trazodone,4,0.0,0.7371102075366175,0.0,n<min_cases,2016-07-01,4
U-47700,1,0.0,0.0,0.0,n<min_cases,2016-07-01,4
Venlafaxine,1,0.0,0.0,0.0,n<min_cases,2016-07-01,4
Zolpidem,5,6.0,1.2285170125610292,0.0,n<min_cases,2016-07-01,4
alpha-PVP,1,0.0,0.0,0.0,n<min_cases,2016-07-01,4
"1,1-Difluoroethane",2,0.0,0.12206743143619415,0.0,n<min_cases,2016-10-01,4
Acetyl fentanyl,1,0.0,0.0,0.0,n<min_cases,2016-10-01,4
Acryl fentanyl,1,0.0,0.0,0.0,n<min_cases,2016-10-01,4
Alprazolam,33,78.0,64.45160379831052,1.2378381247463557,,2016-10-01,4
Amphetamine,7,10.0,2.5634160601600775,0.0,n<min_cases,2016-10-01,4
Amyl nitrite,1,0.0,0.0,0.0,n<min_cases,2016-10-01,4
Aripiprazole,1,0.0,0.0,0.0,n<min_cases,2016-10-01,4
Baclofen,1,0.0,0.0,0.0,n<min_cases,2016-10-01,4
Buprenorphine,1,0.0,0.0,0.0,n<min_cases,2016-10-01,4
Bupropion,2,0.0,0.12206743143619415,0.0,n<min_cases,2016-10-01,4
Butalbital,1,0.0,0.0,0.0,n<min_cases,2016-10-01,4
Butyl Nitrite,1,0.0,0.0,0.0,n<min_cases,2016-10-01,4
Cannabis,2,0.0,0.12206743143619415,0.0,n<min_cases,2016-10-01,4
Carisoprodol,2,0.0,0.12206743143619415,0.0,n<min_cases,2016-10-01,4
Citalopram,1,0.0,0.0,0.0,n<min_cases,2016-10-01,4
Clonazepam,5,2.0,1.2206743143619416,0.0,n<min_cases,2016-10-01,4
Cocaine,129,1494.0,1007.788713937219,11.514623610153718,,2016-10-01,4
Codeine,10,2.0,5.493034414628737,-1.088875484669214,,2016-10-01,4
Diazepam,8,8.0,3.417888080213437,0.0,n<min_cases,2016-10-01,4
Dimethyltryptamine,1,0.0,0.0,0.0,n<min_cases,2016-10-01,4
Diphenhydramine,6,2.0,1.8310114715429124,0.0,n<min_cases,2016-10-01,4
Doxepin,2,0.0,0.12206743143619415,0.0,n<min_cases,2016-10-01,4
Duloxetine,2,0.0,0.12206743143619415,0.0,n<min_cases,2016-10-01,4
Ephedrine,3,0.0,0.3662022943085825,0.0,n<min_cases,2016-10-01,4
Eszopiclone,1,0.0,0.0,0.0,n<min_cases,2016-10-01,4
Ethanol,153,1366.0,1419.4000927400657,-1.0745979884571577,,2016-10-01,4
Etizolam,1,0.0,0.0,0.0,n<min_cases,2016-10-01,4
Fentanyl,56,198.0,187.983844411739,0.5383509045519644,,2016-10-01,4
Fluoxetine,5,2.0,1.2206743143619416,0.0,n<min_cases,2016-10-01,4
Furanyl fentanyl,2,0.0,0.12206743143619415,0.0,n<min_cases,2016-10-01,4
GHB,1,0.0,0.0,0.0,n<min_cases,2016-10-01,4
Gabapentin,5,0.0,1.2206743143619416,0.0,n<min_cases,2016-10-01,4
Heroin,171,1752.0,1774.2501159250821,-0.40326699295037755,,2016-10-01,4
Hydrocodone,21,30.0,25.634160601600772,0.6311298068127237,,2016-10-01,4
Hydromorphone,7,4.0,2.5634160601600775,0.0,n<min_cases,2016-10-01,4
Ibuprofen,1,0.0,0.0,0.0,n<min_cases,2016-10-01,4
Insulin,2,0.0,0.12206743143619415,0.0,n<min_cases,2016-10-01,4
Lamotrigine,1,0.0,0.0,0.0,n<min_cases,2016-10-01,4
Lithium,1,0.0,0.0,0.0,n<min_cases,2016-10-01,4
Lorazepam,4,2.0,0.732404588617165,0.0,n<min_cases,2016-10-01,4
MDA,1,0.0,0.0,0.0,n<min_cases,2016-10-01,4
MDMA,9,8.0,4.3944275317029895,0.0,n<min_cases,2016-10-01,4
Meprobamate,1,0.0,0.0,0.0,n<min_cases,2016-10-01,4
Methadone,22,32.0,28.197576661760852,0.5241908690245762,,2016-10-01,4
Methamphetamine,329,6920.0,6586.270330571292,0.0,case_fraction>max,2016-10-01,4
Metoprolol,1,0.0,0.0,0.0,n<min_cases,2016-10-01,4
Mirtazapine,4,2.0,0.732404588617165,0.0,n<min_cases,2016-10-01,4
Morphine,128,1014.0,992.1640827133862,0.5210099991672973,,2016-10-01,4
Nortriptyline,1,0.0,0.0,0.0,n<min_cases,2016-10-01,4
Olanzapine,2,0.0,0.12206743143619415,0.0,n<min_cases,2016-10-01,4
Oxazepam,1,0.0,0.0,0.0,n<min_cases,2016-10-01,4
Oxycodone,36,128.0,76.90248180480232,4.27630948385869,,2016-10-01,4
Oxymorphone,3,0.0,0.3662022943085825,0.0,n<min_cases,2016-10-01,4
PCP,8,10.0,3.417888080213437,0.0,n<min_cases,2016-10-01,4
Paroxetine,1,0.0,0.0,0.0,n<min_cases,2016-10-01,4
Pentobarbital,3,0.0,0.3662022943085825,0.0,n<min_cases,2016-10-01,4
Phenobarbital,2,0.0,0.12206743143619415,0.0,n<min_cases,2016-10-01,4
Phenylpropanolamine,1,0.0,0.0,0.0,n<min_cases,2016-10-01,4
Pseudoephedrine,2,0.0,0.12206743143619415,0.0,n<min_cases,2016-10-01,4
Quetiapine,10,6.0,5.493034414628737,0.1580352014769422,,2016-10-01,4
Sertraline,2,0.0,0.12206743143619415,0.0,n<min_cases,2016-10-01,4
Sumatriptan,1,0.0,0.0,0.0,n<min_cases,2016-10-01,4
Temazepam,5,2.0,1.2206743143619416,0.0,n<min_cases,2016-10-01,4
Topiramate,1,0.0,0.0,0.0,n<min_cases,2016-10-01,4
Tramadol,6,0.0,1.8310114715429124,0.0,n<min_cases,2016-10-01,4
Trazodone,3,0.0,0.3662022943085825,0.0,n<min_cases,2016-10-01,4
U-47700,2,0.0,0.12206743143619415,0.0,n<min_cases,2016-10-01,4
Venlafaxine,2,0.0,0.12206743143619415,0.0,n<min_cases,2016-10-01,4
Zolpidem,5,6.0,1.2206743143619416,0.0,n<min_cases,2016-10-01,4
alpha-PVP,1,0.0,0.0,0.0,n<min_cases,2016-10-01,4
"1,1-Difluoroethane",1,0.0,0.0,0.0,n<min_cases,2017-01-01,4
Acetyl fentanyl,1,0.0,0.0,0.0,n<min_cases,2017-01-01,4
Acryl fentanyl,1,0.0,0.0,0.0,n<min_cases,2017-01-01,4
Alprazolam,41,124.0,100.15834706100193,1.7363220087671416,,2017-01-01,4
Amphetamine,7,12.0,2.5650308393671226,0.0,n<min_cases,2017-01-01,4
Aripiprazole,1,0.0,0.0,0.0,n<min_cases,2017-01-01,4
Baclofen,1,0.0,0.0,0.0,n<min_cases,2017-01-01,4
Buprenorphine,2,0.0,0.1221443256841487,0.0,n<min_cases,2017-01-01,4
Bupropion,2,0.0,0.1221443256841487,0.0,n<min_cases,2017-01-01,4
Butalbital,1,0.0,0.0,0.0,n<min_cases,2017-01-01,4
Cannabis,2,0.0,0.1221443256841487,0.0,n<min_cases,2017-01-01,4
Carbon monoxide,1,0.0,0.0,0.0,n<min_cases,2017-01-01,4
Carisoprodol,1,0.0,0.0,0.0,n<min_cases,2017-01-01,4
Cerberin,1,0.0,0.0,0.0,n<min_cases,2017-01-01,4
Citalopram,2,0.0,0.1221443256841487,0.0,n<min_cases,2017-01-01,4
Clonazepam,4,2.0,0.7328659541048921,0.0,n<min_cases,2017-01-01,4
Cocaine,127,1464.0,977.2767497988738,11.425635154169465,,2017-01-01,4
Codeine,10,6.0,5.496494655786691,0.15664832475532536,,2017-01-01,4
Cyclobenzaprine,2,0.0,0.1221443256841487,0.0,n<min_cases,2017-01-01,4
Diazepam,9,6.0,4.397195724629353,0.0,n<min_cases,2017-01-01,4
Dimethyltryptamine,1,0.0,0.0,0.0,n<min_cases,2017-01-01,4
Diphenhydramine,5,0.0,1.221443256841487,0.0,n<min_cases,2017-01-01,4
Doxepin,3,4.0,0.36643297705244604,0.0,n<min_cases,2017-01-01,4
Doxylamine,1,0.0,0.0,0.0,n<min_cases,2017-01-01,4
Duloxetine,2,0.0,0.1221443256841487,0.0,n<min_cases,2017-01-01,4
Ephedrine,2,0.0,0.1221443256841487,0.0,n<min_cases,2017-01-01,4
Eszopiclone,1,0.0,0.0,0.0,n<min_cases,2017-01-01,4
Ethanol,141,1230.0,1205.5644945025476,0.5176857965105093,,2017-01-01,4
Etizolam,1,0.0,0.0,0.0,n<min_cases,2017-01-01,4
Fentanyl,77,360.0,357.3942969518191,0.10058519726565218,,2017-01-01,4
Fluoxetine,4,0.0,0.7328659541048921,0.0,n<min_cases,2017-01-01,4
Furanyl fentanyl,1,0.0,0.0,0.0,n<min_cases,2017-01-01,4
Gabapentin,6,0.0,1.8321648852622303,0.0,n<min_cases,2017-01-01,4
Heroin,193,2328.0,2263.090066275907,1.0158964262568724,,2017-01-01,4
Hydrocodone,20,34.0,23.20742187998825,1.633391209730318,,2017-01-01,4
Hydromorphone,3,0.0,0.36643297705244604,0.0,n<min_cases,2017-01-01,4
Hydroxychloroquine,1,0.0,0.0,0.0,n<min_cases,2017-01-01,4
Lamotrigine,1,0.0,0.0,0.0,n<min_cases,2017-01-01,4
Lithium,1,0.0,0.0,0.0,n<min_cases,2017-01-01,4
Lorazepam,6,2.0,1.8321648852622303,0.0,n<min_cases,2017-01-01,4
MDA,1,0.0,0.0,0.0,n<min_cases,2017-01-01,4
MDMA,6,0.0,1.8321648852622303,0.0,n<min_cases,2017-01-01,4
Methadone,27,44.0,42.87265831513619,0.125504485699783,,2017-01-01,4
Methamphetamine,331,6998.0,6670.9123472397805,0.0,case_fraction>max,2017-01-01,4
Metoprolol,1,0.0,0.0,0.0,n<min_cases,2017-01-01,4
Mirtazapine,4,0.0,0.7328659541048921,0.0,n<min_cases,2017-01-01,4
Morphine,126,958.0,961.886564762671,-0.0919482022995115,,2017-01-01,4
Neriifolin,1,0.0,0.0,0.0,n<min_cases,2017-01-01,4
Nortriptyline,1,0.0,0.0,0.0,n<min_cases,2017-01-01,4
Olanzapine,2,0.0,0.1221443256841487,0.0,n<min_cases,2017-01-01,4
Oxycodone,34,102.0,68.52296670880742,2.947649149680861,,2017-01-01,4
Oxymorphone,3,0.0,0.36643297705244604,0.0,n<min_cases,2017-01-01,4
PCP,11,18.0,6.717937912628178,3.17477531820423,,2017-01-01,4
Paroxetine,1,0.0,0.0,0.0,n<min_cases,2017-01-01,4
Pentobarbital,1,0.0,0.0,0.0,n<min_cases,2017-01-01,4
Phenobarbital,1,0.0,0.0,0.0,n<min_cases,2017-01-01,4
Phenylpropanolamine,2,0.0,0.1221443256841487,0.0,n<min_cases,2017-01-01,4
Pseudoephedrine,2,0.0,0.1221443256841487,0.0,n<min_cases,2017-01-01,4
Quetiapine,12,8.0,8.061525495153814,-0.015804024768444034,,2017-01-01,4
Sertraline,2,0.0,0.1221443256841487,0.0,n<min_cases,2017-01-01,4
Sumatriptan,1,0.0,0.0,0.0,n<min_cases,2017-01-01,4
Tapentadol,1,0.0,0.0,0.0,n<min_cases,2017-01-01,4
Temazepam,3,0.0,0.36643297705244604,0.0,n<min_cases,2017-01-01,4
Tizanidine,1,0.0,0.0,0.0,n<min_cases,2017-01-01,4
Tramadol,5,0.0,1.221443256841487,0.0,n<min_cases,2017-01-01,4
Trazodone,2,0.0,0.1221443256841487,0.0,n<min_cases,2017-01-01,4
U-47700,3,0.0,0.36643297705244604,0.0,n<min_cases,2017-01-01,4
Venlafaxine,2,0.0,0.1221443256841487,0.0,n<min_cases,2017-01-01,4
Vilazodone,1,0.0,0.0,0.0,n<min_cases,2017-01-01,4
Zolpidem,6,6.0,1.8321648852622303,0.0,n<min_cases,2017-01-01,4
alpha-PVP,1,0.0,0.0,0.0,n<min_cases,2017-01-01,4
Acetyl fentanyl,1,0.0,0.0,0.0,n<min_cases,2017-04-01,4
Acryl fentanyl,1,0.0,0.0,0.0,n<min_cases,2017-04-01,4
Alprazolam,39,94.0,89.72406566538595,0.3284351652609175,,2017-04-01,4
Amitriptyline,2,0.0,0.12108510886016999,0.0,n<min_cases,2017-04-01,4
Amphetamine,7,8.0,2.5427872860635694,0.0,n<min_cases,2017-04-01,4
Aripiprazole,1,0.0,0.0,0.0,n<min_cases,2017-04-01,4
Baclofen,1,0.0,0.0,0.0,n<min_cases,2017-04-01,4
Buprenorphine,2,0.0,0.12108510886016999,0.0,n<min_cases,2017-04-01,4
Bupropion,3,2.0,0.36325532658050996,0.0,n<min_cases,2017-04-01,4
Butalbital,1,0.0,0.0,0.0,n<min_cases,2017-04-01,4
Carbon monoxide,1,0.0,0.0,0.0,n<min_cases,2017-04-01,4
Carfentanil,1,0.0,0.0,0.0,n<min_cases,2017-04-01,4
Carisoprodol,1,0.0,0.0,0.0,n<min_cases,2017-04-01,4
Cerberin,1,0.0,0.0,0.0,n<min_cases,2017-04-01,4
Chlorcyclizine,1,0.0,0.0,0.0,n<min_cases,2017-04-01,4
Chlordiazepoxide,1,0.0,0.0,0.0,n<min_cases,2017-04-01,4
Citalopram,3,0.0,0.36325532658050996,0.0,n<min_cases,2017-04-01,4
Clonazepam,4,0.0,0.7265106531610199,0.0,n<min_cases,2017-04-01,4
Cocaine,132,1600.0,1046.9018512050297,12.484610825748833,,2017-04-01,4
Codeine,9,2.0,4.35906391896612,0.0,n<min_cases,2017-04-01,4
Cyclobenzaprine,3,2.0,0.36325532658050996,0.0,n<min_cases,2017-04-01,4
Diazepam,10,6.0,5.4488298987076496,0.17212257940717401,,2017-04-01,4
Dimethyltryptamine,1,0.0,0.0,0.0,n<min_cases,2017-04-01,4
Diphenhydramine,8,4.0,3.3903830480847597,0.0,n<min_cases,2017-04-01,4
Donepezil,1,0.0,0.0,0.0,n<min_cases,2017-04-01,4
Doxepin,3,2.0,0.36325532658050996,0.0,n<min_cases,2017-04-01,4
Doxylamine,3,2.0,0.36325532658050996,0.0,n<min_cases,2017-04-01,4
Duloxetine,2,0.0,0.12108510886016999,0.0,n<min_cases,2017-04-01,4
Ephedrine,1,0.0,0.0,0.0,n<min_cases,2017-04-01,4
Eszopiclone,1,0.0,0.0,0.0,n<min_cases,2017-04-01,4
Ethanol,141,1210.0,1195.1100244498778,0.3149401189306221,,2017-04-01,4
Felodipine,1,0.0,0.0,0.0,n<min_cases,2017-04-01,4
Fentanyl,89,484.0,474.16928629642564,0.3285192126187844,,2017-04-01,4
Fluoxetine,2,0.0,0.12108510886016999,0.0,n<min_cases,2017-04-01,4
Flurazepam,1,0.0,0.0,0.0,n<min_cases,2017-04-01,4
Furanyl fentanyl,2,0.0,0.12108510886016999,0.0,n<min_cases,2017-04-01,4
Gabapentin,6,0.0,1.81627663290255,0.0,n<min_cases,2017-04-01,4
Heroin,202,2674.0,2458.1487949703105,3.2215242807523965,,2017-04-01,4
Hydrocodone,21,34.0,25.427872860635695,1.238074083442032,,2017-04-01,4
Hydromorphone,3,0.0,0.36325532658050996,0.0,n<min_cases,2017-04-01,4
Hydroxychloroquine,2,0.0,0.12108510886016999,0.0,n<min_cases,2017-04-01,4
Hydroxyzine,1,0.0,0.0,0.0,n<min_cases,2017-04-01,4
Lamotrigine,3,2.0,0.36325532658050996,0.0,n<min_cases,2017-04-01,4
Lithium,1,0.0,0.0,0.0,n<min_cases,2017-04-01,4
Lorazepam,4,0.0,0.7265106531610199,0.0,n<min_cases,2017-04-01,4
MDA,1,0.0,0.0,0.0,n<min_cases,2017-04-01,4
MDMA,5,0.0,1.2108510886016999,0.0,n<min_cases,2017-04-01,4
Methadone,34,62.0,67.92874607055536,-0.5234878275301075,,2017-04-01,4
Methamphetamine,336,7118.0,6814.6699266503665,0.0,case_fraction>max,2017-04-01,4
Metoprolol,1,0.0,0.0,0.0,n<min_cases,2017-04-01,4
Mirtazapine,7,4.0,2.5427872860635694,0.0,n<min_cases,2017-04-01,4
Morphine,119,916.0,850.1385493072534,1.647341266836483,,2017-04-01,4
Neriifolin,1,0.0,0.0,0.0,n<min_cases,2017-04-01,4
Nortriptyline,1,0.0,0.0,0.0,n<min_cases,2017-04-01,4
Olanzapine,3,0.0,0.36325532658050996,0.0,n<min_cases,2017-04-01,4
Oxycodone,34,82.0,67.92874607055536,1.242443184863786,,2017-04-01,4
Oxymorphone,3,0.0,0.36325532658050996,0.0,n<min_cases,2017-04-01,4
PCP,11,20.0,6.659680987309349,3.7679398353532036,,2017-04-01,4
Pentobarbital,2,0.0,0.12108510886016999,0.0,n<min_cases,2017-04-01,4
Phenylpropanolamine,1,0.0,0.0,0.0,n<min_cases,2017-04-01,4
Pseudoephedrine,1,0.0,0.0,0.0,n<min_cases,2017-04-01,4
Quetiapine,10,6.0,5.4488298987076496,0.17212257940717401,,2017-04-01,4
Sertraline,3,2.0,0.36325532658050996,0.0,n<min_cases,2017-04-01,4
Sumatriptan,1,0.0,0.0,0.0,n<min_cases,2017-04-01,4
Tapentadol,1,0.0,0.0,0.0,n<min_cases,2017-04-01,4
Temazepam,4,2.0,0.7265106531610199,0.0,n<min_cases,2017-04-01,4
Tizanidine,1,0.0,0.0,0.0,n<min_cases,2017-04-01,4
Tramadol,6,2.0,1.81627663290255,0.0,n<min_cases,2017-04-01,4
Trazodone,4,2.0,0.7265106531610199,0.0,n<min_cases,2017-04-01,4
U-47700,3,0.0,0.36325532658050996,0.0,n<min_cases,2017-04-01,4
Venlafaxine,2,0.0,0.12108510886016999,0.0,n<min_cases,2017-04-01,4
Vilazodone,1,0.0,0.0,0.0,n<min_cases,2017-04-01,4
Zolpidem,5,2.0,1.2108510886016999,0.0,n<min_cases,2017-04-01,4
"1,1-Difluoroethane",1,0.0,0.0,0.0,n<min_cases,2017-07-01,4
Acetaminophen,1,0.0,0.0,0.0,n<min_cases,2017-07-01,4
Acetyl fentanyl,2,0.0,0.12249897917517354,0.0,n<min_cases,2017-07-01,4
Acryl fentanyl,1,0.0,0.0,0.0,n<min_cases,2017-07-01,4
Alprazolam,40,116.0,95.54920375663536,1.5193040948907492,,2017-07-01,4
Amitriptyline,3,2.0,0.36749693752552065,0.0,n<min_cases,2017-07-01,4
Amphetamine,9,8.0,4.409963250306248,0.0,n<min_cases,2017-07-01,4
Baclofen,1,0.0,0.0,0.0,n<min_cases,2017-07-01,4
Benztropine,2,0.0,0.12249897917517354,0.0,n<min_cases,2017-07-01,4
Brompheniramine,1,0.0,0.0,0.0,n<min_cases,2017-07-01,4
Buprenorphine,2,0.0,0.12249897917517354,0.0,n<min_cases,2017-07-01,4
Bupropion,2,0.0,0.12249897917517354,0.0,n<min_cases,2017-07-01,4
Carbon monoxide,1,0.0,0.0,0.0,n<min_cases,2017-07-01,4
Carfentanil,1,0.0,0.0,0.0,n<min_cases,2017-07-01,4
Cerberin,1,0.0,0.0,0.0,n<min_cases,2017-07-01,4
Chlorcyclizine,1,0.0,0.0,0.0,n<min_cases,2017-07-01,4
Chlordiazepoxide,1,0.0,0.0,0.0,n<min_cases,2017-07-01,4
Chlorpromazine,1,0.0,0.0,0.0,n<min_cases,2017-07-01,4
Citalopram,3,0.0,0.36749693752552065,0.0,n<min_cases,2017-07-01,4
Clonazepam,3,0.0,0.36749693752552065,0.0,n<min_cases,2017-07-01,4
Clozapine,1,0.0,0.0,0.0,n<min_cases,2017-07-01,4
Cocaine,134,1776.0,1091.5884034299715,15.016711847082503,,2017-07-01,4
Codeine,9,2.0,4.409963250306248,0.0,n<min_cases,2017-07-01,4
Cyclobenzaprine,3,2.0,0.36749693752552065,0.0,n<min_cases,2017-07-01,4
Cyclopropyl fentanyl,1,0.0,0.0,0.0,n<min_cases,2017-07-01,4
Desloratadine,1,0.0,0.0,0.0,n<min_cases,2017-07-01,4
Dextromethorphan,1,0.0,0.0,0.0,n<min_cases,2017-07-01,4
Diazepam,10,6.0,5.512454062882809,0.15135862601344993,,2017-07-01,4
Dimethyltryptamine,1,0.0,0.0,0.0,n<min_cases,2017-07-01,4
Diphenhydramine,9,6.0,4.409963250306248,0.0,n<min_cases,2017-07-01,4
Dipyrone,1,0.0,0.0,0.0,n<min_cases,2017-07-01,4
Donepezil,2,2.0,0.12249897917517354,0.0,n<min_cases,2017-07-01,4
Doxepin,3,0.0,0.36749693752552065,0.0,n<min_cases,2017-07-01,4
Doxylamine,3,2.0,0.36749693752552065,0.0,n<min_cases,2017-07-01,4
Duloxetine,2,0.0,0.12249897917517354,0.0,n<min_cases,2017-07-01,4
Ethanol,168,1698.0,1718.4156798693343,-0.3581040961970852,,2017-07-01,4
Felodipine,1,0.0,0.0,0.0,n<min_cases,2017-07-01,4
Fentanyl,96,614.0,558.5953450387913,1.6975128254498197,,2017-07-01,4
Fluoxetine,4,2.0,0.7349938750510413,0.0,n<min_cases,2017-07-01,4
Flurazepam,1,0.0,0.0,0.0,n<min_cases,2017-07-01,4
Furanyl fentanyl,2,0.0,0.12249897917517354,0.0,n<min_cases,2017-07-01,4
GHB,1,0.0,0.0,0.0,n<min_cases,2017-07-01,4
Gabapentin,5,2.0,1.2249897917517354,0.0,n<min_cases,2017-07-01,4
Haloperidol,1,0.0,0.0,0.0,n<min_cases,2017-07-01,4
Heroin,212,3046.0,2739.8121682319315,4.2829086092955295,,2017-07-01,4
Hydrocodone,24,40.0,33.8097182523479,0.7744893966573997,,2017-07-01,4
Hydromorphone,2,2.0,0.12249897917517354,0.0,n<min_cases,2017-07-01,4
Hydroxychloroquine,2,0.0,0.12249897917517354,0.0,n<min_cases,2017-07-01,4
Hydroxyzine,1,0.0,0.0,0.0,n<min_cases,2017-07-01,4
Isosorbide Mononitrate,1,0.0,0.0,0.0,n<min_cases,2017-07-01,4
Lamotrigine,3,2.0,0.36749693752552065,0.0,n<min_cases,2017-07-01,4
Lithium,1,0.0,0.0,0.0,n<min_cases,2017-07-01,4
Lorazepam,5,2.0,1.2249897917517354,0.0,n<min_cases,2017-07-01,4
MDA,1,0.0,0.0,0.0,n<min_cases,2017-07-01,4
MDMA,5,0.0,1.2249897917517354,0.0,n<min_cases,2017-07-01,4
Meperidine,1,0.0,0.0,0.0,n<min_cases,2017-07-01,4
Methadone,33,66.0,64.67946100449163,0.11932537984629538,,2017-07-01,4
Methamphetamine,365,8676.0,8137.607186606778,0.0,case_fraction>max,2017-07-01,4
Metoprolol,1,0.0,0.0,0.0,n<min_cases,2017-07-01,4
Mirtazapine,7,4.0,2.5724785626786444,0.0,n<min_cases,2017-07-01,4
Morphine,109,768.0,721.0289914250715,1.2668096947710292,,2017-07-01,4
Neriifolin,1,0.0,0.0,0.0,n<min_cases,2017-07-01,4
Nortriptyline,1,0.0,0.0,0.0,n<min_cases,2017-07-01,4
Olanzapine,2,0.0,0.12249897917517354,0.0,n<min_cases,2017-07-01,4
Oxycodone,30,66.0,53.28705594120049,1.2660387807200535,,2017-07-01,4
Oxymorphone,2,0.0,0.12249897917517354,0.0,n<min_cases,2017-07-01,4
PCP,14,34.0,11.147407104940791,4.986066278836554,,2017-07-01,4
Pentobarbital,5,2.0,1.2249897917517354,0.0,n<min_cases,2017-07-01,4
Phenylpropanolamine,1,0.0,0.0,0.0,n<min_cases,2017-07-01,4
Propofol,1,0.0,0.0,0.0,n<min_cases,2017-07-01,4
Quetiapine,12,10.0,8.084932625561454,0.4907735502972109,,2017-07-01,4
Sertraline,2,0.0,0.12249897917517354,0.0,n<min_cases,2017-07-01,4
Sumatriptan,1,0.0,0.0,0.0,n<min_cases,2017-07-01,4
Tapentadol,1,0.0,0.0,0.0,n<min_cases,2017-07-01,4
Temazepam,4,0.0,0.7349938750510413,0.0,n<min_cases,2017-07-01,4
Terazosin,1,0.0,0.0,0.0,n<min_cases,2017-07-01,4
Tizanidine,1,0.0,0.0,0.0,n<min_cases,2017-07-01,4
Tramadol,8,4.0,3.4299714169048587,0.0,n<min_cases,2017-07-01,4
Trazodone,3,0.0,0.36749693752552065,0.0,n<min_cases,2017-07-01,4
U-47700,4,2.0,0.7349938750510413,0.0,n<min_cases,2017-07-01,4
Venlafaxine,3,0.0,0.36749693752552065,0.0,n<min_cases,2017-07-01,4
Vilazodone,1,0.0,0.0,0.0,n<min_cases,2017-07-01,4
Warfarin,1,0.0,0.0,0.0,n<min_cases,2017-07-01,4
Zolpidem,4,2.0,0.7349938750510413,0.0,n<min_cases,2017-07-01,4
"1,1-Difluoroethane",1,0.0,0.0,0.0,n<min_cases,2017-10-01,4
Acetaminophen,1,0.0,0.0,0.0,n<min_cases,2017-10-01,4
Acetyl fentanyl,3,0.0,0.36531500645799114,0.0,n<min_cases,2017-10-01,4
Alprazolam,40,110.0,94.9819016790777,1.1246562786072016,,2017-10-01,4
Amitriptyline,3,2.0,0.36531500645799114,0.0,n<min_cases,2017-10-01,4
Amphetamine,13,10.0,9.49819016790777,0.11879121974027682,,2017-10-01,4
Baclofen,1,0.0,0.0,0.0,n<min_cases,2017-10-01,4
Benztropine,2,0.0,0.1217716688193304,0.0,n<min_cases,2017-10-01,4
Brompheniramine,1,0.0,0.0,0.0,n<min_cases,2017-10-01,4
Buprenorphine,1,0.0,0.0,0.0,n<min_cases,2017-10-01,4
Bupropion,4,2.0,0.7306300129159823,0.0,n<min_cases,2017-10-01,4
Cannabis,1,0.0,0.0,0.0,n<min_cases,2017-10-01,4
Carbon monoxide,1,0.0,0.0,0.0,n<min_cases,2017-10-01,4
Carfentanil,1,0.0,0.0,0.0,n<min_cases,2017-10-01,4
Cerberin,1,0.0,0.0,0.0,n<min_cases,2017-10-01,4
Chlorcyclizine,1,0.0,0.0,0.0,n<min_cases,2017-10-01,4
Chlordiazepoxide,1,0.0,0.0,0.0,n<min_cases,2017-10-01,4
Chlorpromazine,1,0.0,0.0,0.0,n<min_cases,2017-10-01,4
Citalopram,9,4.0,4.383780077495894,0.0,n<min_cases,2017-10-01,4
Clonazepam,2,0.0,0.1217716688193304,0.0,n<min_cases,2017-10-01,4
Clozapine,1,0.0,0.0,0.0,n<min_cases,2017-10-01,4
Cocaine,130,1582.0,1021.0554430500854,12.922358805045993,,2017-10-01,4
Codeine,9,4.0,4.383780077495894,0.0,n<min_cases,2017-10-01,4
Cyclobenzaprine,4,2.0,0.7306300129159823,0.0,n<min_cases,2017-10-01,4
Cyclopropyl fentanyl,2,0.0,0.1217716688193304,0.0,n<min_cases,2017-10-01,4
Delorazepam,1,0.0,0.0,0.0,n<min_cases,2017-10-01,4
Desloratadine,1,0.0,0.0,0.0,n<min_cases,2017-10-01,4
Dextromethorphan,2,0.0,0.1217716688193304,0.0,n<min_cases,2017-10-01,4
Diazepam,9,4.0,4.383780077495894,0.0,n<min_cases,2017-10-01,4
Diphenhydramine,10,2.0,5.479725096869868,-1.0845270321189606,,2017-10-01,4
Dipyrone,1,0.0,0.0,0.0,n<min_cases,2017-10-01,4
Donepezil,2,2.0,0.1217716688193304,0.0,n<min_cases,2017-10-01,4
Doxepin,3,0.0,0.36531500645799114,0.0,n<min_cases,2017-10-01,4
Doxylamine,4,2.0,0.7306300129159823,0.0,n<min_cases,2017-10-01,4
Duloxetine,2,0.0,0.1217716688193304,0.0,n<min_cases,2017-10-01,4
Ethanol,172,1772.0,1790.7741616570727,-0.3291975976162312,,2017-10-01,4
Etizolam,1,0.0,0.0,0.0,n<min_cases,2017-10-01,4
Felodipine,1,0.0,0.0,0.0,n<min_cases,2017-10-01,4
Fentanyl,111,732.0,743.4160381420121,-0.30735868943161765,,2017-10-01,4
Fluoxetine,4,2.0,0.7306300129159823,0.0,n<min_cases,2017-10-01,4
Flurazepam,1,0.0,0.0,0.0,n<min_cases,2017-10-01,4
Furanyl fentanyl,2,0.0,0.1217716688193304,0.0,n<min_cases,2017-10-01,4
GHB,1,0.0,0.0,0.0,n<min_cases,2017-10-01,4
Gabapentin,9,8.0,4.383780077495894,0.0,n<min_cases,2017-10-01,4
Haloperidol,1,0.0,0.0,0.0,n<min_cases,2017-10-01,4
Heroin,201,2830.0,2447.610543268541,5.775987246351791,,2017-10-01,4
Hydrocodone,30,44.0,52.970675936408725,-0.8993372923862966,,2017-10-01,4
Hydromorphone,1,0.0,0.0,0.0,n<min_cases,2017-10-01,4
Hydroxychloroquine,2,0.0,0.1217716688193304,0.0,n<min_cases,2017-10-01,4
Hydroxyzine,2,0.0,0.1217716688193304,0.0,n<min_cases,2017-10-01,4
Isosorbide Mononitrate,1,0.0,0.0,0.0,n<min_cases,2017-10-01,4
Ketamine,1,0.0,0.0,0.0,n<min_cases,2017-10-01,4
Lamotrigine,5,2.0,1.217716688193304,0.0,n<min_cases,2017-10-01,4
Lorazepam,7,6.0,2.5572050452059383,0.0,n<min_cases,2017-10-01,4
MDA,1,0.0,0.0,0.0,n<min_cases,2017-10-01,4
MDMA,4,0.0,0.7306300129159823,0.0,n<min_cases,2017-10-01,4
Meperidine,1,0.0,0.0,0.0,n<min_cases,2017-10-01,4
Methadone,39,84.0,90.23280659512382,-0.4788649006173964,,2017-10-01,4
Methamphetamine,374,8946.0,8493.695671817115,0.0,case_fraction>max,2017-10-01,4
Metoprolol,2,0.0,0.1217716688193304,0.0,n<min_cases,2017-10-01,4
Mirtazapine,6,2.0,1.8265750322899559,0.0,n<min_cases,2017-10-01,4
Mitragynine,1,0.0,0.0,0.0,n<min_cases,2017-10-01,4
Morphine,99,608.0,590.7143654425716,0.5213150830770245,,2017-10-01,4
Neriifolin,1,0.0,0.0,0.0,n<min_cases,2017-10-01,4
Nortriptyline,1,0.0,0.0,0.0,n<min_cases,2017-10-01,4
Olanzapine,3,0.0,0.36531500645799114,0.0,n<min_cases,2017-10-01,4
Oxycodone,34,90.0,68.31390620764435,1.914603317226963,,2017-10-01,4
Oxymorphone,1,0.0,0.0,0.0,n<min_cases,2017-10-01,4
PCP,11,18.0,6.697441785063171,3.186349688394663,,2017-10-01,4
Pentobarbital,5,0.0,1.217716688193304,0.0,n<min_cases,2017-10-01,4
Phenylpropanolamine,1,0.0,0.0,0.0,n<min_cases,2017-10-01,4
Promethazine,1,0.0,0.0,0.0,n<min_cases,2017-10-01,4
Propofol,1,0.0,0.0,0.0,n<min_cases,2017-10-01,4
Propranolol,1,0.0,0.0,0.0,n<min_cases,2017-10-01,4
Quetiapine,14,14.0,11.081221862559065,0.6396921012311427,,2017-10-01,4
Sertraline,2,0.0,0.1217716688193304,0.0,n<min_cases,2017-10-01,4
Tapentadol,2,0.0,0.1217716688193304,0.0,n<min_cases,2017-10-01,4
Temazepam,6,0.0,1.8265750322899559,0.0,n<min_cases,2017-10-01,4
Terazosin,1,0.0,0.0,0.0,n<min_cases,2017-10-01,4
Tizanidine,1,0.0,0.0,0.0,n<min_cases,2017-10-01,4
Topiramate,1,0.0,0.0,0.0,n<min_cases,2017-10-01,4
Tramadol,8,2.0,3.409606726941251,0.0,n<min_cases,2017-10-01,4
Trazodone,5,0.0,1.217716688193304,0.0,n<min_cases,2017-10-01,4
U-47700,3,0.0,0.36531500645799114,0.0,n<min_cases,2017-10-01,4
Venlafaxine,2,0.0,0.1217716688193304,0.0,n<min_cases,2017-10-01,4
Vilazodone,1,0.0,0.0,0.0,n<min_cases,2017-10-01,4
Warfarin,1,0.0,0.0,0.0,n<min_cases,2017-10-01,4
Zolpidem,3,0.0,0.36531500645799114,0.0,n<min_cases,2017-10-01,4
"1,1-Difluoroethane",1,0.0,0.0,0.0,n<min_cases,2018-01-01,4
Acetaminophen,2,0.0,0.12256111805153519,0.0,n<min_cases,2018-01-01,4
Acetyl fentanyl,3,0.0,0.36768335415460557,0.0,n<min_cases,2018-01-01,4
Alprazolam,35,74.0,72.92386524066343,0.09155143965055572,,2018-01-01,4
Amitriptyline,4,4.0,0.7353667083092111,0.0,n<min_cases,2018-01-01,4
Amphetamine,16,20.0,14.707334166184223,1.0050459572839732,,2018-01-01,4
Baclofen,1,0.0,0.0,0.0,n<min_cases,2018-01-01,4
Benztropine,2,0.0,0.12256111805153519,0.0,n<min_cases,2018-01-01,4
Brompheniramine,1,0.0,0.0,0.0,n<min_cases,2018-01-01,4
Bupropion,5,2.0,1.225611180515352,0.0,n<min_cases,2018-01-01,4
Cannabis,3,0.0,0.36768335415460557,0.0,n<min_cases,2018-01-01,4
Carfentanil,1,0.0,0.0,0.0,n<min_cases,2018-01-01,4
Carisoprodol,2,0.0,0.12256111805153519,0.0,n<min_cases,2018-01-01,4
Chlorcyclizine,1,0.0,0.0,0.0,n<min_cases,2018-01-01,4
Chlordiazepoxide,1,0.0,0.0,0.0,n<min_cases,2018-01-01,4
Chlorpromazine,1,0.0,0.0,0.0,n<min_cases,2018-01-01,4
Citalopram,9,4.0,4.412200249855267,0.0,n<min_cases,2018-01-01,4
Clonazepam,2,0.0,0.12256111805153519,0.0,n<min_cases,2018-01-01,4
Clozapine,2,0.0,0.12256111805153519,0.0,n<min_cases,2018-01-01,4
Cocaine,145,2158.0,1279.5380724580273,17.80047689018323,,2018-01-01,4
Codeine,10,6.0,5.5152503123190835,0.1504520099753885,,2018-01-01,4
Cyclobenzaprine,3,0.0,0.36768335415460557,0.0,n<min_cases,2018-01-01,4
Cyclopropyl fentanyl,2,0.0,0.12256111805153519,0.0,n<min_cases,2018-01-01,4
Delorazepam,1,0.0,0.0,0.0,n<min_cases,2018-01-01,4
Desloratadine,1,0.0,0.0,0.0,n<min_cases,2018-01-01,4
Desvenlafaxine,1,0.0,0.0,0.0,n<min_cases,2018-01-01,4
Dextromethorphan,3,0.0,0.36768335415460557,0.0,n<min_cases,2018-01-01,4
Diazepam,7,6.0,2.573783479082239,0.0,n<min_cases,2018-01-01,4
Diltiazem,1,0.0,0.0,0.0,n<min_cases,2018-01-01,4
Diphenhydramine,11,4.0,6.740861492834436,-0.7693545341006003,,2018-01-01,4
Dipyrone,1,0.0,0.0,0.0,n<min_cases,2018-01-01,4
Donepezil,2,2.0,0.12256111805153519,0.0,n<min_cases,2018-01-01,4
Doxepin,2,0.0,0.12256111805153519,0.0,n<min_cases,2018-01-01,4
Doxylamine,4,2.0,0.7353667083092111,0.0,n<min_cases,2018-01-01,4
Duloxetine,2,0.0,0.12256111805153519,0.0,n<min_cases,2018-01-01,4
Ethanol,181,1974.0,1996.5206130595082,-0.3666188137867744,,2018-01-01,4
Etizolam,1,0.0,0.0,0.0,n<min_cases,2018-01-01,4
Felodipine,1,0.0,0.0,0.0,n<min_cases,2018-01-01,4
Fentanyl,126,936.0,965.1688046558397,-0.6798513881728917,,2018-01-01,4
Fluoxetine,5,2.0,1.225611180515352,0.0,n<min_cases,2018-01-01,4
Flurazepam,1,0.0,0.0,0.0,n<min_cases,2018-01-01,4
Furanyl fentanyl,2,0.0,0.12256111805153519,0.0,n<min_cases,2018-01-01,4
GHB,1,0.0,0.0,0.0,n<min_cases,2018-01-01,4
Gabapentin,7,4.0,2.573783479082239,0.0,n<min_cases,2018-01-01,4
Haloperidol,1,0.0,0.0,0.0,n<min_cases,2018-01-01,4
Heroin,179,2230.0,1952.521171679007,4.566606685164173,,2018-01-01,4
Hydrocodone,38,74.0,86.16046599022923,-0.9514553421977996,,2018-01-01,4
Hydromorphone,3,0.0,0.36768335415460557,0.0,n<min_cases,2018-01-01,4
Hydroxychloroquine,1,0.0,0.0,0.0,n<min_cases,2018-01-01,4
Hydroxyzine,2,0.0,0.12256111805153519,0.0,n<min_cases,2018-01-01,4
Isosorbide Mononitrate,1,0.0,0.0,0.0,n<min_cases,2018-01-01,4
Ketamine,1,0.0,0.0,0.0,n<min_cases,2018-01-01,4
Lamotrigine,5,2.0,1.225611180515352,0.0,n<min_cases,2018-01-01,4
Lorazepam,5,6.0,1.225611180515352,0.0,n<min_cases,2018-01-01,4
MDA,1,0.0,0.0,0.0,n<min_cases,2018-01-01,4
MDMA,4,0.0,0.7353667083092111,0.0,n<min_cases,2018-01-01,4
Meperidine,1,0.0,0.0,0.0,n<min_cases,2018-01-01,4
Methadone,39,70.0,90.81778847618757,-1.5863380117634112,,2018-01-01,4
Methamphetamine,383,9422.0,8965.713468823953,0.0,case_fraction>max,2018-01-01,4
Methocarbamol,2,0.0,0.12256111805153519,0.0,n<min_cases,2018-01-01,4
Metoprolol,3,0.0,0.36768335415460557,0.0,n<min_cases,2018-01-01,4
Mirtazapine,6,2.0,1.838416770773028,0.0,n<min_cases,2018-01-01,4
Mitragynine,2,2.0,0.12256111805153519,0.0,n<min_cases,2018-01-01,4
Morphine,95,594.0,547.2353921001046,1.4469691483699756,,2018-01-01,4
Nifedipine,1,0.0,0.0,0.0,n<min_cases,2018-01-01,4
Nitrous oxide,1,0.0,0.0,0.0,n<min_cases,2018-01-01,4
Nortriptyline,1,0.0,0.0,0.0,n<min_cases,2018-01-01,4
Olanzapine,5,2.0,1.225611180515352,0.0,n<min_cases,2018-01-01,4
Oxycodone,42,138.0,105.5251226423718,2.2950051538472307,,2018-01-01,4
PCP,10,6.0,5.5152503123190835,0.1504520099753885,,2018-01-01,4
Pentobarbital,6,2.0,1.838416770773028,0.0,n<min_cases,2018-01-01,4
Promethazine,1,0.0,0.0,0.0,n<min_cases,2018-01-01,4
Propofol,1,0.0,0.0,0.0,n<min_cases,2018-01-01,4
Propranolol,1,0.0,0.0,0.0,n<min_cases,2018-01-01,4
Quetiapine,12,8.0,8.089033791401322,-0.02281069232942641,,2018-01-01,4
Sertraline,1,0.0,0.0,0.0,n<min_cases,2018-01-01,4
Tapentadol,1,0.0,0.0,0.0,n<min_cases,2018-01-01,4
Temazepam,5,0.0,1.225611180515352,0.0,n<min_cases,2018-01-01,4
Terazosin,1,0.0,0.0,0.0,n<min_cases,2018-01-01,4
Topiramate,2,0.0,0.12256111805153519,0.0,n<min_cases,2018-01-01,4
Tramadol,10,6.0,5.5152503123190835,0.1504520099753885,,2018-01-01,4
Trazodone,6,0.0,1.838416770773028,0.0,n<min_cases,2018-01-01,4
U-47700,2,0.0,0.12256111805153519,0.0,n<min_cases,2018-01-01,4
Venlafaxine,1,0.0,0.0,0.0,n<min_cases,2018-01-01,4
Warfarin,1,0.0,0.0,0.0,n<min_cases,2018-01-01,4
Zolpidem,2,0.0,0.12256111805153519,0.0,n<min_cases,2018-01-01,4
"1,1-Difluoroethane",1,0.0,0.0,0.0,n<min_cases,2018-04-01,4
4-ANPP,1,0.0,0.0,0.0,n<min_cases,2018-04-01,4
Acetaminophen,2,0.0,0.12291458259382362,0.0,n<min_cases,2018-04-01,4
Acetyl fentanyl,3,0.0,0.36874374778147084,0.0,n<min_cases,2018-04-01,4
Alprazolam,35,84.0,73.13417664332505,0.919712239172712,,2018-04-01,4
Amitriptyline,4,2.0,0.7374874955629417,0.0,n<min_cases,2018-04-01,4
Amphetamine,18,22.0,18.805931136855015,0.5352965122103489,,2018-04-01,4
Anabasine,1,0.0,0.0,0.0,n<min_cases,2018-04-01,4
Baclofen,1,0.0,0.0,0.0,n<min_cases,2018-04-01,4
Benztropine,2,0.0,0.12291458259382362,0.0,n<min_cases,2018-04-01,4
Brompheniramine,1,0.0,0.0,0.0,n<min_cases,2018-04-01,4
Bupropion,5,0.0,1.2291458259382362,0.0,n<min_cases,2018-04-01,4
Cannabis,3,0.0,0.36874374778147084,0.0,n<min_cases,2018-04-01,4
Carisoprodol,2,0.0,0.12291458259382362,0.0,n<min_cases,2018-04-01,4
Chlorcyclizine,1,0.0,0.0,0.0,n<min_cases,2018-04-01,4
Chlorpromazine,1,0.0,0.0,0.0,n<min_cases,2018-04-01,4
Citalopram,9,4.0,4.4249249733776495,0.0,n<min_cases,2018-04-01,4
Clonazepam,2,0.0,0.12291458259382362,0.0,n<min_cases,2018-04-01,4
Clozapine,2,0.0,0.12291458259382362,0.0,n<min_cases,2018-04-01,4
Cocaine,161,2502.0,1583.1398238084482,16.485830314915702,,2018-04-01,4
Codeine,12,8.0,8.112362451192357,-0.028715607839571656,,2018-04-01,4
Cyclobenzaprine,4,0.0,0.7374874955629417,0.0,n<min_cases,2018-04-01,4
Cyclopropyl fentanyl,2,0.0,0.12291458259382362,0.0,n<min_cases,2018-04-01,4
Delorazepam,1,0.0,0.0,0.0,n<min_cases,2018-04-01,4
Desloratadine,1,0.0,0.0,0.0,n<min_cases,2018-04-01,4
Desvenlafaxine,1,0.0,0.0,0.0,n<min_cases,2018-04-01,4
Dextromethorphan,3,0.0,0.36874374778147084,0.0,n<min_cases,2018-04-01,4
Diazepam,8,2.0,3.441608312627061,0.0,n<min_cases,2018-04-01,4
Diclazepam,1,0.0,0.0,0.0,n<min_cases,2018-04-01,4
Diltiazem,2,2.0,0.12291458259382362,0.0,n<min_cases,2018-04-01,4
Diphenhydramine,8,2.0,3.441608312627061,0.0,n<min_cases,2018-04-01,4
Dipyrone,1,0.0,0.0,0.0,n<min_cases,2018-04-01,4
Donepezil,2,0.0,0.12291458259382362,0.0,n<min_cases,2018-04-01,4
Doxepin,1,0.0,0.0,0.0,n<min_cases,2018-04-01,4
Doxylamine,4,2.0,0.7374874955629417,0.0,n<min_cases,2018-04-01,4
Duloxetine,2,0.0,0.12291458259382362,0.0,n<min_cases,2018-04-01,4
Ethanol,177,1884.0,1914.5175384813965,-0.49798787816266255,,2018-04-01,4
Etizolam,2,0.0,0.12291458259382362,0.0,n<min_cases,2018-04-01,4
Fentanyl,154,1464.0,1448.056697537836,0.29911037447848027,,2018-04-01,4
Fluoxetine,4,2.0,0.7374874955629417,0.0,n<min_cases,2018-04-01,4
Furanyl fentanyl,1,0.0,0.0,0.0,n<min_cases,2018-04-01,4
GHB,2,2.0,0.12291458259382362,0.0,n<min_cases,2018-04-01,4
Gabapentin,8,2.0,3.441608312627061,0.0,n<min_cases,2018-04-01,4
Haloperidol,1,0.0,0.0,0.0,n<min_cases,2018-04-01,4
Heroin,189,2530.0,2183.7004743618704,5.293416253933701,,2018-04-01,4
Hydrocodone,40,84.0,95.87337442318241,-0.8768081386052918,,2018-04-01,4
Hydromorphone,7,4.0,2.5812062344702955,0.0,n<min_cases,2018-04-01,4
Hydroxyzine,1,0.0,0.0,0.0,n<min_cases,2018-04-01,4
Isosorbide Mononitrate,1,0.0,0.0,0.0,n<min_cases,2018-04-01,4
Ketamine,2,0.0,0.12291458259382362,0.0,n<min_cases,2018-04-01,4
Lamotrigine,2,0.0,0.12291458259382362,0.0,n<min_cases,2018-04-01,4
Lorazepam,7,6.0,2.5812062344702955,0.0,n<min_cases,2018-04-01,4
MDA,1,0.0,0.0,0.0,n<min_cases,2018-04-01,4
MDMA,7,0.0,2.5812062344702955,0.0,n<min_cases,2018-04-01,4
Meperidine,1,0.0,0.0,0.0,n<min_cases,2018-04-01,4
Methadone,37,70.0,81.86111200748653,-0.9485182250872595,,2018-04-01,4
Methamphetamine,422,11438.0,10918.625286391945,0.0,case_fraction>max,2018-04-01,4
Methocarbamol,2,0.0,0.12291458259382362,0.0,n<min_cases,2018-04-01,4
Metoclopramide,1,0.0,0.0,0.0,n<min_cases,2018-04-01,4
Metoprolol,4,0.0,0.7374874955629417,0.0,n<min_cases,2018-04-01,4
Mirtazapine,2,0.0,0.12291458259382362,0.0,n<min_cases,2018-04-01,4
Mitragynine,2,2.0,0.12291458259382362,0.0,n<min_cases,2018-04-01,4
Morphine,99,604.0,596.2586401626384,0.22708943003221502,,2018-04-01,4
Nifedipine,1,0.0,0.0,0.0,n<min_cases,2018-04-01,4
Nitrous oxide,1,0.0,0.0,0.0,n<min_cases,2018-04-01,4
Nortriptyline,1,0.0,0.0,0.0,n<min_cases,2018-04-01,4
Olanzapine,4,2.0,0.7374874955629417,0.0,n<min_cases,2018-04-01,4
Oxazepam,1,0.0,0.0,0.0,n<min_cases,2018-04-01,4
Oxycodone,38,100.0,86.408951563458,1.057641946094642,,2018-04-01,4
Oxymorphone,1,0.0,0.0,0.0,n<min_cases,2018-04-01,4
PCP,12,10.0,8.112362451192357,0.4824090167098229,,2018-04-01,4
Paroxetine,1,0.0,0.0,0.0,n<min_cases,2018-04-01,4
Pentobarbital,8,6.0,3.441608312627061,0.0,n<min_cases,2018-04-01,4
Promethazine,1,0.0,0.0,0.0,n<min_cases,2018-04-01,4
Propofol,1,0.0,0.0,0.0,n<min_cases,2018-04-01,4
Propranolol,1,0.0,0.0,0.0,n<min_cases,2018-04-01,4
Quetiapine,13,8.0,9.58733744231824,-0.3730581502306668,,2018-04-01,4
Sertraline,2,0.0,0.12291458259382362,0.0,n<min_cases,2018-04-01,4
Tapentadol,1,0.0,0.0,0.0,n<min_cases,2018-04-01,4
Temazepam,4,0.0,0.7374874955629417,0.0,n<min_cases,2018-04-01,4
Terazosin,1,0.0,0.0,0.0,n<min_cases,2018-04-01,4
Tizanidine,1,0.0,0.0,0.0,n<min_cases,2018-04-01,4
Topiramate,2,0.0,0.12291458259382362,0.0,n<min_cases,2018-04-01,4
Tramadol,11,22.0,6.760302042660299,4.267551960451978,,2018-04-01,4
Trazodone,6,4.0,1.8437187389073542,0.0,n<min_cases,2018-04-01,4
U-47700,1,0.0,0.0,0.0,n<min_cases,2018-04-01,4
Venlafaxine,2,0.0,0.12291458259382362,0.0,n<min_cases,2018-04-01,4
Warfarin,1,0.0,0.0,0.0,n<min_cases,2018-04-01,4
Zolpidem,1,0.0,0.0,0.0,n<min_cases,2018-04-01,4
4-ANPP,1,0.0,0.0,0.0,n<min_cases,2018-07-01,4
Acetaminophen,1,0.0,0.0,0.0,n<min_cases,2018-07-01,4
Acetyl fentanyl,1,0.0,0.0,0.0,n<min_cases,2018-07-01,4
Alprazolam,32,84.0,61.43312454622645,2.0834060884677092,,2018-07-01,4
Amitriptyline,4,2.0,0.7431426356398362,0.0,n<min_cases,2018-07-01,4
Amphetamine,19,18.0,21.179565115735326,-0.5017628779627333,,2018-07-01,4
Anabasine,1,0.0,0.0,0.0,n<min_cases,2018-07-01,4
Baclofen,1,0.0,0.0,0.0,n<min_cases,2018-07-01,4
Buprenorphine,1,0.0,0.0,0.0,n<min_cases,2018-07-01,4
Bupropion,6,2.0,1.8578565890995902,0.0,n<min_cases,2018-07-01,4
Cannabis,5,0.0,1.2385710593997268,0.0,n<min_cases,2018-07-01,4
Carisoprodol,2,0.0,0.12385710593997268,0.0,n<min_cases,2018-07-01,4
Chlorcyclizine,1,0.0,0.0,0.0,n<min_cases,2018-07-01,4
Citalopram,9,6.0,4.458855813839016,0.0,n<min_cases,2018-07-01,4
Clonazepam,1,0.0,0.0,0.0,n<min_cases,2018-07-01,4
Clozapine,1,0.0,0.0,0.0,n<min_cases,2018-07-01,4
Cocaine,176,2640.0,1907.3994314755794,11.884541642854696,,2018-07-01,4
Codeine,13,10.0,9.66085426331787,0.07938621336499554,,2018-07-01,4
Cyclobenzaprine,5,0.0,1.2385710593997268,0.0,n<min_cases,2018-07-01,4
Cyclopropyl fentanyl,1,0.0,0.0,0.0,n<min_cases,2018-07-01,4
Delorazepam,1,0.0,0.0,0.0,n<min_cases,2018-07-01,4
Desvenlafaxine,1,0.0,0.0,0.0,n<min_cases,2018-07-01,4
Dextromethorphan,2,0.0,0.12385710593997268,0.0,n<min_cases,2018-07-01,4
Diazepam,9,4.0,4.458855813839016,0.0,n<min_cases,2018-07-01,4
Diclazepam,1,0.0,0.0,0.0,n<min_cases,2018-07-01,4
Diltiazem,2,2.0,0.12385710593997268,0.0,n<min_cases,2018-07-01,4
Diphenhydramine,12,4.0,8.174568992038198,-1.0626201525550574,,2018-07-01,4
Donepezil,1,0.0,0.0,0.0,n<min_cases,2018-07-01,4
Doxylamine,4,2.0,0.7431426356398362,0.0,n<min_cases,2018-07-01,4
Duloxetine,2,0.0,0.12385710593997268,0.0,n<min_cases,2018-07-01,4
Ethanol,167,1676.0,1716.7833454339614,-0.6975946092470896,,2018-07-01,4
Etizolam,2,0.0,0.12385710593997268,0.0,n<min_cases,2018-07-01,4
Fentanyl,185,2298.0,2108.047943098335,2.930580856680558,,2018-07-01,4
Fluoxetine,6,0.0,1.8578565890995902,0.0,n<min_cases,2018-07-01,4
Fluvoxamine,1,0.0,0.0,0.0,n<min_cases,2018-07-01,4
Furanyl fentanyl,1,0.0,0.0,0.0,n<min_cases,2018-07-01,4
GHB,2,2.0,0.12385710593997268,0.0,n<min_cases,2018-07-01,4
Gabapentin,10,2.0,5.57356976729877,-1.1023043037272109,,2018-07-01,4
Heroin,204,2814.0,2564.5852355930742,3.488713677085644,,2018-07-01,4
Hydrocodone,38,80.0,87.07154547580079,-0.5475111939489227,,2018-07-01,4
Hydromorphone,8,4.0,3.467998966319235,0.0,n<min_cases,2018-07-01,4
Hydroxyzine,4,0.0,0.7431426356398362,0.0,n<min_cases,2018-07-01,4
Ketamine,2,0.0,0.12385710593997268,0.0,n<min_cases,2018-07-01,4
Lamotrigine,2,0.0,0.12385710593997268,0.0,n<min_cases,2018-07-01,4
Lorazepam,5,0.0,1.2385710593997268,0.0,n<min_cases,2018-07-01,4
MDMA,10,10.0,5.57356976729877,1.365377875172423,,2018-07-01,4
Memantine,1,0.0,0.0,0.0,n<min_cases,2018-07-01,4
Methadone,35,66.0,73.69497803428375,-0.6481047846798097,,2018-07-01,4
Methamphetamine,467,14154.0,13477.015554434367,0.0,case_fraction>max,2018-07-01,4
Methocarbamol,2,0.0,0.12385710593997268,0.0,n<min_cases,2018-07-01,4
Metoclopramide,1,0.0,0.0,0.0,n<min_cases,2018-07-01,4
Metoprolol,3,0.0,0.3715713178199181,0.0,n<min_cases,2018-07-01,4
Mirtazapine,1,0.0,0.0,0.0,n<min_cases,2018-07-01,4
Mitragynine,3,2.0,0.3715713178199181,0.0,n<min_cases,2018-07-01,4
Morphine,106,678.0,689.2647945559479,-0.30581491247036735,,2018-07-01,4
Nifedipine,1,0.0,0.0,0.0,n<min_cases,2018-07-01,4
Nitrous oxide,1,0.0,0.0,0.0,n<min_cases,2018-07-01,4
Nortriptyline,1,0.0,0.0,0.0,n<min_cases,2018-07-01,4
Olanzapine,6,2.0,1.8578565890995902,0.0,n<min_cases,2018-07-01,4
Oxazepam,1,0.0,0.0,0.0,n<min_cases,2018-07-01,4
Oxycodone,35,90.0,73.69497803428375,1.3732804308483915,,2018-07-01,4
Oxymorphone,1,0.0,0.0,0.0,n<min_cases,2018-07-01,4
PCP,13,4.0,9.66085426331787,-1.3250757293083653,,2018-07-01,4
Paroxetine,2,0.0,0.12385710593997268,0.0,n<min_cases,2018-07-01,4
Pentobarbital,5,0.0,1.2385710593997268,0.0,n<min_cases,2018-07-01,4
Promethazine,1,0.0,0.0,0.0,n<min_cases,2018-07-01,4
Propranolol,1,0.0,0.0,0.0,n<min_cases,2018-07-01,4
Quetiapine,13,8.0,9.66085426331787,-0.3887677675261247,,2018-07-01,4
Sertraline,3,0.0,0.3715713178199181,0.0,n<min_cases,2018-07-01,4
Tapentadol,1,0.0,0.0,0.0,n<min_cases,2018-07-01,4
Temazepam,3,0.0,0.3715713178199181,0.0,n<min_cases,2018-07-01,4
Tizanidine,1,0.0,0.0,0.0,n<min_cases,2018-07-01,4
Topiramate,2,0.0,0.12385710593997268,0.0,n<min_cases,2018-07-01,4
Tramadol,10,16.0,5.57356976729877,3.216139509347148,,2018-07-01,4
Trazodone,6,4.0,1.8578565890995902,0.0,n<min_cases,2018-07-01,4
Valproic Acid,1,0.0,0.0,0.0,n<min_cases,2018-07-01,4
Venlafaxine,2,0.0,0.12385710593997268,0.0,n<min_cases,2018-07-01,4
Zolpidem,2,0.0,0.12385710593997268,0.0,n<min_cases,2018-07-01,4
"1,1-Difluoroethane",1,0.0,0.0,0.0,n<min_cases,2018-10-01,4
4-ANPP,1,0.0,0.0,0.0,n<min_cases,2018-10-01,4
Acetaminophen,1,0.0,0.0,0.0,n<min_cases,2018-10-01,4
Alprazolam,32,78.0,61.65814536340852,1.497995109788903,,2018-10-01,4
Amitriptyline,4,2.0,0.7458646616541353,0.0,n<min_cases,2018-10-01,4
Amphetamine,14,12.0,11.312280701754386,0.14840978494732934,,2018-10-01,4
Anabasine,1,0.0,0.0,0.0,n<min_cases,2018-10-01,4
Buprenorphine,1,0.0,0.0,0.0,n<min_cases,2018-10-01,4
Bupropion,4,2.0,0.7458646616541353,0.0,n<min_cases,2018-10-01,4
Buspirone,1,0.0,0.0,0.0,n<min_cases,2018-10-01,4
Cannabis,4,0.0,0.7458646616541353,0.0,n<min_cases,2018-10-01,4
Carisoprodol,4,2.0,0.7458646616541353,0.0,n<min_cases,2018-10-01,4
Chlorcyclizine,1,0.0,0.0,0.0,n<min_cases,2018-10-01,4
Chloroethane,1,0.0,0.0,0.0,n<min_cases,2018-10-01,4
Citalopram,6,2.0,1.8646616541353382,0.0,n<min_cases,2018-10-01,4
Clonazepam,2,0.0,0.12431077694235589,0.0,n<min_cases,2018-10-01,4
Clozapine,1,0.0,0.0,0.0,n<min_cases,2018-10-01,4
Cocaine,188,3034.0,2185.1348370927317,12.493107293801113,,2018-10-01,4
Codeine,13,6.0,9.69624060150376,-0.8619766552870406,,2018-10-01,4
Cyclobenzaprine,4,0.0,0.7458646616541353,0.0,n<min_cases,2018-10-01,4
Desvenlafaxine,1,0.0,0.0,0.0,n<min_cases,2018-10-01,4
Dextromethorphan,1,0.0,0.0,0.0,n<min_cases,2018-10-01,4
Diazepam,9,4.0,4.475187969924812,0.0,n<min_cases,2018-10-01,4
Diclazepam,1,0.0,0.0,0.0,n<min_cases,2018-10-01,4
Diltiazem,2,2.0,0.12431077694235589,0.0,n<min_cases,2018-10-01,4
Diphenhydramine,10,4.0,5.593984962406015,-0.490115224980066,,2018-10-01,4
Donepezil,1,0.0,0.0,0.0,n<min_cases,2018-10-01,4
Doxylamine,3,2.0,0.37293233082706767,0.0,n<min_cases,2018-10-01,4
Ethanol,181,1982.0,2025.0225563909776,-0.6584510670720229,,2018-10-01,4
Etizolam,1,0.0,0.0,0.0,n<min_cases,2018-10-01,4
Fentanyl,220,3594.0,2994.646616541353,7.505503943969149,,2018-10-01,4
Fluoxetine,8,0.0,3.480701754385965,0.0,n<min_cases,2018-10-01,4
Fluvoxamine,1,0.0,0.0,0.0,n<min_cases,2018-10-01,4
GHB,3,2.0,0.37293233082706767,0.0,n<min_cases,2018-10-01,4
Gabapentin,5,2.0,1.2431077694235588,0.0,n<min_cases,2018-10-01,4
Heroin,215,2968.0,2859.7694235588974,1.3876224612274366,,2018-10-01,4
Hydrocodone,31,52.0,57.804511278195484,-0.5497713347229987,,2018-10-01,4
Hydromorphone,9,6.0,4.475187969924812,0.0,n<min_cases,2018-10-01,4
Hydroxyzine,3,0.0,0.37293233082706767,0.0,n<min_cases,2018-10-01,4
Ketamine,1,0.0,0.0,0.0,n<min_cases,2018-10-01,4
Labetalol,1,0.0,0.0,0.0,n<min_cases,2018-10-01,4
Loperamide,1,0.0,0.0,0.0,n<min_cases,2018-10-01,4
Lorazepam,3,0.0,0.37293233082706767,0.0,n<min_cases,2018-10-01,4
MDMA,14,14.0,11.312280701754386,0.5800096697431338,,2018-10-01,4
Memantine,1,0.0,0.0,0.0,n<min_cases,2018-10-01,4
Methadone,37,90.0,82.79097744360902,0.5690340838551505,,2018-10-01,4
Methamphetamine,512,16978.0,16261.838596491229,0.0,case_fraction>max,2018-10-01,4
Methocarbamol,2,0.0,0.12431077694235589,0.0,n<min_cases,2018-10-01,4
Metoclopramide,1,0.0,0.0,0.0,n<min_cases,2018-10-01,4
Metoprolol,2,0.0,0.12431077694235589,0.0,n<min_cases,2018-10-01,4
Mirtazapine,3,2.0,0.37293233082706767,0.0,n<min_cases,2018-10-01,4
Mitragynine,3,0.0,0.37293233082706767,0.0,n<min_cases,2018-10-01,4
Morphine,119,868.0,872.7859649122807,-0.1130682182691996,,2018-10-01,4
Nifedipine,1,0.0,0.0,0.0,n<min_cases,2018-10-01,4
Nitrous oxide,2,0.0,0.12431077694235589,0.0,n<min_cases,2018-10-01,4
Nortriptyline,1,0.0,0.0,0.0,n<min_cases,2018-10-01,4
Olanzapine,5,0.0,1.2431077694235588,0.0,n<min_cases,2018-10-01,4
Oxazepam,1,0.0,0.0,0.0,n<min_cases,2018-10-01,4
Oxycodone,34,94.0,69.73834586466165,2.0893234581209494,,2018-10-01,4
Oxymorphone,3,0.0,0.37293233082706767,0.0,n<min_cases,2018-10-01,4
PCP,17,16.0,16.9062656641604,-0.15974688688831815,,2018-10-01,4
Paroxetine,2,0.0,0.12431077694235589,0.0,n<min_cases,2018-10-01,4
Pentobarbital,6,0.0,1.8646616541353382,0.0,n<min_cases,2018-10-01,4
Pseudoephedrine,1,0.0,0.0,0.0,n<min_cases,2018-10-01,4
Quetiapine,10,10.0,5.593984962406015,1.354752461501503,,2018-10-01,4
Sertraline,5,4.0,1.2431077694235588,0.0,n<min_cases,2018-10-01,4
Temazepam,2,0.0,0.12431077694235589,0.0,n<min_cases,2018-10-01,4
Tizanidine,1,0.0,0.0,0.0,n<min_cases,2018-10-01,4
Topiramate,1,0.0,0.0,0.0,n<min_cases,2018-10-01,4
Tramadol,10,26.0,5.593984962406015,6.274399625452354,,2018-10-01,4
Trazodone,8,6.0,3.480701754385965,0.0,n<min_cases,2018-10-01,4
Valproic Acid,1,0.0,0.0,0.0,n<min_cases,2018-10-01,4
Venlafaxine,2,0.0,0.12431077694235589,0.0,n<min_cases,2018-10-01,4
Zolpidem,6,2.0,1.8646616541353382,0.0,n<min_cases,2018-10-01,4
"1,1-Difluoroethane",1,0.0,0.0,0.0,n<min_cases,2019-01-01,4
4-ANPP,1,0.0,0.0,0.0,n<min_cases,2019-01-01,4
Alprazolam,38,122.0,87.18274357423695,2.674746455901072,,2019-01-01,4
Amitriptyline,4,2.0,0.7440916948014532,0.0,n<min_cases,2019-01-01,4
Amphetamine,12,8.0,8.185008642815987,-0.04696875318001957,,2019-01-01,4
Anabasine,1,0.0,0.0,0.0,n<min_cases,2019-01-01,4
Buprenorphine,1,0.0,0.0,0.0,n<min_cases,2019-01-01,4
Bupropion,5,2.0,1.240152824669089,0.0,n<min_cases,2019-01-01,4
Buspirone,1,0.0,0.0,0.0,n<min_cases,2019-01-01,4
Cannabis,3,0.0,0.3720458474007266,0.0,n<min_cases,2019-01-01,4
Carisoprodol,2,0.0,0.12401528246690888,0.0,n<min_cases,2019-01-01,4
Chlorcyclizine,1,0.0,0.0,0.0,n<min_cases,2019-01-01,4
Chlordiazepoxide,2,0.0,0.12401528246690888,0.0,n<min_cases,2019-01-01,4
Chloroethane,1,0.0,0.0,0.0,n<min_cases,2019-01-01,4
Chlorpromazine,1,0.0,0.0,0.0,n<min_cases,2019-01-01,4
Citalopram,8,2.0,3.472427909073449,0.0,n<min_cases,2019-01-01,4
Clonazepam,2,0.0,0.12401528246690888,0.0,n<min_cases,2019-01-01,4
Clozapine,1,0.0,0.0,0.0,n<min_cases,2019-01-01,4
Cocaine,201,3136.0,2492.707177584869,8.801030839865007,,2019-01-01,4
Codeine,11,4.0,6.820840535679989,-0.7848878726129722,,2019-01-01,4
Cyclobenzaprine,3,0.0,0.3720458474007266,0.0,n<min_cases,2019-01-01,4
Diazepam,9,8.0,4.46455016880872,0.0,n<min_cases,2019-01-01,4
Diclazepam,1,0.0,0.0,0.0,n<min_cases,2019-01-01,4
Diltiazem,1,0.0,0.0,0.0,n<min_cases,2019-01-01,4
Diphenhydramine,13,8.0,9.673192032418894,-0.39054132699805383,,2019-01-01,4
Donepezil,1,0.0,0.0,0.0,n<min_cases,2019-01-01,4
Doxepin,1,0.0,0.0,0.0,n<min_cases,2019-01-01,4
Doxylamine,2,0.0,0.12401528246690888,0.0,n<min_cases,2019-01-01,4
Duloxetine,1,0.0,0.0,0.0,n<min_cases,2019-01-01,4
Ethanol,189,2176.0,2203.2555083071034,-0.3974415920696449,,2019-01-01,4
Etizolam,1,0.0,0.0,0.0,n<min_cases,2019-01-01,4
Fentanyl,246,4268.0,3737.2005371402993,5.897225746474666,,2019-01-01,4
Fluoxetine,8,0.0,3.472427909073449,0.0,n<min_cases,2019-01-01,4
Fluvoxamine,2,0.0,0.12401528246690888,0.0,n<min_cases,2019-01-01,4
GHB,4,2.0,0.7440916948014532,0.0,n<min_cases,2019-01-01,4
Gabapentin,5,2.0,1.240152824669089,0.0,n<min_cases,2019-01-01,4
Heroin,232,3424.0,3323.1135089832906,1.1903471788195248,,2019-01-01,4
Hydrocodone,32,60.0,61.51158010358681,-0.13862817373957168,,2019-01-01,4
Hydromorphone,9,4.0,4.46455016880872,0.0,n<min_cases,2019-01-01,4
Hydroxychloroquine,1,0.0,0.0,0.0,n<min_cases,2019-01-01,4
Hydroxyzine,6,0.0,1.8602292370036333,0.0,n<min_cases,2019-01-01,4
Ketamine,1,0.0,0.0,0.0,n<min_cases,2019-01-01,4
Labetalol,1,0.0,0.0,0.0,n<min_cases,2019-01-01,4
Loperamide,1,0.0,0.0,0.0,n<min_cases,2019-01-01,4
Lorazepam,3,0.0,0.3720458474007266,0.0,n<min_cases,2019-01-01,4
MDMA,13,14.0,9.673192032418894,1.009924319853458,,2019-01-01,4
Memantine,1,0.0,0.0,0.0,n<min_cases,2019-01-01,4
Methadone,35,90.0,73.7890930678108,1.355526971041558,,2019-01-01,4
Methamphetamine,554,19982.0,18996.78498356357,0.0,case_fraction>max,2019-01-01,4
Metoclopramide,1,0.0,0.0,0.0,n<min_cases,2019-01-01,4
Metoprolol,2,0.0,0.12401528246690888,0.0,n<min_cases,2019-01-01,4
Mirtazapine,2,0.0,0.12401528246690888,0.0,n<min_cases,2019-01-01,4
Mitragynine,2,0.0,0.12401528246690888,0.0,n<min_cases,2019-01-01,4
Morphine,109,774.0,729.9539526002258,1.1380975811875345,,2019-01-01,4
Nifedipine,1,0.0,0.0,0.0,n<min_cases,2019-01-01,4
Nitrous oxide,1,0.0,0.0,0.0,n<min_cases,2019-01-01,4
Nortriptyline,1,0.0,0.0,0.0,n<min_cases,2019-01-01,4
Olanzapine,5,2.0,1.240152824669089,0.0,n<min_cases,2019-01-01,4
Oxazepam,1,0.0,0.0,0.0,n<min_cases,2019-01-01,4
Oxycodone,27,58.0,43.52936414588502,1.581309172430359,,2019-01-01,4
Oxymorphone,3,0.0,0.3720458474007266,0.0,n<min_cases,2019-01-01,4
PCP,17,22.0,16.86607841549961,0.9056827448172525,,2019-01-01,4
Paroxetine,2,0.0,0.12401528246690888,0.0,n<min_cases,2019-01-01,4
Pentobarbital,5,0.0,1.240152824669089,0.0,n<min_cases,2019-01-01,4
Prazosin,1,0.0,0.0,0.0,n<min_cases,2019-01-01,4
Pseudoephedrine,1,0.0,0.0,0.0,n<min_cases,2019-01-01,4
Quetiapine,12,16.0,8.185008642815987,1.9840175819496564,,2019-01-01,4
Sertraline,6,4.0,1.8602292370036333,0.0,n<min_cases,2019-01-01,4
Temazepam,2,0.0,0.12401528246690888,0.0,n<min_cases,2019-01-01,4
Tizanidine,1,0.0,0.0,0.0,n<min_cases,2019-01-01,4
Tramadol,11,22.0,6.820840535679989,4.2235418944485765,,2019-01-01,4
Trazodone,7,4.0,2.6043209318050864,0.0,n<min_cases,2019-01-01,4
Valproic Acid,1,0.0,0.0,0.0,n<min_cases,2019-01-01,4
Venlafaxine,2,0.0,0.12401528246690888,0.0,n<min_cases,2019-01-01,4
Zolpidem,9,6.0,4.46455016880872,0.0,n<min_cases,2019-01-01,4
"1,1-Difluoroethane",1,0.0,0.0,0.0,n<min_cases,2019-04-01,4
5F-MDMB-PICA,1,0.0,0.0,0.0,n<min_cases,2019-04-01,4
Acetyl fentanyl,1,0.0,0.0,0.0,n<min_cases,2019-04-01,4
Alprazolam,38,130.0,85.96567904429206,3.4035386385247945,,2019-04-01,4
Amitriptyline,3,0.0,0.3668521154094967,0.0,n<min_cases,2019-04-01,4
Amphetamine,11,8.0,6.725622115840773,0.3568892038631817,,2019-04-01,4
Atorvastatin,1,0.0,0.0,0.0,n<min_cases,2019-04-01,4
Buprenorphine,1,0.0,0.0,0.0,n<min_cases,2019-04-01,4
Bupropion,5,0.0,1.2228403846983225,0.0,n<min_cases,2019-04-01,4
Buspirone,1,0.0,0.0,0.0,n<min_cases,2019-04-01,4
Cannabis,3,0.0,0.3668521154094967,0.0,n<min_cases,2019-04-01,4
Carisoprodol,2,0.0,0.12228403846983224,0.0,n<min_cases,2019-04-01,4
Chlorcyclizine,1,0.0,0.0,0.0,n<min_cases,2019-04-01,4
Chlordiazepoxide,3,0.0,0.3668521154094967,0.0,n<min_cases,2019-04-01,4
Chloroethane,1,0.0,0.0,0.0,n<min_cases,2019-04-01,4
Chlorpromazine,1,0.0,0.0,0.0,n<min_cases,2019-04-01,4
Citalopram,8,2.0,3.4239530771553026,0.0,n<min_cases,2019-04-01,4
Clonazepam,3,0.0,0.3668521154094967,0.0,n<min_cases,2019-04-01,4
Clozapine,2,2.0,0.12228403846983224,0.0,n<min_cases,2019-04-01,4
Cocaine,214,3466.0,2786.9755207659464,8.7286139535104,,2019-04-01,4
Codeine,9,2.0,4.402225384913961,0.0,n<min_cases,2019-04-01,4
Cyclobenzaprine,1,0.0,0.0,0.0,n<min_cases,2019-04-01,4
Diazepam,6,6.0,1.8342605770474836,0.0,n<min_cases,2019-04-01,4
Diphenhydramine,12,8.0,8.070746539008928,-0.018076860368899987,,2019-04-01,4
Doxepin,1,0.0,0.0,0.0,n<min_cases,2019-04-01,4
Duloxetine,1,0.0,0.0,0.0,n<min_cases,2019-04-01,4
Ethanol,196,2330.0,2336.847975158494,-0.09644836070596209,,2019-04-01,4
Fentanyl,294,5768.0,5266.895820934144,4.644430416935467,,2019-04-01,4
Fluoxetine,9,2.0,4.402225384913961,0.0,n<min_cases,2019-04-01,4
Fluvoxamine,2,0.0,0.12228403846983224,0.0,n<min_cases,2019-04-01,4
GHB,3,0.0,0.3668521154094967,0.0,n<min_cases,2019-04-01,4
Gabapentin,3,0.0,0.3668521154094967,0.0,n<min_cases,2019-04-01,4
Heroin,243,3724.0,3595.5175831284773,1.4478884097240632,,2019-04-01,4
Hydrocodone,26,48.0,39.742312502695476,0.9441252531989688,,2019-04-01,4
Hydromorphone,7,0.0,2.5679648078664767,0.0,n<min_cases,2019-04-01,4
Hydroxychloroquine,1,0.0,0.0,0.0,n<min_cases,2019-04-01,4
Hydroxyzine,7,2.0,2.5679648078664767,0.0,n<min_cases,2019-04-01,4
Ketamine,1,0.0,0.0,0.0,n<min_cases,2019-04-01,4
Labetalol,1,0.0,0.0,0.0,n<min_cases,2019-04-01,4
Loperamide,1,0.0,0.0,0.0,n<min_cases,2019-04-01,4
Lorazepam,2,0.0,0.12228403846983224,0.0,n<min_cases,2019-04-01,4
MDMA,13,12.0,9.538155000646913,0.5783321849490404,,2019-04-01,4
Meloxicam,1,0.0,0.0,0.0,n<min_cases,2019-04-01,4
Memantine,1,0.0,0.0,0.0,n<min_cases,2019-04-01,4
Methadone,33,82.0,64.56597231207142,1.558555075779075,,2019-04-01,4
Methamphetamine,586,21920.0,20960.095613921596,0.0,case_fraction>max,2019-04-01,4
Metoprolol,1,0.0,0.0,0.0,n<min_cases,2019-04-01,4
Mirtazapine,3,2.0,0.3668521154094967,0.0,n<min_cases,2019-04-01,4
Mitragynine,2,0.0,0.12228403846983224,0.0,n<min_cases,2019-04-01,4
Morphine,114,852.0,787.6314917841894,1.5951301647477918,,2019-04-01,4
Nifedipine,1,0.0,0.0,0.0,n<min_cases,2019-04-01,4
Nitrous oxide,1,0.0,0.0,0.0,n<min_cases,2019-04-01,4
Nortriptyline,1,0.0,0.0,0.0,n<min_cases,2019-04-01,4
Olanzapine,9,4.0,4.402225384913961,0.0,n<min_cases,2019-04-01,4
Oxycodone,23,50.0,30.937861732867553,2.4738215546323037,,2019-04-01,4
Oxymorphone,2,0.0,0.12228403846983224,0.0,n<min_cases,2019-04-01,4
PCP,18,28.0,18.709457885884333,1.5543336693121026,,2019-04-01,4
Paroxetine,3,0.0,0.3668521154094967,0.0,n<min_cases,2019-04-01,4
Pentobarbital,3,0.0,0.3668521154094967,0.0,n<min_cases,2019-04-01,4
Prazosin,1,0.0,0.0,0.0,n<min_cases,2019-04-01,4
Pseudoephedrine,1,0.0,0.0,0.0,n<min_cases,2019-04-01,4
Quetiapine,11,8.0,6.725622115840773,0.3568892038631817,,2019-04-01,4
Rocuronium,1,0.0,0.0,0.0,n<min_cases,2019-04-01,4
Sertraline,5,2.0,1.2228403846983225,0.0,n<min_cases,2019-04-01,4
Temazepam,3,0.0,0.3668521154094967,0.0,n<min_cases,2019-04-01,4
Tramadol,8,2.0,3.4239530771553026,0.0,n<min_cases,2019-04-01,4
Trazodone,6,2.0,1.8342605770474836,0.0,n<min_cases,2019-04-01,4
Valproic Acid,1,0.0,0.0,0.0,n<min_cases,2019-04-01,4
Venlafaxine,2,0.0,0.12228403846983224,0.0,n<min_cases,2019-04-01,4
Ziprasidone,1,0.0,0.0,0.0,n<min_cases,2019-04-01,4
Zolpidem,10,8.0,5.50278173114245,0.7735608406163116,,2019-04-01,4
"1,1-Difluoroethane",1,0.0,0.0,0.0,n<min_cases,2019-07-01,4
5F-MDMB-PICA,1,0.0,0.0,0.0,n<min_cases,2019-07-01,4
Acetyl fentanyl,2,0.0,0.12507863065685842,0.0,n<min_cases,2019-07-01,4
Alprazolam,54,222.0,178.98752046996438,2.2908714909218717,,2019-07-01,4
Amitriptyline,2,0.0,0.12507863065685842,0.0,n<min_cases,2019-07-01,4
Amphetamine,10,8.0,5.628538379558629,0.7269989859031986,,2019-07-01,4
Atorvastatin,1,0.0,0.0,0.0,n<min_cases,2019-07-01,4
Benztropine,1,0.0,0.0,0.0,n<min_cases,2019-07-01,4
Bupropion,4,0.0,0.7504717839411504,0.0,n<min_cases,2019-07-01,4
Buspirone,1,0.0,0.0,0.0,n<min_cases,2019-07-01,4
Cannabis,1,0.0,0.0,0.0,n<min_cases,2019-07-01,4
Carisoprodol,3,0.0,0.3752358919705752,0.0,n<min_cases,2019-07-01,4
Chlorcyclizine,1,0.0,0.0,0.0,n<min_cases,2019-07-01,4
Chlordiazepoxide,3,0.0,0.3752358919705752,0.0,n<min_cases,2019-07-01,4
Chloroethane,1,0.0,0.0,0.0,n<min_cases,2019-07-01,4
Chlorpromazine,1,0.0,0.0,0.0,n<min_cases,2019-07-01,4
Citalopram,9,2.0,4.502830703646903,0.0,n<min_cases,2019-07-01,4
Clonazepam,6,2.0,1.8761794598528763,0.0,n<min_cases,2019-07-01,4
Clozapine,3,6.0,0.3752358919705752,0.0,n<min_cases,2019-07-01,4
Cocaine,233,4176.0,3380.625229393569,9.266806598586953,,2019-07-01,4
Codeine,8,2.0,3.502201658392036,0.0,n<min_cases,2019-07-01,4
Cyclobenzaprine,2,0.0,0.12507863065685842,0.0,n<min_cases,2019-07-01,4
Dextromethorphan,1,0.0,0.0,0.0,n<min_cases,2019-07-01,4
Diazepam,10,6.0,5.628538379558629,0.11387585573178038,,2019-07-01,4
Diphenhydramine,9,2.0,4.502830703646903,0.0,n<min_cases,2019-07-01,4
Dipyrone,1,0.0,0.0,0.0,n<min_cases,2019-07-01,4
Doxepin,2,0.0,0.12507863065685842,0.0,n<min_cases,2019-07-01,4
Doxylamine,2,0.0,0.12507863065685842,0.0,n<min_cases,2019-07-01,4
Duloxetine,2,0.0,0.12507863065685842,0.0,n<min_cases,2019-07-01,4
Ephedrine,1,0.0,0.0,0.0,n<min_cases,2019-07-01,4
Ethanol,217,2996.0,2931.3427880741338,0.8111118577100115,,2019-07-01,4
Etizolam,2,0.0,0.12507863065685842,0.0,n<min_cases,2019-07-01,4
Fentanyl,364,8478.0,8263.444812976008,0.0,case_fraction>max,2019-07-01,4
Flualprazolam,1,0.0,0.0,0.0,n<min_cases,2019-07-01,4
Flubromazolam,1,0.0,0.0,0.0,n<min_cases,2019-07-01,4
Fluoxetine,9,0.0,4.502830703646903,0.0,n<min_cases,2019-07-01,4
Fluvoxamine,1,0.0,0.0,0.0,n<min_cases,2019-07-01,4
GHB,3,2.0,0.3752358919705752,0.0,n<min_cases,2019-07-01,4
Gabapentin,3,0.0,0.3752358919705752,0.0,n<min_cases,2019-07-01,4
Heroin,252,3968.0,3955.736773153804,0.1317305520684785,,2019-07-01,4
Hydrocodone,24,46.0,34.52170206129293,1.411049943756146,,2019-07-01,4
Hydromorphone,6,0.0,1.8761794598528763,0.0,n<min_cases,2019-07-01,4
Hydroxychloroquine,2,0.0,0.12507863065685842,0.0,n<min_cases,2019-07-01,4
Hydroxyzine,6,2.0,1.8761794598528763,0.0,n<min_cases,2019-07-01,4
Isopropanol,1,0.0,0.0,0.0,n<min_cases,2019-07-01,4
Ketamine,3,2.0,0.3752358919705752,0.0,n<min_cases,2019-07-01,4
Labetalol,1,0.0,0.0,0.0,n<min_cases,2019-07-01,4
Loperamide,1,0.0,0.0,0.0,n<min_cases,2019-07-01,4
Lorazepam,3,0.0,0.3752358919705752,0.0,n<min_cases,2019-07-01,4
MDMA,11,6.0,6.879324686127212,-0.24370907465053057,,2019-07-01,4
Meloxicam,1,0.0,0.0,0.0,n<min_cases,2019-07-01,4
Methadone,33,88.0,66.04151698682124,1.9433916103983586,,2019-07-01,4
Methamphetamine,586,22006.0,21439.102687738818,0.0,case_fraction>max,2019-07-01,4
Metoprolol,1,0.0,0.0,0.0,n<min_cases,2019-07-01,4
Mirtazapine,3,0.0,0.3752358919705752,0.0,n<min_cases,2019-07-01,4
Mitragynine,1,0.0,0.0,0.0,n<min_cases,2019-07-01,4
Morphine,97,646.0,582.3661043383328,1.8478567357805207,,2019-07-01,4
Nifedipine,1,0.0,0.0,0.0,n<min_cases,2019-07-01,4
Nitrous oxide,1,0.0,0.0,0.0,n<min_cases,2019-07-01,4
Norfluoxetine,1,0.0,0.0,0.0,n<min_cases,2019-07-01,4
Olanzapine,8,4.0,3.502201658392036,0.0,n<min_cases,2019-07-01,4
Oxycodone,28,60.0,47.279722388292484,1.3336506492812694,,2019-07-01,4
Oxymorphone,3,0.0,0.3752358919705752,0.0,n<min_cases,2019-07-01,4
PCP,14,28.0,11.382155389774116,3.5752171338701726,,2019-07-01,4
Paroxetine,3,0.0,0.3752358919705752,0.0,n<min_cases,2019-07-01,4
Pentobarbital,5,0.0,1.2507863065685842,0.0,n<min_cases,2019-07-01,4
Prazosin,1,0.0,0.0,0.0,n<min_cases,2019-07-01,4
Promethazine,1,0.0,0.0,0.0,n<min_cases,2019-07-01,4
Propranolol,1,0.0,0.0,0.0,n<min_cases,2019-07-01,4
Pseudoephedrine,1,0.0,0.0,0.0,n<min_cases,2019-07-01,4
Quetiapine,12,6.0,8.255189623352654,-0.5702897442560743,,2019-07-01,4
Risperidone,1,0.0,0.0,0.0,n<min_cases,2019-07-01,4
Rocuronium,1,0.0,0.0,0.0,n<min_cases,2019-07-01,4
Sertraline,6,2.0,1.8761794598528763,0.0,n<min_cases,2019-07-01,4
Temazepam,3,2.0,0.3752358919705752,0.0,n<min_cases,2019-07-01,4
Tramadol,8,2.0,3.502201658392036,0.0,n<min_cases,2019-07-01,4
Trazodone,7,6.0,2.6266512437940266,0.0,n<min_cases,2019-07-01,4
Venlafaxine,2,0.0,0.12507863065685842,0.0,n<min_cases,2019-07-01,4
Ziprasidone,1,0.0,0.0,0.0,n<min_cases,2019-07-01,4
Zolpidem,9,8.0,4.502830703646903,0.0,n<min_cases,2019-07-01,4
5F-MDMB-PICA,1,0.0,0.0,0.0,n<min_cases,2019-10-01,4
Acetaminophen,1,0.0,0.0,0.0,n<min_cases,2019-10-01,4
Acetyl fentanyl,2,0.0,0.12274939475784977,0.0,n<min_cases,2019-10-01,4
Alprazolam,63,286.0,239.72956796208058,2.1181027199542046,,2019-10-01,4
Amitriptyline,2,0.0,0.12274939475784977,0.0,n<min_cases,2019-10-01,4
Amlodipine,1,0.0,0.0,0.0,n<min_cases,2019-10-01,4
Amphetamine,13,8.0,9.57445279111228,-0.369224889449578,,2019-10-01,4
Atorvastatin,1,0.0,0.0,0.0,n<min_cases,2019-10-01,4
Baclofen,2,0.0,0.12274939475784977,0.0,n<min_cases,2019-10-01,4
Benztropine,2,0.0,0.12274939475784977,0.0,n<min_cases,2019-10-01,4
Bupropion,6,0.0,1.8412409213677463,0.0,n<min_cases,2019-10-01,4
Cannabis,2,0.0,0.12274939475784977,0.0,n<min_cases,2019-10-01,4
Carisoprodol,1,0.0,0.0,0.0,n<min_cases,2019-10-01,4
Chlorcyclizine,1,0.0,0.0,0.0,n<min_cases,2019-10-01,4
Chlordiazepoxide,4,0.0,0.7364963685470985,0.0,n<min_cases,2019-10-01,4
Chlorpromazine,1,0.0,0.0,0.0,n<min_cases,2019-10-01,4
Citalopram,7,2.0,2.577737289914845,0.0,n<min_cases,2019-10-01,4
Clonazepam,10,6.0,5.52372276410324,0.1472785034516094,,2019-10-01,4
Clonidine,1,0.0,0.0,0.0,n<min_cases,2019-10-01,4
Clozapine,5,6.0,1.2274939475784976,0.0,n<min_cases,2019-10-01,4
Cocaine,249,4752.0,3790.0103125433693,10.502993784625652,,2019-10-01,4
Codeine,7,2.0,2.577737289914845,0.0,n<min_cases,2019-10-01,4
Cyclobenzaprine,3,0.0,0.3682481842735493,0.0,n<min_cases,2019-10-01,4
Dextromethorphan,2,0.0,0.12274939475784977,0.0,n<min_cases,2019-10-01,4
Diazepam,16,16.0,14.72992737094197,0.2397601417930088,,2019-10-01,4
Diphenhydramine,11,8.0,6.751216711681737,0.3491121455887255,,2019-10-01,4
Dipyrone,1,0.0,0.0,0.0,n<min_cases,2019-10-01,4
Doxepin,2,0.0,0.12274939475784977,0.0,n<min_cases,2019-10-01,4
Doxylamine,4,2.0,0.7364963685470985,0.0,n<min_cases,2019-10-01,4
Duloxetine,2,0.0,0.12274939475784977,0.0,n<min_cases,2019-10-01,4
Ephedrine,1,0.0,0.0,0.0,n<min_cases,2019-10-01,4
Ethanol,220,2954.0,2957.0329197166006,-0.03768085684584449,,2019-10-01,4
Etizolam,7,2.0,2.577737289914845,0.0,n<min_cases,2019-10-01,4
Fentanyl,424,11144.0,11007.674724304936,0.0,case_fraction>max,2019-10-01,4
Flualprazolam,2,0.0,0.12274939475784977,0.0,n<min_cases,2019-10-01,4
Flubromazolam,1,0.0,0.0,0.0,n<min_cases,2019-10-01,4
Fluoxetine,7,0.0,2.577737289914845,0.0,n<min_cases,2019-10-01,4
Fluvoxamine,2,0.0,0.12274939475784977,0.0,n<min_cases,2019-10-01,4
GHB,3,2.0,0.3682481842735493,0.0,n<min_cases,2019-10-01,4
Gabapentin,5,0.0,1.2274939475784976,0.0,n<min_cases,2019-10-01,4
Heroin,261,4208.0,4164.886964133842,0.4482129537870166,,2019-10-01,4
Hydrocodone,31,74.0,57.07846856240013,1.6107052830446749,,2019-10-01,4
Hydromorphone,6,2.0,1.8412409213677463,0.0,n<min_cases,2019-10-01,4
Hydroxychloroquine,3,0.0,0.3682481842735493,0.0,n<min_cases,2019-10-01,4
Hydroxyzine,6,0.0,1.8412409213677463,0.0,n<min_cases,2019-10-01,4
Ibuprofen,1,0.0,0.0,0.0,n<min_cases,2019-10-01,4
Isopropanol,1,0.0,0.0,0.0,n<min_cases,2019-10-01,4
Ketamine,4,2.0,0.7364963685470985,0.0,n<min_cases,2019-10-01,4
Lorazepam,6,2.0,1.8412409213677463,0.0,n<min_cases,2019-10-01,4
MDMA,9,6.0,4.4189782112825915,0.0,n<min_cases,2019-10-01,4
Meloxicam,1,0.0,0.0,0.0,n<min_cases,2019-10-01,4
Methadone,27,42.0,43.08503756000527,-0.1191075003107754,,2019-10-01,4
Methamphetamine,615,23810.0,23175.699477255825,0.0,case_fraction>max,2019-10-01,4
Metoprolol,1,0.0,0.0,0.0,n<min_cases,2019-10-01,4
Mirtazapine,1,0.0,0.0,0.0,n<min_cases,2019-10-01,4
Mitragynine,2,0.0,0.12274939475784977,0.0,n<min_cases,2019-10-01,4
Morphine,81,416.0,397.70803901543326,0.6453145139364351,,2019-10-01,4
Nifedipine,1,0.0,0.0,0.0,n<min_cases,2019-10-01,4
Norfluoxetine,1,0.0,0.0,0.0,n<min_cases,2019-10-01,4
Olanzapine,8,2.0,3.4369830532197936,0.0,n<min_cases,2019-10-01,4
Oxycodone,27,42.0,43.08503756000527,-0.1191075003107754,,2019-10-01,4
Oxymorphone,1,0.0,0.0,0.0,n<min_cases,2019-10-01,4
PCP,17,32.0,16.693917687067568,2.7127647173734575,,2019-10-01,4
Paroxetine,3,0.0,0.3682481842735493,0.0,n<min_cases,2019-10-01,4
Pentobarbital,3,0.0,0.3682481842735493,0.0,n<min_cases,2019-10-01,4
Perphenazine,1,0.0,0.0,0.0,n<min_cases,2019-10-01,4
Prazosin,1,0.0,0.0,0.0,n<min_cases,2019-10-01,4
Pregabalin,1,0.0,0.0,0.0,n<min_cases,2019-10-01,4
Promethazine,1,0.0,0.0,0.0,n<min_cases,2019-10-01,4
Propranolol,1,0.0,0.0,0.0,n<min_cases,2019-10-01,4
Pseudoephedrine,1,0.0,0.0,0.0,n<min_cases,2019-10-01,4
Quetiapine,15,10.0,12.888686449574225,-0.5832666692429725,,2019-10-01,4
Risperidone,2,0.0,0.12274939475784977,0.0,n<min_cases,2019-10-01,4
Rocuronium,1,0.0,0.0,0.0,n<min_cases,2019-10-01,4
Sertraline,6,2.0,1.8412409213677463,0.0,n<min_cases,2019-10-01,4
Temazepam,3,0.0,0.3682481842735493,0.0,n<min_cases,2019-10-01,4
Tramadol,9,6.0,4.4189782112825915,0.0,n<min_cases,2019-10-01,4
Trazodone,8,8.0,3.4369830532197936,0.0,n<min_cases,2019-10-01,4
Venlafaxine,2,0.0,0.12274939475784977,0.0,n<min_cases,2019-10-01,4
Ziprasidone,1,0.0,0.0,0.0,n<min_cases,2019-10-01,4
Zolpidem,5,2.0,1.2274939475784976,0.0,n<min_cases,2019-10-01,4
"1,1-Difluoroethane",1,0.0,0.0,0.0,n<min_cases,2020-01-01,4
5F-MDMB-PICA,1,0.0,0.0,0.0,n<min_cases,2020-01-01,4
Acetaminophen,1,0.0,0.0,0.0,n<min_cases,2020-01-01,4
Acetyl fentanyl,9,10.0,4.392997063776137,0.0,n<min_cases,2020-01-01,4
Alprazolam,79,396.0,375.9673320415077,0.7258576229947116,,2020-01-01,4
Amitriptyline,3,2.0,0.36608308864801137,0.0,n<min_cases,2020-01-01,4
Amlodipine,1,0.0,0.0,0.0,n<min_cases,2020-01-01,4
Amphetamine,12,0.0,8.053827950256249,-2.0595279655137793,,2020-01-01,4
Atorvastatin,1,0.0,0.0,0.0,n<min_cases,2020-01-01,4
Baclofen,2,0.0,0.12202769621600378,0.0,n<min_cases,2020-01-01,4
Benztropine,2,0.0,0.12202769621600378,0.0,n<min_cases,2020-01-01,4
Bupropion,4,0.0,0.7321661772960227,0.0,n<min_cases,2020-01-01,4
Cannabis,1,0.0,0.0,0.0,n<min_cases,2020-01-01,4
Carisoprodol,1,0.0,0.0,0.0,n<min_cases,2020-01-01,4
Chlorcyclizine,1,0.0,0.0,0.0,n<min_cases,2020-01-01,4
Chlordiazepoxide,5,0.0,1.2202769621600378,0.0,n<min_cases,2020-01-01,4
Citalopram,6,2.0,1.8304154432400566,0.0,n<min_cases,2020-01-01,4
Clonazepam,16,14.0,14.643323545920452,-0.12174264333259859,,2020-01-01,4
Clonidine,1,0.0,0.0,0.0,n<min_cases,2020-01-01,4
Clozapine,5,2.0,1.2202769621600378,0.0,n<min_cases,2020-01-01,4
Cocaine,296,6594.0,5327.729216790724,11.452837136427078,,2020-01-01,4
Codeine,8,2.0,3.416775494048106,0.0,n<min_cases,2020-01-01,4
Cyclobenzaprine,5,0.0,1.2202769621600378,0.0,n<min_cases,2020-01-01,4
Dextromethorphan,2,0.0,0.12202769621600378,0.0,n<min_cases,2020-01-01,4
Diazepam,19,22.0,20.866736052936645,0.17936802734903956,,2020-01-01,4
Diphenhydramine,10,18.0,5.491246329720171,3.8780777382953615,,2020-01-01,4
Dipyrone,1,0.0,0.0,0.0,n<min_cases,2020-01-01,4
Doxepin,3,0.0,0.36608308864801137,0.0,n<min_cases,2020-01-01,4
Doxylamine,4,2.0,0.7321661772960227,0.0,n<min_cases,2020-01-01,4
Duloxetine,1,0.0,0.0,0.0,n<min_cases,2020-01-01,4
Ephedrine,1,0.0,0.0,0.0,n<min_cases,2020-01-01,4
Ethanol,236,3520.0,3383.828016069785,1.5633343912456408,,2020-01-01,4
Ethylene Glycol,1,0.0,0.0,0.0,n<min_cases,2020-01-01,4
Etizolam,12,4.0,8.053827950256249,-1.0366464347762119,,2020-01-01,4
Fentanyl,554,19372.0,18692.324534063675,0.0,case_fraction>max,2020-01-01,4
Flualprazolam,4,0.0,0.7321661772960227,0.0,n<min_cases,2020-01-01,4
Flubromazolam,1,0.0,0.0,0.0,n<min_cases,2020-01-01,4
Fluoxetine,6,0.0,1.8304154432400566,0.0,n<min_cases,2020-01-01,4
Fluvoxamine,1,0.0,0.0,0.0,n<min_cases,2020-01-01,4
GHB,2,0.0,0.12202769621600378,0.0,n<min_cases,2020-01-01,4
Gabapentin,4,0.0,0.7321661772960227,0.0,n<min_cases,2020-01-01,4
Heroin,277,4900.0,4664.63071555296,2.2824447577401323,,2020-01-01,4
Hydrocodone,28,42.0,46.12646916964943,-0.43723048570465306,,2020-01-01,4
Hydromorphone,6,2.0,1.8304154432400566,0.0,n<min_cases,2020-01-01,4
Hydroxychloroquine,2,0.0,0.12202769621600378,0.0,n<min_cases,2020-01-01,4
Hydroxyzine,4,0.0,0.7321661772960227,0.0,n<min_cases,2020-01-01,4
Ibuprofen,1,0.0,0.0,0.0,n<min_cases,2020-01-01,4
Isopropanol,1,0.0,0.0,0.0,n<min_cases,2020-01-01,4
Ketamine,4,2.0,0.7321661772960227,0.0,n<min_cases,2020-01-01,4
Lorazepam,8,2.0,3.416775494048106,0.0,n<min_cases,2020-01-01,4
MDMA,15,16.0,12.812908102680396,0.645113337470877,,2020-01-01,4
Meloxicam,1,0.0,0.0,0.0,n<min_cases,2020-01-01,4
Methadone,31,64.0,56.74287874044176,0.6922311548132204,,2020-01-01,4
Methamphetamine,705,30906.0,30282.3930929635,0.0,case_fraction>max,2020-01-01,4
Mirtazapine,2,0.0,0.12202769621600378,0.0,n<min_cases,2020-01-01,4
Mitragynine,3,0.0,0.36608308864801137,0.0,n<min_cases,2020-01-01,4
Morphine,78,344.0,366.44917173665937,-0.8242676253460702,,2020-01-01,4
Nitrous oxide,1,0.0,0.0,0.0,n<min_cases,2020-01-01,4
Norfluoxetine,1,0.0,0.0,0.0,n<min_cases,2020-01-01,4
Olanzapine,6,0.0,1.8304154432400566,0.0,n<min_cases,2020-01-01,4
Oxycodone,39,102.0,90.42252289605881,0.8713220999685584,,2020-01-01,4
Oxymorphone,1,0.0,0.0,0.0,n<min_cases,2020-01-01,4
PCP,21,54.0,25.625816205360792,4.048259488469605,,2020-01-01,4
Paroxetine,3,0.0,0.36608308864801137,0.0,n<min_cases,2020-01-01,4
Pentobarbital,4,0.0,0.7321661772960227,0.0,n<min_cases,2020-01-01,4
Perphenazine,2,0.0,0.12202769621600378,0.0,n<min_cases,2020-01-01,4
Pregabalin,1,0.0,0.0,0.0,n<min_cases,2020-01-01,4
Promethazine,3,0.0,0.36608308864801137,0.0,n<min_cases,2020-01-01,4
Propranolol,1,0.0,0.0,0.0,n<min_cases,2020-01-01,4
Pseudoephedrine,1,0.0,0.0,0.0,n<min_cases,2020-01-01,4
Quetiapine,14,10.0,11.104520355656344,-0.24028246172657297,,2020-01-01,4
Risperidone,2,0.0,0.12202769621600378,0.0,n<min_cases,2020-01-01,4
Rocuronium,1,0.0,0.0,0.0,n<min_cases,2020-01-01,4
Sertraline,8,4.0,3.416775494048106,0.0,n<min_cases,2020-01-01,4
Tapentadol,1,0.0,0.0,0.0,n<min_cases,2020-01-01,4
Temazepam,3,0.0,0.36608308864801137,0.0,n<min_cases,2020-01-01,4
Tizanidine,1,0.0,0.0,0.0,n<min_cases,2020-01-01,4
Tramadol,6,2.0,1.8304154432400566,0.0,n<min_cases,2020-01-01,4
Trazodone,8,10.0,3.416775494048106,0.0,n<min_cases,2020-01-01,4
Venlafaxine,3,0.0,0.36608308864801137,0.0,n<min_cases,2020-01-01,4
Ziprasidone,1,0.0,0.0,0.0,n<min_cases,2020-01-01,4
Zolpidem,5,0.0,1.2202769621600378,0.0,n<min_cases,2020-01-01,4
"1,1-Difluoroethane",1,0.0,0.0,0.0,n<min_cases,2020-04-01,4
Acetaminophen,1,0.0,0.0,0.0,n<min_cases,2020-04-01,4
Acetyl fentanyl,9,8.0,4.395570534424651,0.0,n<min_cases,2020-04-01,4
Alprazolam,93,520.0,522.3402985074628,-0.0710232751851259,,2020-04-01,4
Amitriptyline,3,0.0,0.3662975445353876,0.0,n<min_cases,2020-04-01,4
Amlodipine,1,0.0,0.0,0.0,n<min_cases,2020-04-01,4
Amphetamine,11,2.0,6.715454983148772,-1.320346271699612,,2020-04-01,4
Baclofen,2,0.0,0.12209918151179586,0.0,n<min_cases,2020-04-01,4
Benztropine,2,0.0,0.12209918151179586,0.0,n<min_cases,2020-04-01,4
Bupropion,3,0.0,0.3662975445353876,0.0,n<min_cases,2020-04-01,4
Butalbital,1,0.0,0.0,0.0,n<min_cases,2020-04-01,4
Cannabis,2,2.0,0.12209918151179586,0.0,n<min_cases,2020-04-01,4
Carisoprodol,2,0.0,0.12209918151179586,0.0,n<min_cases,2020-04-01,4
Chlordiazepoxide,5,0.0,1.2209918151179586,0.0,n<min_cases,2020-04-01,4
Citalopram,10,2.0,5.494463168030814,-1.0824055690787897,,2020-04-01,4
Clonazepam,20,24.0,23.19884448724121,0.12003006285597644,,2020-04-01,4
Clonidine,1,0.0,0.0,0.0,n<min_cases,2020-04-01,4
Clozapine,5,2.0,1.2209918151179586,0.0,n<min_cases,2020-04-01,4
Cocaine,351,8994.0,7499.94222436206,11.002903006499375,,2020-04-01,4
Codeine,9,4.0,4.395570534424651,0.0,n<min_cases,2020-04-01,4
Cyclobenzaprine,7,0.0,2.564082811747713,0.0,n<min_cases,2020-04-01,4
Desloratadine,1,0.0,0.0,0.0,n<min_cases,2020-04-01,4
Dextromethorphan,3,0.0,0.3662975445353876,0.0,n<min_cases,2020-04-01,4
Diazepam,21,24.0,25.640828117477128,-0.2336906174776587,,2020-04-01,4
Diphenhydramine,15,20.0,12.820414058738564,1.4513681272153491,,2020-04-01,4
Dipyrone,1,0.0,0.0,0.0,n<min_cases,2020-04-01,4
Doxepin,3,0.0,0.3662975445353876,0.0,n<min_cases,2020-04-01,4
Doxylamine,4,2.0,0.7325950890707752,0.0,n<min_cases,2020-04-01,4
Duloxetine,2,0.0,0.12209918151179586,0.0,n<min_cases,2020-04-01,4
Ephedrine,2,0.0,0.12209918151179586,0.0,n<min_cases,2020-04-01,4
Ethanol,267,4498.0,4335.864034665383,1.6009373592013028,,2020-04-01,4
Ethylene Glycol,1,0.0,0.0,0.0,n<min_cases,2020-04-01,4
Etizolam,21,20.0,25.640828117477128,-0.8033800687700273,,2020-04-01,4
Fentanyl,714,31794.0,31079.247761194027,0.0,case_fraction>max,2020-04-01,4
Flualprazolam,13,14.0,9.523736157920077,1.0511772717232895,,2020-04-01,4
Flubromazolam,1,0.0,0.0,0.0,n<min_cases,2020-04-01,4
Fluoxetine,5,0.0,1.2209918151179586,0.0,n<min_cases,2020-04-01,4
Fluvoxamine,1,0.0,0.0,0.0,n<min_cases,2020-04-01,4
GHB,2,0.0,0.12209918151179586,0.0,n<min_cases,2020-04-01,4
Gabapentin,9,2.0,4.395570534424651,0.0,n<min_cases,2020-04-01,4
Heroin,290,5430.0,5116.566201251805,2.8320377647510955,,2020-04-01,4
Hydrocodone,34,64.0,68.49764082811748,-0.38891436688681374,,2020-04-01,4
Hydromorphone,6,2.0,1.831487722676938,0.0,n<min_cases,2020-04-01,4
Hydroxychloroquine,2,0.0,0.12209918151179586,0.0,n<min_cases,2020-04-01,4
Hydroxyzine,4,0.0,0.7325950890707752,0.0,n<min_cases,2020-04-01,4
Ibuprofen,1,0.0,0.0,0.0,n<min_cases,2020-04-01,4
Isopropanol,1,0.0,0.0,0.0,n<min_cases,2020-04-01,4
Ketamine,3,0.0,0.3662975445353876,0.0,n<min_cases,2020-04-01,4
Lamotrigine,4,0.0,0.7325950890707752,0.0,n<min_cases,2020-04-01,4
Lorazepam,10,4.0,5.494463168030814,-0.46290808575648434,,2020-04-01,4
MDA,1,0.0,0.0,0.0,n<min_cases,2020-04-01,4
MDMA,23,22.0,30.891092922484354,-1.1522872151003465,,2020-04-01,4
Methadone,34,78.0,68.49764082811748,0.8216761058731799,,2020-04-01,4
Methamphetamine,822,42586.0,41200.048916706786,0.0,case_fraction>max,2020-04-01,4
Mirtazapine,1,0.0,0.0,0.0,n<min_cases,2020-04-01,4
Mitragynine,5,0.0,1.2209918151179586,0.0,n<min_cases,2020-04-01,4
Morphine,65,236.0,253.9662975445354,-0.7931017845342192,,2020-04-01,4
Nitrous oxide,1,0.0,0.0,0.0,n<min_cases,2020-04-01,4
Norfluoxetine,1,0.0,0.0,0.0,n<min_cases,2020-04-01,4
Olanzapine,4,2.0,0.7325950890707752,0.0,n<min_cases,2020-04-01,4
Oxycodone,46,124.0,126.37265286470873,-0.15001970393767947,,2020-04-01,4
Oxymorphone,1,0.0,0.0,0.0,n<min_cases,2020-04-01,4
PCP,28,84.0,46.153490611458835,4.000871000626468,,2020-04-01,4
Paroxetine,1,0.0,0.0,0.0,n<min_cases,2020-04-01,4
Pentobarbital,4,0.0,0.7325950890707752,0.0,n<min_cases,2020-04-01,4
Perphenazine,2,0.0,0.12209918151179586,0.0,n<min_cases,2020-04-01,4
Pregabalin,1,0.0,0.0,0.0,n<min_cases,2020-04-01,4
Promethazine,4,0.0,0.7325950890707752,0.0,n<min_cases,2020-04-01,4
Propranolol,2,0.0,0.12209918151179586,0.0,n<min_cases,2020-04-01,4
Pseudoephedrine,2,0.0,0.12209918151179586,0.0,n<min_cases,2020-04-01,4
Quetiapine,15,12.0,12.820414058738564,-0.16584839651119568,,2020-04-01,4
Risperidone,2,0.0,0.12209918151179586,0.0,n<min_cases,2020-04-01,4
Sertraline,8,4.0,3.418777082330284,0.0,n<min_cases,2020-04-01,4
Tapentadol,1,0.0,0.0,0.0,n<min_cases,2020-04-01,4
Temazepam,4,0.0,0.7325950890707752,0.0,n<min_cases,2020-04-01,4
Tianeptine,1,0.0,0.0,0.0,n<min_cases,2020-04-01,4
Tizanidine,1,0.0,0.0,0.0,n<min_cases,2020-04-01,4
Tramadol,8,2.0,3.418777082330284,0.0,n<min_cases,2020-04-01,4
Trazodone,9,10.0,4.395570534424651,0.0,n<min_cases,2020-04-01,4
Venlafaxine,3,0.0,0.3662975445353876,0.0,n<min_cases,2020-04-01,4
Zolpidem,3,0.0,0.3662975445353876,0.0,n<min_cases,2020-04-01,4
"1,1-Difluoroethane",1,0.0,0.0,0.0,n<min_cases,2020-07-01,4
Acetaminophen,1,0.0,0.0,0.0,n<min_cases,2020-07-01,4
Acetyl fentanyl,8,6.0,3.4316038019009505,0.0,n<min_cases,2020-07-01,4
Alprazolam,104,714.0,656.4167843921961,1.5265436278160798,,2020-07-01,4
Amitriptyline,8,4.0,3.4316038019009505,0.0,n<min_cases,2020-07-01,4
Amlodipine,1,0.0,0.0,0.0,n<min_cases,2020-07-01,4
Amphetamine,11,6.0,6.740650325162581,-0.2067028662529308,,2020-07-01,4
Aripiprazole,1,0.0,0.0,0.0,n<min_cases,2020-07-01,4
Baclofen,2,0.0,0.12255727863931966,0.0,n<min_cases,2020-07-01,4
Benztropine,1,0.0,0.0,0.0,n<min_cases,2020-07-01,4
Bupropion,4,0.0,0.735343671835918,0.0,n<min_cases,2020-07-01,4
Butalbital,1,0.0,0.0,0.0,n<min_cases,2020-07-01,4
Cannabis,2,2.0,0.12255727863931966,0.0,n<min_cases,2020-07-01,4
Carisoprodol,1,0.0,0.0,0.0,n<min_cases,2020-07-01,4
Chlordiazepoxide,5,0.0,1.2255727863931967,0.0,n<min_cases,2020-07-01,4
Citalopram,16,12.0,14.70687343671836,-0.5094327094408678,,2020-07-01,4
Clonazepam,22,32.0,28.31073136568284,0.4981153448917709,,2020-07-01,4
Clonidine,1,0.0,0.0,0.0,n<min_cases,2020-07-01,4
Clozapine,4,2.0,0.735343671835918,0.0,n<min_cases,2020-07-01,4
Cocaine,401,11466.0,9829.093746873437,9.909302308554068,,2020-07-01,4
Codeine,9,2.0,4.412062031015507,0.0,n<min_cases,2020-07-01,4
Cyclobenzaprine,7,0.0,2.573702851425713,0.0,n<min_cases,2020-07-01,4
Desloratadine,1,0.0,0.0,0.0,n<min_cases,2020-07-01,4
Dextromethorphan,2,0.0,0.12255727863931966,0.0,n<min_cases,2020-07-01,4
Diazepam,23,28.0,31.006991495747876,-0.38764599179685877,,2020-07-01,4
Diphenhydramine,18,22.0,18.75126363181591,0.5406336661627793,,2020-07-01,4
Doxepin,2,0.0,0.12255727863931966,0.0,n<min_cases,2020-07-01,4
Doxylamine,2,0.0,0.12255727863931966,0.0,n<min_cases,2020-07-01,4
Duloxetine,2,0.0,0.12255727863931966,0.0,n<min_cases,2020-07-01,4
Ephedrine,1,0.0,0.0,0.0,n<min_cases,2020-07-01,4
Ethanol,319,6502.0,6216.227729864932,2.2293461637758445,,2020-07-01,4
Ethylene Glycol,1,0.0,0.0,0.0,n<min_cases,2020-07-01,4
Etizolam,24,32.0,33.825808904452224,-0.22518155788229938,,2020-07-01,4
Eutylone,1,0.0,0.0,0.0,n<min_cases,2020-07-01,4
Fentanyl,923,53630.0,52148.48973286644,0.0,case_fraction>max,2020-07-01,4
Flualprazolam,13,14.0,9.559467733866933,1.039004276535344,,2020-07-01,4
Flubromazolam,1,0.0,0.0,0.0,n<min_cases,2020-07-01,4
Fluoxetine,4,0.0,0.735343671835918,0.0,n<min_cases,2020-07-01,4
Fluvoxamine,1,0.0,0.0,0.0,n<min_cases,2020-07-01,4
GHB,2,0.0,0.12255727863931966,0.0,n<min_cases,2020-07-01,4
Gabapentin,9,4.0,4.412062031015507,0.0,n<min_cases,2020-07-01,4
Heroin,309,6426.0,5832.010661330665,4.80039339557937,,2020-07-01,4
Hydrochlorothiazide,1,0.0,0.0,0.0,n<min_cases,2020-07-01,4
Hydrocodone,37,76.0,81.6231475737869,-0.44213250999765535,,2020-07-01,4
Hydromorphone,6,2.0,1.838359179589795,0.0,n<min_cases,2020-07-01,4
Hydroxychloroquine,1,0.0,0.0,0.0,n<min_cases,2020-07-01,4
Hydroxyzine,3,0.0,0.367671835917959,0.0,n<min_cases,2020-07-01,4
Ibuprofen,1,0.0,0.0,0.0,n<min_cases,2020-07-01,4
Isopropanol,1,0.0,0.0,0.0,n<min_cases,2020-07-01,4
Ketamine,2,0.0,0.12255727863931966,0.0,n<min_cases,2020-07-01,4
LSD,1,0.0,0.0,0.0,n<min_cases,2020-07-01,4
Lamotrigine,4,0.0,0.735343671835918,0.0,n<min_cases,2020-07-01,4
Lithium,1,0.0,0.0,0.0,n<min_cases,2020-07-01,4
Lorazepam,11,10.0,6.740650325162581,0.9096288721152782,,2020-07-01,4
MDA,2,0.0,0.12255727863931966,0.0,n<min_cases,2020-07-01,4
MDMA,22,18.0,28.31073136568284,-1.392127822444166,,2020-07-01,4
Memantine,1,0.0,0.0,0.0,n<min_cases,2020-07-01,4
Methadone,39,106.0,90.81494347173587,1.1302685098531082,,2020-07-01,4
Methamphetamine,1052,71362.0,67752.85012106053,0.0,case_fraction>max,2020-07-01,4
Mirtazapine,1,0.0,0.0,0.0,n<min_cases,2020-07-01,4
Mitragynine,6,0.0,1.838359179589795,0.0,n<min_cases,2020-07-01,4
Morphine,71,314.0,304.5548374187094,0.3754226182919752,,2020-07-01,4
Nitrous oxide,2,0.0,0.12255727863931966,0.0,n<min_cases,2020-07-01,4
Olanzapine,9,6.0,4.412062031015507,0.0,n<min_cases,2020-07-01,4
Oxazepam,1,0.0,0.0,0.0,n<min_cases,2020-07-01,4
Oxycodone,54,180.0,175.37946573286644,0.24484504533240545,,2020-07-01,4
PCP,60,352.0,216.9263831915958,6.409069060697897,,2020-07-01,4
Paroxetine,2,0.0,0.12255727863931966,0.0,n<min_cases,2020-07-01,4
Pentobarbital,2,0.0,0.12255727863931966,0.0,n<min_cases,2020-07-01,4
Perphenazine,2,0.0,0.12255727863931966,0.0,n<min_cases,2020-07-01,4
Phenobarbital,2,2.0,0.12255727863931966,0.0,n<min_cases,2020-07-01,4
Pregabalin,1,0.0,0.0,0.0,n<min_cases,2020-07-01,4
Promethazine,4,0.0,0.735343671835918,0.0,n<min_cases,2020-07-01,4
Propranolol,2,0.0,0.12255727863931966,0.0,n<min_cases,2020-07-01,4
Pseudoephedrine,2,0.0,0.12255727863931966,0.0,n<min_cases,2020-07-01,4
Quetiapine,15,10.0,12.868514257128565,-0.5775783605660088,,2020-07-01,4
Risperidone,2,0.0,0.12255727863931966,0.0,n<min_cases,2020-07-01,4
Sertraline,8,4.0,3.4316038019009505,0.0,n<min_cases,2020-07-01,4
Tamsulosin,1,0.0,0.0,0.0,n<min_cases,2020-07-01,4
Tapentadol,1,0.0,0.0,0.0,n<min_cases,2020-07-01,4
Temazepam,7,0.0,2.573702851425713,0.0,n<min_cases,2020-07-01,4
Tianeptine,1,0.0,0.0,0.0,n<min_cases,2020-07-01,4
Tizanidine,1,0.0,0.0,0.0,n<min_cases,2020-07-01,4
Tramadol,11,2.0,6.740650325162581,-1.3230346046211399,,2020-07-01,4
Trazodone,13,10.0,9.559467733866933,0.10307658655133545,,2020-07-01,4
Venlafaxine,2,0.0,0.12255727863931966,0.0,n<min_cases,2020-07-01,4
Zolpidem,5,0.0,1.2255727863931967,0.0,n<min_cases,2020-07-01,4
"1,1-Difluoroethane",2,0.0,0.12318837136743811,0.0,n<min_cases,2020-10-01,4
Acetaminophen,2,0.0,0.12318837136743811,0.0,n<min_cases,2020-10-01,4
Acetyl fentanyl,8,6.0,3.449274398288267,0.0,n<min_cases,2020-10-01,4
Alprazolam,109,770.0,725.0867538687409,1.1187862853112083,,2020-10-01,4
Amitriptyline,8,4.0,3.449274398288267,0.0,n<min_cases,2020-10-01,4
Amphetamine,10,6.0,5.543476711534716,0.14051371092156092,,2020-10-01,4
Aripiprazole,2,0.0,0.12318837136743811,0.0,n<min_cases,2020-10-01,4
Bupropion,4,0.0,0.7391302282046287,0.0,n<min_cases,2020-10-01,4
Butalbital,1,0.0,0.0,0.0,n<min_cases,2020-10-01,4
Cannabis,1,0.0,0.0,0.0,n<min_cases,2020-10-01,4
Carisoprodol,1,0.0,0.0,0.0,n<min_cases,2020-10-01,4
Chlordiazepoxide,4,0.0,0.7391302282046287,0.0,n<min_cases,2020-10-01,4
Citalopram,16,14.0,14.782604564092575,-0.14672503115826002,,2020-10-01,4
Clonazepam,20,38.0,23.40579055981324,2.1668985425488163,,2020-10-01,4
Clozapine,2,2.0,0.12318837136743811,0.0,n<min_cases,2020-10-01,4
Cocaine,411,12072.0,10379.236229563498,9.651455067258269,,2020-10-01,4
Codeine,7,0.0,2.586955798716201,0.0,n<min_cases,2020-10-01,4
Cyclobenzaprine,6,0.0,1.8478255705115718,0.0,n<min_cases,2020-10-01,4
Desloratadine,1,0.0,0.0,0.0,n<min_cases,2020-10-01,4
Dextromethorphan,2,0.0,0.12318837136743811,0.0,n<min_cases,2020-10-01,4
Diazepam,19,22.0,21.065211503831918,0.14642926663997705,,2020-10-01,4
Diphenhydramine,20,28.0,23.40579055981324,0.6821325801103008,,2020-10-01,4
Doxepin,2,0.0,0.12318837136743811,0.0,n<min_cases,2020-10-01,4
Doxylamine,2,0.0,0.12318837136743811,0.0,n<min_cases,2020-10-01,4
Duloxetine,4,0.0,0.7391302282046287,0.0,n<min_cases,2020-10-01,4
Ephedrine,1,0.0,0.0,0.0,n<min_cases,2020-10-01,4
Ethanol,369,8886.0,8363.99766236358,3.3624850355744504,,2020-10-01,4
Ethylene Glycol,1,0.0,0.0,0.0,n<min_cases,2020-10-01,4
Etizolam,25,34.0,36.956511410231435,-0.3478411588159188,,2020-10-01,4
Eutylone,1,0.0,0.0,0.0,n<min_cases,2020-10-01,4
Fentanyl,1116,78576.0,76644.10901367897,0.0,case_fraction>max,2020-10-01,4
Flualprazolam,17,26.0,16.753618505971584,1.6269483256836395,,2020-10-01,4
Flubromazolam,1,0.0,0.0,0.0,n<min_cases,2020-10-01,4
Fluoxetine,6,0.0,1.8478255705115718,0.0,n<min_cases,2020-10-01,4
GHB,2,0.0,0.12318837136743811,0.0,n<min_cases,2020-10-01,4
Gabapentin,10,4.0,5.543476711534716,-0.4750680763468715,,2020-10-01,4
Heroin,329,7150.0,6646.751765501491,3.691010227414545,,2020-10-01,4
Hydrochlorothiazide,1,0.0,0.0,0.0,n<min_cases,2020-10-01,4
Hydrocodone,35,68.0,73.29708096362567,-0.4388070067620778,,2020-10-01,4
Hydromorphone,5,0.0,1.2318837136743812,0.0,n<min_cases,2020-10-01,4
Hydroxychloroquine,1,0.0,0.0,0.0,n<min_cases,2020-10-01,4
Hydroxyzine,6,0.0,1.8478255705115718,0.0,n<min_cases,2020-10-01,4
Isopropanol,1,0.0,0.0,0.0,n<min_cases,2020-10-01,4
Ketamine,2,2.0,0.12318837136743811,0.0,n<min_cases,2020-10-01,4
LSD,1,0.0,0.0,0.0,n<min_cases,2020-10-01,4
Lamotrigine,5,0.0,1.2318837136743812,0.0,n<min_cases,2020-10-01,4
Lithium,1,0.0,0.0,0.0,n<min_cases,2020-10-01,4
Lorazepam,12,10.0,8.130432510250916,0.47430410830173664,,2020-10-01,4
MDA,2,0.0,0.12318837136743811,0.0,n<min_cases,2020-10-01,4
MDMA,24,28.0,33.999990497412924,-0.7365978988341862,,2020-10-01,4
Memantine,1,0.0,0.0,0.0,n<min_cases,2020-10-01,4
Methadone,46,144.0,127.49996436529845,1.0270562275825077,,2020-10-01,4
Methamphetamine,1207,93336.0,89659.08363702019,0.0,case_fraction>max,2020-10-01,4
Midazolam,1,0.0,0.0,0.0,n<min_cases,2020-10-01,4
Mirtazapine,1,0.0,0.0,0.0,n<min_cases,2020-10-01,4
Mitragynine,4,0.0,0.7391302282046287,0.0,n<min_cases,2020-10-01,4
Morphine,61,234.0,225.43471960241175,0.3962275446648924,,2020-10-01,4
Nitrous oxide,2,0.0,0.12318837136743811,0.0,n<min_cases,2020-10-01,4
Nortriptyline,1,0.0,0.0,0.0,n<min_cases,2020-10-01,4
Olanzapine,10,6.0,5.543476711534716,0.14051371092156092,,2020-10-01,4
Oxazepam,1,0.0,0.0,0.0,n<min_cases,2020-10-01,4
Oxycodone,56,222.0,189.7100919058547,1.6346638438621823,,2020-10-01,4
PCP,66,346.0,264.23905658315476,3.480089962824436,,2020-10-01,4
Paroxetine,3,0.0,0.36956511410231435,0.0,n<min_cases,2020-10-01,4
Pentobarbital,3,0.0,0.36956511410231435,0.0,n<min_cases,2020-10-01,4
Perphenazine,1,0.0,0.0,0.0,n<min_cases,2020-10-01,4
Phenobarbital,2,2.0,0.12318837136743811,0.0,n<min_cases,2020-10-01,4
Promethazine,4,0.0,0.7391302282046287,0.0,n<min_cases,2020-10-01,4
Propofol,1,0.0,0.0,0.0,n<min_cases,2020-10-01,4
Propranolol,2,0.0,0.12318837136743811,0.0,n<min_cases,2020-10-01,4
Pseudoephedrine,1,0.0,0.0,0.0,n<min_cases,2020-10-01,4
Quetiapine,11,2.0,6.775360425209096,-1.3283089984762584,,2020-10-01,4
Risperidone,1,0.0,0.0,0.0,n<min_cases,2020-10-01,4
Salicylate,1,0.0,0.0,0.0,n<min_cases,2020-10-01,4
Sertraline,8,6.0,3.449274398288267,0.0,n<min_cases,2020-10-01,4
Tamsulosin,1,0.0,0.0,0.0,n<min_cases,2020-10-01,4
Tapentadol,1,0.0,0.0,0.0,n<min_cases,2020-10-01,4
Temazepam,6,0.0,1.8478255705115718,0.0,n<min_cases,2020-10-01,4
Tianeptine,1,0.0,0.0,0.0,n<min_cases,2020-10-01,4
Tizanidine,1,0.0,0.0,0.0,n<min_cases,2020-10-01,4
Tramadol,9,0.0,4.434781369227772,0.0,n<min_cases,2020-10-01,4
Trazodone,10,6.0,5.543476711534716,0.14051371092156092,,2020-10-01,4
Venlafaxine,2,0.0,0.12318837136743811,0.0,n<min_cases,2020-10-01,4
Zolpidem,5,0.0,1.2318837136743812,0.0,n<min_cases,2020-10-01,4
"1,1-Difluoroethane",1,0.0,0.0,0.0,n<min_cases,2021-01-01,4
4-ANPP,1,0.0,0.0,0.0,n<min_cases,2021-01-01,4
Acetaminophen,2,0.0,0.12295523198135073,0.0,n<min_cases,2021-01-01,4
Acetyl fentanyl,4,0.0,0.7377313918881043,0.0,n<min_cases,2021-01-01,4
Alprazolam,115,836.0,805.9715456377542,0.7042765581427055,,2021-01-01,4
Amitriptyline,6,2.0,1.844328479720261,0.0,n<min_cases,2021-01-01,4
Amlodipine,1,0.0,0.0,0.0,n<min_cases,2021-01-01,4
Amphetamine,16,16.0,14.754627837762088,0.2335923848570961,,2021-01-01,4
Aripiprazole,2,0.0,0.12295523198135073,0.0,n<min_cases,2021-01-01,4
Atenolol,1,0.0,0.0,0.0,n<min_cases,2021-01-01,4
Bupropion,6,0.0,1.844328479720261,0.0,n<min_cases,2021-01-01,4
Buspirone,1,0.0,0.0,0.0,n<min_cases,2021-01-01,4
Butalbital,1,0.0,0.0,0.0,n<min_cases,2021-01-01,4
Cannabis,3,0.0,0.36886569594405216,0.0,n<min_cases,2021-01-01,4
Carisoprodol,1,0.0,0.0,0.0,n<min_cases,2021-01-01,4
Chlordiazepoxide,2,0.0,0.12295523198135073,0.0,n<min_cases,2021-01-01,4
Citalopram,17,16.0,16.7219115494637,-0.12707802915579344,,2021-01-01,4
Clonazepam,19,28.0,21.025344668810977,1.0929380522055137,,2021-01-01,4
Clozapine,1,0.0,0.0,0.0,n<min_cases,2021-01-01,4
Cocaine,415,11804.0,10562.469203357936,6.93013602621522,,2021-01-01,4
Codeine,8,4.0,3.4427464954778206,0.0,n<min_cases,2021-01-01,4
Cyclobenzaprine,4,0.0,0.7377313918881043,0.0,n<min_cases,2021-01-01,4
Desloratadine,2,0.0,0.12295523198135073,0.0,n<min_cases,2021-01-01,4
Dextromethorphan,3,0.0,0.36886569594405216,0.0,n<min_cases,2021-01-01,4
Diazepam,20,24.0,23.36149407645664,0.09483488085359607,,2021-01-01,4
Diphenhydramine,19,32.0,21.025344668810977,1.7197435359507252,,2021-01-01,4
Doxylamine,4,0.0,0.7377313918881043,0.0,n<min_cases,2021-01-01,4
Duloxetine,4,0.0,0.7377313918881043,0.0,n<min_cases,2021-01-01,4
Ephedrine,1,0.0,0.0,0.0,n<min_cases,2021-01-01,4
Ethanol,397,10024.0,9665.018965126055,2.10795499832163,,2021-01-01,4
Etizolam,24,34.0,33.935644026852806,0.00790245006002243,,2021-01-01,4
Eutylone,1,0.0,0.0,0.0,n<min_cases,2021-01-01,4
Fentanyl,1267,100248.0,98611.44855659509,0.0,case_fraction>max,2021-01-01,4
Flualprazolam,21,40.0,25.820598716083655,2.001420957081713,,2021-01-01,4
Flubromazolam,1,0.0,0.0,0.0,n<min_cases,2021-01-01,4
Fluoxetine,7,0.0,2.5820598716083656,0.0,n<min_cases,2021-01-01,4
GHB,3,0.0,0.36886569594405216,0.0,n<min_cases,2021-01-01,4
Gabapentin,10,4.0,5.5329854391607824,-0.47214015423641315,,2021-01-01,4
Heroin,327,7104.0,6553.636819837975,4.032482270082159,,2021-01-01,4
Hydrochlorothiazide,1,0.0,0.0,0.0,n<min_cases,2021-01-01,4
Hydrocodone,35,86.0,73.15836302890368,1.0636738059193098,,2021-01-01,4
Hydromorphone,5,0.0,1.2295523198135072,0.0,n<min_cases,2021-01-01,4
Hydroxychloroquine,1,0.0,0.0,0.0,n<min_cases,2021-01-01,4
Hydroxyzine,5,0.0,1.2295523198135072,0.0,n<min_cases,2021-01-01,4
Isopropanol,2,0.0,0.12295523198135073,0.0,n<min_cases,2021-01-01,4
Ketamine,3,2.0,0.36886569594405216,0.0,n<min_cases,2021-01-01,4
LSD,1,0.0,0.0,0.0,n<min_cases,2021-01-01,4
Lamotrigine,7,0.0,2.5820598716083656,0.0,n<min_cases,2021-01-01,4
Lithium,1,0.0,0.0,0.0,n<min_cases,2021-01-01,4
Loratadine,1,0.0,0.0,0.0,n<min_cases,2021-01-01,4
Lorazepam,12,14.0,8.11504531076915,1.4938583890131896,,2021-01-01,4
MDA,2,0.0,0.12295523198135073,0.0,n<min_cases,2021-01-01,4
MDMA,26,46.0,39.96045039393899,0.6822139069355299,,2021-01-01,4
Memantine,1,0.0,0.0,0.0,n<min_cases,2021-01-01,4
Metformin,1,0.0,0.0,0.0,n<min_cases,2021-01-01,4
Methadone,45,164.0,121.72567966153723,2.691619887973254,,2021-01-01,4
Methamphetamine,1322,111268.0,107362.1724167078,0.0,case_fraction>max,2021-01-01,4
Midazolam,1,0.0,0.0,0.0,n<min_cases,2021-01-01,4
Mitragynine,4,2.0,0.7377313918881043,0.0,n<min_cases,2021-01-01,4
Morphine,59,240.0,210.3764019200911,1.4182903583917503,,2021-01-01,4
Nitrous oxide,1,0.0,0.0,0.0,n<min_cases,2021-01-01,4
Nortriptyline,1,0.0,0.0,0.0,n<min_cases,2021-01-01,4
Olanzapine,15,16.0,12.910299358041827,0.6201078655308901,,2021-01-01,4
Oxazepam,1,0.0,0.0,0.0,n<min_cases,2021-01-01,4
Oxycodone,46,160.0,127.25866510069801,2.0371229893106073,,2021-01-01,4
Oxymorphone,2,0.0,0.12295523198135073,0.0,n<min_cases,2021-01-01,4
PCP,86,622.0,449.4013728918369,5.53619605915245,,2021-01-01,4
Paroxetine,3,0.0,0.36886569594405216,0.0,n<min_cases,2021-01-01,4
Pentobarbital,2,0.0,0.12295523198135073,0.0,n<min_cases,2021-01-01,4
Phenobarbital,2,2.0,0.12295523198135073,0.0,n<min_cases,2021-01-01,4
Promethazine,2,0.0,0.12295523198135073,0.0,n<min_cases,2021-01-01,4
Propofol,1,0.0,0.0,0.0,n<min_cases,2021-01-01,4
Propranolol,2,0.0,0.12295523198135073,0.0,n<min_cases,2021-01-01,4
Pseudoephedrine,1,0.0,0.0,0.0,n<min_cases,2021-01-01,4
Quetiapine,11,6.0,6.762537758974291,-0.21223556196332063,,2021-01-01,4
Risperidone,1,0.0,0.0,0.0,n<min_cases,2021-01-01,4
Salicylate,1,0.0,0.0,0.0,n<min_cases,2021-01-01,4
Sertraline,5,2.0,1.2295523198135072,0.0,n<min_cases,2021-01-01,4
Tamsulosin,1,0.0,0.0,0.0,n<min_cases,2021-01-01,4
Temazepam,6,0.0,1.844328479720261,0.0,n<min_cases,2021-01-01,4
Tianeptine,1,0.0,0.0,0.0,n<min_cases,2021-01-01,4
Tramadol,11,6.0,6.762537758974291,-0.21223556196332063,,2021-01-01,4
Trazodone,10,6.0,5.5329854391607824,0.14383458652157025,,2021-01-01,4
Venlafaxine,1,0.0,0.0,0.0,n<min_cases,2021-01-01,4
Zolpidem,3,2.0,0.36886569594405216,0.0,n<min_cases,2021-01-01,4
para-Fluorofentanyl,7,4.0,2.5820598716083656,0.0,n<min_cases,2021-01-01,4
"1,1-Difluoroethane",2,0.0,0.12344192934017421,0.0,n<min_cases,2021-04-01,4
2-Methyl AP-237,1,0.0,0.0,0.0,n<min_cases,2021-04-01,4
4-ANPP,1,0.0,0.0,0.0,n<min_cases,2021-04-01,4
Acetaminophen,3,0.0,0.3703257880205227,0.0,n<min_cases,2021-04-01,4
Acetyl fentanyl,3,0.0,0.3703257880205227,0.0,n<min_cases,2021-04-01,4
Alprazolam,130,1030.0,1035.0605775173608,-0.10362762607761243,,2021-04-01,4
Amitriptyline,5,2.0,1.2344192934017424,0.0,n<min_cases,2021-04-01,4
Amlodipine,2,0.0,0.12344192934017421,0.0,n<min_cases,2021-04-01,4
Amphetamine,21,22.0,25.92280516143659,-0.552675397159303,,2021-04-01,4
Aripiprazole,3,0.0,0.3703257880205227,0.0,n<min_cases,2021-04-01,4
Atenolol,1,0.0,0.0,0.0,n<min_cases,2021-04-01,4
Benztropine,1,0.0,0.0,0.0,n<min_cases,2021-04-01,4
Bromazolam,1,0.0,0.0,0.0,n<min_cases,2021-04-01,4
Buprenorphine,5,4.0,1.2344192934017424,0.0,n<min_cases,2021-04-01,4
Bupropion,7,2.0,2.5922805161436586,0.0,n<min_cases,2021-04-01,4
Buspirone,1,0.0,0.0,0.0,n<min_cases,2021-04-01,4
Butalbital,1,0.0,0.0,0.0,n<min_cases,2021-04-01,4
Cannabis,2,0.0,0.12344192934017421,0.0,n<min_cases,2021-04-01,4
Carvedilol,1,0.0,0.0,0.0,n<min_cases,2021-04-01,4
Chlorcyclizine,1,0.0,0.0,0.0,n<min_cases,2021-04-01,4
Chlordiazepoxide,2,0.0,0.12344192934017421,0.0,n<min_cases,2021-04-01,4
Citalopram,15,18.0,12.961402580718294,1.0093836206088256,,2021-04-01,4
Clonazepam,15,8.0,12.961402580718294,-0.9939191571565029,,2021-04-01,4
Clonazolam,1,0.0,0.0,0.0,n<min_cases,2021-04-01,4
Cocaine,397,10672.0,9703.276297713734,5.658223780454964,,2021-04-01,4
Codeine,9,2.0,4.443909456246272,0.0,n<min_cases,2021-04-01,4
Cyclobenzaprine,3,2.0,0.3703257880205227,0.0,n<min_cases,2021-04-01,4
Desloratadine,1,0.0,0.0,0.0,n<min_cases,2021-04-01,4
Desvenlafaxine,1,0.0,0.0,0.0,n<min_cases,2021-04-01,4
Dextromethorphan,3,0.0,0.3703257880205227,0.0,n<min_cases,2021-04-01,4
Diazepam,23,34.0,31.23080812306408,0.35481205963762275,,2021-04-01,4
Diphenhydramine,22,32.0,28.51508567758025,0.4677134889914617,,2021-04-01,4
Disulfiram,1,0.0,0.0,0.0,n<min_cases,2021-04-01,4
Doxepin,1,0.0,0.0,0.0,n<min_cases,2021-04-01,4
Doxylamine,4,0.0,0.7406515760410454,0.0,n<min_cases,2021-04-01,4
Duloxetine,4,0.0,0.7406515760410454,0.0,n<min_cases,2021-04-01,4
Ethanol,410,10830.0,10349.988565526908,2.7018168704196044,,2021-04-01,4
Etizolam,17,24.0,16.788102390263695,1.2671584737067103,,2021-04-01,4
Eutylone,1,0.0,0.0,0.0,n<min_cases,2021-04-01,4
Fentanyl,1437,130060.0,127363.1856675942,0.0,case_fraction>max,2021-04-01,4
Flualprazolam,13,16.0,9.628470488533589,1.4836533452474883,,2021-04-01,4
Flubromazolam,3,2.0,0.3703257880205227,0.0,n<min_cases,2021-04-01,4
Fluoride,1,0.0,0.0,0.0,n<min_cases,2021-04-01,4
Fluoxetine,8,2.0,3.456374021524878,0.0,n<min_cases,2021-04-01,4
GHB,3,0.0,0.3703257880205227,0.0,n<min_cases,2021-04-01,4
Gabapentin,10,6.0,5.55488682030784,0.13683612120032704,,2021-04-01,4
Heroin,312,6724.0,5988.908643867892,5.65819382521571,,2021-04-01,4
Hydrochlorothiazide,1,0.0,0.0,0.0,n<min_cases,2021-04-01,4
Hydrocodone,37,96.0,82.21232494055603,1.0755589486875117,,2021-04-01,4
Hydromorphone,5,0.0,1.2344192934017424,0.0,n<min_cases,2021-04-01,4
Hydroxychloroquine,1,0.0,0.0,0.0,n<min_cases,2021-04-01,4
Hydroxyzine,8,4.0,3.456374021524878,0.0,n<min_cases,2021-04-01,4
Isopropanol,2,0.0,0.12344192934017421,0.0,n<min_cases,2021-04-01,4
Ketamine,5,2.0,1.2344192934017424,0.0,n<min_cases,2021-04-01,4
LSD,1,0.0,0.0,0.0,n<min_cases,2021-04-01,4
Lamotrigine,4,2.0,0.7406515760410454,0.0,n<min_cases,2021-04-01,4
Lithium,1,0.0,0.0,0.0,n<min_cases,2021-04-01,4
Loratadine,1,0.0,0.0,0.0,n<min_cases,2021-04-01,4
Lorazepam,12,8.0,8.1471673364515,-0.03728846989436355,,2021-04-01,4
MDA,1,0.0,0.0,0.0,n<min_cases,2021-04-01,4
MDMA,22,46.0,28.51508567758025,2.346666094441419,,2021-04-01,4
Memantine,1,0.0,0.0,0.0,n<min_cases,2021-04-01,4
Metformin,1,0.0,0.0,0.0,n<min_cases,2021-04-01,4
Methadone,37,110.0,82.21232494055603,2.167681095220926,,2021-04-01,4
Methamphetamine,1434,131244.0,126831.76816178474,0.0,case_fraction>max,2021-04-01,4
Methocarbamol,1,0.0,0.0,0.0,n<min_cases,2021-04-01,4
Midazolam,2,0.0,0.12344192934017421,0.0,n<min_cases,2021-04-01,4
Mirtazapine,3,0.0,0.3703257880205227,0.0,n<min_cases,2021-04-01,4
Mitragynine,3,4.0,0.3703257880205227,0.0,n<min_cases,2021-04-01,4
Morphine,56,190.0,190.1005711838683,-0.005077833028936938,,2021-04-01,4
Nitrous oxide,2,0.0,0.12344192934017421,0.0,n<min_cases,2021-04-01,4
Nortriptyline,1,0.0,0.0,0.0,n<min_cases,2021-04-01,4
Olanzapine,17,28.0,16.788102390263695,1.9699740389171778,,2021-04-01,4
Oxazepam,1,0.0,0.0,0.0,n<min_cases,2021-04-01,4
Oxycodone,45,166.0,122.20751004677248,2.782967942735305,,2021-04-01,4
Oxymorphone,3,0.0,0.3703257880205227,0.0,n<min_cases,2021-04-01,4
PCP,94,808.0,539.5646731459016,7.81029967155117,,2021-04-01,4
Paliperidone,1,0.0,0.0,0.0,n<min_cases,2021-04-01,4
Paroxetine,3,0.0,0.3703257880205227,0.0,n<min_cases,2021-04-01,4
Pentobarbital,2,0.0,0.12344192934017421,0.0,n<min_cases,2021-04-01,4
Phenobarbital,2,2.0,0.12344192934017421,0.0,n<min_cases,2021-04-01,4
Promethazine,2,0.0,0.12344192934017421,0.0,n<min_cases,2021-04-01,4
Propofol,1,0.0,0.0,0.0,n<min_cases,2021-04-01,4
Propranolol,1,0.0,0.0,0.0,n<min_cases,2021-04-01,4
Quetiapine,13,8.0,9.628470488533589,-0.37920026637271387,,2021-04-01,4
Risperidone,1,0.0,0.0,0.0,n<min_cases,2021-04-01,4
Salicylate,1,0.0,0.0,0.0,n<min_cases,2021-04-01,4
Sertraline,5,2.0,1.2344192934017424,0.0,n<min_cases,2021-04-01,4
Tamsulosin,1,0.0,0.0,0.0,n<min_cases,2021-04-01,4
Temazepam,4,0.0,0.7406515760410454,0.0,n<min_cases,2021-04-01,4
Tramadol,13,18.0,9.628470488533589,1.9493667481525387,,2021-04-01,4
Trazodone,11,6.0,6.789306113709583,-0.21928018706998112,,2021-04-01,4
Venlafaxine,1,0.0,0.0,0.0,n<min_cases,2021-04-01,4
Zolpidem,3,2.0,0.3703257880205227,0.0,n<min_cases,2021-04-01,4
para-Fluorofentanyl,24,60.0,34.06997249788808,3.178095080046804,,2021-04-01,4
"1,1-Difluoroethane",2,0.0,0.12339930151338767,0.0,n<min_cases,2021-07-01,4
2-Methyl AP-237,1,0.0,0.0,0.0,n<min_cases,2021-07-01,4
4-ANPP,2,0.0,0.12339930151338767,0.0,n<min_cases,2021-07-01,4
Acetaminophen,3,0.0,0.370197904540163,0.0,n<min_cases,2021-07-01,4
Acetyl fentanyl,6,4.0,1.8509895227008148,0.0,n<min_cases,2021-07-01,4
Alprazolam,134,1138.0,1099.6111757857975,0.7529840978832814,,2021-07-01,4
Amitriptyline,1,0.0,0.0,0.0,n<min_cases,2021-07-01,4
Amlodipine,2,0.0,0.12339930151338767,0.0,n<min_cases,2021-07-01,4
Amphetamine,20,18.0,23.445867287543656,-0.8060836541744738,,2021-07-01,4
Aripiprazole,2,0.0,0.12339930151338767,0.0,n<min_cases,2021-07-01,4
Atenolol,1,0.0,0.0,0.0,n<min_cases,2021-07-01,4
Benztropine,1,0.0,0.0,0.0,n<min_cases,2021-07-01,4
Bromazolam,1,0.0,0.0,0.0,n<min_cases,2021-07-01,4
Buprenorphine,5,4.0,1.2339930151338765,0.0,n<min_cases,2021-07-01,4
Bupropion,5,0.0,1.2339930151338765,0.0,n<min_cases,2021-07-01,4
Buspirone,1,0.0,0.0,0.0,n<min_cases,2021-07-01,4
Butalbital,1,0.0,0.0,0.0,n<min_cases,2021-07-01,4
Cannabis,2,0.0,0.12339930151338767,0.0,n<min_cases,2021-07-01,4
Carvedilol,1,0.0,0.0,0.0,n<min_cases,2021-07-01,4
Chlorcyclizine,3,0.0,0.370197904540163,0.0,n<min_cases,2021-07-01,4
Chlordiazepoxide,2,0.0,0.12339930151338767,0.0,n<min_cases,2021-07-01,4
Citalopram,10,8.0,5.552968568102445,0.751791015616878,,2021-07-01,4
Clonazepam,18,14.0,18.88009313154831,-0.806560208178898,,2021-07-01,4
Clonazolam,1,0.0,0.0,0.0,n<min_cases,2021-07-01,4
Cocaine,425,13046.0,11118.27706635623,10.195993852287103,,2021-07-01,4
Codeine,10,4.0,5.552968568102445,-0.47711190049139657,,2021-07-01,4
Cyclobenzaprine,1,0.0,0.0,0.0,n<min_cases,2021-07-01,4
Desloratadine,1,0.0,0.0,0.0,n<min_cases,2021-07-01,4
Desvenlafaxine,1,0.0,0.0,0.0,n<min_cases,2021-07-01,4
Dextromethorphan,4,0.0,0.740395809080326,0.0,n<min_cases,2021-07-01,4
Diazepam,19,32.0,21.10128055878929,1.7021542553783884,,2021-07-01,4
Diphenhydramine,18,18.0,18.88009313154831,-0.14545790013913312,,2021-07-01,4
Disulfiram,1,0.0,0.0,0.0,n<min_cases,2021-07-01,4
Doxepin,2,0.0,0.12339930151338767,0.0,n<min_cases,2021-07-01,4
Doxylamine,4,0.0,0.740395809080326,0.0,n<min_cases,2021-07-01,4
Duloxetine,3,0.0,0.370197904540163,0.0,n<min_cases,2021-07-01,4
Ephedrine,1,0.0,0.0,0.0,n<min_cases,2021-07-01,4
Ethanol,389,9528.0,9312.451688009314,1.2632606007634681,,2021-07-01,4
Etizolam,15,14.0,12.956926658905704,0.20872811044320208,,2021-07-01,4
Fentanyl,1533,147520.0,144905.08498253784,0.0,case_fraction>max,2021-07-01,4
Flualprazolam,14,12.0,11.229336437718278,0.16582228401305873,,2021-07-01,4
Flubromazolam,4,4.0,0.740395809080326,0.0,n<min_cases,2021-07-01,4
Fluoride,1,0.0,0.0,0.0,n<min_cases,2021-07-01,4
Fluoxetine,5,2.0,1.2339930151338765,0.0,n<min_cases,2021-07-01,4
GHB,3,0.0,0.370197904540163,0.0,n<min_cases,2021-07-01,4
Gabapentin,10,4.0,5.552968568102445,-0.47711190049139657,,2021-07-01,4
Guanfacine,1,0.0,0.0,0.0,n<min_cases,2021-07-01,4
Heroin,279,5506.0,4785.548311990687,6.194919516848204,,2021-07-01,4
Hydrocodone,33,60.0,65.15483119906868,-0.451948112447373,,2021-07-01,4
Hydromorphone,4,0.0,0.740395809080326,0.0,n<min_cases,2021-07-01,4
Hydroxychloroquine,1,0.0,0.0,0.0,n<min_cases,2021-07-01,4
Hydroxyzine,8,2.0,3.4551804423748544,0.0,n<min_cases,2021-07-01,4
Isopropanol,1,0.0,0.0,0.0,n<min_cases,2021-07-01,4
Ketamine,6,2.0,1.8509895227008148,0.0,n<min_cases,2021-07-01,4
Lamotrigine,4,0.0,0.740395809080326,0.0,n<min_cases,2021-07-01,4
Loperamide,1,0.0,0.0,0.0,n<min_cases,2021-07-01,4
Loratadine,1,0.0,0.0,0.0,n<min_cases,2021-07-01,4
Lorazepam,14,6.0,11.229336437718278,-1.1251868576837771,,2021-07-01,4
MDA,2,0.0,0.12339930151338767,0.0,n<min_cases,2021-07-01,4
MDMA,27,58.0,43.31315483119907,1.5884673655168315,,2021-07-01,4
Metformin,1,0.0,0.0,0.0,n<min_cases,2021-07-01,4
Methadone,29,82.0,50.100116414435384,3.201748279792439,,2021-07-01,4
Methamphetamine,1441,131412.0,128029.24330616997,0.0,case_fraction>max,2021-07-01,4
Methocarbamol,1,0.0,0.0,0.0,n<min_cases,2021-07-01,4
Midazolam,2,0.0,0.12339930151338767,0.0,n<min_cases,2021-07-01,4
Mirtazapine,4,0.0,0.740395809080326,0.0,n<min_cases,2021-07-01,4
Mitragynine,5,4.0,1.2339930151338765,0.0,n<min_cases,2021-07-01,4
Morphine,54,232.0,176.58440046565775,2.894274400904035,,2021-07-01,4
Nitrous oxide,1,0.0,0.0,0.0,n<min_cases,2021-07-01,4
Nortriptyline,1,0.0,0.0,0.0,n<min_cases,2021-07-01,4
Olanzapine,12,12.0,8.144353899883585,0.9761215146307557,,2021-07-01,4
Oxycodone,35,88.0,73.42258440046565,1.2016701635019378,,2021-07-01,4
Oxymorphone,3,0.0,0.370197904540163,0.0,n<min_cases,2021-07-01,4
PCP,84,658.0,430.1699650756694,7.428540665038118,,2021-07-01,4
Paliperidone,1,0.0,0.0,0.0,n<min_cases,2021-07-01,4
Paroxetine,3,0.0,0.370197904540163,0.0,n<min_cases,2021-07-01,4
Pentobarbital,3,0.0,0.370197904540163,0.0,n<min_cases,2021-07-01,4
Promethazine,1,0.0,0.0,0.0,n<min_cases,2021-07-01,4
Propofol,1,0.0,0.0,0.0,n<min_cases,2021-07-01,4
Psilocin,1,0.0,0.0,0.0,n<min_cases,2021-07-01,4
Quetiapine,11,4.0,6.786961583236321,-0.7736958112143028,,2021-07-01,4
Salicylate,1,0.0,0.0,0.0,n<min_cases,2021-07-01,4
Sertraline,4,2.0,0.740395809080326,0.0,n<min_cases,2021-07-01,4
Temazepam,2,0.0,0.12339930151338767,0.0,n<min_cases,2021-07-01,4
Tramadol,10,18.0,5.552968568102445,3.8240483058875645,,2021-07-01,4
Trazodone,7,4.0,2.591385331781141,0.0,n<min_cases,2021-07-01,4
Venlafaxine,2,0.0,0.12339930151338767,0.0,n<min_cases,2021-07-01,4
Vilazodone,1,0.0,0.0,0.0,n<min_cases,2021-07-01,4
Zolpidem,1,0.0,0.0,0.0,n<min_cases,2021-07-01,4
para-Fluorofentanyl,41,134.0,101.18742724097788,2.2910842338181157,,2021-07-01,4
"1,1-Difluoroethane",2,2.0,0.12459146341632889,0.0,n<min_cases,2021-10-01,4
2-Methyl AP-237,1,0.0,0.0,0.0,n<min_cases,2021-10-01,4
4-ANPP,2,0.0,0.12459146341632889,0.0,n<min_cases,2021-10-01,4
Acetaminophen,2,0.0,0.12459146341632889,0.0,n<min_cases,2021-10-01,4
Acetyl fentanyl,8,6.0,3.4885609756572094,0.0,n<min_cases,2021-10-01,4
Alprazolam,143,1306.0,1264.9771280659875,0.7377285995351925,,2021-10-01,4
Amitriptyline,1,0.0,0.0,0.0,n<min_cases,2021-10-01,4
Amlodipine,4,0.0,0.7475487804979735,0.0,n<min_cases,2021-10-01,4
Amphetamine,21,24.0,26.16420731742907,-0.30249322295737285,,2021-10-01,4
Aripiprazole,1,0.0,0.0,0.0,n<min_cases,2021-10-01,4
Atenolol,1,0.0,0.0,0.0,n<min_cases,2021-10-01,4
Benztropine,1,0.0,0.0,0.0,n<min_cases,2021-10-01,4
Bromazolam,1,0.0,0.0,0.0,n<min_cases,2021-10-01,4
Buprenorphine,5,4.0,1.2459146341632892,0.0,n<min_cases,2021-10-01,4
Bupropion,3,0.0,0.37377439024898673,0.0,n<min_cases,2021-10-01,4
Buspirone,2,0.0,0.12459146341632889,0.0,n<min_cases,2021-10-01,4
Butalbital,1,0.0,0.0,0.0,n<min_cases,2021-10-01,4
Cannabis,2,0.0,0.12459146341632889,0.0,n<min_cases,2021-10-01,4
Carvedilol,1,0.0,0.0,0.0,n<min_cases,2021-10-01,4
Chlorcyclizine,3,0.0,0.37377439024898673,0.0,n<min_cases,2021-10-01,4
Chlordiazepoxide,3,2.0,0.37377439024898673,0.0,n<min_cases,2021-10-01,4
Citalopram,13,12.0,9.718134146473655,0.5279215489433315,,2021-10-01,4
Clonazepam,21,14.0,26.16420731742907,-1.7002023080403768,,2021-10-01,4
Clonazolam,1,0.0,0.0,0.0,n<min_cases,2021-10-01,4
Clonidine,1,0.0,0.0,0.0,n<min_cases,2021-10-01,4
Cocaine,481,17378.0,14382.83853678101,13.336855237722443,,2021-10-01,4
Codeine,13,14.0,9.718134146473655,0.9906319647440617,,2021-10-01,4
Cyclobenzaprine,2,0.0,0.12459146341632889,0.0,n<min_cases,2021-10-01,4
Desloratadine,1,0.0,0.0,0.0,n<min_cases,2021-10-01,4
Desvenlafaxine,1,0.0,0.0,0.0,n<min_cases,2021-10-01,4
Dextromethorphan,4,0.0,0.7475487804979735,0.0,n<min_cases,2021-10-01,4
Diazepam,26,52.0,40.492225610306896,1.286019762120047,,2021-10-01,4
Diphenhydramine,18,18.0,19.06249390269832,-0.17455058765342082,,2021-10-01,4
Disulfiram,1,0.0,0.0,0.0,n<min_cases,2021-10-01,4
Doxepin,3,0.0,0.37377439024898673,0.0,n<min_cases,2021-10-01,4
Doxylamine,3,2.0,0.37377439024898673,0.0,n<min_cases,2021-10-01,4
Duloxetine,1,0.0,0.0,0.0,n<min_cases,2021-10-01,4
Ephedrine,1,0.0,0.0,0.0,n<min_cases,2021-10-01,4
Ethanol,398,10098.0,9843.099384280233,1.4174941038316835,,2021-10-01,4
Etizolam,13,8.0,9.718134146473655,-0.3974992826581289,,2021-10-01,4
Fentanyl,1632,168420.0,165818.28029493845,0.0,case_fraction>max,2021-10-01,4
Flualprazolam,9,2.0,4.48529268298784,0.0,n<min_cases,2021-10-01,4
Flubromazolam,4,4.0,0.7475487804979735,0.0,n<min_cases,2021-10-01,4
Fluoride,1,0.0,0.0,0.0,n<min_cases,2021-10-01,4
Fluoxetine,4,6.0,0.7475487804979735,0.0,n<min_cases,2021-10-01,4
GHB,4,0.0,0.7475487804979735,0.0,n<min_cases,2021-10-01,4
Gabapentin,9,4.0,4.48529268298784,0.0,n<min_cases,2021-10-01,4
Guanfacine,1,0.0,0.0,0.0,n<min_cases,2021-10-01,4
Heroin,242,4340.0,3633.211664683567,7.007970105342276,,2021-10-01,4
Hydrocodone,35,100.0,74.1319207327157,2.1164094054416482,,2021-10-01,4
Hydromorphone,4,0.0,0.7475487804979735,0.0,n<min_cases,2021-10-01,4
Hydroxyzine,6,0.0,1.8688719512449334,0.0,n<min_cases,2021-10-01,4
Insulin,1,0.0,0.0,0.0,n<min_cases,2021-10-01,4
Isopropanol,1,0.0,0.0,0.0,n<min_cases,2021-10-01,4
Ketamine,6,2.0,1.8688719512449334,0.0,n<min_cases,2021-10-01,4
Lamotrigine,4,2.0,0.7475487804979735,0.0,n<min_cases,2021-10-01,4
Levamisole,4,4.0,0.7475487804979735,0.0,n<min_cases,2021-10-01,4
Lidocaine,1,0.0,0.0,0.0,n<min_cases,2021-10-01,4
Loperamide,1,0.0,0.0,0.0,n<min_cases,2021-10-01,4
Loratadine,1,0.0,0.0,0.0,n<min_cases,2021-10-01,4
Lorazepam,16,16.0,14.950975609959468,0.19502287166178697,,2021-10-01,4
MDA,2,0.0,0.12459146341632889,0.0,n<min_cases,2021-10-01,4
MDMA,26,44.0,40.492225610306896,0.39200170540745394,,2021-10-01,4
Metformin,1,0.0,0.0,0.0,n<min_cases,2021-10-01,4
Methadone,19,34.0,21.30514024419224,1.970596077160909,,2021-10-01,4
Methamphetamine,1548,152630.0,149183.07728251707,0.0,case_fraction>max,2021-10-01,4
Methocarbamol,1,0.0,0.0,0.0,n<min_cases,2021-10-01,4
Metoprolol,1,0.0,0.0,0.0,n<min_cases,2021-10-01,4
Midazolam,1,0.0,0.0,0.0,n<min_cases,2021-10-01,4
Mirtazapine,4,0.0,0.7475487804979735,0.0,n<min_cases,2021-10-01,4
Mitragynine,5,4.0,1.2459146341632892,0.0,n<min_cases,2021-10-01,4
Morphine,54,222.0,178.29038414876666,2.262229234381584,,2021-10-01,4
Nitrous oxide,1,0.0,0.0,0.0,n<min_cases,2021-10-01,4
Olanzapine,10,8.0,5.606615853734801,0.7314457262023736,,2021-10-01,4
Oxycodone,31,54.0,57.935030488592936,-0.3657008655907576,,2021-10-01,4
Oxymorphone,3,0.0,0.37377439024898673,0.0,n<min_cases,2021-10-01,4
PCP,106,1036.0,693.3514939118703,8.576163408379522,,2021-10-01,4
Paliperidone,1,0.0,0.0,0.0,n<min_cases,2021-10-01,4
Paroxetine,3,0.0,0.37377439024898673,0.0,n<min_cases,2021-10-01,4
Pentobarbital,2,0.0,0.12459146341632889,0.0,n<min_cases,2021-10-01,4
Phenobarbital,1,0.0,0.0,0.0,n<min_cases,2021-10-01,4
Promethazine,1,0.0,0.0,0.0,n<min_cases,2021-10-01,4
Psilocin,1,0.0,0.0,0.0,n<min_cases,2021-10-01,4
Quetiapine,17,16.0,16.944439024620728,-0.16474768695466668,,2021-10-01,4
Sertraline,6,2.0,1.8688719512449334,0.0,n<min_cases,2021-10-01,4
Temazepam,4,0.0,0.7475487804979735,0.0,n<min_cases,2021-10-01,4
Tramadol,12,20.0,8.223036585477708,2.965306349234708,,2021-10-01,4
Trazodone,8,6.0,3.4885609756572094,0.0,n<min_cases,2021-10-01,4
Valproic Acid,1,0.0,0.0,0.0,n<min_cases,2021-10-01,4
Venlafaxine,4,4.0,0.7475487804979735,0.0,n<min_cases,2021-10-01,4
Verapamil,1,0.0,0.0,0.0,n<min_cases,2021-10-01,4
Vilazodone,1,0.0,0.0,0.0,n<min_cases,2021-10-01,4
Zolpidem,2,0.0,0.12459146341632889,0.0,n<min_cases,2021-10-01,4
para-Fluorofentanyl,52,200.0,165.20828049005212,1.874292395851839,,2021-10-01,4
"1,1-Difluoroethane",4,2.0,0.7463145236832746,0.0,n<min_cases,2022-01-01,4
2-Methyl AP-237,1,0.0,0.0,0.0,n<min_cases,2022-01-01,4
4-ANPP,1,0.0,0.0,0.0,n<min_cases,2022-01-01,4
Acetaminophen,4,0.0,0.7463145236832746,0.0,n<min_cases,2022-01-01,4
Acetyl fentanyl,15,10.0,13.060504164457305,-0.6087439906146571,,2022-01-01,4
Alprazolam,149,1526.0,1371.4773230219641,2.631956383208766,,2022-01-01,4
Amitriptyline,1,0.0,0.0,0.0,n<min_cases,2022-01-01,4
Amlodipine,3,0.0,0.3731572618416373,0.0,n<min_cases,2022-01-01,4
Amphetamine,20,30.0,23.63329324997036,0.9359041440769326,,2022-01-01,4
Aripiprazole,1,0.0,0.0,0.0,n<min_cases,2022-01-01,4
Baclofen,1,0.0,0.0,0.0,n<min_cases,2022-01-01,4
Benztropine,1,0.0,0.0,0.0,n<min_cases,2022-01-01,4
Bromazolam,1,0.0,0.0,0.0,n<min_cases,2022-01-01,4
Buprenorphine,5,4.0,1.243857539472124,0.0,n<min_cases,2022-01-01,4
Bupropion,4,2.0,0.7463145236832746,0.0,n<min_cases,2022-01-01,4
Buspirone,1,0.0,0.0,0.0,n<min_cases,2022-01-01,4
Butalbital,1,0.0,0.0,0.0,n<min_cases,2022-01-01,4
Carisoprodol,1,0.0,0.0,0.0,n<min_cases,2022-01-01,4
Carvedilol,1,0.0,0.0,0.0,n<min_cases,2022-01-01,4
Chlorcyclizine,4,0.0,0.7463145236832746,0.0,n<min_cases,2022-01-01,4
Chlordiazepoxide,2,0.0,0.12438575394721244,0.0,n<min_cases,2022-01-01,4
Chlorpheniramine,1,0.0,0.0,0.0,n<min_cases,2022-01-01,4
Citalopram,13,8.0,9.70208880788257,-0.39373127045977824,,2022-01-01,4
Clonazepam,27,46.0,43.659399635471566,0.2511155557579464,,2022-01-01,4
Clonazolam,2,0.0,0.12438575394721244,0.0,n<min_cases,2022-01-01,4
Clonidine,1,0.0,0.0,0.0,n<min_cases,2022-01-01,4
Cocaine,503,19900.0,15704.074593097408,17.384314011096066,,2022-01-01,4
Codeine,14,8.0,11.31910360919633,-0.7099862971271669,,2022-01-01,4
Cyclobenzaprine,4,0.0,0.7463145236832746,0.0,n<min_cases,2022-01-01,4
Desvenlafaxine,1,0.0,0.0,0.0,n<min_cases,2022-01-01,4
Dextromethorphan,4,0.0,0.7463145236832746,0.0,n<min_cases,2022-01-01,4
Diazepam,27,62.0,43.659399635471566,1.967704578393866,,2022-01-01,4
Diphenhydramine,16,14.0,14.92629047366549,-0.1721397168411301,,2022-01-01,4
Disulfiram,1,0.0,0.0,0.0,n<min_cases,2022-01-01,4
Doxepin,3,0.0,0.3731572618416373,0.0,n<min_cases,2022-01-01,4
Doxylamine,2,0.0,0.12438575394721244,0.0,n<min_cases,2022-01-01,4
Duloxetine,1,0.0,0.0,0.0,n<min_cases,2022-01-01,4
Ephedrine,1,0.0,0.0,0.0,n<min_cases,2022-01-01,4
Ethanol,403,10320.0,10075.619226986048,1.3164452038825831,,2022-01-01,4
Etizolam,10,4.0,5.597358927624559,-0.48822121777129873,,2022-01-01,4
Fentanyl,1723,188368.0,184526.63913795148,0.0,case_fraction>max,2022-01-01,4
Flualprazolam,5,2.0,1.243857539472124,0.0,n<min_cases,2022-01-01,4
Flubromazolam,5,4.0,1.243857539472124,0.0,n<min_cases,2022-01-01,4
Fluoride,1,0.0,0.0,0.0,n<min_cases,2022-01-01,4
Fluoxetine,3,2.0,0.3731572618416373,0.0,n<min_cases,2022-01-01,4
GHB,3,0.0,0.3731572618416373,0.0,n<min_cases,2022-01-01,4
Gabapentin,12,10.0,8.20945976051602,0.4508103814614686,,2022-01-01,4
Guanfacine,1,0.0,0.0,0.0,n<min_cases,2022-01-01,4
Heroin,239,3906.0,3537.655228012669,3.6601272925323594,,2022-01-01,4
Hydrocodone,38,104.0,87.44318502489034,1.239826146468234,,2022-01-01,4
Hydromorphone,4,2.0,0.7463145236832746,0.0,n<min_cases,2022-01-01,4
Hydroxyzine,7,2.0,2.612100832891461,0.0,n<min_cases,2022-01-01,4
Insulin,1,0.0,0.0,0.0,n<min_cases,2022-01-01,4
Ketamine,7,4.0,2.612100832891461,0.0,n<min_cases,2022-01-01,4
Lamotrigine,2,0.0,0.12438575394721244,0.0,n<min_cases,2022-01-01,4
Levamisole,5,4.0,1.243857539472124,0.0,n<min_cases,2022-01-01,4
Lidocaine,1,0.0,0.0,0.0,n<min_cases,2022-01-01,4
Loperamide,1,0.0,0.0,0.0,n<min_cases,2022-01-01,4
Lorazepam,19,18.0,21.269963924973325,-0.5072751762320327,,2022-01-01,4
MDA,2,0.0,0.12438575394721244,0.0,n<min_cases,2022-01-01,4
MDMA,27,40.0,43.659399635471566,-0.3926053277305235,,2022-01-01,4
Memantine,1,0.0,0.0,0.0,n<min_cases,2022-01-01,4
Methadone,17,22.0,16.91646253682089,0.8863614569843086,,2022-01-01,4
Methamphetamine,1600,162994.0,159114.2564492741,0.0,case_fraction>max,2022-01-01,4
Methocarbamol,1,0.0,0.0,0.0,n<min_cases,2022-01-01,4
Metoprolol,1,0.0,0.0,0.0,n<min_cases,2022-01-01,4
Midazolam,1,0.0,0.0,0.0,n<min_cases,2022-01-01,4
Mirtazapine,4,0.0,0.7463145236832746,0.0,n<min_cases,2022-01-01,4
Mitragynine,4,2.0,0.7463145236832746,0.0,n<min_cases,2022-01-01,4
Morphine,54,172.0,177.996013898461,-0.30935116722874584,,2022-01-01,4
Nitrous oxide,1,0.0,0.0,0.0,n<min_cases,2022-01-01,4
Olanzapine,11,8.0,6.841216467096684,0.3199788141931099,,2022-01-01,4
Oxycodone,31,56.0,57.83937558545378,-0.17067961595921158,,2022-01-01,4
Oxymorphone,1,0.0,0.0,0.0,n<min_cases,2022-01-01,4
PCP,99,810.0,603.3952923979275,5.539137737598057,,2022-01-01,4
Paliperidone,1,0.0,0.0,0.0,n<min_cases,2022-01-01,4
Paroxetine,3,0.0,0.3731572618416373,0.0,n<min_cases,2022-01-01,4
Pentobarbital,3,0.0,0.3731572618416373,0.0,n<min_cases,2022-01-01,4
Phenobarbital,1,0.0,0.0,0.0,n<min_cases,2022-01-01,4
Promethazine,1,0.0,0.0,0.0,n<min_cases,2022-01-01,4
Propranolol,1,0.0,0.0,0.0,n<min_cases,2022-01-01,4
Psilocin,1,0.0,0.0,0.0,n<min_cases,2022-01-01,4
Quetiapine,19,22.0,21.269963924973325,0.11325176274472779,,2022-01-01,4
Sertraline,8,4.0,3.482801110521948,0.0,n<min_cases,2022-01-01,4
Temazepam,6,2.0,1.8657863092081863,0.0,n<min_cases,2022-01-01,4
Tramadol,12,18.0,8.20945976051602,2.464997481066173,,2022-01-01,4
Trazodone,9,6.0,4.4778871420996476,0.0,n<min_cases,2022-01-01,4
Valproic Acid,1,0.0,0.0,0.0,n<min_cases,2022-01-01,4
Venlafaxine,5,4.0,1.243857539472124,0.0,n<min_cases,2022-01-01,4
Verapamil,1,0.0,0.0,0.0,n<min_cases,2022-01-01,4
Vilazodone,1,0.0,0.0,0.0,n<min_cases,2022-01-01,4
Zolpidem,2,0.0,0.12438575394721244,0.0,n<min_cases,2022-01-01,4
para-Fluorofentanyl,60,252.0,220.16278448656598,1.4677528239403657,,2022-01-01,4
"1,1-Difluoroethane",4,2.0,0.7465715515650944,0.0,n<min_cases,2022-04-01,4
25B-NBOH,1,0.0,0.0,0.0,n<min_cases,2022-04-01,4
4-ANPP,1,0.0,0.0,0.0,n<min_cases,2022-04-01,4
Acetaminophen,3,0.0,0.3732857757825472,0.0,n<min_cases,2022-04-01,4
Acetyl fentanyl,30,52.0,54.12643748846935,-0.20382698910514563,,2022-04-01,4
Acryl fentanyl,1,0.0,0.0,0.0,n<min_cases,2022-04-01,4
Alprazolam,151,1418.0,1409.1538035791157,0.14728800673729853,,2022-04-01,4
Amitriptyline,1,0.0,0.0,0.0,n<min_cases,2022-04-01,4
Amlodipine,5,0.0,1.2442859192751572,0.0,n<min_cases,2022-04-01,4
Amphetamine,19,30.0,21.27728921960519,1.3513917802683186,,2022-04-01,4
Baclofen,1,0.0,0.0,0.0,n<min_cases,2022-04-01,4
Benztropine,3,0.0,0.3732857757825472,0.0,n<min_cases,2022-04-01,4
Benzylfentanyl,1,0.0,0.0,0.0,n<min_cases,2022-04-01,4
Bupropion,5,2.0,1.2442859192751572,0.0,n<min_cases,2022-04-01,4
Buspirone,1,0.0,0.0,0.0,n<min_cases,2022-04-01,4
Carbon monoxide,1,0.0,0.0,0.0,n<min_cases,2022-04-01,4
Carisoprodol,2,0.0,0.12442859192751574,0.0,n<min_cases,2022-04-01,4
Chlorcyclizine,3,0.0,0.3732857757825472,0.0,n<min_cases,2022-04-01,4
Chlordiazepoxide,1,0.0,0.0,0.0,n<min_cases,2022-04-01,4
Chlorpheniramine,1,0.0,0.0,0.0,n<min_cases,2022-04-01,4
Citalopram,12,6.0,8.212287067216039,-0.5565207044824254,,2022-04-01,4
Clonazepam,30,68.0,54.12643748846935,1.3298328731604634,,2022-04-01,4
Clonazolam,1,0.0,0.0,0.0,n<min_cases,2022-04-01,4
Clonidine,1,0.0,0.0,0.0,n<min_cases,2022-04-01,4
Clozapine,1,0.0,0.0,0.0,n<min_cases,2022-04-01,4
Cocaine,547,24088.0,18581.046061127854,20.314370845124472,,2022-04-01,4
Codeine,15,14.0,13.065002152389152,0.1857784606773983,,2022-04-01,4
Cyclobenzaprine,4,0.0,0.7465715515650944,0.0,n<min_cases,2022-04-01,4
Deoxymethoxetamine,1,0.0,0.0,0.0,n<min_cases,2022-04-01,4
Dextromethorphan,3,0.0,0.3732857757825472,0.0,n<min_cases,2022-04-01,4
Diazepam,24,48.0,34.34229137199434,1.6553927199358065,,2022-04-01,4
Diphenhydramine,12,2.0,8.212287067216039,-1.5627566721911839,,2022-04-01,4
Doxepin,2,0.0,0.12442859192751574,0.0,n<min_cases,2022-04-01,4
Doxylamine,4,0.0,0.7465715515650944,0.0,n<min_cases,2022-04-01,4
Duloxetine,1,0.0,0.0,0.0,n<min_cases,2022-04-01,4
Ephedrine,1,0.0,0.0,0.0,n<min_cases,2022-04-01,4
Ethanol,409,10258.0,10381.823996064202,-0.6460202276369937,,2022-04-01,4
Etizolam,9,2.0,4.479429309390567,0.0,n<min_cases,2022-04-01,4
Fentanyl,1778,202852.0,196566.44138326877,0.0,case_fraction>max,2022-04-01,4
Flualprazolam,6,4.0,1.866428878912736,0.0,n<min_cases,2022-04-01,4
Flubromazolam,4,2.0,0.7465715515650944,0.0,n<min_cases,2022-04-01,4
Fluoxetine,5,0.0,1.2442859192751572,0.0,n<min_cases,2022-04-01,4
GHB,4,0.0,0.7465715515650944,0.0,n<min_cases,2022-04-01,4
Gabapentin,8,6.0,3.4840005739704405,0.0,n<min_cases,2022-04-01,4
Guanfacine,1,0.0,0.0,0.0,n<min_cases,2022-04-01,4
Heroin,221,3184.0,3024.8590697579075,1.71359906813044,,2022-04-01,4
Hydrocodone,35,70.0,74.03501219687186,-0.32876238254737944,,2022-04-01,4
Hydromorphone,3,0.0,0.3732857757825472,0.0,n<min_cases,2022-04-01,4
Hydroxychloroquine,1,0.0,0.0,0.0,n<min_cases,2022-04-01,4
Hydroxyzine,5,2.0,1.2442859192751572,0.0,n<min_cases,2022-04-01,4
Insulin,1,0.0,0.0,0.0,n<min_cases,2022-04-01,4
Ketamine,7,2.0,2.6130004304778303,0.0,n<min_cases,2022-04-01,4
Lamotrigine,1,0.0,0.0,0.0,n<min_cases,2022-04-01,4
Levamisole,5,4.0,1.2442859192751572,0.0,n<min_cases,2022-04-01,4
Lidocaine,1,0.0,0.0,0.0,n<min_cases,2022-04-01,4
Loperamide,1,0.0,0.0,0.0,n<min_cases,2022-04-01,4
Lorazepam,20,26.0,23.64143246622799,0.34623094846274965,,2022-04-01,4
MDA,2,0.0,0.12442859192751574,0.0,n<min_cases,2022-04-01,4
MDMA,23,24.0,31.48043375766148,-0.9481364429033577,,2022-04-01,4
MMC,1,0.0,0.0,0.0,n<min_cases,2022-04-01,4
Memantine,1,0.0,0.0,0.0,n<min_cases,2022-04-01,4
Methadone,18,38.0,19.03757456490991,3.109648219243791,,2022-04-01,4
Methamphetamine,1663,176030.0,171954.46590000615,0.0,case_fraction>max,2022-04-01,4
Metoprolol,2,0.0,0.12442859192751574,0.0,n<min_cases,2022-04-01,4
Mirtazapine,2,0.0,0.12442859192751574,0.0,n<min_cases,2022-04-01,4
Mitragynine,7,6.0,2.6130004304778303,0.0,n<min_cases,2022-04-01,4
Morphine,46,112.0,128.7835926449788,-1.02381816963719,,2022-04-01,4
Olanzapine,9,4.0,4.479429309390567,0.0,n<min_cases,2022-04-01,4
Oxycodone,37,76.0,82.86944222372547,-0.527798593461119,,2022-04-01,4
Oxymorphone,1,0.0,0.0,0.0,n<min_cases,2022-04-01,4
PCP,113,1082.0,787.3841297173195,6.786307066296268,,2022-04-01,4
Paroxetine,3,0.0,0.3732857757825472,0.0,n<min_cases,2022-04-01,4
Pentobarbital,2,0.0,0.12442859192751574,0.0,n<min_cases,2022-04-01,4
Phenobarbital,1,0.0,0.0,0.0,n<min_cases,2022-04-01,4
Promethazine,1,0.0,0.0,0.0,n<min_cases,2022-04-01,4
Propranolol,1,0.0,0.0,0.0,n<min_cases,2022-04-01,4
Pseudoephedrine,1,0.0,0.0,0.0,n<min_cases,2022-04-01,4
Psilocin,1,0.0,0.0,0.0,n<min_cases,2022-04-01,4
Quetiapine,23,22.0,31.48043375766148,-1.2016341607147811,,2022-04-01,4
Sertraline,9,4.0,4.479429309390567,0.0,n<min_cases,2022-04-01,4
Temazepam,5,0.0,1.2442859192751572,0.0,n<min_cases,2022-04-01,4
Topiramate,1,0.0,0.0,0.0,n<min_cases,2022-04-01,4
Tramadol,12,8.0,8.212287067216039,-0.05340272062804627,,2022-04-01,4
Trazodone,11,6.0,6.843572556013365,-0.23275588801867242,,2022-04-01,4
Valproic Acid,1,0.0,0.0,0.0,n<min_cases,2022-04-01,4
Venlafaxine,4,2.0,0.7465715515650944,0.0,n<min_cases,2022-04-01,4
Verapamil,1,0.0,0.0,0.0,n<min_cases,2022-04-01,4
Vilazodone,1,0.0,0.0,0.0,n<min_cases,2022-04-01,4
Zolpidem,2,0.0,0.12442859192751574,0.0,n<min_cases,2022-04-01,4
para-Fluorofentanyl,96,540.0,567.3943791894718,-0.7554669938957533,,2022-04-01,4
"1,1-Difluoroethane",4,2.0,0.7489169850689191,0.0,n<min_cases,2022-07-01,4
25B-NBOH,1,0.0,0.0,0.0,n<min_cases,2022-07-01,4
Acetaminophen,4,2.0,0.7489169850689191,0.0,n<min_cases,2022-07-01,4
Acetyl fentanyl,39,86.0,92.49124765601152,-0.47048951583917725,,2022-07-01,4
Acryl fentanyl,2,0.0,0.12481949751148652,0.0,n<min_cases,2022-07-01,4
Alprazolam,141,1306.0,1231.9684404383718,1.3246214821494304,,2022-07-01,4
Amlodipine,5,0.0,1.248194975114865,0.0,n<min_cases,2022-07-01,4
Amphetamine,19,26.0,21.344134074464193,0.7198641817620274,,2022-07-01,4
Baclofen,1,0.0,0.0,0.0,n<min_cases,2022-07-01,4
Benztropine,4,0.0,0.7489169850689191,0.0,n<min_cases,2022-07-01,4
Benzylfentanyl,1,0.0,0.0,0.0,n<min_cases,2022-07-01,4
Bromazolam,1,0.0,0.0,0.0,n<min_cases,2022-07-01,4
Buprenorphine,1,0.0,0.0,0.0,n<min_cases,2022-07-01,4
Bupropion,6,6.0,1.8722924626722977,0.0,n<min_cases,2022-07-01,4
Buspirone,1,0.0,0.0,0.0,n<min_cases,2022-07-01,4
Carbon monoxide,1,0.0,0.0,0.0,n<min_cases,2022-07-01,4
Carisoprodol,2,0.0,0.12481949751148652,0.0,n<min_cases,2022-07-01,4
Chlorcyclizine,1,0.0,0.0,0.0,n<min_cases,2022-07-01,4
Chlordiazepoxide,5,2.0,1.248194975114865,0.0,n<min_cases,2022-07-01,4
Chlorpheniramine,1,0.0,0.0,0.0,n<min_cases,2022-07-01,4
Chlorpromazine,1,0.0,0.0,0.0,n<min_cases,2022-07-01,4
Citalopram,12,2.0,8.23808683575811,-1.5664264514847377,,2022-07-01,4
Clonazepam,27,62.0,43.81164362653177,1.943385568730567,,2022-07-01,4
Clonazolam,1,0.0,0.0,0.0,n<min_cases,2022-07-01,4
Clonidine,1,0.0,0.0,0.0,n<min_cases,2022-07-01,4
Clozapine,1,0.0,0.0,0.0,n<min_cases,2022-07-01,4
Cocaine,552,24838.0,18982.049903556825,21.091201686010635,,2022-07-01,4
Codeine,15,6.0,13.106047238706084,-1.4092533362037856,,2022-07-01,4
Cyclobenzaprine,4,0.0,0.7489169850689191,0.0,n<min_cases,2022-07-01,4
Deoxymethoxetamine,1,0.0,0.0,0.0,n<min_cases,2022-07-01,4
Dextromethorphan,2,0.0,0.12481949751148652,0.0,n<min_cases,2022-07-01,4
Diazepam,30,60.0,54.296481417496636,0.5454093923173761,,2022-07-01,4
Diphenhydramine,14,8.0,11.358574273545273,-0.7163847690065677,,2022-07-01,4
Doxepin,2,0.0,0.12481949751148652,0.0,n<min_cases,2022-07-01,4
Doxylamine,7,2.0,2.621209447741217,0.0,n<min_cases,2022-07-01,4
Duloxetine,3,0.0,0.37445849253445956,0.0,n<min_cases,2022-07-01,4
Eszopiclone,1,0.0,0.0,0.0,n<min_cases,2022-07-01,4
Ethanol,414,10784.0,10670.943661754494,0.5752313411822443,,2022-07-01,4
Etizolam,6,2.0,1.8722924626722977,0.0,n<min_cases,2022-07-01,4
Fentanyl,1864,224742.0,216726.09064115424,0.0,case_fraction>max,2022-07-01,4
Flualprazolam,4,2.0,0.7489169850689191,0.0,n<min_cases,2022-07-01,4
Flubromazolam,2,0.0,0.12481949751148652,0.0,n<min_cases,2022-07-01,4
Fluoxetine,5,0.0,1.248194975114865,0.0,n<min_cases,2022-07-01,4
GHB,4,0.0,0.7489169850689191,0.0,n<min_cases,2022-07-01,4
Gabapentin,8,6.0,3.4949459303216224,0.0,n<min_cases,2022-07-01,4
Heroin,210,2824.0,2739.163872889572,0.9625242256532789,,2022-07-01,4
Hydrocodone,45,130.0,123.57130253637166,0.4002951771401138,,2022-07-01,4
Hydromorphone,4,2.0,0.7489169850689191,0.0,n<min_cases,2022-07-01,4
Hydroxychloroquine,1,0.0,0.0,0.0,n<min_cases,2022-07-01,4
Hydroxyzine,4,2.0,0.7489169850689191,0.0,n<min_cases,2022-07-01,4
Insulin,1,0.0,0.0,0.0,n<min_cases,2022-07-01,4
Ketamine,12,20.0,8.23808683575811,2.9534971836114186,,2022-07-01,4
Lamotrigine,2,2.0,0.12481949751148652,0.0,n<min_cases,2022-07-01,4
Levamisole,5,2.0,1.248194975114865,0.0,n<min_cases,2022-07-01,4
Lidocaine,2,0.0,0.12481949751148652,0.0,n<min_cases,2022-07-01,4
Lorazepam,20,30.0,23.71570452718244,0.9206204392617829,,2022-07-01,4
MDMA,20,22.0,23.71570452718244,-0.25134283744140257,,2022-07-01,4
MMC,1,0.0,0.0,0.0,n<min_cases,2022-07-01,4
Memantine,1,0.0,0.0,0.0,n<min_cases,2022-07-01,4
Methadone,17,30.0,16.97545166156217,2.263817771764139,,2022-07-01,4
Methamphetamine,1769,199922.0,195192.23093047258,0.0,case_fraction>max,2022-07-01,4
Metoprolol,2,0.0,0.12481949751148652,0.0,n<min_cases,2022-07-01,4
Midazolam,1,0.0,0.0,0.0,n<min_cases,2022-07-01,4
Mirtazapine,1,0.0,0.0,0.0,n<min_cases,2022-07-01,4
Mitragynine,9,8.0,4.4935019104135145,0.0,n<min_cases,2022-07-01,4
Morphine,36,70.0,78.63628343223651,-0.6812980335877978,,2022-07-01,4
Olanzapine,11,6.0,6.865072363131759,-0.2382668917906331,,2022-07-01,4
Oxycodone,41,80.0,102.35198795941895,-1.536438201840004,,2022-07-01,4
Oxymorphone,1,0.0,0.0,0.0,n<min_cases,2022-07-01,4
PCP,114,1224.0,803.9623834714847,9.536793253614642,,2022-07-01,4
Paroxetine,1,0.0,0.0,0.0,n<min_cases,2022-07-01,4
Pentobarbital,1,0.0,0.0,0.0,n<min_cases,2022-07-01,4
Phenobarbital,1,0.0,0.0,0.0,n<min_cases,2022-07-01,4
Promethazine,1,0.0,0.0,0.0,n<min_cases,2022-07-01,4
Propranolol,1,0.0,0.0,0.0,n<min_cases,2022-07-01,4
Pseudoephedrine,1,0.0,0.0,0.0,n<min_cases,2022-07-01,4
Quetiapine,22,20.0,28.833303925153388,-1.1706543709249586,,2022-07-01,4
Salicylate,1,0.0,0.0,0.0,n<min_cases,2022-07-01,4
Sertraline,9,4.0,4.4935019104135145,0.0,n<min_cases,2022-07-01,4
Temazepam,4,0.0,0.7489169850689191,0.0,n<min_cases,2022-07-01,4
Topiramate,2,0.0,0.12481949751148652,0.0,n<min_cases,2022-07-01,4
Tramadol,21,32.0,26.21209447741217,0.8055028051811898,,2022-07-01,4
Trazodone,12,10.0,8.23808683575811,0.4424284974468873,,2022-07-01,4
Valproic Acid,1,0.0,0.0,0.0,n<min_cases,2022-07-01,4
Venlafaxine,3,0.0,0.37445849253445956,0.0,n<min_cases,2022-07-01,4
Verapamil,1,0.0,0.0,0.0,n<min_cases,2022-07-01,4
Zolpidem,3,0.0,0.37445849253445956,0.0,n<min_cases,2022-07-01,4
para-Fluorofentanyl,109,658.0,734.6875623526097,-1.8301428984698935,,2022-07-01,4
"1,1-Difluoroethane",3,0.0,0.3783056643987435,0.0,n<min_cases,2022-10-01,4
25B-NBOH,1,0.0,0.0,0.0,n<min_cases,2022-10-01,4
Acetaminophen,3,2.0,0.3783056643987435,0.0,n<min_cases,2022-10-01,4
Acetyl fentanyl,42,102.0,108.5737256824394,-0.43829543359340595,,2022-10-01,4
Acryl fentanyl,2,0.0,0.12610188813291454,0.0,n<min_cases,2022-10-01,4
Alprazolam,136,1236.0,1157.6153330601553,1.4532625201811151,,2022-10-01,4
Amitriptyline,1,0.0,0.0,0.0,n<min_cases,2022-10-01,4
Amlodipine,4,0.0,0.756611328797487,0.0,n<min_cases,2022-10-01,4
Amphetamine,23,24.0,31.903777697627373,-0.9947974925947595,,2022-10-01,4
Baclofen,2,0.0,0.12610188813291454,0.0,n<min_cases,2022-10-01,4
Benztropine,4,0.0,0.756611328797487,0.0,n<min_cases,2022-10-01,4
Benzylfentanyl,1,0.0,0.0,0.0,n<min_cases,2022-10-01,4
Bromazolam,1,0.0,0.0,0.0,n<min_cases,2022-10-01,4
Buprenorphine,2,0.0,0.12610188813291454,0.0,n<min_cases,2022-10-01,4
Bupropion,6,6.0,1.8915283219937178,0.0,n<min_cases,2022-10-01,4
Carbidopa,1,0.0,0.0,0.0,n<min_cases,2022-10-01,4
Carbon monoxide,1,0.0,0.0,0.0,n<min_cases,2022-10-01,4
Carisoprodol,3,0.0,0.3783056643987435,0.0,n<min_cases,2022-10-01,4
Chlorcyclizine,1,0.0,0.0,0.0,n<min_cases,2022-10-01,4
Chlordiazepoxide,4,0.0,0.756611328797487,0.0,n<min_cases,2022-10-01,4
Chlorpheniramine,1,0.0,0.0,0.0,n<min_cases,2022-10-01,4
Chlorpromazine,1,0.0,0.0,0.0,n<min_cases,2022-10-01,4
Citalopram,8,0.0,3.5308528677216064,0.0,n<min_cases,2022-10-01,4
Clonazepam,22,44.0,29.129536158703253,1.9612024329706408,,2022-10-01,4
Clonazolam,1,0.0,0.0,0.0,n<min_cases,2022-10-01,4
Clozapine,1,0.0,0.0,0.0,n<min_cases,2022-10-01,4
Cocaine,542,22802.0,18487.92392105473,15.802078221137986,,2022-10-01,4
Codeine,12,6.0,8.322724616772359,-0.580451941818996,,2022-10-01,4
Cyclobenzaprine,4,0.0,0.756611328797487,0.0,n<min_cases,2022-10-01,4
Deoxymethoxetamine,1,0.0,0.0,0.0,n<min_cases,2022-10-01,4
Dextromethorphan,1,0.0,0.0,0.0,n<min_cases,2022-10-01,4
Diazepam,21,20.0,26.48139650791205,-0.8976526124826182,,2022-10-01,4
Diphenhydramine,10,8.0,5.674584965981153,0.7056094609354164,,2022-10-01,4
Dipyrone,1,0.0,0.0,0.0,n<min_cases,2022-10-01,4
Doxepin,1,0.0,0.0,0.0,n<min_cases,2022-10-01,4
Doxylamine,7,0.0,2.648139650791205,0.0,n<min_cases,2022-10-01,4
Duloxetine,5,0.0,1.2610188813291452,0.0,n<min_cases,2022-10-01,4
Ephedrine,1,0.0,0.0,0.0,n<min_cases,2022-10-01,4
Eszopiclone,1,0.0,0.0,0.0,n<min_cases,2022-10-01,4
Ethanol,391,10000.0,9614.638460694066,2.088755414427289,,2022-10-01,4
Etizolam,2,0.0,0.12610188813291454,0.0,n<min_cases,2022-10-01,4
Fentanyl,1895,235134.0,226298.03487724374,0.0,case_fraction>max,2022-10-01,4
Flualprazolam,4,2.0,0.756611328797487,0.0,n<min_cases,2022-10-01,4
Flubromazolam,2,0.0,0.12610188813291454,0.0,n<min_cases,2022-10-01,4
Fluoxetine,6,0.0,1.8915283219937178,0.0,n<min_cases,2022-10-01,4
GHB,2,0.0,0.12610188813291454,0.0,n<min_cases,2022-10-01,4
Gabapentin,8,2.0,3.5308528677216064,0.0,n<min_cases,2022-10-01,4
Heroin,199,2606.0,2484.3332981065487,1.461401493315943,,2022-10-01,4
Hydrocodone,42,102.0,108.5737256824394,-0.43829543359340595,,2022-10-01,4
Hydromorphone,6,2.0,1.8915283219937178,0.0,n<min_cases,2022-10-01,4
Hydroxychloroquine,1,0.0,0.0,0.0,n<min_cases,2022-10-01,4
Hydroxyzine,5,2.0,1.2610188813291452,0.0,n<min_cases,2022-10-01,4
Ketamine,16,24.0,15.132226575949742,1.6350376136227691,,2022-10-01,4
Lacosamide,1,0.0,0.0,0.0,n<min_cases,2022-10-01,4
Lamotrigine,2,0.0,0.12610188813291454,0.0,n<min_cases,2022-10-01,4
Levamisole,1,0.0,0.0,0.0,n<min_cases,2022-10-01,4
Levodopa,1,0.0,0.0,0.0,n<min_cases,2022-10-01,4
Lidocaine,2,2.0,0.12610188813291454,0.0,n<min_cases,2022-10-01,4
Lorazepam,14,12.0,11.475271820095221,0.11138638340634587,,2022-10-01,4
MDMA,19,26.0,21.56342287072838,0.6826461560938024,,2022-10-01,4
MMC,1,0.0,0.0,0.0,n<min_cases,2022-10-01,4
Memantine,1,0.0,0.0,0.0,n<min_cases,2022-10-01,4
Meprobamate,1,0.0,0.0,0.0,n<min_cases,2022-10-01,4
Methadone,15,26.0,13.240698253956024,2.5182127982406324,,2022-10-01,4
Methamphetamine,1743,196360.0,191441.95977464857,0.0,case_fraction>max,2022-10-01,4
Metoprolol,1,0.0,0.0,0.0,n<min_cases,2022-10-01,4
Midazolam,1,0.0,0.0,0.0,n<min_cases,2022-10-01,4
Mirtazapine,2,0.0,0.12610188813291454,0.0,n<min_cases,2022-10-01,4
Mitragynine,17,38.0,17.149856786076377,3.606524052461434,,2022-10-01,4
Morphine,34,60.0,70.74315924256504,-0.8958709836651736,,2022-10-01,4
Olanzapine,12,8.0,8.322724616772359,-0.08064930690690912,,2022-10-01,4
Ondansetron,1,0.0,0.0,0.0,n<min_cases,2022-10-01,4
Oxycodone,44,92.0,119.29238617373714,-1.731946942810721,,2022-10-01,4
Oxymorphone,4,2.0,0.756611328797487,0.0,n<min_cases,2022-10-01,4
PCP,105,990.0,688.5163092057132,7.461253568299769,,2022-10-01,4
Paroxetine,1,0.0,0.0,0.0,n<min_cases,2022-10-01,4
Pentobarbital,1,0.0,0.0,0.0,n<min_cases,2022-10-01,4
Promethazine,1,0.0,0.0,0.0,n<min_cases,2022-10-01,4
Propoxyphene,1,0.0,0.0,0.0,n<min_cases,2022-10-01,4
Propranolol,1,0.0,0.0,0.0,n<min_cases,2022-10-01,4
Pseudoephedrine,2,0.0,0.12610188813291454,0.0,n<min_cases,2022-10-01,4
Quetiapine,14,6.0,11.475271820095221,-1.16226028935164,,2022-10-01,4
Salicylate,1,0.0,0.0,0.0,n<min_cases,2022-10-01,4
Sertraline,5,0.0,1.2610188813291452,0.0,n<min_cases,2022-10-01,4
Temazepam,4,2.0,0.756611328797487,0.0,n<min_cases,2022-10-01,4
Topiramate,2,0.0,0.12610188813291454,0.0,n<min_cases,2022-10-01,4
Tramadol,22,34.0,29.129536158703253,0.6423448277867406,,2022-10-01,4
Trazodone,11,8.0,6.935603847310299,0.29176039997576936,,2022-10-01,4
Valproate,2,0.0,0.12610188813291454,0.0,n<min_cases,2022-10-01,4
Venlafaxine,1,0.0,0.0,0.0,n<min_cases,2022-10-01,4
Zolpidem,2,0.0,0.12610188813291454,0.0,n<min_cases,2022-10-01,4
para-Fluorofentanyl,127,896.0,1008.9412069514491,-2.2613487524207585,,2022-10-01,4
"1,1-Difluoroethane",2,0.0,0.12637291689801486,0.0,n<min_cases,2023-01-01,4
25B-NBOH,1,0.0,0.0,0.0,n<min_cases,2023-01-01,4
Acetaminophen,1,0.0,0.0,0.0,n<min_cases,2023-01-01,4
Acetyl fentanyl,41,118.0,103.62579185637217,0.9838589737558798,,2023-01-01,4
Acryl fentanyl,2,0.0,0.12637291689801486,0.0,n<min_cases,2023-01-01,4
Alprazolam,127,1152.0,1011.1097081010167,2.830031851118297,,2023-01-01,4
Amitriptyline,1,0.0,0.0,0.0,n<min_cases,2023-01-01,4
Amlodipine,5,0.0,1.2637291689801484,0.0,n<min_cases,2023-01-01,4
Amphetamine,18,18.0,19.33505628539627,-0.21738696420341538,,2023-01-01,4
Baclofen,1,0.0,0.0,0.0,n<min_cases,2023-01-01,4
Benztropine,4,0.0,0.758237501388089,0.0,n<min_cases,2023-01-01,4
Benzylfentanyl,1,0.0,0.0,0.0,n<min_cases,2023-01-01,4
Bromazolam,1,0.0,0.0,0.0,n<min_cases,2023-01-01,4
Buprenorphine,2,0.0,0.12637291689801486,0.0,n<min_cases,2023-01-01,4
Bupropion,5,0.0,1.2637291689801484,0.0,n<min_cases,2023-01-01,4
Carbidopa,1,0.0,0.0,0.0,n<min_cases,2023-01-01,4
Carbon monoxide,2,0.0,0.12637291689801486,0.0,n<min_cases,2023-01-01,4
Carisoprodol,2,0.0,0.12637291689801486,0.0,n<min_cases,2023-01-01,4
Chlordiazepoxide,4,0.0,0.758237501388089,0.0,n<min_cases,2023-01-01,4
Chlorpheniramine,1,0.0,0.0,0.0,n<min_cases,2023-01-01,4
Chlorpromazine,1,0.0,0.0,0.0,n<min_cases,2023-01-01,4
Citalopram,6,0.0,1.8955937534702225,0.0,n<min_cases,2023-01-01,4
Clobazam,1,0.0,0.0,0.0,n<min_cases,2023-01-01,4
Clonazepam,13,18.0,9.857087518045157,1.868522057897856,,2023-01-01,4
Clozapine,1,0.0,0.0,0.0,n<min_cases,2023-01-01,4
Cocaine,567,24712.0,20277.92461837236,15.493901320998893,,2023-01-01,4
Codeine,9,4.0,4.549425008328534,0.0,n<min_cases,2023-01-01,4
Cyclobenzaprine,3,0.0,0.3791187506940445,0.0,n<min_cases,2023-01-01,4
Deoxymethoxetamine,1,0.0,0.0,0.0,n<min_cases,2023-01-01,4
Diazepam,20,32.0,24.01085421062282,1.1645033624409504,,2023-01-01,4
Diphenhydramine,11,8.0,6.950510429390816,0.28750752141725255,,2023-01-01,4
Dipyrone,1,0.0,0.0,0.0,n<min_cases,2023-01-01,4
Doxepin,1,0.0,0.0,0.0,n<min_cases,2023-01-01,4
Doxylamine,6,0.0,1.8955937534702225,0.0,n<min_cases,2023-01-01,4
Duloxetine,5,0.0,1.2637291689801484,0.0,n<min_cases,2023-01-01,4
Ephedrine,1,0.0,0.0,0.0,n<min_cases,2023-01-01,4
Eszopiclone,1,0.0,0.0,0.0,n<min_cases,2023-01-01,4
Ethanol,384,9446.0,9292.958817012419,0.8531315595914457,,2023-01-01,4
Etizolam,3,0.0,0.3791187506940445,0.0,n<min_cases,2023-01-01,4
Fentanyl,1967,252354.0,244349.74357024246,0.0,case_fraction>max,2023-01-01,4
Flecainide,2,2.0,0.12637291689801486,0.0,n<min_cases,2023-01-01,4
Flualprazolam,2,2.0,0.12637291689801486,0.0,n<min_cases,2023-01-01,4
Flubromazolam,1,0.0,0.0,0.0,n<min_cases,2023-01-01,4
Fluoxetine,6,0.0,1.8955937534702225,0.0,n<min_cases,2023-01-01,4
GHB,3,0.0,0.3791187506940445,0.0,n<min_cases,2023-01-01,4
Gabapentin,5,0.0,1.2637291689801484,0.0,n<min_cases,2023-01-01,4
Heroin,182,2316.0,2081.4883142272024,3.135408280516893,,2023-01-01,4
Hydrocodone,41,94.0,103.62579185637217,-0.6588482372572522,,2023-01-01,4
Hydromorphone,5,4.0,1.2637291689801484,0.0,n<min_cases,2023-01-01,4
Hydroxychloroquine,1,0.0,0.0,0.0,n<min_cases,2023-01-01,4
Hydroxyzine,4,0.0,0.758237501388089,0.0,n<min_cases,2023-01-01,4
Ketamine,20,32.0,24.01085421062282,1.1645033624409504,,2023-01-01,4
Lacosamide,1,0.0,0.0,0.0,n<min_cases,2023-01-01,4
Lamotrigine,2,0.0,0.12637291689801486,0.0,n<min_cases,2023-01-01,4
Levamisole,2,0.0,0.12637291689801486,0.0,n<min_cases,2023-01-01,4
Levodopa,1,0.0,0.0,0.0,n<min_cases,2023-01-01,4
Lidocaine,4,6.0,0.758237501388089,0.0,n<min_cases,2023-01-01,4
Loperamide,1,0.0,0.0,0.0,n<min_cases,2023-01-01,4
Lorazepam,13,8.0,9.857087518045157,-0.42613855897430997,,2023-01-01,4
MDMA,14,16.0,11.499935437719351,0.9548235368239999,,2023-01-01,4
MMC,1,0.0,0.0,0.0,n<min_cases,2023-01-01,4
Meprobamate,1,0.0,0.0,0.0,n<min_cases,2023-01-01,4
Methadone,8,4.0,3.5384416731444155,0.0,n<min_cases,2023-01-01,4
Methamphetamine,1801,209346.0,204837.86099999223,0.0,case_fraction>max,2023-01-01,4
Metoprolol,3,2.0,0.3791187506940445,0.0,n<min_cases,2023-01-01,4
Midazolam,2,0.0,0.12637291689801486,0.0,n<min_cases,2023-01-01,4
Mirtazapine,3,0.0,0.3791187506940445,0.0,n<min_cases,2023-01-01,4
Mitragynine,21,60.0,26.538312548583118,4.633687174333889,,2023-01-01,4
Morphine,23,26.0,31.972347975197753,-0.7516592884799587,,2023-01-01,4
Nitrous oxide,1,0.0,0.0,0.0,n<min_cases,2023-01-01,4
Nortriptyline,1,0.0,0.0,0.0,n<min_cases,2023-01-01,4
Olanzapine,6,0.0,1.8955937534702225,0.0,n<min_cases,2023-01-01,4
Ondansetron,1,0.0,0.0,0.0,n<min_cases,2023-01-01,4
Oxycodone,43,114.0,114.1147439589074,-0.007467114962535786,,2023-01-01,4
Oxymorphone,4,2.0,0.758237501388089,0.0,n<min_cases,2023-01-01,4
PCP,117,1216.0,857.5666140699287,7.8891531450462615,,2023-01-01,4
Paroxetine,2,0.0,0.12637291689801486,0.0,n<min_cases,2023-01-01,4
Promethazine,1,0.0,0.0,0.0,n<min_cases,2023-01-01,4
Propoxyphene,1,0.0,0.0,0.0,n<min_cases,2023-01-01,4
Pseudoephedrine,2,0.0,0.12637291689801486,0.0,n<min_cases,2023-01-01,4
Quetiapine,11,8.0,6.950510429390816,0.28750752141725255,,2023-01-01,4
Salicylate,1,0.0,0.0,0.0,n<min_cases,2023-01-01,4
Sertraline,3,0.0,0.3791187506940445,0.0,n<min_cases,2023-01-01,4
Temazepam,5,2.0,1.2637291689801484,0.0,n<min_cases,2023-01-01,4
Tizanidine,1,0.0,0.0,0.0,n<min_cases,2023-01-01,4
Topiramate,2,0.0,0.12637291689801486,0.0,n<min_cases,2023-01-01,4
Tramadol,26,42.0,41.07119799185482,0.10276650444338337,,2023-01-01,4
Trazodone,10,2.0,5.686781260410667,-1.1179941516709964,,2023-01-01,4
Valproate,2,0.0,0.12637291689801486,0.0,n<min_cases,2023-01-01,4
Vilazodone,1,0.0,0.0,0.0,n<min_cases,2023-01-01,4
Zolpidem,1,0.0,0.0,0.0,n<min_cases,2023-01-01,4
para-Fluorofentanyl,148,1348.0,1374.6845900166054,-0.45134304603684144,,2023-01-01,4
"1,1-Difluoroethane",1,0.0,0.0,0.0,n<min_cases,2023-04-01,4
Acetaminophen,1,0.0,0.0,0.0,n<min_cases,2023-04-01,4
Acetyl fentanyl,54,264.0,180.7705525058685,4.236902104435439,,2023-04-01,4
Acryl fentanyl,1,0.0,0.0,0.0,n<min_cases,2023-04-01,4
Alprazolam,106,824.0,702.9965930783775,2.955048932092899,,2023-04-01,4
Amitriptyline,1,0.0,0.0,0.0,n<min_cases,2023-04-01,4
Amlodipine,2,0.0,0.12632463487482076,0.0,n<min_cases,2023-04-01,4
Amphetamine,22,26.0,29.180990656083594,-0.418982423196177,,2023-04-01,4
Baclofen,1,0.0,0.0,0.0,n<min_cases,2023-04-01,4
Benazepril,1,0.0,0.0,0.0,n<min_cases,2023-04-01,4
Benztropine,1,0.0,0.0,0.0,n<min_cases,2023-04-01,4
Bromazolam,1,0.0,0.0,0.0,n<min_cases,2023-04-01,4
Buprenorphine,5,6.0,1.2632463487482075,0.0,n<min_cases,2023-04-01,4
Bupropion,4,0.0,0.7579478092489245,0.0,n<min_cases,2023-04-01,4
Carbidopa,1,0.0,0.0,0.0,n<min_cases,2023-04-01,4
Carbon monoxide,1,0.0,0.0,0.0,n<min_cases,2023-04-01,4
Carisoprodol,1,0.0,0.0,0.0,n<min_cases,2023-04-01,4
Chlordiazepoxide,4,0.0,0.7579478092489245,0.0,n<min_cases,2023-04-01,4
Chlorpheniramine,1,0.0,0.0,0.0,n<min_cases,2023-04-01,4
Chlorpromazine,1,0.0,0.0,0.0,n<min_cases,2023-04-01,4
Citalopram,5,0.0,1.2632463487482075,0.0,n<min_cases,2023-04-01,4
Clobazam,1,0.0,0.0,0.0,n<min_cases,2023-04-01,4
Clonazepam,11,20.0,6.947854918115142,3.5739728050254986,,2023-04-01,4
Cocaine,533,21132.0,17910.054083282335,11.97187741552987,,2023-04-01,4
Codeine,8,4.0,3.537089776494981,0.0,n<min_cases,2023-04-01,4
Cyclobenzaprine,3,0.0,0.37897390462446223,0.0,n<min_cases,2023-04-01,4
Diazepam,21,36.0,26.528173323712355,1.3101430896545514,,2023-04-01,4
Diphenhydramine,9,4.0,4.547686855493547,0.0,n<min_cases,2023-04-01,4
Dipyrone,1,0.0,0.0,0.0,n<min_cases,2023-04-01,4
Doxepin,1,0.0,0.0,0.0,n<min_cases,2023-04-01,4
Doxylamine,5,0.0,1.2632463487482075,0.0,n<min_cases,2023-04-01,4
Duloxetine,4,0.0,0.7579478092489245,0.0,n<min_cases,2023-04-01,4
Ephedrine,1,0.0,0.0,0.0,n<min_cases,2023-04-01,4
Eszopiclone,1,0.0,0.0,0.0,n<min_cases,2023-04-01,4
Ethanol,370,8726.0,8623.551199729638,0.590163785595606,,2023-04-01,4
Etizolam,2,0.0,0.12632463487482076,0.0,n<min_cases,2023-04-01,4
Fentanyl,1952,247126.0,240544.33793739666,0.0,case_fraction>max,2023-04-01,4
Flecainide,2,2.0,0.12632463487482076,0.0,n<min_cases,2023-04-01,4
Fluoxetine,4,0.0,0.7579478092489245,0.0,n<min_cases,2023-04-01,4
Fluvoxamine,1,0.0,0.0,0.0,n<min_cases,2023-04-01,4
GHB,2,0.0,0.12632463487482076,0.0,n<min_cases,2023-04-01,4
Gabapentin,6,0.0,1.8948695231223112,0.0,n<min_cases,2023-04-01,4
Heroin,169,1984.0,1793.3045166829552,2.7535473966167454,,2023-04-01,4
Hydrocodone,39,78.0,93.60655444224219,-1.1237559391409015,,2023-04-01,4
Hydromorphone,5,4.0,1.2632463487482075,0.0,n<min_cases,2023-04-01,4
Hydroxyzine,3,0.0,0.37897390462446223,0.0,n<min_cases,2023-04-01,4
Ketamine,19,28.0,21.601512563594348,0.983308835823936,,2023-04-01,4
Lacosamide,1,0.0,0.0,0.0,n<min_cases,2023-04-01,4
Lamotrigine,2,0.0,0.12632463487482076,0.0,n<min_cases,2023-04-01,4
Levamisole,2,0.0,0.12632463487482076,0.0,n<min_cases,2023-04-01,4
Levodopa,1,0.0,0.0,0.0,n<min_cases,2023-04-01,4
Lidocaine,4,6.0,0.7579478092489245,0.0,n<min_cases,2023-04-01,4
Loperamide,1,0.0,0.0,0.0,n<min_cases,2023-04-01,4
Lorazepam,10,4.0,5.684608569366934,-0.5106456835506279,,2023-04-01,4
MDA,1,0.0,0.0,0.0,n<min_cases,2023-04-01,4
MDMA,16,14.0,15.15895618497849,-0.2134397070022409,,2023-04-01,4
Meprobamate,1,0.0,0.0,0.0,n<min_cases,2023-04-01,4
Methadone,17,16.0,17.180150342975622,-0.20389289684847187,,2023-04-01,4
Methamphetamine,1784,205088.0,200911.2469917704,0.0,case_fraction>max,2023-04-01,4
Metoclopramide,2,0.0,0.12632463487482076,0.0,n<min_cases,2023-04-01,4
Metoprolol,2,2.0,0.12632463487482076,0.0,n<min_cases,2023-04-01,4
Midazolam,2,0.0,0.12632463487482076,0.0,n<min_cases,2023-04-01,4
Mirtazapine,2,0.0,0.12632463487482076,0.0,n<min_cases,2023-04-01,4
Mitragynine,17,38.0,17.180150342975622,3.5970158241169536,,2023-04-01,4
Morphine,24,24.0,34.865599225450524,-1.3059711700504084,,2023-04-01,4
Nitrous oxide,1,0.0,0.0,0.0,n<min_cases,2023-04-01,4
Nortriptyline,1,0.0,0.0,0.0,n<min_cases,2023-04-01,4
Olanzapine,4,0.0,0.7579478092489245,0.0,n<min_cases,2023-04-01,4
Ondansetron,1,0.0,0.0,0.0,n<min_cases,2023-04-01,4
Oxycodone,33,80.0,66.69940721390536,1.1428920533580729,,2023-04-01,4
Oxymorphone,3,0.0,0.37897390462446223,0.0,n<min_cases,2023-04-01,4
PCP,109,1120.0,743.546800873195,8.912878153598745,,2023-04-01,4
Paroxetine,2,0.0,0.12632463487482076,0.0,n<min_cases,2023-04-01,4
Pentobarbital,1,0.0,0.0,0.0,n<min_cases,2023-04-01,4
Propoxyphene,1,0.0,0.0,0.0,n<min_cases,2023-04-01,4
Pseudoephedrine,1,0.0,0.0,0.0,n<min_cases,2023-04-01,4
Quetiapine,8,0.0,3.537089776494981,0.0,n<min_cases,2023-04-01,4
Salicylate,1,0.0,0.0,0.0,n<min_cases,2023-04-01,4
Sertraline,4,0.0,0.7579478092489245,0.0,n<min_cases,2023-04-01,4
Temazepam,6,2.0,1.8948695231223112,0.0,n<min_cases,2023-04-01,4
Tizanidine,1,0.0,0.0,0.0,n<min_cases,2023-04-01,4
Topiramate,1,0.0,0.0,0.0,n<min_cases,2023-04-01,4
Tramadol,23,32.0,31.96013262332965,0.00501121928554846,,2023-04-01,4
Trazodone,7,2.0,2.652817332371236,0.0,n<min_cases,2023-04-01,4
Valproate,2,0.0,0.12632463487482076,0.0,n<min_cases,2023-04-01,4
Valproic Acid,1,0.0,0.0,0.0,n<min_cases,2023-04-01,4
Vancomycin,1,0.0,0.0,0.0,n<min_cases,2023-04-01,4
Vilazodone,1,0.0,0.0,0.0,n<min_cases,2023-04-01,4
Zolpidem,1,0.0,0.0,0.0,n<min_cases,2023-04-01,4
para-Fluorofentanyl,98,682.0,600.420989560023,2.1730397798801824,,2023-04-01,4
"1,1-Difluoroethane",3,2.0,0.37864292180081655,0.0,n<min_cases,2023-07-01,4
Acetyl fentanyl,57,236.0,201.4380343980344,1.6622308092358757,,2023-07-01,4
Alprazolam,93,642.0,539.9448064879645,2.884753358289936,,2023-07-01,4
Amitriptyline,1,0.0,0.0,0.0,n<min_cases,2023-07-01,4
Amlodipine,2,0.0,0.12621430726693886,0.0,n<min_cases,2023-07-01,4
Amphetamine,22,32.0,29.155504978662872,0.37492389972060075,,2023-07-01,4
Baclofen,1,0.0,0.0,0.0,n<min_cases,2023-07-01,4
Benazepril,1,0.0,0.0,0.0,n<min_cases,2023-07-01,4
Bromazolam,4,0.0,0.7572858436016331,0.0,n<min_cases,2023-07-01,4
Buprenorphine,5,8.0,1.2621430726693883,0.0,n<min_cases,2023-07-01,4
Bupropion,4,0.0,0.7572858436016331,0.0,n<min_cases,2023-07-01,4
Cannabis,2,0.0,0.12621430726693886,0.0,n<min_cases,2023-07-01,4
Carbidopa,1,0.0,0.0,0.0,n<min_cases,2023-07-01,4
Carbon monoxide,1,0.0,0.0,0.0,n<min_cases,2023-07-01,4
Carisoprodol,1,0.0,0.0,0.0,n<min_cases,2023-07-01,4
Chlorpheniramine,1,0.0,0.0,0.0,n<min_cases,2023-07-01,4
Citalopram,3,0.0,0.37864292180081655,0.0,n<min_cases,2023-07-01,4
Clobazam,1,0.0,0.0,0.0,n<min_cases,2023-07-01,4
Clonazepam,8,4.0,3.5340006034742877,0.0,n<min_cases,2023-07-01,4
Clozapine,1,0.0,0.0,0.0,n<min_cases,2023-07-01,4
Cocaine,531,20826.0,17760.246247067298,11.51623937972036,,2023-07-01,4
Codeine,6,2.0,1.8932146090040827,0.0,n<min_cases,2023-07-01,4
Cyclobenzaprine,5,2.0,1.2621430726693883,0.0,n<min_cases,2023-07-01,4
Diazepam,21,38.0,26.505004526057157,1.591080397139235,,2023-07-01,4
Diphenhydramine,8,6.0,3.5340006034742877,0.0,n<min_cases,2023-07-01,4
Dipyrone,1,0.0,0.0,0.0,n<min_cases,2023-07-01,4
Doxepin,1,0.0,0.0,0.0,n<min_cases,2023-07-01,4
Doxylamine,3,0.0,0.37864292180081655,0.0,n<min_cases,2023-07-01,4
Duloxetine,3,2.0,0.37864292180081655,0.0,n<min_cases,2023-07-01,4
Ephedrine,1,0.0,0.0,0.0,n<min_cases,2023-07-01,4
Ethanol,383,9154.0,9232.955219498377,-0.4384988152731301,,2023-07-01,4
Etizolam,2,0.0,0.12621430726693886,0.0,n<min_cases,2023-07-01,4
Fentanyl,1911,237256.0,230341.74183369972,0.0,case_fraction>max,2023-07-01,4
Flecainide,2,2.0,0.12621430726693886,0.0,n<min_cases,2023-07-01,4
Fluoxetine,3,0.0,0.37864292180081655,0.0,n<min_cases,2023-07-01,4
Fluvoxamine,1,0.0,0.0,0.0,n<min_cases,2023-07-01,4
GHB,1,0.0,0.0,0.0,n<min_cases,2023-07-01,4
Gabapentin,5,0.0,1.2621430726693883,0.0,n<min_cases,2023-07-01,4
Heroin,150,1576.0,1410.4448837080415,2.744866420908081,,2023-07-01,4
Hydrocodone,35,70.0,75.09751282382861,-0.4119730909368608,,2023-07-01,4
Hydromorphone,6,2.0,1.8932146090040827,0.0,n<min_cases,2023-07-01,4
Hydroxychloroquine,1,0.0,0.0,0.0,n<min_cases,2023-07-01,4
Hydroxyzine,3,0.0,0.37864292180081655,0.0,n<min_cases,2023-07-01,4
Ketamine,15,16.0,13.252502263028578,0.5419619110049269,,2023-07-01,4
Lacosamide,1,0.0,0.0,0.0,n<min_cases,2023-07-01,4
Lamotrigine,1,0.0,0.0,0.0,n<min_cases,2023-07-01,4
Levamisole,2,0.0,0.12621430726693886,0.0,n<min_cases,2023-07-01,4
Levodopa,1,0.0,0.0,0.0,n<min_cases,2023-07-01,4
Lidocaine,4,2.0,0.7572858436016331,0.0,n<min_cases,2023-07-01,4
Loperamide,1,0.0,0.0,0.0,n<min_cases,2023-07-01,4
Lorazepam,7,2.0,2.6505004526057157,0.0,n<min_cases,2023-07-01,4
MDA,1,0.0,0.0,0.0,n<min_cases,2023-07-01,4
MDMA,20,22.0,23.980718380718383,-0.28859563969749247,,2023-07-01,4
Meprobamate,1,0.0,0.0,0.0,n<min_cases,2023-07-01,4
Methadone,17,30.0,17.165145788303683,2.218855591133511,,2023-07-01,4
Methamphetamine,1726,192162.0,187892.0838706102,0.0,case_fraction>max,2023-07-01,4
Metoclopramide,3,0.0,0.37864292180081655,0.0,n<min_cases,2023-07-01,4
Metonitazene,1,0.0,0.0,0.0,n<min_cases,2023-07-01,4
Metoprolol,2,2.0,0.12621430726693886,0.0,n<min_cases,2023-07-01,4
Midazolam,2,2.0,0.12621430726693886,0.0,n<min_cases,2023-07-01,4
Mirtazapine,2,0.0,0.12621430726693886,0.0,n<min_cases,2023-07-01,4
Mitragynine,16,32.0,15.145716872032661,3.10588613198945,,2023-07-01,4
Morphine,22,36.0,29.155504978662872,0.9021512591052667,,2023-07-01,4
Nitrous oxide,1,0.0,0.0,0.0,n<min_cases,2023-07-01,4
Nortriptyline,2,0.0,0.12621430726693886,0.0,n<min_cases,2023-07-01,4
Olanzapine,3,0.0,0.37864292180081655,0.0,n<min_cases,2023-07-01,4
Ondansetron,1,0.0,0.0,0.0,n<min_cases,2023-07-01,4
Oxazepam,3,0.0,0.37864292180081655,0.0,n<min_cases,2023-07-01,4
Oxycodone,28,52.0,47.70900814690289,0.43883324828684717,,2023-07-01,4
Oxymorphone,4,2.0,0.7572858436016331,0.0,n<min_cases,2023-07-01,4
PCP,114,1214.0,812.9463531063531,9.049991893734065,,2023-07-01,4
Paroxetine,2,0.0,0.12621430726693886,0.0,n<min_cases,2023-07-01,4
Pentobarbital,1,0.0,0.0,0.0,n<min_cases,2023-07-01,4
Propoxyphene,1,0.0,0.0,0.0,n<min_cases,2023-07-01,4
Pseudoephedrine,1,0.0,0.0,0.0,n<min_cases,2023-07-01,4
Quetiapine,6,0.0,1.8932146090040827,0.0,n<min_cases,2023-07-01,4
Sertraline,5,2.0,1.2621430726693883,0.0,n<min_cases,2023-07-01,4
Temazepam,10,10.0,5.6796438270122485,1.3102950801807045,,2023-07-01,4
Tizanidine,1,0.0,0.0,0.0,n<min_cases,2023-07-01,4
Tramadol,16,14.0,15.145716872032661,-0.21113126657566317,,2023-07-01,4
Trazodone,8,2.0,3.5340006034742877,0.0,n<min_cases,2023-07-01,4
Valproate,2,0.0,0.12621430726693886,0.0,n<min_cases,2023-07-01,4
Valproic Acid,1,0.0,0.0,0.0,n<min_cases,2023-07-01,4
Vancomycin,1,0.0,0.0,0.0,n<min_cases,2023-07-01,4
Venlafaxine,2,0.0,0.12621430726693886,0.0,n<min_cases,2023-07-01,4
Vilazodone,1,0.0,0.0,0.0,n<min_cases,2023-07-01,4
Xylazine,1,0.0,0.0,0.0,n<min_cases,2023-07-01,4
Zolpidem,1,0.0,0.0,0.0,n<min_cases,2023-07-01,4
para-Fluorofentanyl,82,504.0,419.1577144335039,2.7529053569904427,,2023-07-01,4
"1,1-Difluoroethane",3,2.0,0.3771795752518745,0.0,n<min_cases,2023-10-01,4
Acetyl fentanyl,59,260.0,215.11808441865244,2.0817660593731278,,2023-10-01,4
Alprazolam,86,484.0,459.53044918186714,0.7540202915058893,,2023-10-01,4
Amlodipine,1,0.0,0.0,0.0,n<min_cases,2023-10-01,4
Amphetamine,20,28.0,23.888039765952055,0.5999945320786514,,2023-10-01,4
Atomoxetine,1,0.0,0.0,0.0,n<min_cases,2023-10-01,4
Benazepril,1,0.0,0.0,0.0,n<min_cases,2023-10-01,4
Benztropine,1,0.0,0.0,0.0,n<min_cases,2023-10-01,4
Bromazolam,7,2.0,2.6402570267631216,0.0,n<min_cases,2023-10-01,4
Buprenorphine,5,4.0,1.2572652508395816,0.0,n<min_cases,2023-10-01,4
Bupropion,6,2.0,1.8858978762593726,0.0,n<min_cases,2023-10-01,4
Cannabis,2,0.0,0.12572652508395818,0.0,n<min_cases,2023-10-01,4
Carbon monoxide,1,0.0,0.0,0.0,n<min_cases,2023-10-01,4
Chlorcyclizine,1,0.0,0.0,0.0,n<min_cases,2023-10-01,4
Chlordiazepoxide,1,0.0,0.0,0.0,n<min_cases,2023-10-01,4
Chlorpheniramine,1,0.0,0.0,0.0,n<min_cases,2023-10-01,4
Citalopram,3,0.0,0.3771795752518745,0.0,n<min_cases,2023-10-01,4
Clobazam,1,0.0,0.0,0.0,n<min_cases,2023-10-01,4
Clonazepam,9,4.0,4.526154903022495,0.0,n<min_cases,2023-10-01,4
Clozapine,1,0.0,0.0,0.0,n<min_cases,2023-10-01,4
Cocaine,551,23138.0,19050.711713346762,14.662934506783017,,2023-10-01,4
Codeine,10,10.0,5.6576936287781185,1.3191195598155598,,2023-10-01,4
Cyclobenzaprine,6,2.0,1.8858978762593726,0.0,n<min_cases,2023-10-01,4
Dextromethorphan,1,0.0,0.0,0.0,n<min_cases,2023-10-01,4
Diazepam,22,38.0,29.04282729439434,1.1822908044809095,,2023-10-01,4
Diphenhydramine,10,2.0,5.6576936287781185,-1.1111457361716008,,2023-10-01,4
Doxepin,1,0.0,0.0,0.0,n<min_cases,2023-10-01,4
Doxylamine,2,0.0,0.12572652508395818,0.0,n<min_cases,2023-10-01,4
Duloxetine,1,0.0,0.0,0.0,n<min_cases,2023-10-01,4
Ethanol,389,9416.0,9488.077941985988,-0.39235128130165586,,2023-10-01,4
Etizolam,3,0.0,0.3771795752518745,0.0,n<min_cases,2023-10-01,4
Fentanyl,1894,231990.0,225386.2954487844,0.0,case_fraction>max,2023-10-01,4
Flecainide,2,2.0,0.12572652508395818,0.0,n<min_cases,2023-10-01,4
Flubromazepam,1,0.0,0.0,0.0,n<min_cases,2023-10-01,4
Flubromazolam,1,0.0,0.0,0.0,n<min_cases,2023-10-01,4
Fluoxetine,3,0.0,0.3771795752518745,0.0,n<min_cases,2023-10-01,4
Fluvoxamine,1,0.0,0.0,0.0,n<min_cases,2023-10-01,4
GHB,2,2.0,0.12572652508395818,0.0,n<min_cases,2023-10-01,4
Gabapentin,3,0.0,0.3771795752518745,0.0,n<min_cases,2023-10-01,4
Heroin,140,1440.0,1223.319089066913,3.8834584914395314,,2023-10-01,4
Hydrocodone,32,64.0,62.360356441643255,0.14584771155245924,,2023-10-01,4
Hydromorphone,4,0.0,0.754359150503749,0.0,n<min_cases,2023-10-01,4
Hydroxychloroquine,1,0.0,0.0,0.0,n<min_cases,2023-10-01,4
Hydroxyzine,4,2.0,0.754359150503749,0.0,n<min_cases,2023-10-01,4
Ketamine,14,6.0,11.441113782640194,-1.1562072218255537,,2023-10-01,4
Lamotrigine,2,0.0,0.12572652508395818,0.0,n<min_cases,2023-10-01,4
Levamisole,2,0.0,0.12572652508395818,0.0,n<min_cases,2023-10-01,4
Lidocaine,6,2.0,1.8858978762593726,0.0,n<min_cases,2023-10-01,4
Loperamide,1,0.0,0.0,0.0,n<min_cases,2023-10-01,4
Lorazepam,10,6.0,5.6576936287781185,0.10398691182197958,,2023-10-01,4
MDA,2,0.0,0.12572652508395818,0.0,n<min_cases,2023-10-01,4
MDMA,22,20.0,29.04282729439434,-1.1935966747610562,,2023-10-01,4
Methadone,19,38.0,21.49923578935685,2.5412181391960744,,2023-10-01,4
Methamphetamine,1705,187312.0,182637.8939284627,0.0,case_fraction>max,2023-10-01,4
Methocarbamol,1,0.0,0.0,0.0,n<min_cases,2023-10-01,4
Metoclopramide,3,0.0,0.3771795752518745,0.0,n<min_cases,2023-10-01,4
Metonitazene,1,0.0,0.0,0.0,n<min_cases,2023-10-01,4
Metoprolol,3,2.0,0.3771795752518745,0.0,n<min_cases,2023-10-01,4
Midazolam,2,2.0,0.12572652508395818,0.0,n<min_cases,2023-10-01,4
Mirtazapine,6,6.0,1.8858978762593726,0.0,n<min_cases,2023-10-01,4
Mitragynine,12,6.0,8.29795065554124,-0.5748890230887155,,2023-10-01,4
Morphine,22,48.0,29.04282729439434,2.5022282929486686,,2023-10-01,4
Nitrous oxide,1,0.0,0.0,0.0,n<min_cases,2023-10-01,4
Nortriptyline,2,0.0,0.12572652508395818,0.0,n<min_cases,2023-10-01,4
Olanzapine,3,0.0,0.3771795752518745,0.0,n<min_cases,2023-10-01,4
Oxazepam,3,0.0,0.3771795752518745,0.0,n<min_cases,2023-10-01,4
Oxycodone,30,64.0,54.69103841152181,0.8863939628295772,,2023-10-01,4
Oxymorphone,2,0.0,0.12572652508395818,0.0,n<min_cases,2023-10-01,4
PCP,119,1214.0,882.7259326144704,7.12657826087206,,2023-10-01,4
Paroxetine,1,0.0,0.0,0.0,n<min_cases,2023-10-01,4
Pentobarbital,1,0.0,0.0,0.0,n<min_cases,2023-10-01,4
Propranolol,2,0.0,0.12572652508395818,0.0,n<min_cases,2023-10-01,4
Quetiapine,12,14.0,8.29795065554124,1.4265082539239577,,2023-10-01,4
Sertraline,6,2.0,1.8858978762593726,0.0,n<min_cases,2023-10-01,4
Tapentadol,1,0.0,0.0,0.0,n<min_cases,2023-10-01,4
Temazepam,8,6.0,3.520342702350829,0.0,n<min_cases,2023-10-01,4
Tizanidine,1,0.0,0.0,0.0,n<min_cases,2023-10-01,4
Tramadol,16,12.0,15.08718301007498,-0.5697724635759722,,2023-10-01,4
Trazodone,9,4.0,4.526154903022495,0.0,n<min_cases,2023-10-01,4
Valproic Acid,1,0.0,0.0,0.0,n<min_cases,2023-10-01,4
Vancomycin,1,0.0,0.0,0.0,n<min_cases,2023-10-01,4
Venlafaxine,3,0.0,0.3771795752518745,0.0,n<min_cases,2023-10-01,4
Vilazodone,1,0.0,0.0,0.0,n<min_cases,2023-10-01,4
Xylazine,3,0.0,0.3771795752518745,0.0,n<min_cases,2023-10-01,4
Zinc,1,0.0,0.0,0.0,n<min_cases,2023-10-01,4
Zolpidem,1,0.0,0.0,0.0,n<min_cases,2023-10-01,4
para-Fluorofentanyl,71,362.0,312.43041483363606,1.8824619247933974,,2023-10-01,4
"1,1-Difluoroethane",3,2.0,0.37251494182631395,0.0,n<min_cases,2024-01-01,4
Acetyl fentanyl,58,258.0,205.255732946299,2.5149230982173716,,2024-01-01,4
Alprazolam,87,486.0,464.5261324574135,0.6603813581001691,,2024-01-01,4
Amphetamine,21,30.0,26.076045927841975,0.5477785053601398,,2024-01-01,4
Arsenic,1,0.0,0.0,0.0,n<min_cases,2024-01-01,4
Atomoxetine,1,0.0,0.0,0.0,n<min_cases,2024-01-01,4
Baclofen,1,0.0,0.0,0.0,n<min_cases,2024-01-01,4
Benazepril,1,0.0,0.0,0.0,n<min_cases,2024-01-01,4
Benztropine,1,0.0,0.0,0.0,n<min_cases,2024-01-01,4
Bromazolam,13,6.0,9.685388487484163,-0.85256146013404,,2024-01-01,4
Buprenorphine,5,4.0,1.24171647275438,0.0,n<min_cases,2024-01-01,4
Bupropion,7,2.0,2.6076045927841975,0.0,n<min_cases,2024-01-01,4
Cannabis,2,0.0,0.12417164727543797,0.0,n<min_cases,2024-01-01,4
Carfentanil,3,0.0,0.37251494182631395,0.0,n<min_cases,2024-01-01,4
Chlorcyclizine,3,0.0,0.37251494182631395,0.0,n<min_cases,2024-01-01,4
Chlordiazepoxide,3,0.0,0.37251494182631395,0.0,n<min_cases,2024-01-01,4
Citalopram,6,0.0,1.8625747091315696,0.0,n<min_cases,2024-01-01,4
Clonazepam,12,10.0,8.195328720178907,0.45442406609878805,,2024-01-01,4
Clozapine,1,0.0,0.0,0.0,n<min_cases,2024-01-01,4
Cocaine,516,20460.0,16498.686773487443,15.71394803699498,,2024-01-01,4
Codeine,16,18.0,14.900597673052557,0.5759059328717034,,2024-01-01,4
Cyclobenzaprine,7,0.0,2.6076045927841975,0.0,n<min_cases,2024-01-01,4
Dextromethorphan,4,0.0,0.7450298836526279,0.0,n<min_cases,2024-01-01,4
Diazepam,19,24.0,21.233351684099897,0.4290527901078211,,2024-01-01,4
Diphenhydramine,14,18.0,11.299619902064856,1.4332594900172932,,2024-01-01,4
Doxepin,1,0.0,0.0,0.0,n<min_cases,2024-01-01,4
Doxylamine,4,0.0,0.7450298836526279,0.0,n<min_cases,2024-01-01,4
Duloxetine,2,0.0,0.12417164727543797,0.0,n<min_cases,2024-01-01,4
Ephedrine,2,2.0,0.12417164727543797,0.0,n<min_cases,2024-01-01,4
Estazolam,1,0.0,0.0,0.0,n<min_cases,2024-01-01,4
Ethanol,387,9206.0,9274.504506649739,-0.3826267441055373,,2024-01-01,4
Etizolam,1,0.0,0.0,0.0,n<min_cases,2024-01-01,4
Fentanyl,1828,213954.0,207351.5020090138,0.0,case_fraction>max,2024-01-01,4
Flualprazolam,2,0.0,0.12417164727543797,0.0,n<min_cases,2024-01-01,4
Flubromazepam,1,0.0,0.0,0.0,n<min_cases,2024-01-01,4
Flubromazolam,1,0.0,0.0,0.0,n<min_cases,2024-01-01,4
Fluoxetine,3,0.0,0.37251494182631395,0.0,n<min_cases,2024-01-01,4
Fluvoxamine,1,0.0,0.0,0.0,n<min_cases,2024-01-01,4
GHB,1,0.0,0.0,0.0,n<min_cases,2024-01-01,4
Gabapentin,4,0.0,0.7450298836526279,0.0,n<min_cases,2024-01-01,4
Heroin,122,1032.0,916.5109285400077,2.4458634166514153,,2024-01-01,4
Hydrocodone,35,90.0,73.88213012888559,1.3145645749014234,,2024-01-01,4
Hydromorphone,6,2.0,1.8625747091315696,0.0,n<min_cases,2024-01-01,4
Hydroxychloroquine,1,0.0,0.0,0.0,n<min_cases,2024-01-01,4
Hydroxyzine,8,4.0,3.4768061237122634,0.0,n<min_cases,2024-01-01,4
Ketamine,17,24.0,16.887344029459566,1.2399047646074501,,2024-01-01,4
Lamotrigine,2,0.0,0.12417164727543797,0.0,n<min_cases,2024-01-01,4
Levamisole,2,0.0,0.12417164727543797,0.0,n<min_cases,2024-01-01,4
Lidocaine,4,2.0,0.7450298836526279,0.0,n<min_cases,2024-01-01,4
Lorazepam,7,4.0,2.6076045927841975,0.0,n<min_cases,2024-01-01,4
MDA,2,0.0,0.12417164727543797,0.0,n<min_cases,2024-01-01,4
MDMA,23,28.0,31.41542676068581,-0.4333295327631972,,2024-01-01,4
Methadone,21,46.0,26.076045927841975,2.781356147858417,,2024-01-01,4
Methamphetamine,1690,181086.0,177218.39584974144,0.0,case_fraction>max,2024-01-01,4
Methocarbamol,3,0.0,0.37251494182631395,0.0,n<min_cases,2024-01-01,4
Metoclopramide,3,0.0,0.37251494182631395,0.0,n<min_cases,2024-01-01,4
Metonitazene,1,0.0,0.0,0.0,n<min_cases,2024-01-01,4
Metoprolol,1,0.0,0.0,0.0,n<min_cases,2024-01-01,4
Midazolam,2,0.0,0.12417164727543797,0.0,n<min_cases,2024-01-01,4
Mirtazapine,6,2.0,1.8625747091315696,0.0,n<min_cases,2024-01-01,4
Mitragynine,17,16.0,16.887344029459566,-0.15468512669948414,,2024-01-01,4
Morphine,29,56.0,50.413688793827816,0.5554759641931778,,2024-01-01,4
Nortriptyline,1,0.0,0.0,0.0,n<min_cases,2024-01-01,4
Olanzapine,6,0.0,1.8625747091315696,0.0,n<min_cases,2024-01-01,4
Oxazepam,3,0.0,0.37251494182631395,0.0,n<min_cases,2024-01-01,4
Oxycodone,29,54.0,50.413688793827816,0.35660556700533563,,2024-01-01,4
Oxymorphone,2,0.0,0.12417164727543797,0.0,n<min_cases,2024-01-01,4
PCP,118,1244.0,857.1568811423484,8.502442504641516,,2024-01-01,4
Pentobarbital,1,0.0,0.0,0.0,n<min_cases,2024-01-01,4
Phenobarbital,1,0.0,0.0,0.0,n<min_cases,2024-01-01,4
Pregabalin,2,2.0,0.12417164727543797,0.0,n<min_cases,2024-01-01,4
Propranolol,3,0.0,0.37251494182631395,0.0,n<min_cases,2024-01-01,4
Quetiapine,18,20.0,18.998262033142012,0.16443639165778548,,2024-01-01,4
Sertraline,8,4.0,3.4768061237122634,0.0,n<min_cases,2024-01-01,4
Tapentadol,1,0.0,0.0,0.0,n<min_cases,2024-01-01,4
Temazepam,6,2.0,1.8625747091315696,0.0,n<min_cases,2024-01-01,4
Topiramate,1,0.0,0.0,0.0,n<min_cases,2024-01-01,4
Tramadol,14,22.0,11.299619902064856,2.2888882567847078,,2024-01-01,4
Trazodone,9,4.0,4.470179301915767,0.0,n<min_cases,2024-01-01,4
Valproic Acid,1,0.0,0.0,0.0,n<min_cases,2024-01-01,4
Vancomycin,1,0.0,0.0,0.0,n<min_cases,2024-01-01,4
Venlafaxine,3,0.0,0.37251494182631395,0.0,n<min_cases,2024-01-01,4
Xylazine,3,0.0,0.37251494182631395,0.0,n<min_cases,2024-01-01,4
Zinc,1,0.0,0.0,0.0,n<min_cases,2024-01-01,4
Zolpidem,1,0.0,0.0,0.0,n<min_cases,2024-01-01,4
para-Fluorofentanyl,57,174.0,198.17794905159903,-1.174522786852485,,2024-01-01,4
"1,1-Difluoroethane",5,8.0,1.2473318370486843,0.0,n<min_cases,2024-04-01,4
Acetaminophen,2,0.0,0.12473318370486842,0.0,n<min_cases,2024-04-01,4
Acetyl fentanyl,36,80.0,78.5819057340671,0.11254773819773219,,2024-04-01,4
Alprazolam,99,594.0,605.0806741523166,-0.2984652913883727,,2024-04-01,4
Amlodipine,1,0.0,0.0,0.0,n<min_cases,2024-04-01,4
Amphetamine,23,22.0,31.55749547733171,-1.2135960985039518,,2024-04-01,4
Arsenic,1,0.0,0.0,0.0,n<min_cases,2024-04-01,4
Atomoxetine,1,0.0,0.0,0.0,n<min_cases,2024-04-01,4
Baclofen,1,0.0,0.0,0.0,n<min_cases,2024-04-01,4
Benztropine,1,0.0,0.0,0.0,n<min_cases,2024-04-01,4
Benzylfentanyl,3,2.0,0.3741995511146053,0.0,n<min_cases,2024-04-01,4
Bromazolam,20,20.0,23.699304903925,-0.5438123785992736,,2024-04-01,4
Buprenorphine,2,0.0,0.12473318370486842,0.0,n<min_cases,2024-04-01,4
Bupropion,7,6.0,2.6193968578022364,0.0,n<min_cases,2024-04-01,4
Buspirone,1,0.0,0.0,0.0,n<min_cases,2024-04-01,4
Cannabis,2,0.0,0.12473318370486842,0.0,n<min_cases,2024-04-01,4
Carfentanil,4,2.0,0.7483991022292106,0.0,n<min_cases,2024-04-01,4
Chlorcyclizine,3,0.0,0.3741995511146053,0.0,n<min_cases,2024-04-01,4
Chlordiazepoxide,3,0.0,0.3741995511146053,0.0,n<min_cases,2024-04-01,4
Citalopram,8,2.0,3.492529143736316,0.0,n<min_cases,2024-04-01,4
Clonazepam,19,16.0,21.3293744135325,-0.8267203319513723,,2024-04-01,4
Clozapine,1,0.0,0.0,0.0,n<min_cases,2024-04-01,4
Cocaine,525,21900.0,17157.049418604653,18.978533557397256,,2024-04-01,4
Codeine,17,16.0,16.963712983862106,-0.16800120812918032,,2024-04-01,4
Cyclobenzaprine,6,0.0,1.8709977555730264,0.0,n<min_cases,2024-04-01,4
Dextromethorphan,4,0.0,0.7483991022292106,0.0,n<min_cases,2024-04-01,4
Diazepam,18,22.0,19.08417710684487,0.4787094425444963,,2024-04-01,4
Diphenhydramine,16,16.0,14.967982044584211,0.19173871896604697,,2024-04-01,4
Doxepin,2,0.0,0.12473318370486842,0.0,n<min_cases,2024-04-01,4
Doxylamine,4,0.0,0.7483991022292106,0.0,n<min_cases,2024-04-01,4
Duloxetine,2,0.0,0.12473318370486842,0.0,n<min_cases,2024-04-01,4
Ephedrine,3,2.0,0.3741995511146053,0.0,n<min_cases,2024-04-01,4
Estazolam,1,0.0,0.0,0.0,n<min_cases,2024-04-01,4
Ethanol,378,8620.0,8887.61353852299,-1.5758657656587218,,2024-04-01,4
Etizolam,1,0.0,0.0,0.0,n<min_cases,2024-04-01,4
Fentanyl,1745,195642.0,189799.001652676,0.0,case_fraction>max,2024-04-01,4
Flualprazolam,2,0.0,0.12473318370486842,0.0,n<min_cases,2024-04-01,4
Flubromazepam,1,0.0,0.0,0.0,n<min_cases,2024-04-01,4
Flubromazolam,1,0.0,0.0,0.0,n<min_cases,2024-04-01,4
Fluoxetine,4,2.0,0.7483991022292106,0.0,n<min_cases,2024-04-01,4
GHB,1,0.0,0.0,0.0,n<min_cases,2024-04-01,4
Gabapentin,2,0.0,0.12473318370486842,0.0,n<min_cases,2024-04-01,4
Heroin,121,998.0,905.5629136973447,1.9976701363139293,,2024-04-01,4
Hydrocodone,36,106.0,78.5819057340671,2.176050329977841,,2024-04-01,4
Hydromorphone,10,8.0,5.612993266719079,0.7290644766283705,,2024-04-01,4
Hydroxychloroquine,1,0.0,0.0,0.0,n<min_cases,2024-04-01,4
Hydroxyzine,7,2.0,2.6193968578022364,0.0,n<min_cases,2024-04-01,4
Ketamine,21,36.0,26.193968578022368,1.369670664758768,,2024-04-01,4
Lamotrigine,2,0.0,0.12473318370486842,0.0,n<min_cases,2024-04-01,4
Levamisole,2,0.0,0.12473318370486842,0.0,n<min_cases,2024-04-01,4
Lidocaine,6,2.0,1.8709977555730264,0.0,n<min_cases,2024-04-01,4
Lorazepam,14,18.0,11.350719717143027,1.4217709393176532,,2024-04-01,4
MDA,1,0.0,0.0,0.0,n<min_cases,2024-04-01,4
MDMA,24,40.0,34.42635870254369,0.6768708970694503,,2024-04-01,4
Methadone,12,10.0,8.232390124521315,0.4447936452856273,,2024-04-01,4
Methamphetamine,1655,173364.0,170720.43753909782,0.0,case_fraction>max,2024-04-01,4
Methocarbamol,3,0.0,0.3741995511146053,0.0,n<min_cases,2024-04-01,4
Metoclopramide,1,0.0,0.0,0.0,n<min_cases,2024-04-01,4
Metonitazene,1,0.0,0.0,0.0,n<min_cases,2024-04-01,4
Metoprolol,1,0.0,0.0,0.0,n<min_cases,2024-04-01,4
Midazolam,2,0.0,0.12473318370486842,0.0,n<min_cases,2024-04-01,4
Mirtazapine,8,4.0,3.492529143736316,0.0,n<min_cases,2024-04-01,4
Mitragynine,23,26.0,31.55749547733171,-0.7056822412042705,,2024-04-01,4
Morphine,28,42.0,47.14914344044026,-0.5320453436766364,,2024-04-01,4
Nicotine,1,0.0,0.0,0.0,n<min_cases,2024-04-01,4
Nortriptyline,1,0.0,0.0,0.0,n<min_cases,2024-04-01,4
Olanzapine,6,0.0,1.8709977555730264,0.0,n<min_cases,2024-04-01,4
Oxazepam,3,0.0,0.3741995511146053,0.0,n<min_cases,2024-04-01,4
Oxycodone,28,38.0,47.14914344044026,-0.9453531878497601,,2024-04-01,4
Oxymorphone,2,0.0,0.12473318370486842,0.0,n<min_cases,2024-04-01,4
PCP,116,1234.0,831.9703353114724,9.102080632914772,,2024-04-01,4
Paroxetine,2,0.0,0.12473318370486842,0.0,n<min_cases,2024-04-01,4
Phenobarbital,1,0.0,0.0,0.0,n<min_cases,2024-04-01,4
Phentermine,2,0.0,0.12473318370486842,0.0,n<min_cases,2024-04-01,4
Pregabalin,2,2.0,0.12473318370486842,0.0,n<min_cases,2024-04-01,4
Propranolol,3,0.0,0.3741995511146053,0.0,n<min_cases,2024-04-01,4
Protonitazene,2,0.0,0.12473318370486842,0.0,n<min_cases,2024-04-01,4
Quetiapine,16,14.0,14.967982044584211,-0.1798414806997573,,2024-04-01,4
Salicylate,1,0.0,0.0,0.0,n<min_cases,2024-04-01,4
Secobarbital,1,0.0,0.0,0.0,n<min_cases,2024-04-01,4
Sertraline,6,2.0,1.8709977555730264,0.0,n<min_cases,2024-04-01,4
Tapentadol,1,0.0,0.0,0.0,n<min_cases,2024-04-01,4
Temazepam,7,2.0,2.6193968578022364,0.0,n<min_cases,2024-04-01,4
Topiramate,1,0.0,0.0,0.0,n<min_cases,2024-04-01,4
Tramadol,18,38.0,19.08417710684487,3.105532593803855,,2024-04-01,4
Trazodone,9,4.0,4.490394613375263,0.0,n<min_cases,2024-04-01,4
Venlafaxine,3,0.0,0.3741995511146053,0.0,n<min_cases,2024-04-01,4
Xylazine,4,0.0,0.7483991022292106,0.0,n<min_cases,2024-04-01,4
Zinc,1,0.0,0.0,0.0,n<min_cases,2024-04-01,4
Zolpidem,2,0.0,0.12473318370486842,0.0,n<min_cases,2024-04-01,4
para-Fluorofentanyl,74,346.0,336.9043291868496,0.33582486680173707,,2024-04-01,4
"1,1-Difluoroethane",4,4.0,0.748684188716084,0.0,n<min_cases,2024-07-01,4
Acetaminophen,2,0.0,0.12478069811934733,0.0,n<min_cases,2024-07-01,4
Acetyl fentanyl,24,42.0,34.439472680939865,0.9191869859659537,,2024-07-01,4
Alprazolam,115,838.0,817.9374761723218,0.46108803085814026,,2024-07-01,4
Amlodipine,1,0.0,0.0,0.0,n<min_cases,2024-07-01,4
Amphetamine,28,50.0,47.16710388911329,0.2931069428133048,,2024-07-01,4
Arsenic,1,0.0,0.0,0.0,n<min_cases,2024-07-01,4
Atomoxetine,1,0.0,0.0,0.0,n<min_cases,2024-07-01,4
Baclofen,4,2.0,0.748684188716084,0.0,n<min_cases,2024-07-01,4
Benztropine,1,0.0,0.0,0.0,n<min_cases,2024-07-01,4
Benzylfentanyl,5,4.0,1.2478069811934733,0.0,n<min_cases,2024-07-01,4
Bromazolam,20,22.0,23.70833264267599,-0.2513552343855366,,2024-07-01,4
Buprenorphine,1,0.0,0.0,0.0,n<min_cases,2024-07-01,4
Bupropion,8,6.0,3.4938595473417253,0.0,n<min_cases,2024-07-01,4
Buspirone,1,0.0,0.0,0.0,n<min_cases,2024-07-01,4
Carfentanil,12,22.0,8.235526075876924,3.465106164986312,,2024-07-01,4
Chlorcyclizine,3,0.0,0.374342094358042,0.0,n<min_cases,2024-07-01,4
Chlordiazepoxide,5,0.0,1.2478069811934733,0.0,n<min_cases,2024-07-01,4
Citalopram,13,10.0,9.732894453309092,0.06178814084790303,,2024-07-01,4
Clonazepam,24,38.0,34.439472680939865,0.43287858594275547,,2024-07-01,4
Cocaine,479,17240.0,14285.019101401002,13.38596296332399,,2024-07-01,4
Codeine,24,36.0,34.439472680939865,0.18972438593115634,,2024-07-01,4
Cyclobenzaprine,6,0.0,1.8717104717902102,0.0,n<min_cases,2024-07-01,4
Dextromethorphan,4,0.0,0.748684188716084,0.0,n<min_cases,2024-07-01,4
Diazepam,14,12.0,11.355043528860607,0.13798162080329862,,2024-07-01,4
Diphenhydramine,20,24.0,23.70833264267599,0.0429144272791906,,2024-07-01,4
Doxepin,1,0.0,0.0,0.0,n<min_cases,2024-07-01,4
Doxylamine,3,0.0,0.374342094358042,0.0,n<min_cases,2024-07-01,4
Duloxetine,1,0.0,0.0,0.0,n<min_cases,2024-07-01,4
Ephedrine,5,2.0,1.2478069811934733,0.0,n<min_cases,2024-07-01,4
Escitalopram,1,0.0,0.0,0.0,n<min_cases,2024-07-01,4
Estazolam,1,0.0,0.0,0.0,n<min_cases,2024-07-01,4
Ethanol,358,7716.0,7973.860951920653,-1.6398947145812393,,2024-07-01,4
Etizolam,1,0.0,0.0,0.0,n<min_cases,2024-07-01,4
Fentanyl,1538,151248.0,147484.92048425696,0.0,case_fraction>max,2024-07-01,4
Flualprazolam,2,0.0,0.12478069811934733,0.0,n<min_cases,2024-07-01,4
Flubromazepam,1,0.0,0.0,0.0,n<min_cases,2024-07-01,4
Flubromazolam,1,0.0,0.0,0.0,n<min_cases,2024-07-01,4
Fluoxetine,8,4.0,3.4938595473417253,0.0,n<min_cases,2024-07-01,4
GHB,1,0.0,0.0,0.0,n<min_cases,2024-07-01,4
Gabapentin,3,0.0,0.374342094358042,0.0,n<min_cases,2024-07-01,4
Heroin,116,898.0,832.2872564560467,1.4959821328689986,,2024-07-01,4
Hydrocodone,42,124.0,107.43618108075805,1.1199091552181044,,2024-07-01,4
Hydromorphone,9,10.0,4.492105132296504,0.0,n<min_cases,2024-07-01,4
Hydroxyzine,10,4.0,5.615131415370629,-0.49346167505817495,,2024-07-01,4
Ketamine,21,40.0,26.20394660506294,1.928808134437721,,2024-07-01,4
Lamotrigine,2,0.0,0.12478069811934733,0.0,n<min_cases,2024-07-01,4
Levamisole,2,0.0,0.12478069811934733,0.0,n<min_cases,2024-07-01,4
Lidocaine,9,4.0,4.492105132296504,0.0,n<min_cases,2024-07-01,4
Loperamide,1,0.0,0.0,0.0,n<min_cases,2024-07-01,4
Lorazepam,15,28.0,13.10197330253147,2.964073856286443,,2024-07-01,4
MDA,1,0.0,0.0,0.0,n<min_cases,2024-07-01,4
MDMA,16,26.0,14.973683774321682,2.0499322216979725,,2024-07-01,4
MDMB-4en-PINACA,1,0.0,0.0,0.0,n<min_cases,2024-07-01,4
Methadone,14,20.0,11.355043528860607,1.8494970731194842,,2024-07-01,4
Methamphetamine,1576,157946.0,154865.324435922,0.0,case_fraction>max,2024-07-01,4
Methocarbamol,4,0.0,0.748684188716084,0.0,n<min_cases,2024-07-01,4
Metoprolol,3,0.0,0.374342094358042,0.0,n<min_cases,2024-07-01,4
Midazolam,2,0.0,0.12478069811934733,0.0,n<min_cases,2024-07-01,4
Mirtazapine,9,2.0,4.492105132296504,0.0,n<min_cases,2024-07-01,4
Mitragynine,22,22.0,28.824341265569238,-0.9087646042496974,,2024-07-01,4
Morphine,42,110.0,107.43618108075805,0.17334434130072296,,2024-07-01,4
Nicotine,1,0.0,0.0,0.0,n<min_cases,2024-07-01,4
Olanzapine,6,0.0,1.8717104717902102,0.0,n<min_cases,2024-07-01,4
Oxycodone,37,106.0,83.10394494748532,1.7687585311474103,,2024-07-01,4
Oxymorphone,2,0.0,0.12478069811934733,0.0,n<min_cases,2024-07-01,4
PCP,106,1048.0,694.4045850341679,8.883896007280166,,2024-07-01,4
Paroxetine,2,0.0,0.12478069811934733,0.0,n<min_cases,2024-07-01,4
Phenobarbital,1,0.0,0.0,0.0,n<min_cases,2024-07-01,4
Phentermine,2,0.0,0.12478069811934733,0.0,n<min_cases,2024-07-01,4
Phenylpropanolamine,1,0.0,0.0,0.0,n<min_cases,2024-07-01,4
Pregabalin,2,2.0,0.12478069811934733,0.0,n<min_cases,2024-07-01,4
Promethazine,2,0.0,0.12478069811934733,0.0,n<min_cases,2024-07-01,4
Propranolol,4,0.0,0.748684188716084,0.0,n<min_cases,2024-07-01,4
Protonitazene,2,0.0,0.12478069811934733,0.0,n<min_cases,2024-07-01,4
Quetiapine,17,18.0,16.97017494423124,0.17965520521618328,,2024-07-01,4
Salicylate,1,0.0,0.0,0.0,n<min_cases,2024-07-01,4
Secobarbital,1,0.0,0.0,0.0,n<min_cases,2024-07-01,4
Sertraline,4,2.0,0.748684188716084,0.0,n<min_cases,2024-07-01,4
Tapentadol,1,0.0,0.0,0.0,n<min_cases,2024-07-01,4
Temazepam,4,2.0,0.748684188716084,0.0,n<min_cases,2024-07-01,4
Topiramate,1,0.0,0.0,0.0,n<min_cases,2024-07-01,4
Tramadol,19,34.0,21.337499378408392,1.9659095955309487,,2024-07-01,4
Trazodone,11,8.0,6.862938396564104,0.3139007180333372,,2024-07-01,4
Venlafaxine,3,2.0,0.374342094358042,0.0,n<min_cases,2024-07-01,4
Xylazine,6,2.0,1.8717104717902102,0.0,n<min_cases,2024-07-01,4
Zinc,1,0.0,0.0,0.0,n<min_cases,2024-07-01,4
Zolpidem,1,0.0,0.0,0.0,n<min_cases,2024-07-01,4
para-Fluorofentanyl,102,642.0,642.7453760127581,-0.019529028929359083,,2024-07-01,4
"1,1-Difluoroethane",5,4.0,1.246566148029398,0.0,n<min_cases,2024-10-01,4
Acetaminophen,3,0.0,0.37396984440881936,0.0,n<min_cases,2024-10-01,4
Acetyl fentanyl,19,18.0,21.316281131302702,-0.5163721439828118,,2024-10-01,4
Alprazolam,124,984.0,950.6313444872188,0.7164277110195958,,2024-10-01,4
Amlodipine,2,0.0,0.12465661480293978,0.0,n<min_cases,2024-10-01,4
Amphetamine,34,86.0,69.93236090444921,1.3631515813295418,,2024-10-01,4
Arsenic,1,0.0,0.0,0.0,n<min_cases,2024-10-01,4
Baclofen,4,2.0,0.7479396888176387,0.0,n<min_cases,2024-10-01,4
Benzylfentanyl,5,2.0,1.246566148029398,0.0,n<min_cases,2024-10-01,4
Bromazolam,19,26.0,21.316281131302702,0.7292934037507012,,2024-10-01,4
Bupropion,6,2.0,1.8698492220440968,0.0,n<min_cases,2024-10-01,4
Buspirone,1,0.0,0.0,0.0,n<min_cases,2024-10-01,4
Carbon monoxide,1,0.0,0.0,0.0,n<min_cases,2024-10-01,4
Carfentanil,12,22.0,8.227336576994025,3.4738708467876167,,2024-10-01,4
Chlorcyclizine,3,0.0,0.37396984440881936,0.0,n<min_cases,2024-10-01,4
Chlordiazepoxide,4,0.0,0.7479396888176387,0.0,n<min_cases,2024-10-01,4
Chloroethane,1,0.0,0.0,0.0,n<min_cases,2024-10-01,4
Citalopram,14,12.0,11.34375194706752,0.14070889359096964,,2024-10-01,4
Clonazepam,24,36.0,34.405225685611384,0.19458807853772003,,2024-10-01,4
Clonidine,1,0.0,0.0,0.0,n<min_cases,2024-10-01,4
Clozapine,2,0.0,0.12465661480293978,0.0,n<min_cases,2024-10-01,4
Cocaine,449,14426.0,12537.463690420473,9.53676386858609,,2024-10-01,4
Codeine,24,40.0,34.405225685611384,0.6826523188056447,,2024-10-01,4
Cyclobenzaprine,4,0.0,0.7479396888176387,0.0,n<min_cases,2024-10-01,4
Dextromethorphan,3,0.0,0.37396984440881936,0.0,n<min_cases,2024-10-01,4
Diazepam,16,12.0,14.958793776352774,-0.5514538462629065,,2024-10-01,4
Diphenhydramine,20,20.0,23.684756812558557,-0.5438158178210163,,2024-10-01,4
Dipyrone,2,0.0,0.12465661480293978,0.0,n<min_cases,2024-10-01,4
Doxepin,4,0.0,0.7479396888176387,0.0,n<min_cases,2024-10-01,4
Doxylamine,3,0.0,0.37396984440881936,0.0,n<min_cases,2024-10-01,4
Duloxetine,4,2.0,0.7479396888176387,0.0,n<min_cases,2024-10-01,4
Ephedrine,7,4.0,2.617788910861736,0.0,n<min_cases,2024-10-01,4
Escitalopram,1,0.0,0.0,0.0,n<min_cases,2024-10-01,4
Estazolam,1,0.0,0.0,0.0,n<min_cases,2024-10-01,4
Ethanol,346,7168.0,7440.130054513461,-1.8535340927878357,,2024-10-01,4
Ethylene Glycol,2,2.0,0.12465661480293978,0.0,n<min_cases,2024-10-01,4
Fentanyl,1435,132816.0,128258.56768767073,0.0,case_fraction>max,2024-10-01,4
Flualprazolam,2,0.0,0.12465661480293978,0.0,n<min_cases,2024-10-01,4
Fluoxetine,8,6.0,3.4903852144823144,0.0,n<min_cases,2024-10-01,4
Gabapentin,3,0.0,0.37396984440881936,0.0,n<min_cases,2024-10-01,4
Heroin,114,892.0,802.9132559457352,2.0957383220327506,,2024-10-01,4
Hydrocodone,44,118.0,117.92515760358103,0.004848172252076055,,2024-10-01,4
Hydromorphone,10,14.0,5.609547666132291,2.5677025174030224,,2024-10-01,4
Hydroxychloroquine,1,0.0,0.0,0.0,n<min_cases,2024-10-01,4
Hydroxyzine,12,12.0,8.227336576994025,0.951576690535433,,2024-10-01,4
Ketamine,25,74.0,37.39698444088194,4.279995746687126,,2024-10-01,4
Labetalol,1,0.0,0.0,0.0,n<min_cases,2024-10-01,4
Levamisole,2,0.0,0.12465661480293978,0.0,n<min_cases,2024-10-01,4
Lidocaine,16,20.0,14.958793776352774,0.9395695583967286,,2024-10-01,4
Loperamide,1,0.0,0.0,0.0,n<min_cases,2024-10-01,4
Lorazepam,13,12.0,9.723215954629303,0.5277703026249094,,2024-10-01,4
MDMA,11,12.0,6.856113814161688,1.4225780346849466,,2024-10-01,4
MDMB-4en-PINACA,2,2.0,0.12465661480293978,0.0,n<min_cases,2024-10-01,4
Methadone,13,20.0,9.723215954629303,2.382211627257365,,2024-10-01,4
Methamphetamine,1584,159648.0,156286.48561657852,0.0,case_fraction>max,2024-10-01,4
Methocarbamol,3,0.0,0.37396984440881936,0.0,n<min_cases,2024-10-01,4
Metoprolol,3,0.0,0.37396984440881936,0.0,n<min_cases,2024-10-01,4
Midazolam,2,0.0,0.12465661480293978,0.0,n<min_cases,2024-10-01,4
Mirtazapine,4,2.0,0.7479396888176387,0.0,n<min_cases,2024-10-01,4
Mitragynine,24,32.0,34.405225685611384,-0.29347616173020463,,2024-10-01,4
Morphine,37,90.0,83.0213054587579,0.5419895980450762,,2024-10-01,4
Nicotine,1,0.0,0.0,0.0,n<min_cases,2024-10-01,4
Olanzapine,6,0.0,1.8698492220440968,0.0,n<min_cases,2024-10-01,4
Oxycodone,38,86.0,87.63360020646667,-0.12338170588588754,,2024-10-01,4
Oxymorphone,1,0.0,0.0,0.0,n<min_cases,2024-10-01,4
PCP,111,1048.0,761.0286333719474,6.948904427456557,,2024-10-01,4
Paroxetine,4,2.0,0.7479396888176387,0.0,n<min_cases,2024-10-01,4
Phenobarbital,1,0.0,0.0,0.0,n<min_cases,2024-10-01,4
Phentermine,2,0.0,0.12465661480293978,0.0,n<min_cases,2024-10-01,4
Phenylpropanolamine,1,0.0,0.0,0.0,n<min_cases,2024-10-01,4
Pregabalin,3,2.0,0.37396984440881936,0.0,n<min_cases,2024-10-01,4
Promethazine,2,0.0,0.12465661480293978,0.0,n<min_cases,2024-10-01,4
Propranolol,2,0.0,0.12465661480293978,0.0,n<min_cases,2024-10-01,4
Protonitazene,2,0.0,0.12465661480293978,0.0,n<min_cases,2024-10-01,4
Quetiapine,16,24.0,14.958793776352774,1.6850812607265462,,2024-10-01,4
Salicylate,2,0.0,0.12465661480293978,0.0,n<min_cases,2024-10-01,4
Secobarbital,1,0.0,0.0,0.0,n<min_cases,2024-10-01,4
Sertraline,3,2.0,0.37396984440881936,0.0,n<min_cases,2024-10-01,4
Temazepam,4,2.0,0.7479396888176387,0.0,n<min_cases,2024-10-01,4
Topiramate,1,0.0,0.0,0.0,n<min_cases,2024-10-01,4
Tramadol,18,20.0,19.072462064849788,0.1528221377773549,,2024-10-01,4
Trazodone,13,12.0,9.723215954629303,0.5277703026249094,,2024-10-01,4
Valproic Acid,1,0.0,0.0,0.0,n<min_cases,2024-10-01,4
Venlafaxine,3,0.0,0.37396984440881936,0.0,n<min_cases,2024-10-01,4
Xylazine,4,0.0,0.7479396888176387,0.0,n<min_cases,2024-10-01,4
Zolpidem,2,0.0,0.12465661480293978,0.0,n<min_cases,2024-10-01,4
para-Fluorofentanyl,96,566.0,568.4341635014055,-0.06894312871348697,,2024-10-01,4
"1,1-Difluoroethane",8,4.0,3.494480640884729,0.0,n<min_cases,2025-01-01,4
Acetaminophen,4,2.0,0.7488172801895848,0.0,n<min_cases,2025-01-01,4
Acetyl fentanyl,28,38.0,47.175488651943844,-0.952918550144077,,2025-01-01,4
Alprazolam,135,1174.0,1128.8420498857993,0.8839976637984,,2025-01-01,4
Amlodipine,2,0.0,0.12480288003159748,0.0,n<min_cases,2025-01-01,4
Amphetamine,35,88.0,74.2577136188005,1.1307124141868103,,2025-01-01,4
Baclofen,3,2.0,0.3744086400947924,0.0,n<min_cases,2025-01-01,4
Benzylfentanyl,5,2.0,1.2480288003159747,0.0,n<min_cases,2025-01-01,4
Bromazolam,17,20.0,16.973191684297255,0.5291876309660382,,2025-01-01,4
Buprenorphine,1,0.0,0.0,0.0,n<min_cases,2025-01-01,4
Bupropion,6,2.0,1.872043200473962,0.0,n<min_cases,2025-01-01,4
Buspirone,1,0.0,0.0,0.0,n<min_cases,2025-01-01,4
Butalbital,1,0.0,0.0,0.0,n<min_cases,2025-01-01,4
Carbon monoxide,1,0.0,0.0,0.0,n<min_cases,2025-01-01,4
Carfentanil,14,16.0,11.35706208287537,0.9950395490148201,,2025-01-01,4
Carisoprodol,2,0.0,0.12480288003159748,0.0,n<min_cases,2025-01-01,4
Chlorcyclizine,1,0.0,0.0,0.0,n<min_cases,2025-01-01,4
Chlordiazepoxide,5,2.0,1.2480288003159747,0.0,n<min_cases,2025-01-01,4
Chloroethane,1,0.0,0.0,0.0,n<min_cases,2025-01-01,4
Citalopram,10,6.0,5.6161296014218856,0.11741598038992572,,2025-01-01,4
Clonazepam,23,28.0,31.575128647994163,-0.4558342514074707,,2025-01-01,4
Clonidine,1,0.0,0.0,0.0,n<min_cases,2025-01-01,4
Clozapine,2,0.0,0.12480288003159748,0.0,n<min_cases,2025-01-01,4
Cocaine,442,13880.0,12163.413490759522,8.858197059563192,,2025-01-01,4
Codeine,22,32.0,28.829465287299016,0.42343410658758956,,2025-01-01,4
Cyclobenzaprine,2,0.0,0.12480288003159748,0.0,n<min_cases,2025-01-01,4
Dextromethorphan,1,0.0,0.0,0.0,n<min_cases,2025-01-01,4
Diazepam,20,22.0,23.712547206003517,-0.25263633093541865,,2025-01-01,4
Diphenhydramine,16,18.0,14.976345603791696,0.5632821237265112,,2025-01-01,4
Dipyrone,2,0.0,0.12480288003159748,0.0,n<min_cases,2025-01-01,4
Doxepin,4,0.0,0.7488172801895848,0.0,n<min_cases,2025-01-01,4
Doxylamine,1,0.0,0.0,0.0,n<min_cases,2025-01-01,4
Duloxetine,3,2.0,0.3744086400947924,0.0,n<min_cases,2025-01-01,4
Ephedrine,5,2.0,1.2480288003159747,0.0,n<min_cases,2025-01-01,4
Escitalopram,1,0.0,0.0,0.0,n<min_cases,2025-01-01,4
Ethanol,333,6594.0,6898.853602386645,-2.174480286074495,,2025-01-01,4
Ethylene Glycol,2,2.0,0.12480288003159748,0.0,n<min_cases,2025-01-01,4
Fentanyl,1301,109914.0,105539.5554987204,0.0,case_fraction>max,2025-01-01,4
Fluoxetine,9,8.0,4.492903681137509,0.0,n<min_cases,2025-01-01,4
GHB,1,0.0,0.0,0.0,n<min_cases,2025-01-01,4
Gabapentin,2,0.0,0.12480288003159748,0.0,n<min_cases,2025-01-01,4
Heroin,113,898.0,789.7526248399487,2.5715191819231276,,2025-01-01,4
Hydrocodone,40,98.0,97.34624642464603,0.04678177903200796,,2025-01-01,4
Hydromorphone,8,8.0,3.494480640884729,0.0,n<min_cases,2025-01-01,4
Hydroxychloroquine,1,0.0,0.0,0.0,n<min_cases,2025-01-01,4
Hydroxyzine,8,6.0,3.494480640884729,0.0,n<min_cases,2025-01-01,4
Ketamine,20,44.0,23.712547206003517,2.992821231399243,,2025-01-01,4
Labetalol,1,0.0,0.0,0.0,n<min_cases,2025-01-01,4
Lidocaine,27,56.0,43.80581089109071,1.3153773725871383,,2025-01-01,4
Loperamide,1,0.0,0.0,0.0,n<min_cases,2025-01-01,4
Lorazepam,19,20.0,21.341292485403166,-0.20875768268896958,,2025-01-01,4
MDMA,11,8.0,6.864158401737861,0.31397020062814446,,2025-01-01,4
MDMB-4en-PINACA,2,2.0,0.12480288003159748,0.0,n<min_cases,2025-01-01,4
Methadone,14,12.0,11.35706208287537,0.1377896208218989,,2025-01-01,4
Methamphetamine,1520,147436.0,144077.4368236774,0.0,case_fraction>max,2025-01-01,4
Methocarbamol,1,0.0,0.0,0.0,n<min_cases,2025-01-01,4
Metoprolol,3,0.0,0.3744086400947924,0.0,n<min_cases,2025-01-01,4
Midazolam,1,0.0,0.0,0.0,n<min_cases,2025-01-01,4
Mirtazapine,4,2.0,0.7488172801895848,0.0,n<min_cases,2025-01-01,4
Mitragynine,20,14.0,23.712547206003517,-1.432802717238932,,2025-01-01,4
Morphine,39,90.0,92.47893410341372,-0.18215126086935804,,2025-01-01,4
Nicotine,2,0.0,0.12480288003159748,0.0,n<min_cases,2025-01-01,4
Nitrous oxide,1,0.0,0.0,0.0,n<min_cases,2025-01-01,4
Nortriptyline,1,0.0,0.0,0.0,n<min_cases,2025-01-01,4
Olanzapine,3,0.0,0.3744086400947924,0.0,n<min_cases,2025-01-01,4
Oxycodone,40,86.0,97.34624642464603,-0.8119230442343676,,2025-01-01,4
Oxymorphone,1,0.0,0.0,0.0,n<min_cases,2025-01-01,4
PCP,113,1160.0,789.7526248399487,8.795577960879113,,2025-01-01,4
Paroxetine,4,2.0,0.7488172801895848,0.0,n<min_cases,2025-01-01,4
Phentermine,2,0.0,0.12480288003159748,0.0,n<min_cases,2025-01-01,4
Phenylpropanolamine,1,0.0,0.0,0.0,n<min_cases,2025-01-01,4
Pregabalin,1,0.0,0.0,0.0,n<min_cases,2025-01-01,4
Promethazine,2,0.0,0.12480288003159748,0.0,n<min_cases,2025-01-01,4
Propranolol,1,0.0,0.0,0.0,n<min_cases,2025-01-01,4
Protonitazene,2,0.0,0.12480288003159748,0.0,n<min_cases,2025-01-01,4
Quetiapine,13,14.0,9.734624642464603,0.9882609258132895,,2025-01-01,4
Salicylate,3,2.0,0.3744086400947924,0.0,n<min_cases,2025-01-01,4
Secobarbital,1,0.0,0.0,0.0,n<min_cases,2025-01-01,4
Sertraline,2,0.0,0.12480288003159748,0.0,n<min_cases,2025-01-01,4
Temazepam,3,2.0,0.3744086400947924,0.0,n<min_cases,2025-01-01,4
Tramadol,19,14.0,21.341292485403166,-1.1425928526946578,,2025-01-01,4
Trazodone,16,12.0,14.976345603791696,-0.5544688820092102,,2025-01-01,4
Valproic Acid,1,0.0,0.0,0.0,n<min_cases,2025-01-01,4
Venlafaxine,4,0.0,0.7488172801895848,0.0,n<min_cases,2025-01-01,4
Xylazine,6,0.0,1.872043200473962,0.0,n<min_cases,2025-01-01,4
Zolpidem,2,0.0,0.12480288003159748,0.0,n<min_cases,2025-01-01,4
para-Fluorofentanyl,79,388.0,384.51767337735174,0.12152903156475356,,2025-01-01,4
"1,1-Difluoroethane",9,8.0,4.50484429612994,0.0,n<min_cases,2025-04-01,4
Acetaminophen,2,0.0,0.12513456378138724,0.0,n<min_cases,2025-04-01,4
Acetyl fentanyl,27,40.0,43.92223188726692,-0.42121148304291794,,2025-04-01,4
Alprazolam,126,948.0,985.4346897784244,-0.7791337363372692,,2025-04-01,4
Amlodipine,3,2.0,0.3754036913441617,0.0,n<min_cases,2025-04-01,4
Amphetamine,27,62.0,43.92223188726692,1.941385347865355,,2025-04-01,4
Atenolol,1,0.0,0.0,0.0,n<min_cases,2025-04-01,4
Baclofen,3,2.0,0.3754036913441617,0.0,n<min_cases,2025-04-01,4
Benzylfentanyl,2,0.0,0.12513456378138724,0.0,n<min_cases,2025-04-01,4
Bromazolam,10,8.0,5.631055370162425,0.722927190001866,,2025-04-01,4
Buprenorphine,1,0.0,0.0,0.0,n<min_cases,2025-04-01,4
Bupropion,7,2.0,2.627825839409132,0.0,n<min_cases,2025-04-01,4
Butalbital,1,0.0,0.0,0.0,n<min_cases,2025-04-01,4
Carbon monoxide,1,0.0,0.0,0.0,n<min_cases,2025-04-01,4
Carfentanil,16,32.0,15.016147653766469,3.154210033761827,,2025-04-01,4
Carisoprodol,2,0.0,0.12513456378138724,0.0,n<min_cases,2025-04-01,4
Chlorcyclizine,1,0.0,0.0,0.0,n<min_cases,2025-04-01,4
Chlordiazepoxide,6,2.0,1.8770184567208086,0.0,n<min_cases,2025-04-01,4
Chloroethane,1,0.0,0.0,0.0,n<min_cases,2025-04-01,4
Citalopram,8,4.0,3.5037677858788423,0.0,n<min_cases,2025-04-01,4
Clonazepam,15,14.0,13.139129197045659,0.1710941021988344,,2025-04-01,4
Clonidine,1,0.0,0.0,0.0,n<min_cases,2025-04-01,4
Clozapine,3,0.0,0.3754036913441617,0.0,n<min_cases,2025-04-01,4
Cocaine,453,14930.0,12811.026370810861,10.339305271688115,,2025-04-01,4
Codeine,22,32.0,28.90608423350045,0.41161951588526374,,2025-04-01,4
Cyclobenzaprine,3,0.0,0.3754036913441617,0.0,n<min_cases,2025-04-01,4
Dextromethorphan,2,0.0,0.12513456378138724,0.0,n<min_cases,2025-04-01,4
Diazepam,20,34.0,23.775567118463574,1.5029147678797958,,2025-04-01,4
Diphenhydramine,13,10.0,9.760495974948205,0.055341984452655556,,2025-04-01,4
Dipyrone,2,0.0,0.12513456378138724,0.0,n<min_cases,2025-04-01,4
Doxepin,4,0.0,0.7508073826883234,0.0,n<min_cases,2025-04-01,4
Duloxetine,3,2.0,0.3754036913441617,0.0,n<min_cases,2025-04-01,4
Ephedrine,4,2.0,0.7508073826883234,0.0,n<min_cases,2025-04-01,4
Escitalopram,1,0.0,0.0,0.0,n<min_cases,2025-04-01,4
Ethanol,330,6400.0,6792.929794872606,-2.7630488544352083,,2025-04-01,4
Ethylene Glycol,2,2.0,0.12513456378138724,0.0,n<min_cases,2025-04-01,4
Fentanyl,1207,97220.0,91075.56334593303,0.0,case_fraction>max,2025-04-01,4
Fluoxetine,9,10.0,4.50484429612994,0.0,n<min_cases,2025-04-01,4
GHB,1,0.0,0.0,0.0,n<min_cases,2025-04-01,4
Gabapentin,2,0.0,0.12513456378138724,0.0,n<min_cases,2025-04-01,4
Heroin,103,728.0,657.3318635436272,1.8332722698201602,,2025-04-01,4
Hydrocodone,42,122.0,107.7408594157744,0.9635749550136564,,2025-04-01,4
Hydromorphone,3,0.0,0.3754036913441617,0.0,n<min_cases,2025-04-01,4
Hydroxychloroquine,1,0.0,0.0,0.0,n<min_cases,2025-04-01,4
Hydroxyzine,9,6.0,4.50484429612994,0.0,n<min_cases,2025-04-01,4
Ketamine,21,34.0,26.278258394091317,1.0785434395122067,,2025-04-01,4
Labetalol,1,0.0,0.0,0.0,n<min_cases,2025-04-01,4
Lidocaine,27,50.0,43.92223188726692,0.6526961673699334,,2025-04-01,4
Loperamide,1,0.0,0.0,0.0,n<min_cases,2025-04-01,4
Lorazepam,13,10.0,9.760495974948205,0.055341984452655556,,2025-04-01,4
MDA,1,0.0,0.0,0.0,n<min_cases,2025-04-01,4
MDMA,9,6.0,4.50484429612994,0.0,n<min_cases,2025-04-01,4
MDMB-4en-PINACA,2,2.0,0.12513456378138724,0.0,n<min_cases,2025-04-01,4
Methadone,13,14.0,9.760495974948205,0.9796184669157327,,2025-04-01,4
Methamphetamine,1471,139306.0,135293.61334197916,0.0,case_fraction>max,2025-04-01,4
Methocarbamol,1,0.0,0.0,0.0,n<min_cases,2025-04-01,4
Metoprolol,3,0.0,0.3754036913441617,0.0,n<min_cases,2025-04-01,4
Midazolam,1,0.0,0.0,0.0,n<min_cases,2025-04-01,4
Mirtazapine,2,0.0,0.12513456378138724,0.0,n<min_cases,2025-04-01,4
Mitragynine,19,18.0,21.398010406617217,-0.5270354366894975,,2025-04-01,4
Morphine,45,122.0,123.88321814357337,-0.11834360670976923,,2025-04-01,4
Nicotine,2,0.0,0.12513456378138724,0.0,n<min_cases,2025-04-01,4
Nitrous oxide,1,0.0,0.0,0.0,n<min_cases,2025-04-01,4
Nortriptyline,1,0.0,0.0,0.0,n<min_cases,2025-04-01,4
Olanzapine,4,0.0,0.7508073826883234,0.0,n<min_cases,2025-04-01,4
Oxycodone,45,100.0,123.88321814357337,-1.5008490570208604,,2025-04-01,4
Oxymorphone,1,0.0,0.0,0.0,n<min_cases,2025-04-01,4
PCP,126,1462.0,985.4346897784244,9.91882430332495,,2025-04-01,4
Paroxetine,2,0.0,0.12513456378138724,0.0,n<min_cases,2025-04-01,4
Phenylpropanolamine,1,0.0,0.0,0.0,n<min_cases,2025-04-01,4
Pregabalin,2,0.0,0.12513456378138724,0.0,n<min_cases,2025-04-01,4
Prochlorperazine,1,0.0,0.0,0.0,n<min_cases,2025-04-01,4
Promethazine,3,0.0,0.3754036913441617,0.0,n<min_cases,2025-04-01,4
Propranolol,1,0.0,0.0,0.0,n<min_cases,2025-04-01,4
Quetiapine,13,14.0,9.760495974948205,0.9796184669157327,,2025-04-01,4
Salicylate,2,0.0,0.12513456378138724,0.0,n<min_cases,2025-04-01,4
Sertraline,1,0.0,0.0,0.0,n<min_cases,2025-04-01,4
Temazepam,1,0.0,0.0,0.0,n<min_cases,2025-04-01,4
Tizanidine,1,0.0,0.0,0.0,n<min_cases,2025-04-01,4
Tramadol,13,6.0,9.760495974948205,-0.8689344980104216,,2025-04-01,4
Trazodone,15,14.0,13.139129197045659,0.1710941021988344,,2025-04-01,4
Valproic Acid,2,0.0,0.12513456378138724,0.0,n<min_cases,2025-04-01,4
Venlafaxine,5,0.0,1.2513456378138723,0.0,n<min_cases,2025-04-01,4
Xylazine,5,0.0,1.2513456378138723,0.0,n<min_cases,2025-04-01,4
Zolpidem,2,0.0,0.12513456378138724,0.0,n<min_cases,2025-04-01,4
para-Fluorofentanyl,62,240.0,236.62946011060328,0.15088080470101067,,2025-04-01,4
"1,1-Difluoroethane",9,6.0,4.541973811008446,0.0,n<min_cases,2025-07-01,4
Acetaminophen,3,0.0,0.37849781758403717,0.0,n<min_cases,2025-07-01,4
Acetyl fentanyl,26,40.0,41.00393023827069,-0.11173420299972024,,2025-07-01,4
Alprazolam,118,936.0,870.9234782608696,1.4506770154922053,,2025-07-01,4
Amitriptyline,1,0.0,0.0,0.0,n<min_cases,2025-07-01,4
Amlodipine,3,2.0,0.37849781758403717,0.0,n<min_cases,2025-07-01,4
Amphetamine,28,54.0,47.69072501558868,0.6498279967016919,,2025-07-01,4
Aripiprazole,1,0.0,0.0,0.0,n<min_cases,2025-07-01,4
Atenolol,1,0.0,0.0,0.0,n<min_cases,2025-07-01,4
Bromazolam,7,2.0,2.64948472308826,0.0,n<min_cases,2025-07-01,4
Buprenorphine,3,2.0,0.37849781758403717,0.0,n<min_cases,2025-07-01,4
Bupropion,7,2.0,2.64948472308826,0.0,n<min_cases,2025-07-01,4
Butalbital,1,0.0,0.0,0.0,n<min_cases,2025-07-01,4
Carbon monoxide,1,0.0,0.0,0.0,n<min_cases,2025-07-01,4
Carfentanil,9,14.0,4.541973811008446,0.0,n<min_cases,2025-07-01,4
Carisoprodol,2,0.0,0.12616593919467906,0.0,n<min_cases,2025-07-01,4
Chlorcyclizine,1,0.0,0.0,0.0,n<min_cases,2025-07-01,4
Chlordiazepoxide,5,2.0,1.2616593919467907,0.0,n<min_cases,2025-07-01,4
Chloroethane,1,0.0,0.0,0.0,n<min_cases,2025-07-01,4
Citalopram,3,2.0,0.37849781758403717,0.0,n<min_cases,2025-07-01,4
Clonazepam,9,2.0,4.541973811008446,0.0,n<min_cases,2025-07-01,4
Clonidine,1,0.0,0.0,0.0,n<min_cases,2025-07-01,4
Clozapine,3,0.0,0.37849781758403717,0.0,n<min_cases,2025-07-01,4
Cocaine,473,16672.0,14083.651460423634,12.012688459006233,,2025-07-01,4
Codeine,18,14.0,19.3033886967859,-0.8672073187354545,,2025-07-01,4
Cyclobenzaprine,2,0.0,0.12616593919467906,0.0,n<min_cases,2025-07-01,4
Desloratadine,1,0.0,0.0,0.0,n<min_cases,2025-07-01,4
Dextromethorphan,2,0.0,0.12616593919467906,0.0,n<min_cases,2025-07-01,4
Diazepam,19,26.0,21.57437560229012,0.6838338590824886,,2025-07-01,4
Diphenhydramine,8,6.0,3.5326462974510138,0.0,n<min_cases,2025-07-01,4
Dipyrone,2,0.0,0.12616593919467906,0.0,n<min_cases,2025-07-01,4
Doxepin,4,0.0,0.7569956351680743,0.0,n<min_cases,2025-07-01,4
Duloxetine,4,2.0,0.7569956351680743,0.0,n<min_cases,2025-07-01,4
Ephedrine,2,0.0,0.12616593919467906,0.0,n<min_cases,2025-07-01,4
Ethanol,321,6190.0,6479.882637038717,-2.100541671596899,,2025-07-01,4
Ethylene Glycol,2,2.0,0.12616593919467906,0.0,n<min_cases,2025-07-01,4
Fentanyl,1205,98284.0,91522.03395121214,0.0,case_fraction>max,2025-07-01,4
Fluoxetine,7,4.0,2.64948472308826,0.0,n<min_cases,2025-07-01,4
GHB,1,0.0,0.0,0.0,n<min_cases,2025-07-01,4
Gabapentin,2,0.0,0.12616593919467906,0.0,n<min_cases,2025-07-01,4
Heroin,106,780.0,702.1134516183889,1.951788420956554,,2025-07-01,4
Hydrocodone,32,74.0,62.57830584056081,1.022942774858261,,2025-07-01,4
Hydromorphone,4,0.0,0.7569956351680743,0.0,n<min_cases,2025-07-01,4
Hydroxychloroquine,1,0.0,0.0,0.0,n<min_cases,2025-07-01,4
Hydroxyzine,7,4.0,2.64948472308826,0.0,n<min_cases,2025-07-01,4
Ketamine,22,50.0,29.144331953970863,2.764248637668647,,2025-07-01,4
Labetalol,1,0.0,0.0,0.0,n<min_cases,2025-07-01,4
Lacosamide,1,0.0,0.0,0.0,n<min_cases,2025-07-01,4
Lamotrigine,1,0.0,0.0,0.0,n<min_cases,2025-07-01,4
Levamisole,1,0.0,0.0,0.0,n<min_cases,2025-07-01,4
Lidocaine,25,46.0,37.849781758403715,0.9450713014843747,,2025-07-01,4
Lorazepam,12,10.0,8.326951986848819,0.4191091462111111,,2025-07-01,4
MDA,1,0.0,0.0,0.0,n<min_cases,2025-07-01,4
MDMA,11,10.0,6.939126655707349,0.8408248286176738,,2025-07-01,4
MDMB-4en-PINACA,1,0.0,0.0,0.0,n<min_cases,2025-07-01,4
Methadone,9,10.0,4.541973811008446,0.0,n<min_cases,2025-07-01,4
Methamphetamine,1428,132550.0,128547.69979479621,0.0,case_fraction>max,2025-07-01,4
Metoprolol,1,0.0,0.0,0.0,n<min_cases,2025-07-01,4
Mirtazapine,3,6.0,0.37849781758403717,0.0,n<min_cases,2025-07-01,4
Mitragynine,23,34.0,31.919982616253805,0.26316614347945544,,2025-07-01,4
Morphine,31,66.0,58.667161725525766,0.6789396083985502,,2025-07-01,4
Naloxone,1,0.0,0.0,0.0,n<min_cases,2025-07-01,4
Nicotine,2,0.0,0.12616593919467906,0.0,n<min_cases,2025-07-01,4
Nitrous oxide,2,0.0,0.12616593919467906,0.0,n<min_cases,2025-07-01,4
Nortriptyline,2,0.0,0.12616593919467906,0.0,n<min_cases,2025-07-01,4
Olanzapine,4,0.0,0.7569956351680743,0.0,n<min_cases,2025-07-01,4
Oxycodone,39,70.0,93.48896094325718,-1.709562088334974,,2025-07-01,4
PCP,143,1916.0,1280.9627806435765,11.45948734344064,,2025-07-01,4
Paroxetine,2,0.0,0.12616593919467906,0.0,n<min_cases,2025-07-01,4
Pregabalin,2,0.0,0.12616593919467906,0.0,n<min_cases,2025-07-01,4
Prochlorperazine,1,0.0,0.0,0.0,n<min_cases,2025-07-01,4
Promethazine,1,0.0,0.0,0.0,n<min_cases,2025-07-01,4
Propranolol,1,0.0,0.0,0.0,n<min_cases,2025-07-01,4
Quetiapine,12,10.0,8.326951986848819,0.4191091462111111,,2025-07-01,4
Salicylate,2,0.0,0.12616593919467906,0.0,n<min_cases,2025-07-01,4
Sertraline,1,0.0,0.0,0.0,n<min_cases,2025-07-01,4
Tizanidine,1,0.0,0.0,0.0,n<min_cases,2025-07-01,4
Tramadol,10,4.0,5.677467263760557,-0.5099663692408849,,2025-07-01,4
Trazodone,11,14.0,6.939126655707349,1.9396286457510916,,2025-07-01,4
Valproic Acid,2,0.0,0.12616593919467906,0.0,n<min_cases,2025-07-01,4
Venlafaxine,3,0.0,0.37849781758403717,0.0,n<min_cases,2025-07-01,4
Xylazine,2,0.0,0.12616593919467906,0.0,n<min_cases,2025-07-01,4
Ziprasidone,1,0.0,0.0,0.0,n<min_cases,2025-07-01,4
Zolpidem,3,2.0,0.37849781758403717,0.0,n<min_cases,2025-07-01,4
para-Fluorofentanyl,21,30.0,26.494847230882602,0.48774554563195804,,2025-07-01,4
"1,1-Difluoroethane",8,6.0,3.5154889936248552,0.0,n<min_cases,2025-10-01,4
Acetaminophen,2,0.0,0.12555317834374483,0.0,n<min_cases,2025-10-01,4
Acetyl fentanyl,28,48.0,47.45910141393554,0.05566951606348892,,2025-10-01,4
Alprazolam,110,862.0,752.6913041707503,2.6107167800748003,,2025-10-01,4
Amitriptyline,1,0.0,0.0,0.0,n<min_cases,2025-10-01,4
Amlodipine,2,0.0,0.12555317834374483,0.0,n<min_cases,2025-10-01,4
Amphetamine,25,36.0,37.66595350312345,-0.19309944241425964,,2025-10-01,4
Aripiprazole,1,0.0,0.0,0.0,n<min_cases,2025-10-01,4
Atenolol,1,0.0,0.0,0.0,n<min_cases,2025-10-01,4
Bromazolam,7,2.0,2.6366167452186415,0.0,n<min_cases,2025-10-01,4
Buprenorphine,4,2.0,0.753319070062469,0.0,n<min_cases,2025-10-01,4
Bupropion,7,4.0,2.6366167452186415,0.0,n<min_cases,2025-10-01,4
Butalbital,1,0.0,0.0,0.0,n<min_cases,2025-10-01,4
Cannabis,1,0.0,0.0,0.0,n<min_cases,2025-10-01,4
Carfentanil,10,14.0,5.649893025468517,2.5418061340202156,,2025-10-01,4
Carisoprodol,2,0.0,0.12555317834374483,0.0,n<min_cases,2025-10-01,4
Chlorcyclizine,1,0.0,0.0,0.0,n<min_cases,2025-10-01,4
Chlordiazepoxide,6,2.0,1.8832976751561723,0.0,n<min_cases,2025-10-01,4
Citalopram,5,0.0,1.2555317834374484,0.0,n<min_cases,2025-10-01,4
Clomipramine,1,0.0,0.0,0.0,n<min_cases,2025-10-01,4
Clonazepam,11,6.0,6.905424808905965,-0.24901413207971101,,2025-10-01,4
Clozapine,1,0.0,0.0,0.0,n<min_cases,2025-10-01,4
Cocaine,454,15270.0,12910.758882265625,11.27812156753854,,2025-10-01,4
Codeine,16,10.0,15.066381401249378,-0.9379237033237077,,2025-10-01,4
Cyclobenzaprine,2,0.0,0.12555317834374483,0.0,n<min_cases,2025-10-01,4
Desloratadine,1,0.0,0.0,0.0,n<min_cases,2025-10-01,4
Dextromethorphan,2,0.0,0.12555317834374483,0.0,n<min_cases,2025-10-01,4
Diazepam,16,20.0,15.066381401249378,0.9133457314891038,,2025-10-01,4
Diphenhydramine,6,12.0,1.8832976751561723,0.0,n<min_cases,2025-10-01,4
Doxepin,1,0.0,0.0,0.0,n<min_cases,2025-10-01,4
Doxylamine,1,0.0,0.0,0.0,n<min_cases,2025-10-01,4
Duloxetine,1,0.0,0.0,0.0,n<min_cases,2025-10-01,4
Ethanol,317,6062.0,6288.4564905248035,-1.6384597293950605,,2025-10-01,4
Fentanyl,1098,81524.0,75614.77831705534,0.0,case_fraction>max,2025-10-01,4
Fluoxetine,5,2.0,1.2555317834374484,0.0,n<min_cases,2025-10-01,4
GHB,1,0.0,0.0,0.0,n<min_cases,2025-10-01,4
Gabapentin,3,0.0,0.3766595350312345,0.0,n<min_cases,2025-10-01,4
Heroin,105,720.0,685.5203537568467,0.8665955346628128,,2025-10-01,4
Hydrocodone,30,54.0,54.615632579529006,-0.058935667744119305,,2025-10-01,4
Hydromorphone,4,0.0,0.753319070062469,0.0,n<min_cases,2025-10-01,4
Hydroxyzine,2,0.0,0.12555317834374483,0.0,n<min_cases,2025-10-01,4
Ketamine,19,28.0,21.469593496780366,1.0093158168710918,,2025-10-01,4
Lacosamide,1,0.0,0.0,0.0,n<min_cases,2025-10-01,4
Lamotrigine,1,0.0,0.0,0.0,n<min_cases,2025-10-01,4
Levamisole,2,2.0,0.12555317834374483,0.0,n<min_cases,2025-10-01,4
Lidocaine,17,16.0,17.075232254749295,-0.186766780629285,,2025-10-01,4
Loperamide,1,0.0,0.0,0.0,n<min_cases,2025-10-01,4
Lorazepam,12,12.0,8.286509770687159,0.9312393213108715,,2025-10-01,4
MDA,1,0.0,0.0,0.0,n<min_cases,2025-10-01,4
MDMA,18,32.0,19.209636286592957,2.0922434001966015,,2025-10-01,4
MDMB-4en-PINACA,1,0.0,0.0,0.0,n<min_cases,2025-10-01,4
Methadone,12,12.0,8.286509770687159,0.9312393213108715,,2025-10-01,4
Methamphetamine,1342,116076.0,112974.13095866337,0.0,case_fraction>max,2025-10-01,4
Mirtazapine,3,6.0,0.3766595350312345,0.0,n<min_cases,2025-10-01,4
Mitragynine,18,18.0,19.209636286592957,-0.19787189746680636,,2025-10-01,4
Morphine,29,50.0,50.9745904075604,-0.09667912245919512,,2025-10-01,4
Naloxone,2,0.0,0.12555317834374483,0.0,n<min_cases,2025-10-01,4
Nicotine,2,0.0,0.12555317834374483,0.0,n<min_cases,2025-10-01,4
Nitrous oxide,4,4.0,0.753319070062469,0.0,n<min_cases,2025-10-01,4
Nortriptyline,2,0.0,0.12555317834374483,0.0,n<min_cases,2025-10-01,4
Olanzapine,4,0.0,0.753319070062469,0.0,n<min_cases,2025-10-01,4
Oxycodone,34,64.0,70.43533305084085,-0.5401533219314599,,2025-10-01,4
PCP,137,1810.0,1169.6534094503268,12.002285727639055,,2025-10-01,4
Pregabalin,1,0.0,0.0,0.0,n<min_cases,2025-10-01,4
Prochlorperazine,1,0.0,0.0,0.0,n<min_cases,2025-10-01,4
Promethazine,1,0.0,0.0,0.0,n<min_cases,2025-10-01,4
Propranolol,1,0.0,0.0,0.0,n<min_cases,2025-10-01,4
Quetiapine,10,12.0,5.649893025468517,1.932998093171653,,2025-10-01,4
Rosuvastatin,1,0.0,0.0,0.0,n<min_cases,2025-10-01,4
Salicylate,1,0.0,0.0,0.0,n<min_cases,2025-10-01,4
Sertraline,2,0.0,0.12555317834374483,0.0,n<min_cases,2025-10-01,4
Tizanidine,1,0.0,0.0,0.0,n<min_cases,2025-10-01,4
Tramadol,10,2.0,5.649893025468517,-1.1110421110711604,,2025-10-01,4
Trazodone,11,20.0,6.905424808905965,3.601330827352497,,2025-10-01,4
Valproic Acid,1,0.0,0.0,0.0,n<min_cases,2025-10-01,4
Venlafaxine,2,0.0,0.12555317834374483,0.0,n<min_cases,2025-10-01,4
Xylazine,2,0.0,0.12555317834374483,0.0,n<min_cases,2025-10-01,4
Ziprasidone,1,0.0,0.0,0.0,n<min_cases,2025-10-01,4
Zolpidem,2,2.0,0.12555317834374483,0.0,n<min_cases,2025-10-01,4
para-Fluorofentanyl,12,12.0,8.286509770687159,0.9312393213108715,,2025-10-01,4
