substance,n_recent,ebgm,eb05,as_of
Alprazolam,16,1.6398979229352164,1.220461247228504,2014-10-01
Methamphetamine,176,1.249902542391633,1.1086689633714524,2014-10-01
Diphenhydramine,7,1.476768074365297,1.042400291983803,2014-10-01
PCP,7,1.476768074365297,1.042400291983803,2014-10-01
Clonazepam,4,1.4967027563585826,1.0303550982004877,2014-10-01
Fentanyl,13,1.3756028818962562,1.008618059125752,2014-10-01
Amphetamine,4,1.439301285945354,0.9908389702096707,2014-10-01
Quetiapine,7,1.3817205007405189,0.975309446631256,2014-10-01
Carisoprodol,5,1.3527812237156398,0.9396268043383448,2014-10-01
Trazodone,3,1.3701765901982688,0.9342348999474132,2014-10-01
Oxycodone,21,1.2157202366099067,0.9237190674952184,2014-10-01
Fluoxetine,4,1.33676610989822,0.9202520477655072,2014-10-01
Amlodipine,2,1.3529405438887194,0.9129601076732693,2014-10-01
Duloxetine,2,1.3529405438887194,0.9129601076732693,2014-10-01
Venlafaxine,2,1.3529405438887194,0.9129601076732693,2014-10-01
Insulin,2,1.3529405438887194,0.9129601076732693,2014-10-01
Cocaine,83,1.0769346969574236,0.9109218191893438,2014-10-01
Acetaminophen,3,1.319568561696515,0.8997285547200216,2014-10-01
Tramadol,6,1.282446548328925,0.8982171389042548,2014-10-01
Hydrocodone,20,1.162837834207183,0.8801882807346286,2014-10-01
Mirtazapine,2,1.3010526347691884,0.877946306578545,2014-10-01
Temazepam,2,1.3010526347691884,0.877946306578545,2014-10-01
Lamotrigine,2,1.3010526347691884,0.877946306578545,2014-10-01
Citalopram,6,1.2436718253268975,0.8710595775992096,2014-10-01
Codeine,3,1.2725658263759014,0.8676804260016977,2014-10-01
Pentobarbital,4,1.247868518103608,0.8590534653922284,2014-10-01
Promethazine,1,1.281060721806298,0.8547807851194646,2014-10-01
Metaxalone,1,1.281060721806298,0.8547807851194646,2014-10-01
Metoprolol,1,1.281060721806298,0.8547807851194646,2014-10-01
Propoxyphene,1,1.281060721806298,0.8547807851194646,2014-10-01
Olanzapine,1,1.281060721806298,0.8547807851194646,2014-10-01
Nortriptyline,1,1.281060721806298,0.8547807851194646,2014-10-01
Dothiepin,1,1.281060721806298,0.8547807851194646,2014-10-01
GHB,1,1.281060721806298,0.8547807851194646,2014-10-01
Estazolam,1,1.281060721806298,0.8547807851194646,2014-10-01
Fluvoxamine,1,1.281060721806298,0.8547807851194646,2014-10-01
25C-NBOMe,1,1.281060721806298,0.8547807851194646,2014-10-01
Buprenorphine,1,1.281060721806298,0.8547807851194646,2014-10-01
Caffeine,1,1.281060721806298,0.8547807851194646,2014-10-01
Atorvastatin,1,1.281060721806298,0.8547807851194646,2014-10-01
Carbamazepine,1,1.281060721806298,0.8547807851194646,2014-10-01
Tapentadol,1,1.281060721806298,0.8547807851194646,2014-10-01
Metformin,1,1.281060721806298,0.8547807851194646,2014-10-01
Cyclobenzaprine,1,1.281060721806298,0.8547807851194646,2014-10-01
Levetiracetam,1,1.281060721806298,0.8547807851194646,2014-10-01
Isopropanol,1,1.281060721806298,0.8547807851194646,2014-10-01
Desloratadine,1,1.281060721806298,0.8547807851194646,2014-10-01
Depakote,1,1.281060721806298,0.8547807851194646,2014-10-01
Zolpidem,2,1.252997727618021,0.8455190033942839,2014-10-01
Amitriptyline,2,1.252997727618021,0.8455190033942839,2014-10-01
MDMA,2,1.252997727618021,0.8455190033942839,2014-10-01
Meperidine,1,1.2319295440838618,0.8219982745385356,2014-10-01
Chlordiazepoxide,1,1.2319295440838618,0.8219982745385356,2014-10-01
Topiramate,1,1.2319295440838618,0.8219982745385356,2014-10-01
Lorazepam,1,1.2319295440838618,0.8219982745385356,2014-10-01
Gabapentin,1,1.2319295440838618,0.8219982745385356,2014-10-01
Phenobarbital,1,1.2319295440838618,0.8219982745385356,2014-10-01
Morphine,113,0.9471026258077664,0.8180286873648172,2014-10-01
Bupropion,2,1.2083662304316665,0.8154018066993306,2014-10-01
Diazepam,2,1.2083662304316665,0.8154018066993306,2014-10-01
Hydromorphone,3,1.1879376804891455,0.809977960515984,2014-10-01
Ethanol,144,0.9171386235171279,0.8041747736279397,2014-10-01
Heroin,144,0.9056770517050072,0.794124922186632,2014-10-01
Ketamine,1,1.1864277263436194,0.7916374346264925,2014-10-01
Meprobamate,1,1.1864277263436194,0.7916374346264925,2014-10-01
Hydroxyzine,1,1.1864277263436194,0.7916374346264925,2014-10-01
Methadone,27,0.9864056791043792,0.7645869469692234,2014-10-01
Sertraline,1,1.1441674376272293,0.763439487289978,2014-10-01
Oxymorphone,1,1.1441674376272293,0.763439487289978,2014-10-01
Methamphetamine,189,1.223940704479308,1.0897139294958653,2015-01-01
PCP,7,1.4683196911252405,1.0323332060003514,2015-01-01
Alprazolam,15,1.3853544308968637,1.023554356426494,2015-01-01
Fluoxetine,6,1.4567528083052215,1.015984294872258,2015-01-01
Cocaine,93,1.179789269627272,1.0054754398423689,2015-01-01
Diphenhydramine,7,1.4182379748717622,0.9971221964263178,2015-01-01
Oxycodone,23,1.267759339480807,0.9684333659228708,2015-01-01
Amphetamine,5,1.3914381916333123,0.9620968898916028,2015-01-01
Quetiapine,7,1.2865883984931257,0.9045631780647271,2015-01-01
Clonazepam,3,1.308716649800373,0.8876378192010331,2015-01-01
Acetaminophen,3,1.308716649800373,0.8876378192010331,2015-01-01
Isopropanol,2,1.289934896661473,0.865486501621545,2015-01-01
Duloxetine,2,1.289934896661473,0.865486501621545,2015-01-01
Amlodipine,2,1.289934896661473,0.865486501621545,2015-01-01
Zolpidem,3,1.2608107359117817,0.8551456055981971,2015-01-01
Fentanyl,11,1.17908314061334,0.8521694593376263,2015-01-01
Hydrocodone,21,1.1221075822967257,0.8509317164615179,2015-01-01
Carisoprodol,4,1.2356607696278359,0.8465043822640811,2015-01-01
Citalopram,5,1.2137235279619343,0.8392177521516323,2015-01-01
Venlafaxine,2,1.2409223777153482,0.8326013741099715,2015-01-01
Lamotrigine,2,1.2409223777153482,0.8326013741099715,2015-01-01
Phenobarbital,2,1.2409223777153482,0.8326013741099715,2015-01-01
MDMA,2,1.2409223777153482,0.8326013741099715,2015-01-01
Diazepam,3,1.216288189876458,0.8249481631845922,2015-01-01
Codeine,3,1.216288189876458,0.8249481631845922,2015-01-01
Heroin,148,0.9239475017323419,0.8112948128858392,2015-01-01
Tramadol,6,1.1596163884405162,0.8087522001091648,2015-01-01
Atorvastatin,1,1.2194639233269022,0.8086381034362548,2015-01-01
Buprenorphine,1,1.2194639233269022,0.8086381034362548,2015-01-01
Nortriptyline,1,1.2194639233269022,0.8086381034362548,2015-01-01
Metoprolol,1,1.2194639233269022,0.8086381034362548,2015-01-01
Metformin,1,1.2194639233269022,0.8086381034362548,2015-01-01
Tapentadol,1,1.2194639233269022,0.8086381034362548,2015-01-01
Olanzapine,1,1.2194639233269022,0.8086381034362548,2015-01-01
Oxcarbazepine,1,1.2194639233269022,0.8086381034362548,2015-01-01
Fluvoxamine,1,1.2194639233269022,0.8086381034362548,2015-01-01
GHB,1,1.2194639233269022,0.8086381034362548,2015-01-01
Levetiracetam,1,1.2194639233269022,0.8086381034362548,2015-01-01
Metaxalone,1,1.2194639233269022,0.8086381034362548,2015-01-01
Cyclobenzaprine,1,1.2194639233269022,0.8086381034362548,2015-01-01
Carbamazepine,1,1.2194639233269022,0.8086381034362548,2015-01-01
Caffeine,1,1.2194639233269022,0.8086381034362548,2015-01-01
Chlorpromazine,1,1.2194639233269022,0.8086381034362548,2015-01-01
Estazolam,1,1.2194639233269022,0.8086381034362548,2015-01-01
Desloratadine,1,1.2194639233269022,0.8086381034362548,2015-01-01
Hydromorphone,3,1.1748028101079904,0.7968106805354443,2015-01-01
Morphine,113,0.9144391997586023,0.7895819275172371,2015-01-01
Promethazine,1,1.1731290278210396,0.7779129943878802,2015-01-01
Etizolam,1,1.1731290278210396,0.7779129943878802,2015-01-01
Insulin,1,1.1731290278210396,0.7779129943878802,2015-01-01
Topiramate,1,1.1731290278210396,0.7779129943878802,2015-01-01
Chlordiazepoxide,1,1.1731290278210396,0.7779129943878802,2015-01-01
Oxymorphone,2,1.1532819062085116,0.7737986816010476,2015-01-01
Bupropion,2,1.1532819062085116,0.7737986816010476,2015-01-01
Trazodone,2,1.1532819062085116,0.7737986816010476,2015-01-01
Mirtazapine,2,1.1532819062085116,0.7737986816010476,2015-01-01
Hydroxyzine,1,1.1301863341557803,0.7494372865808109,2015-01-01
Temazepam,1,1.1301863341557803,0.7494372865808109,2015-01-01
Lorazepam,1,1.1301863341557803,0.7494372865808109,2015-01-01
Ketamine,1,1.1301863341557803,0.7494372865808109,2015-01-01
Meprobamate,1,1.1301863341557803,0.7494372865808109,2015-01-01
Ethanol,139,0.8466542195877023,0.7406329479482583,2015-01-01
Amitriptyline,1,1.0902764796013176,0.7229726831776264,2015-01-01
Methadone,25,0.8845496444676725,0.6802853698959803,2015-01-01
Pentobarbital,2,1.0105422747431827,0.6780270076976495,2015-01-01
Alprazolam,18,1.5244632300404093,1.1086474220808036,2015-04-01
Clonazepam,6,1.6407907164193591,1.0747689353643566,2015-04-01
Codeine,7,1.5608507509075098,1.0355728496537973,2015-04-01
Cocaine,101,1.192164105348877,1.0175439154612957,2015-04-01
Methamphetamine,195,1.1317825464384212,1.0076752251940875,2015-04-01
Oxycodone,27,1.3160949091704046,0.9982055026795493,2015-04-01
Hydrocodone,26,1.2808543648529938,0.9677211536976258,2015-04-01
Amphetamine,6,1.47088158124679,0.9634731689447301,2015-04-01
Quetiapine,8,1.367585614894448,0.9180404599904866,2015-04-01
Heroin,166,1.0005024511384164,0.8825438800782064,2015-04-01
Lorazepam,4,1.3614394634856999,0.8657919630317572,2015-04-01
Acetaminophen,4,1.3614394634856999,0.8657919630317572,2015-04-01
MDMA,3,1.3397180133822488,0.8373843072797688,2015-04-01
Morphine,127,0.9651295602692218,0.8370465819848946,2015-04-01
Fluoxetine,4,1.2909487544891665,0.8209641973069757,2015-04-01
Cyclobenzaprine,2,1.3153373379187165,0.806364559669651,2015-04-01
Duloxetine,2,1.3153373379187165,0.806364559669651,2015-04-01
Amlodipine,2,1.3153373379187165,0.806364559669651,2015-04-01
Metoprolol,2,1.3153373379187165,0.806364559669651,2015-04-01
Isopropanol,2,1.3153373379187165,0.806364559669651,2015-04-01
Zolpidem,3,1.2665643174742252,0.7916599411362967,2015-04-01
PCP,5,1.1952553488574518,0.7720039966395977,2015-04-01
Citalopram,5,1.1952553488574518,0.7720039966395977,2015-04-01
Venlafaxine,2,1.23936663014885,0.75979089027502,2015-04-01
Lamotrigine,2,1.23936663014885,0.75979089027502,2015-04-01
Promethazine,2,1.23936663014885,0.75979089027502,2015-04-01
Diazepam,3,1.200985921134896,0.7506704795909594,2015-04-01
Chlorpromazine,1,1.2088393369597652,0.7249907008286434,2015-04-01
Clonidine,1,1.2088393369597652,0.7249907008286434,2015-04-01
Carbamazepine,1,1.2088393369597652,0.7249907008286434,2015-04-01
Atorvastatin,1,1.2088393369597652,0.7249907008286434,2015-04-01
Buprenorphine,1,1.2088393369597652,0.7249907008286434,2015-04-01
Metaxalone,1,1.2088393369597652,0.7249907008286434,2015-04-01
Levetiracetam,1,1.2088393369597652,0.7249907008286434,2015-04-01
Flurazepam,1,1.2088393369597652,0.7249907008286434,2015-04-01
Nortriptyline,1,1.2088393369597652,0.7249907008286434,2015-04-01
Oxcarbazepine,1,1.2088393369597652,0.7249907008286434,2015-04-01
Estazolam,1,1.2088393369597652,0.7249907008286434,2015-04-01
Digoxin,1,1.2088393369597652,0.7249907008286434,2015-04-01
Fluvoxamine,1,1.2088393369597652,0.7249907008286434,2015-04-01
Hydroxyzine,2,1.171692501209156,0.7183034196389089,2015-04-01
Tramadol,6,1.0795966574642202,0.7071693778825477,2015-04-01
Etizolam,1,1.139019696506006,0.683116988982468,2015-04-01
Insulin,1,1.139019696506006,0.683116988982468,2015-04-01
Olanzapine,1,1.139019696506006,0.683116988982468,2015-04-01
Chlordiazepoxide,1,1.139019696506006,0.683116988982468,2015-04-01
Topiramate,1,1.139019696506006,0.683116988982468,2015-04-01
Metformin,1,1.139019696506006,0.683116988982468,2015-04-01
Paroxetine,1,1.139019696506006,0.683116988982468,2015-04-01
Oxymorphone,2,1.1110262451240775,0.6811121094976974,2015-04-01
Trazodone,2,1.1110262451240775,0.6811121094976974,2015-04-01
Mirtazapine,2,1.1110262451240775,0.6811121094976974,2015-04-01
Diphenhydramine,4,1.0694572961618187,0.6801092201719491,2015-04-01
Fentanyl,10,0.9737069816984867,0.6673314257903764,2015-04-01
Ketamine,1,1.076824891570084,0.6458162048006777,2015-04-01
Phenobarbital,1,1.076824891570084,0.6458162048006777,2015-04-01
Methadone,26,0.8499601901085586,0.6421686011612342,2015-04-01
Ethanol,129,0.7309252774876488,0.6345831352744521,2015-04-01
Hydromorphone,2,1.0067717999176602,0.6171991592765035,2015-04-01
Bupropion,1,1.0210705579344572,0.6123780363188454,2015-04-01
Amitriptyline,1,1.0210705579344572,0.6123780363188454,2015-04-01
Pentobarbital,2,0.9616528889733601,0.5895391136687791,2015-04-01
Sertraline,1,0.9708055457519733,0.5822320398285339,2015-04-01
Carisoprodol,1,0.8458828085016664,0.5073107330349357,2015-04-01
Methamphetamine,240,1.223136203173058,1.1034524939330643,2015-07-01
Hydrocodone,32,1.327102583940685,1.0522227212522506,2015-07-01
Cocaine,112,1.1699018308432594,1.0120303582234227,2015-07-01
Codeine,8,1.35845433990374,0.9891860596906143,2015-07-01
Alprazolam,18,1.2720117380456029,0.9691489784189979,2015-07-01
Oxycodone,28,1.1711835643771689,0.9197464268125838,2015-07-01
Diazepam,6,1.2633575938478263,0.9089084196849978,2015-07-01
Lorazepam,5,1.2527031621118017,0.8953457336821543,2015-07-01
Acetaminophen,4,1.241382131183543,0.8810922936275686,2015-07-01
Clonazepam,5,1.2158095267550948,0.8689767102648537,2015-07-01
Isopropanol,3,1.2293299296179463,0.8660911032957954,2015-07-01
Hydroxyzine,3,1.2293299296179463,0.8660911032957954,2015-07-01
Amphetamine,5,1.1810268462836753,0.8441164516592834,2015-07-01
Heroin,169,0.9361210494496935,0.8294836367539126,2015-07-01
Morphine,132,0.9475892042491204,0.8279270968747822,2015-07-01
Doxylamine,2,1.1771745512978389,0.8228099407245578,2015-07-01
Duloxetine,2,1.1771745512978389,0.8228099407245578,2015-07-01
Nortriptyline,2,1.1771745512978389,0.8228099407245578,2015-07-01
MDMA,3,1.154722107984144,0.8135281834510004,2015-07-01
Quetiapine,7,1.1140458257491064,0.8064713216442031,2015-07-01
Fluoxetine,4,1.134839295990121,0.8054716860225145,2015-07-01
Hydromorphone,5,1.117108872133698,0.7984322966322358,2015-07-01
Olanzapine,2,1.1403354103857062,0.7970604787464367,2015-07-01
Cyclobenzaprine,2,1.1403354103857062,0.7970604787464367,2015-07-01
Chlordiazepoxide,2,1.1403354103857062,0.7970604787464367,2015-07-01
Caffeine,2,1.1403354103857062,0.7970604787464367,2015-07-01
Promethazine,2,1.1403354103857062,0.7970604787464367,2015-07-01
Metformin,2,1.1403354103857062,0.7970604787464367,2015-07-01
Oxymorphone,3,1.1207141341250562,0.7895687866358378,2015-07-01
Zolpidem,3,1.1207141341250562,0.7895687866358378,2015-07-01
PCP,4,1.1032760474821397,0.7830691281608837,2015-07-01
Clonidine,1,1.1250195512452101,0.779725178956191,2015-07-01
Carbamazepine,1,1.1250195512452101,0.779725178956191,2015-07-01
Clindamycin,1,1.1250195512452101,0.779725178956191,2015-07-01
Acetyl fentanyl,1,1.1250195512452101,0.779725178956191,2015-07-01
Atorvastatin,1,1.1250195512452101,0.779725178956191,2015-07-01
Buprenorphine,1,1.1250195512452101,0.779725178956191,2015-07-01
Baclofen,1,1.1250195512452101,0.779725178956191,2015-07-01
Chlorpromazine,1,1.1250195512452101,0.779725178956191,2015-07-01
Oxcarbazepine,1,1.1250195512452101,0.779725178956191,2015-07-01
Flurazepam,1,1.1250195512452101,0.779725178956191,2015-07-01
Digoxin,1,1.1250195512452101,0.779725178956191,2015-07-01
Fluvoxamine,1,1.1250195512452101,0.779725178956191,2015-07-01
Chlorcyclizine,1,1.1250195512452101,0.779725178956191,2015-07-01
Gabapentin,2,1.1057320305887115,0.7728737471795301,2015-07-01
Lamotrigine,2,1.1057320305887115,0.7728737471795301,2015-07-01
Meprobamate,2,1.1057320305887115,0.7728737471795301,2015-07-01
Methadone,31,0.9575079111915058,0.7574460200015415,2015-07-01
Metoprolol,1,1.0898125772823992,0.7553240349553831,2015-07-01
Etizolam,1,1.0898125772823992,0.7553240349553831,2015-07-01
Paroxetine,1,1.0898125772823992,0.7553240349553831,2015-07-01
Mirtazapine,2,1.0731668742351503,0.7501116730764006,2015-07-01
Bupropion,1,1.0567423085037693,0.7324037921800411,2015-07-01
Venlafaxine,1,1.0567423085037693,0.7324037921800411,2015-07-01
Phenobarbital,1,1.0567423085037693,0.7324037921800411,2015-07-01
Trazodone,2,1.0424650088050795,0.7286519838172344,2015-07-01
Carisoprodol,3,1.0297334202489123,0.7254707890509934,2015-07-01
Tramadol,5,1.008001429692465,0.7204498295503733,2015-07-01
Ethanol,150,0.8100855853033978,0.7130542946093531,2015-07-01
Temazepam,1,1.0256199591914081,0.7108336075905747,2015-07-01
Pentobarbital,3,1.0026026523838865,0.7063565414374295,2015-07-01
Diphenhydramine,4,0.9928226688195106,0.704672945148337,2015-07-01
Amitriptyline,1,0.9962783472525089,0.6904976111231365,2015-07-01
Sertraline,1,0.9962783472525089,0.6904976111231365,2015-07-01
Citalopram,3,0.9768648327769702,0.6882236577886032,2015-07-01
Fentanyl,9,0.8848215248042023,0.6478929095284449,2015-07-01
Methamphetamine,259,1.276870963691527,1.1542517375022003,2015-10-01
Hydrocodone,35,1.383861567161279,1.0822142880547256,2015-10-01
Oxycodone,36,1.3623883652759847,1.0682325579776015,2015-10-01
Cocaine,110,1.108074417426267,0.9525604989302714,2015-10-01
Alprazolam,19,1.2358381064781419,0.9115281033324433,2015-10-01
Codeine,7,1.3290268906794922,0.8981826512294481,2015-10-01
Lorazepam,5,1.3049137566984945,0.8616304376566056,2015-10-01
Clonazepam,6,1.2589428163966447,0.8414065204501813,2015-10-01
Cyclobenzaprine,4,1.2910031595064286,0.8412189044488078,2015-10-01
Meprobamate,4,1.2910031595064286,0.8412189044488078,2015-10-01
Hydroxyzine,3,1.2101345097718268,0.77710216642469,2015-10-01
Methadone,32,0.9971701687384605,0.7732544657257715,2015-10-01
Oxymorphone,4,1.1708430183972902,0.7629224405572023,2015-10-01
Doxylamine,2,1.1903488581085058,0.7521391864480371,2015-10-01
Mirtazapine,3,1.1510691080581266,0.7391726211866855,2015-10-01
Morphine,124,0.8521480899681956,0.7385170536766128,2015-10-01
Heroin,159,0.8304576520424435,0.7310945200622389,2015-10-01
Fluoxetine,4,1.1187778831128723,0.7289967481671994,2015-10-01
Metformin,2,1.1292678743592026,0.7135442811715714,2015-10-01
Nortriptyline,2,1.1292678743592026,0.7135442811715714,2015-10-01
Isopropanol,2,1.1292678743592026,0.7135442811715714,2015-10-01
Metoprolol,2,1.1292678743592026,0.7135442811715714,2015-10-01
Olanzapine,2,1.1292678743592026,0.7135442811715714,2015-10-01
Promethazine,2,1.1292678743592026,0.7135442811715714,2015-10-01
Caffeine,2,1.1292678743592026,0.7135442811715714,2015-10-01
Zolpidem,3,1.0975012196172051,0.7047733690191845,2015-10-01
Trazodone,3,1.0975012196172051,0.7047733690191845,2015-10-01
Diazepam,4,1.0711460788255922,0.69795981853274,2015-10-01
Amphetamine,4,1.0711460788255922,0.69795981853274,2015-10-01
Ethanol,150,0.7843218457641616,0.6880402196324696,2015-10-01
Butalbital,1,1.1051108394784623,0.685795658054523,2015-10-01
Chlorcyclizine,1,1.1051108394784623,0.685795658054523,2015-10-01
Clonidine,1,1.1051108394784623,0.685795658054523,2015-10-01
Baclofen,1,1.1051108394784623,0.685795658054523,2015-10-01
Acetyl fentanyl,1,1.1051108394784623,0.685795658054523,2015-10-01
Clindamycin,1,1.1051108394784623,0.685795658054523,2015-10-01
Chlorpromazine,1,1.1051108394784623,0.685795658054523,2015-10-01
Benztropine,1,1.1051108394784623,0.685795658054523,2015-10-01
Opium,1,1.1051108394784623,0.685795658054523,2015-10-01
Flurazepam,1,1.1051108394784623,0.685795658054523,2015-10-01
Oxcarbazepine,1,1.1051108394784623,0.685795658054523,2015-10-01
Salicylate,1,1.1051108394784623,0.685795658054523,2015-10-01
Digoxin,1,1.1051108394784623,0.685795658054523,2015-10-01
Gabapentin,2,1.0741494886733178,0.6787169299411211,2015-10-01
Phenobarbital,2,1.0741494886733178,0.6787169299411211,2015-10-01
Fentanyl,12,0.9328117802557352,0.659137129067143,2015-10-01
Chlordiazepoxide,1,1.0484037180597685,0.6506050724042508,2015-10-01
Paroxetine,1,1.0484037180597685,0.6506050724042508,2015-10-01
Etizolam,1,1.0484037180597685,0.6506050724042508,2015-10-01
Levetiracetam,1,1.0484037180597685,0.6506050724042508,2015-10-01
MDMA,2,1.0241612476760453,0.6471311350209653,2015-10-01
Acetaminophen,2,1.0241612476760453,0.6471311350209653,2015-10-01
Hydromorphone,4,0.987095211142655,0.6431921920481977,2015-10-01
Venlafaxine,1,0.9972322273987732,0.6188497182281486,2015-10-01
Duloxetine,1,0.9972322273987732,0.6188497182281486,2015-10-01
Amlodipine,1,0.9972322273987732,0.6188497182281486,2015-10-01
Amitriptyline,2,0.9786187683893662,0.6183544591026632,2015-10-01
Sertraline,2,0.9786187683893662,0.6183544591026632,2015-10-01
Tramadol,5,0.9066430515929059,0.5986535472802236,2015-10-01
Diphenhydramine,4,0.9152752420603525,0.5963942308936645,2015-10-01
Carisoprodol,3,0.9252634051576745,0.59416882243701,2015-10-01
Temazepam,1,0.9508235241045732,0.5900499941840671,2015-10-01
Lamotrigine,1,0.9508235241045732,0.5900499941840671,2015-10-01
Quetiapine,4,0.8831468423885247,0.5754593346661747,2015-10-01
Pentobarbital,2,0.8634331393142214,0.5455727491418111,2015-10-01
PCP,2,0.8308360490546591,0.5249758049927157,2015-10-01
Citalopram,1,0.7171899048696814,0.445064608172952,2015-10-01
Methamphetamine,281,1.2532792099990318,1.1383130507941663,2016-01-01
Oxycodone,37,1.310012748054912,1.0420961467871706,2016-01-01
Codeine,8,1.3341072205963453,0.9501977540704749,2016-01-01
Cocaine,113,1.0699215596438498,0.924236069108676,2016-01-01
Meprobamate,5,1.3086619570324913,0.9108442166909632,2016-01-01
Clonazepam,7,1.2808722330263207,0.9057450719025805,2016-01-01
Hydrocodone,30,1.1403815703028732,0.892041747067792,2016-01-01
MDMA,6,1.2711061513416302,0.8919781066304627,2016-01-01
Hydromorphone,8,1.248702351759877,0.8893694238566401,2016-01-01
Cyclobenzaprine,4,1.249342323228533,0.8619603022723386,2016-01-01
Alprazolam,18,1.1313634829734986,0.8503189076270306,2016-01-01
Oxymorphone,4,1.2034813466453804,0.8303193816830439,2016-01-01
Gabapentin,4,1.2034813466453804,0.8303193816830439,2016-01-01
Morphine,134,0.9397577815293454,0.8205249768274916,2016-01-01
Hydroxyzine,3,1.1900232189900841,0.8133238783098702,2016-01-01
Fentanyl,14,1.0929041264590975,0.8065031435623632,2016-01-01
Temazepam,4,1.1608680905914546,0.8009191649561097,2016-01-01
Lorazepam,4,1.1608680905914546,0.8009191649561097,2016-01-01
Doxylamine,2,1.1754993980429524,0.7952582601835219,2016-01-01
Diazepam,5,1.1355696718127561,0.7903699367602417,2016-01-01
Trazodone,4,1.1211693637997273,0.773529773026445,2016-01-01
Olanzapine,2,1.130704727550197,0.7649534112139085,2016-01-01
Metformin,2,1.130704727550197,0.7649534112139085,2016-01-01
Caffeine,2,1.130704727550197,0.7649534112139085,2016-01-01
Metoprolol,2,1.130704727550197,0.7649534112139085,2016-01-01
Nortriptyline,2,1.130704727550197,0.7649534112139085,2016-01-01
Heroin,165,0.863471643539465,0.7632001862718568,2016-01-01
Clonidine,1,1.1138316527249201,0.745269722355063,2016-01-01
Clindamycin,1,1.1138316527249201,0.745269722355063,2016-01-01
Butalbital,1,1.1138316527249201,0.745269722355063,2016-01-01
Benztropine,1,1.1138316527249201,0.745269722355063,2016-01-01
Butyl Nitrite,1,1.1138316527249201,0.745269722355063,2016-01-01
Chlorcyclizine,1,1.1138316527249201,0.745269722355063,2016-01-01
Digoxin,1,1.1138316527249201,0.745269722355063,2016-01-01
Baclofen,1,1.1138316527249201,0.745269722355063,2016-01-01
Ephedrine,1,1.1138316527249201,0.745269722355063,2016-01-01
Salicylate,1,1.1138316527249201,0.745269722355063,2016-01-01
Opium,1,1.1138316527249201,0.745269722355063,2016-01-01
Flurazepam,1,1.1138316527249201,0.745269722355063,2016-01-01
Ibuprofen,1,1.1138316527249201,0.745269722355063,2016-01-01
Amyl nitrite,1,1.1138316527249201,0.745269722355063,2016-01-01
Acetyl fentanyl,1,1.1138316527249201,0.745269722355063,2016-01-01
"1,1-Difluoroethane",1,1.1138316527249201,0.745269722355063,2016-01-01
Furanyl fentanyl,1,1.1138316527249201,0.745269722355063,2016-01-01
Insulin,2,1.0891987110897634,0.7368734287890543,2016-01-01
Sertraline,3,1.0679359456054844,0.7298830738811062,2016-01-01
Amphetamine,4,1.0493960303071008,0.7240111078198385,2016-01-01
Levetiracetam,1,1.0713869505402311,0.7168697829789112,2016-01-01
Topiramate,1,1.0713869505402311,0.7168697829789112,2016-01-01
Chlordiazepoxide,1,1.0713869505402311,0.7168697829789112,2016-01-01
Paroxetine,1,1.0713869505402311,0.7168697829789112,2016-01-01
Oxazepam,1,1.0713869505402311,0.7168697829789112,2016-01-01
GHB,1,1.0713869505402311,0.7168697829789112,2016-01-01
Ethanol,158,0.808114217266766,0.7125061091971971,2016-01-01
Phenobarbital,2,1.0506320114905958,0.710781976530281,2016-01-01
Acetaminophen,2,1.0506320114905958,0.710781976530281,2016-01-01
Methadone,29,0.9048687336136011,0.7058987768927771,2016-01-01
Carisoprodol,4,1.016848491873061,0.7015555441642928,2016-01-01
Pentobarbital,4,1.016848491873061,0.7015555441642928,2016-01-01
Duloxetine,1,1.0320583766684621,0.6905548589431938,2016-01-01
Isopropanol,1,1.0320583766684621,0.6905548589431938,2016-01-01
Amlodipine,1,1.0320583766684621,0.6905548589431938,2016-01-01
Promethazine,1,1.0320583766684621,0.6905548589431938,2016-01-01
Zolpidem,2,1.0147030773413614,0.686475046463504,2016-01-01
Amitriptyline,2,1.0147030773413614,0.686475046463504,2016-01-01
Mirtazapine,2,1.0147030773413614,0.686475046463504,2016-01-01
Fluoxetine,3,0.9995704289872498,0.6831585173923779,2016-01-01
Diphenhydramine,5,0.9744591561412226,0.6782351102995746,2016-01-01
Venlafaxine,1,0.9955149204776691,0.6661034695590093,2016-01-01
Lamotrigine,1,0.9955149204776691,0.6661034695590093,2016-01-01
PCP,3,0.9394313276608364,0.6420563217811204,2016-01-01
Quetiapine,4,0.930288421301273,0.6418350470614942,2016-01-01
Tramadol,4,0.857309260054298,0.591484443613221,2016-01-01
Citalopram,1,0.8210771348696723,0.5493863698696093,2016-01-01
Methamphetamine,302,1.2710721302819146,1.1581641989485605,2016-04-01
Fentanyl,23,1.2821906202004154,0.9806798644418159,2016-04-01
Oxycodone,37,1.1851038667777731,0.9419141393337449,2016-04-01
Diazepam,8,1.2848765916431675,0.9125558609140132,2016-04-01
Cocaine,111,1.038870556084955,0.8961673493237977,2016-04-01
Hydromorphone,8,1.2426517344281696,0.8825665676399206,2016-04-01
Meprobamate,5,1.2566775112116026,0.8716645731115997,2016-04-01
Alprazolam,23,1.1382035016313494,0.8705517246043806,2016-04-01
Ethanol,180,0.9500060628586059,0.8436630445037884,2016-04-01
Gabapentin,5,1.2108625086818263,0.839886082396252,2016-04-01
MDMA,6,1.1806739503679822,0.8258663020897938,2016-04-01
Temazepam,5,1.1682705795051158,0.8103432001272575,2016-04-01
Zolpidem,5,1.1682705795051158,0.8103432001272575,2016-04-01
Hydrocodone,28,1.030875937992873,0.8010270862818065,2016-04-01
Cannabis,2,1.1252106650832205,0.7579686599679324,2016-04-01
Ephedrine,2,1.1252106650832205,0.7579686599679324,2016-04-01
Doxylamine,2,1.1252106650832205,0.7579686599679324,2016-04-01
"1,1-Difluoroethane",2,1.1252106650832205,0.7579686599679324,2016-04-01
Cyclobenzaprine,3,1.0990645834958386,0.7481777617058367,2016-04-01
Phenobarbital,3,1.0990645834958386,0.7481777617058367,2016-04-01
Trazodone,4,1.0764728112857112,0.7399582746882175,2016-04-01
Caffeine,2,1.0826364429087811,0.729289651554561,2016-04-01
Nortriptyline,2,1.0826364429087811,0.729289651554561,2016-04-01
Codeine,6,1.0394001793043177,0.7270471091582781,2016-04-01
Oxymorphone,3,1.0604051316049334,0.7218607075319028,2016-04-01
Methadone,28,0.9200728311618204,0.7149291509777204,2016-04-01
Fluoxetine,5,1.024170350978723,0.7103914917031606,2016-04-01
Clonazepam,5,1.024170350978723,0.7103914917031606,2016-04-01
Furanyl fentanyl,1,1.064917016779175,0.7092168408810803,2016-04-01
Ibuprofen,1,1.064917016779175,0.7092168408810803,2016-04-01
Opium,1,1.064917016779175,0.7092168408810803,2016-04-01
Butalbital,1,1.064917016779175,0.7092168408810803,2016-04-01
Amyl nitrite,1,1.064917016779175,0.7092168408810803,2016-04-01
Chlorcyclizine,1,1.064917016779175,0.7092168408810803,2016-04-01
Butyl Nitrite,1,1.064917016779175,0.7092168408810803,2016-04-01
Clindamycin,1,1.064917016779175,0.7092168408810803,2016-04-01
Benztropine,1,1.064917016779175,0.7092168408810803,2016-04-01
Baclofen,1,1.064917016779175,0.7092168408810803,2016-04-01
Acetyl fentanyl,1,1.064917016779175,0.7092168408810803,2016-04-01
Pseudoephedrine,1,1.064917016779175,0.7092168408810803,2016-04-01
Salicylate,1,1.064917016779175,0.7092168408810803,2016-04-01
alpha-PVP,1,1.064917016779175,0.7092168408810803,2016-04-01
U-47700,1,1.064917016779175,0.7092168408810803,2016-04-01
Phenylpropanolamine,1,1.064917016779175,0.7092168408810803,2016-04-01
Lamotrigine,2,1.0431664986086944,0.702701758532828,2016-04-01
Hydroxyzine,2,1.0431664986086944,0.702701758532828,2016-04-01
Insulin,2,1.0431664986086944,0.702701758532828,2016-04-01
Mirtazapine,3,1.0243729481447192,0.6973321413534812,2016-04-01
Carisoprodol,4,1.0079717772593002,0.6928712452517737,2016-04-01
Morphine,118,0.7928739871239455,0.6866664417656911,2016-04-01
Diphenhydramine,6,0.9807257161886133,0.6860050739161454,2016-04-01
Topiramate,1,1.0246241053479235,0.6823824388526459,2016-04-01
Etizolam,1,1.0246241053479235,0.6823824388526459,2016-04-01
Levetiracetam,1,1.0246241053479235,0.6823824388526459,2016-04-01
Chlordiazepoxide,1,1.0246241053479235,0.6823824388526459,2016-04-01
Doxepin,1,1.0246241053479235,0.6823824388526459,2016-04-01
Oxazepam,1,1.0246241053479235,0.6823824388526459,2016-04-01
GHB,1,1.0246241053479235,0.6823824388526459,2016-04-01
Amitriptyline,2,1.0064732544875044,0.6779843167777254,2016-04-01
Pentobarbital,4,0.9768897304288588,0.6715057100470695,2016-04-01
Quetiapine,6,0.9538044377359811,0.667173984540221,2016-04-01
Heroin,150,0.7529023186150472,0.6617226590628821,2016-04-01
Duloxetine,1,0.9872691311721499,0.6575046536743572,2016-04-01
Amlodipine,1,0.9872691311721499,0.6575046536743572,2016-04-01
Isopropanol,1,0.9872691311721499,0.6575046536743572,2016-04-01
Olanzapine,1,0.9872691311721499,0.6575046536743572,2016-04-01
Paroxetine,1,0.9872691311721499,0.6575046536743572,2016-04-01
Metformin,1,0.9872691311721499,0.6575046536743572,2016-04-01
Metoprolol,1,0.9872691311721499,0.6575046536743572,2016-04-01
Lorazepam,3,0.9591872737450229,0.6529576135049684,2016-04-01
Amphetamine,4,0.947667247776464,0.6514184234766395,2016-04-01
Venlafaxine,1,0.9525420695844448,0.6343770141266248,2016-04-01
Sertraline,2,0.9403218595008465,0.6334231641251793,2016-04-01
PCP,4,0.9201422964357192,0.6324980055232604,2016-04-01
Tramadol,4,0.8034600034150273,0.552291587557967,2016-04-01
Fentanyl,42,2.291318501817492,1.8035851390062627,2016-07-01
Methamphetamine,305,1.2047816292938265,1.0967508183997547,2016-07-01
Oxycodone,41,1.3369966618436833,1.0497630443613335,2016-07-01
Alprazolam,27,1.2727555568346542,0.9543053002746766,2016-07-01
Cocaine,109,0.9908658729349171,0.8487745514493027,2016-07-01
MDMA,7,1.2931823834028668,0.8243726395153007,2016-07-01
Temazepam,5,1.2512641715159394,0.7694157036200759,2016-07-01
Ephedrine,3,1.2874651598732751,0.7559846592961348,2016-07-01
Ethanol,155,0.840355878368202,0.737356421418943,2016-07-01
Zolpidem,5,1.1790955252910291,0.7250384322344705,2016-07-01
Morphine,119,0.8233574462658256,0.7097689454664933,2016-07-01
Heroin,150,0.7895389720469563,0.6913241641913928,2016-07-01
Butalbital,2,1.1648605205324265,0.6647889553378232,2016-07-01
Doxepin,2,1.1648605205324265,0.6647889553378232,2016-07-01
Cannabis,2,1.1648605205324265,0.6647889553378232,2016-07-01
"1,1-Difluoroethane",2,1.1648605205324265,0.6647889553378232,2016-07-01
Pseudoephedrine,2,1.1648605205324265,0.6647889553378232,2016-07-01
Sertraline,3,1.1195866497260083,0.65740833874598,2016-07-01
Phenobarbital,3,1.1195866497260083,0.65740833874598,2016-07-01
Gabapentin,4,1.0847645597177982,0.6528264999453851,2016-07-01
Mirtazapine,4,1.0847645597177982,0.6528264999453851,2016-07-01
Diazepam,5,1.057149926884591,0.6500527812926816,2016-07-01
Clonazepam,6,1.0347151698928647,0.648489145252169,2016-07-01
Amphetamine,6,1.0347151698928647,0.648489145252169,2016-07-01
Hydrocodone,25,0.8666667153986191,0.6440240246621233,2016-07-01
Methadone,28,0.8374541299506849,0.630555148682768,2016-07-01
Hydromorphone,6,0.988394439079746,0.6194584593141584,2016-07-01
Trazodone,4,1.0256108280752423,0.6172269560250299,2016-07-01
Meprobamate,3,1.0510603504490559,0.6171704879471195,2016-07-01
Codeine,6,0.9460432528518911,0.5929156141366195,2016-07-01
Fluoxetine,5,0.9580640654992896,0.5891238268064292,2016-07-01
Lorazepam,4,0.9725749529153869,0.5853092237927418,2016-07-01
Oxymorphone,3,0.9904387772278794,0.5815742009127445,2016-07-01
Insulin,2,1.0129689938245487,0.5781040625245243,2016-07-01
Metoprolol,2,1.0129689938245487,0.5781040625245243,2016-07-01
Nortriptyline,2,1.0129689938245487,0.5781040625245243,2016-07-01
Bupropion,2,1.0129689938245487,0.5781040625245243,2016-07-01
U-47700,1,1.0422678405783952,0.5752415750618199,2016-07-01
Salicylate,1,1.0422678405783952,0.5752415750618199,2016-07-01
Phenylpropanolamine,1,1.0422678405783952,0.5752415750618199,2016-07-01
Oxazepam,1,1.0422678405783952,0.5752415750618199,2016-07-01
MDA,1,1.0422678405783952,0.5752415750618199,2016-07-01
Furanyl fentanyl,1,1.0422678405783952,0.5752415750618199,2016-07-01
Ibuprofen,1,1.0422678405783952,0.5752415750618199,2016-07-01
alpha-PVP,1,1.0422678405783952,0.5752415750618199,2016-07-01
Benztropine,1,1.0422678405783952,0.5752415750618199,2016-07-01
Amyl nitrite,1,1.0422678405783952,0.5752415750618199,2016-07-01
Aripiprazole,1,1.0422678405783952,0.5752415750618199,2016-07-01
Butyl Nitrite,1,1.0422678405783952,0.5752415750618199,2016-07-01
Eszopiclone,1,1.0422678405783952,0.5752415750618199,2016-07-01
Opium,1,1.0422678405783952,0.5752415750618199,2016-07-01
PCP,5,0.9151747477710982,0.5627507272413379,2016-07-01
Quetiapine,6,0.8713695541689039,0.5461152149149069,2016-07-01
Cyclobenzaprine,2,0.9509684184817809,0.5427201715041441,2016-07-01
Levetiracetam,1,0.9695754408747765,0.5351216664620037,2016-07-01
GHB,1,0.9695754408747765,0.5351216664620037,2016-07-01
Acetyl fentanyl,1,0.9695754408747765,0.5351216664620037,2016-07-01
Topiramate,1,0.9695754408747765,0.5351216664620037,2016-07-01
Etizolam,1,0.9695754408747765,0.5351216664620037,2016-07-01
Tramadol,5,0.8399695075600276,0.5165062217802618,2016-07-01
Amlodipine,1,0.9063617378703944,0.5002331774709672,2016-07-01
Duloxetine,1,0.9063617378703944,0.5002331774709672,2016-07-01
Paroxetine,1,0.9063617378703944,0.5002331774709672,2016-07-01
Carisoprodol,3,0.8443424126304849,0.4957881044365986,2016-07-01
Olanzapine,1,0.8508862499144731,0.4696155129641374,2016-07-01
Venlafaxine,1,0.8508862499144731,0.4696155129641374,2016-07-01
Hydroxyzine,1,0.8508862499144731,0.4696155129641374,2016-07-01
Lamotrigine,1,0.8508862499144731,0.4696155129641374,2016-07-01
Diphenhydramine,4,0.772769579309387,0.4650635524597674,2016-07-01
Amitriptyline,1,0.8018100355181786,0.44252969320812374,2016-07-01
Pentobarbital,2,0.728134545775635,0.4155482956966521,2016-07-01
Citalopram,1,0.6835376758527191,0.3772535944824049,2016-07-01
Fentanyl,56,3.0449241515268692,2.445978756787086,2016-10-01
MDMA,9,1.9336676856356714,1.1739134652990226,2016-10-01
Methamphetamine,329,1.1986485478339892,1.0942395048743867,2016-10-01
Alprazolam,33,1.400636560641946,1.056274101672588,2016-10-01
Cocaine,129,1.0561810694033056,0.9133077120798359,2016-10-01
Diazepam,8,1.4705059763215194,0.8721530800605839,2016-10-01
Codeine,10,1.2995291282001336,0.8052712848186042,2016-10-01
Heroin,172,0.9016229341879529,0.7949012642339952,2016-10-01
Ephedrine,3,1.6205820329407454,0.788932810179652,2016-10-01
Gabapentin,5,1.4292944215113101,0.7704979027395128,2016-10-01
Temazepam,5,1.4292944215113101,0.7704979027395128,2016-10-01
Quetiapine,10,1.2221113834015944,0.7572983033218189,2016-10-01
Oxycodone,36,0.9859220113827136,0.7520290936846813,2016-10-01
Morphine,128,0.858212713499791,0.7417022212800366,2016-10-01
Ethanol,154,0.8331047410944677,0.7292799964434921,2016-10-01
Hydromorphone,7,1.2310349391856892,0.7107787324103528,2016-10-01
PCP,8,1.1721468715958658,0.695197109571075,2016-10-01
Amphetamine,7,1.1417384889302329,0.6592204738256681,2016-10-01
Zolpidem,5,1.1642650848347027,0.6276270253328494,2016-10-01
"1,1-Difluoroethane",2,1.3458301494831628,0.6087016866467403,2016-10-01
Cannabis,2,1.3458301494831628,0.6087016866467403,2016-10-01
Doxepin,2,1.3458301494831628,0.6087016866467403,2016-10-01
Pseudoephedrine,2,1.3458301494831628,0.6087016866467403,2016-10-01
Furanyl fentanyl,2,1.3458301494831628,0.6087016866467403,2016-10-01
U-47700,2,1.3458301494831628,0.6087016866467403,2016-10-01
Mirtazapine,4,1.016780711553336,0.5238406241929852,2016-10-01
Fluoxetine,5,0.9109057302231804,0.49104715177453806,2016-10-01
Lorazepam,4,0.9305100145520471,0.47939436822725284,2016-10-01
Diphenhydramine,6,0.8428910822571506,0.4716435613203895,2016-10-01
Tramadol,6,0.8428910822571506,0.4716435613203895,2016-10-01
Insulin,2,1.0001220537131363,0.4523423562635859,2016-10-01
Bupropion,2,1.0001220537131363,0.4523423562635859,2016-10-01
Hydrocodone,21,0.6255324036379092,0.4417583694829447,2016-10-01
Sumatriptan,1,1.0712758225089318,0.4380501821930234,2016-10-01
MDA,1,1.0712758225089318,0.4380501821930234,2016-10-01
alpha-PVP,1,1.0712758225089318,0.4380501821930234,2016-10-01
Phenylpropanolamine,1,1.0712758225089318,0.4380501821930234,2016-10-01
Oxazepam,1,1.0712758225089318,0.4380501821930234,2016-10-01
Aripiprazole,1,1.0712758225089318,0.4380501821930234,2016-10-01
Butyl Nitrite,1,1.0712758225089318,0.4380501821930234,2016-10-01
Amyl nitrite,1,1.0712758225089318,0.4380501821930234,2016-10-01
Acryl fentanyl,1,1.0712758225089318,0.4380501821930234,2016-10-01
Dimethyltryptamine,1,1.0712758225089318,0.4380501821930234,2016-10-01
Eszopiclone,1,1.0712758225089318,0.4380501821930234,2016-10-01
Lithium,1,1.0712758225089318,0.4380501821930234,2016-10-01
Ibuprofen,1,1.0712758225089318,0.4380501821930234,2016-10-01
Methadone,22,0.611481942635906,0.43498661171612807,2016-10-01
Clonazepam,5,0.795498463233062,0.42883389757127766,2016-10-01
Oxymorphone,3,0.8693341186618838,0.42320980689661153,2016-10-01
Venlafaxine,2,0.886289865518267,0.4008575199523208,2016-10-01
Sertraline,2,0.886289865518267,0.4008575199523208,2016-10-01
Phenobarbital,2,0.886289865518267,0.4008575199523208,2016-10-01
Olanzapine,2,0.886289865518267,0.4008575199523208,2016-10-01
Duloxetine,2,0.886289865518267,0.4008575199523208,2016-10-01
Trazodone,3,0.7955738088017692,0.3873017643817469,2016-10-01
Pentobarbital,3,0.7955738088017692,0.3873017643817469,2016-10-01
GHB,1,0.9134086996666841,0.37349750540304716,2016-10-01
Topiramate,1,0.9134086996666841,0.37349750540304716,2016-10-01
Paroxetine,1,0.9134086996666841,0.37349750540304716,2016-10-01
Butalbital,1,0.9134086996666841,0.37349750540304716,2016-10-01
Baclofen,1,0.9134086996666841,0.37349750540304716,2016-10-01
Acetyl fentanyl,1,0.9134086996666841,0.37349750540304716,2016-10-01
Buprenorphine,1,0.9134086996666841,0.37349750540304716,2016-10-01
Etizolam,1,0.9134086996666841,0.37349750540304716,2016-10-01
Lamotrigine,1,0.7054834557161854,0.2884758059664528,2016-10-01
Nortriptyline,1,0.7054834557161854,0.2884758059664528,2016-10-01
Metoprolol,1,0.7054834557161854,0.2884758059664528,2016-10-01
Carisoprodol,2,0.5648426978996175,0.25547109569036575,2016-10-01
Meprobamate,1,0.5746679921624422,0.23498469150334797,2016-10-01
Citalopram,1,0.4847773345852982,0.1982279402523971,2016-10-01
Fentanyl,77,4.361588083174075,3.611320136269944,2017-01-01
Alprazolam,41,1.860125392600042,1.4375505696315751,2017-01-01
Methamphetamine,331,1.1335057634202534,1.0349073842055814,2017-01-01
Quetiapine,12,1.4713047167494333,0.9277069170010512,2017-01-01
PCP,11,1.461211651081815,0.9046391386920084,2017-01-01
Heroin,194,0.9970554578930655,0.8852229123632785,2017-01-01
Cocaine,127,0.9898566251135191,0.8544729854092061,2017-01-01
Diazepam,9,1.4360745816304332,0.8507317743295322,2017-01-01
Doxepin,3,1.8673409208416114,0.8411917005150602,2017-01-01
U-47700,3,1.8673409208416114,0.8411917005150602,2017-01-01
Gabapentin,6,1.5462103017194835,0.8319197565134646,2017-01-01
Codeine,10,1.2587262142700275,0.7633779569884109,2017-01-01
Zolpidem,6,1.3779534265148827,0.7413911793229845,2017-01-01
Lorazepam,6,1.3779534265148827,0.7413911793229845,2017-01-01
Morphine,126,0.8218599420976702,0.7090402988081883,2017-01-01
Oxycodone,34,0.9015995671352961,0.679802243234437,2017-01-01
Ethanol,142,0.7712118694461976,0.6710711657795031,2017-01-01
Amphetamine,7,1.0824262295967426,0.6047055917394768,2017-01-01
Phenylpropanolamine,2,1.4827298754275302,0.602855525453472,2017-01-01
Pseudoephedrine,2,1.4827298754275302,0.602855525453472,2017-01-01
Cannabis,2,1.4827298754275302,0.602855525453472,2017-01-01
Methadone,27,0.8003058345485498,0.5836480586630416,2017-01-01
Mirtazapine,4,1.1521871041596958,0.5592182293901043,2017-01-01
MDMA,6,1.038822816425317,0.558926055233313,2017-01-01
Buprenorphine,2,1.1970170838396827,0.486689028807004,2017-01-01
Ephedrine,2,1.1970170838396827,0.486689028807004,2017-01-01
Hydrocodone,20,0.6389958975734773,0.4439090950117275,2017-01-01
Bupropion,2,1.0036248416250213,0.4080586702156739,2017-01-01
Tramadol,5,0.7786813077473307,0.4002222129785323,2017-01-01
Temazepam,3,0.8513311712846174,0.3835040016965,2017-01-01
Dimethyltryptamine,1,1.0986907279764166,0.3832907635164317,2017-01-01
Cerberin,1,1.0986907279764166,0.3832907635164317,2017-01-01
Acryl fentanyl,1,1.0986907279764166,0.3832907635164317,2017-01-01
Aripiprazole,1,1.0986907279764166,0.3832907635164317,2017-01-01
Carbon monoxide,1,1.0986907279764166,0.3832907635164317,2017-01-01
alpha-PVP,1,1.0986907279764166,0.3832907635164317,2017-01-01
Tizanidine,1,1.0986907279764166,0.3832907635164317,2017-01-01
Sumatriptan,1,1.0986907279764166,0.3832907635164317,2017-01-01
Vilazodone,1,1.0986907279764166,0.3832907635164317,2017-01-01
Lithium,1,1.0986907279764166,0.3832907635164317,2017-01-01
Neriifolin,1,1.0986907279764166,0.3832907635164317,2017-01-01
MDA,1,1.0986907279764166,0.3832907635164317,2017-01-01
Hydroxychloroquine,1,1.0986907279764166,0.3832907635164317,2017-01-01
Eszopiclone,1,1.0986907279764166,0.3832907635164317,2017-01-01
Sertraline,2,0.8640305115042728,0.3513017284220758,2017-01-01
Venlafaxine,2,0.8640305115042728,0.3513017284220758,2017-01-01
Olanzapine,2,0.8640305115042728,0.3513017284220758,2017-01-01
Duloxetine,2,0.8640305115042728,0.3513017284220758,2017-01-01
Diphenhydramine,5,0.682485949269165,0.35078026687638303,2017-01-01
Fluoxetine,4,0.7154078604588875,0.34722582432421634,2017-01-01
Oxymorphone,3,0.7677819936902042,0.34586712779047346,2017-01-01
Clonazepam,4,0.6649900345178305,0.32275534791403365,2017-01-01
Paroxetine,1,0.8869798828763854,0.3094330259413115,2017-01-01
Etizolam,1,0.8869798828763854,0.3094330259413115,2017-01-01
Furanyl fentanyl,1,0.8869798828763854,0.3094330259413115,2017-01-01
Butalbital,1,0.8869798828763854,0.3094330259413115,2017-01-01
Baclofen,1,0.8869798828763854,0.3094330259413115,2017-01-01
"1,1-Difluoroethane",1,0.8869798828763854,0.3094330259413115,2017-01-01
Acetyl fentanyl,1,0.8869798828763854,0.3094330259413115,2017-01-01
Tapentadol,1,0.8869798828763854,0.3094330259413115,2017-01-01
Cyclobenzaprine,2,0.6759848442551656,0.2748452062885201,2017-01-01
Doxylamine,1,0.7436778108637392,0.25944046734715825,2017-01-01
Trazodone,2,0.6096440597181868,0.24787204739839921,2017-01-01
Citalopram,2,0.6096440597181868,0.24787204739839921,2017-01-01
Hydromorphone,3,0.5150489004681598,0.23201701178269848,2017-01-01
Lamotrigine,1,0.6402395523356831,0.2233548537359003,2017-01-01
Nortriptyline,1,0.6402395523356831,0.2233548537359003,2017-01-01
Metoprolol,1,0.6402395523356831,0.2233548537359003,2017-01-01
Phenobarbital,1,0.5620622319810672,0.19608180587503535,2017-01-01
Pentobarbital,1,0.45174126918103646,0.1575950825535664,2017-01-01
Carisoprodol,1,0.37762202863579253,0.1317377420150064,2017-01-01
Fentanyl,89,3.8612858964505072,3.2430619694444194,2017-04-01
Alprazolam,39,1.461897084362532,1.1269160269823166,2017-04-01
Methamphetamine,336,1.0979341373324063,1.0032738443255382,2017-04-01
PCP,11,1.542252228031008,0.975520407513105,2017-04-01
Heroin,203,1.0424787401047921,0.9283434836350465,2017-04-01
Mirtazapine,7,1.5105577217453103,0.8756176691708238,2017-04-01
Cocaine,132,1.0094415132096504,0.8743957713733508,2017-04-01
Diazepam,10,1.2618585736406671,0.7839917424991809,2017-04-01
Gabapentin,6,1.359946233083316,0.7645022328210942,2017-04-01
Methadone,34,1.007997310646628,0.7635830268662689,2017-04-01
Doxepin,3,1.441984956234038,0.7080913506251434,2017-04-01
U-47700,3,1.441984956234038,0.7080913506251434,2017-04-01
Bupropion,3,1.441984956234038,0.7080913506251434,2017-04-01
Morphine,119,0.7922215673721759,0.6810628918800042,2017-04-01
Diphenhydramine,8,1.1357145360865297,0.6758879656647302,2017-04-01
Quetiapine,10,1.0707326775777573,0.6652453731190038,2017-04-01
Oxycodone,34,0.8635989754365767,0.6541976974516402,2017-04-01
Ethanol,141,0.7449598548182234,0.6482865934418114,2017-04-01
Hydroxychloroquine,2,1.4102688899172986,0.6451962108790632,2017-04-01
Codeine,9,1.0411051195273786,0.6339327855486507,2017-04-01
Olanzapine,3,1.2572740537268727,0.617388467862017,2017-04-01
Doxylamine,3,1.2572740537268727,0.617388467862017,2017-04-01
Amphetamine,7,1.0327361321530883,0.5986411455098617,2017-04-01
Buprenorphine,2,1.2030809354198366,0.5504079870607066,2017-04-01
Furanyl fentanyl,2,1.2030809354198366,0.5504079870607066,2017-04-01
Temazepam,4,1.0587818623027914,0.5492172025084123,2017-04-01
Sertraline,3,1.1145109035566603,0.547284163800804,2017-04-01
Tramadol,6,0.9297662661099078,0.5226738889751454,2017-04-01
Zolpidem,5,0.9465771081967389,0.5131219823343024,2017-04-01
Trazodone,4,0.9691056005509044,0.5026998344231075,2017-04-01
Lamotrigine,3,1.0008631468771207,0.4914770673572321,2017-04-01
MDMA,5,0.8826481913145912,0.47846729622896866,2017-04-01
Carbon monoxide,1,1.1304073211344297,0.4697461546357987,2017-04-01
Dimethyltryptamine,1,1.1304073211344297,0.4697461546357987,2017-04-01
Eszopiclone,1,1.1304073211344297,0.4697461546357987,2017-04-01
Carfentanil,1,1.1304073211344297,0.4697461546357987,2017-04-01
Cerberin,1,1.1304073211344297,0.4697461546357987,2017-04-01
Lithium,1,1.1304073211344297,0.4697461546357987,2017-04-01
Tizanidine,1,1.1304073211344297,0.4697461546357987,2017-04-01
Tapentadol,1,1.1304073211344297,0.4697461546357987,2017-04-01
Sumatriptan,1,1.1304073211344297,0.4697461546357987,2017-04-01
Vilazodone,1,1.1304073211344297,0.4697461546357987,2017-04-01
Neriifolin,1,1.1304073211344297,0.4697461546357987,2017-04-01
Felodipine,1,1.1304073211344297,0.4697461546357987,2017-04-01
MDA,1,1.1304073211344297,0.4697461546357987,2017-04-01
Aripiprazole,1,1.1304073211344297,0.4697461546357987,2017-04-01
Donepezil,1,1.1304073211344297,0.4697461546357987,2017-04-01
Acryl fentanyl,1,1.1304073211344297,0.4697461546357987,2017-04-01
Lorazepam,4,0.8934339102385074,0.46344699534248085,2017-04-01
Hydrocodone,21,0.6540619098927865,0.4623821187944307,2017-04-01
Citalopram,3,0.9082481981180301,0.4459981988909655,2017-04-01
Cyclobenzaprine,3,0.9082481981180301,0.4459981988909655,2017-04-01
Oxymorphone,3,0.9082481981180301,0.4459981988909655,2017-04-01
Venlafaxine,2,0.9298618647786581,0.42541061217858395,2017-04-01
Duloxetine,2,0.9298618647786581,0.42541061217858395,2017-04-01
Amitriptyline,2,0.9298618647786581,0.42541061217858395,2017-04-01
Flurazepam,1,0.9643348917635085,0.4007339644018165,2017-04-01
Phenylpropanolamine,1,0.9643348917635085,0.4007339644018165,2017-04-01
Butalbital,1,0.9643348917635085,0.4007339644018165,2017-04-01
Baclofen,1,0.9643348917635085,0.4007339644018165,2017-04-01
Chlorcyclizine,1,0.9643348917635085,0.4007339644018165,2017-04-01
Acetyl fentanyl,1,0.9643348917635085,0.4007339644018165,2017-04-01
Pseudoephedrine,1,0.9643348917635085,0.4007339644018165,2017-04-01
Clonazepam,4,0.6807965137551711,0.3531465451711385,2017-04-01
Chlordiazepoxide,1,0.8408085211126087,0.34940199182475995,2017-04-01
Ephedrine,1,0.8408085211126087,0.34940199182475995,2017-04-01
Pentobarbital,2,0.6935907150322101,0.317316863783278,2017-04-01
Nortriptyline,1,0.7453349266260482,0.3097274842018692,2017-04-01
Metoprolol,1,0.7453349266260482,0.3097274842018692,2017-04-01
Hydromorphone,3,0.6209499429625741,0.30491946665746783,2017-04-01
Hydroxyzine,1,0.6693324020068233,0.27814427254444246,2017-04-01
Fluoxetine,2,0.5530617413620347,0.25302503831725787,2017-04-01
Carisoprodol,1,0.6073956763834633,0.25240617075728494,2017-04-01
Fentanyl,96,2.7259096429002443,2.306604296019834,2017-07-01
PCP,14,1.7404833767830752,1.1675017897546967,2017-07-01
Alprazolam,40,1.3404813189257403,1.040453167541501,2017-07-01
Methamphetamine,365,1.067470308638274,0.9791556469741286,2017-07-01
Heroin,213,1.0624627810102807,0.9490563048663713,2017-07-01
Diphenhydramine,9,1.3446376413162267,0.8394525219528979,2017-07-01
Cocaine,134,0.9658008266209918,0.8380382062791638,2017-07-01
U-47700,4,1.5069725218555217,0.8251194409142028,2017-07-01
Quetiapine,12,1.2517589770361797,0.8192212017797517,2017-07-01
Mirtazapine,7,1.3079491607788958,0.7832256013996071,2017-07-01
Ethanol,168,0.8801253269409349,0.7752032444777238,2017-07-01
Diazepam,10,1.2149305017818104,0.7717927830594513,2017-07-01
Amphetamine,9,1.129877814632247,0.7053787220051574,2017-07-01
Methadone,33,0.8919873178437172,0.6763687611573499,2017-07-01
Tramadol,8,1.1035812646954708,0.6756347425905845,2017-07-01
Pentobarbital,5,1.1603639171827376,0.6577979361861677,2017-07-01
Hydroxychloroquine,2,1.2903129860721008,0.6434411495446338,2017-07-01
Donepezil,2,1.2903129860721008,0.6434411495446338,2017-07-01
Venlafaxine,3,1.1897195996958523,0.624730568294755,2017-07-01
Doxylamine,3,1.1897195996958523,0.624730568294755,2017-07-01
Amitriptyline,3,1.1897195996958523,0.624730568294755,2017-07-01
Doxepin,3,1.1897195996958523,0.624730568294755,2017-07-01
Gabapentin,5,1.076178115088963,0.6100739023262448,2017-07-01
Codeine,9,0.9742713264700755,0.6082341420035857,2017-07-01
Morphine,109,0.699469664502573,0.5978398760243497,2017-07-01
Benztropine,2,1.143408866861339,0.5701843844356042,2017-07-01
Buprenorphine,2,1.143408866861339,0.5701843844356042,2017-07-01
Furanyl fentanyl,2,1.143408866861339,0.5701843844356042,2017-07-01
Lamotrigine,3,1.0793904738696596,0.5667959276496134,2017-07-01
Oxycodone,30,0.7133874982861351,0.5344013388252641,2017-07-01
Temazepam,4,0.960309149240043,0.5258023864629597,2017-07-01
Cyclobenzaprine,3,0.9877875938627287,0.5186945772988282,2017-07-01
Citalopram,3,0.9877875938627287,0.5186945772988282,2017-07-01
Acetyl fentanyl,2,1.0265361467506349,0.5119033951018755,2017-07-01
Hydrocodone,24,0.6975424483608645,0.5070874024211448,2017-07-01
Isosorbide Mononitrate,1,1.0852674725314657,0.5066284097211501,2017-07-01
Dimethyltryptamine,1,1.0852674725314657,0.5066284097211501,2017-07-01
Acryl fentanyl,1,1.0852674725314657,0.5066284097211501,2017-07-01
Carbon monoxide,1,1.0852674725314657,0.5066284097211501,2017-07-01
Cerberin,1,1.0852674725314657,0.5066284097211501,2017-07-01
Clozapine,1,1.0852674725314657,0.5066284097211501,2017-07-01
Dipyrone,1,1.0852674725314657,0.5066284097211501,2017-07-01
Cyclopropyl fentanyl,1,1.0852674725314657,0.5066284097211501,2017-07-01
Desloratadine,1,1.0852674725314657,0.5066284097211501,2017-07-01
Meperidine,1,1.0852674725314657,0.5066284097211501,2017-07-01
Neriifolin,1,1.0852674725314657,0.5066284097211501,2017-07-01
Sumatriptan,1,1.0852674725314657,0.5066284097211501,2017-07-01
Tapentadol,1,1.0852674725314657,0.5066284097211501,2017-07-01
Tizanidine,1,1.0852674725314657,0.5066284097211501,2017-07-01
Terazosin,1,1.0852674725314657,0.5066284097211501,2017-07-01
Propofol,1,1.0852674725314657,0.5066284097211501,2017-07-01
Warfarin,1,1.0852674725314657,0.5066284097211501,2017-07-01
Vilazodone,1,1.0852674725314657,0.5066284097211501,2017-07-01
Lithium,1,1.0852674725314657,0.5066284097211501,2017-07-01
Haloperidol,1,1.0852674725314657,0.5066284097211501,2017-07-01
Felodipine,1,1.0852674725314657,0.5066284097211501,2017-07-01
Brompheniramine,1,1.0852674725314657,0.5066284097211501,2017-07-01
Dextromethorphan,1,1.0852674725314657,0.5066284097211501,2017-07-01
Carfentanil,1,1.0852674725314657,0.5066284097211501,2017-07-01
Lorazepam,5,0.8838130138409855,0.50102417687254,2017-07-01
MDMA,5,0.8341141604984798,0.4728504266589929,2017-07-01
Duloxetine,2,0.9313399040990556,0.46443182776492614,2017-07-01
Bupropion,2,0.9313399040990556,0.46443182776492614,2017-07-01
Olanzapine,2,0.9313399040990556,0.46443182776492614,2017-07-01
Zolpidem,4,0.8386229375199103,0.4591749878041874,2017-07-01
MDA,1,0.9617081005951624,0.44894798559103455,2017-07-01
Chlorcyclizine,1,0.9617081005951624,0.44894798559103455,2017-07-01
Chlorpromazine,1,0.9617081005951624,0.44894798559103455,2017-07-01
GHB,1,0.9617081005951624,0.44894798559103455,2017-07-01
Baclofen,1,0.9617081005951624,0.44894798559103455,2017-07-01
Phenylpropanolamine,1,0.9617081005951624,0.44894798559103455,2017-07-01
Flurazepam,1,0.9617081005951624,0.44894798559103455,2017-07-01
Trazodone,3,0.8444572305927078,0.4434307425915029,2017-07-01
Fluoxetine,4,0.7886554386387553,0.43181605846555915,2017-07-01
Sertraline,2,0.8523013915809674,0.4250176453906546,2017-07-01
Chlordiazepoxide,1,0.8634077944434473,0.4030590881153004,2017-07-01
"1,1-Difluoroethane",1,0.8634077944434473,0.4030590881153004,2017-07-01
Metoprolol,1,0.7833393251866415,0.36568124138617875,2017-07-01
Oxymorphone,2,0.7286304031722785,0.36334655953322575,2017-07-01
Acetaminophen,1,0.7168609376643453,0.33464756480073155,2017-07-01
Nortriptyline,1,0.7168609376643453,0.33464756480073155,2017-07-01
Hydroxyzine,1,0.7168609376643453,0.33464756480073155,2017-07-01
Clonazepam,3,0.6196686792491165,0.32539261036022965,2017-07-01
Hydromorphone,2,0.5346741353349671,0.26662627128863947,2017-07-01
Fentanyl,111,2.5860929737166463,2.212648167234174,2017-10-01
Citalopram,9,2.541980633522258,1.5718272842579544,2017-10-01
Amphetamine,13,1.6141720767518588,1.06331136483693,2017-10-01
Gabapentin,9,1.595541064940166,0.9865987749685923,2017-10-01
Methamphetamine,374,1.0658019615545113,0.9785886205267669,2017-10-01
Alprazolam,40,1.2564168012145416,0.9737502062269227,2017-10-01
Lamotrigine,5,1.746445464751116,0.9735564006510525,2017-10-01
Quetiapine,14,1.4592121784769556,0.9731424633698736,2017-10-01
PCP,11,1.5083019096361705,0.9657953963259085,2017-10-01
Methadone,39,1.1870820214811304,0.9172288501918193,2017-10-01
Heroin,201,1.0177387771350557,0.9059889022144861,2017-10-01
Diphenhydramine,10,1.4062453797836831,0.8857214946329498,2017-10-01
Ethanol,171,0.944187658480348,0.8323944705883868,2017-10-01
Doxylamine,4,1.54760875555161,0.8305086505917426,2017-10-01
Bupropion,4,1.54760875555161,0.8305086505917426,2017-10-01
Cocaine,130,0.9140909166653601,0.7912651338235792,2017-10-01
Temazepam,6,1.3192614479574147,0.7592877156312678,2017-10-01
Hydroxychloroquine,2,1.5078221215400007,0.7288403316998939,2017-10-01
Tapentadol,2,1.5078221215400007,0.7288403316998939,2017-10-01
Dextromethorphan,2,1.5078221215400007,0.7288403316998939,2017-10-01
Donepezil,2,1.5078221215400007,0.7288403316998939,2017-10-01
Cyclopropyl fentanyl,2,1.5078221215400007,0.7288403316998939,2017-10-01
Diazepam,9,1.1626565184494535,0.7189257124225099,2017-10-01
Pentobarbital,5,1.2880277647741079,0.7180113550186363,2017-10-01
Mirtazapine,6,1.2210229941166633,0.7027475572575203,2017-10-01
Lorazepam,7,1.171398860986468,0.6928409907186589,2017-10-01
U-47700,3,1.3488073896147306,0.691031748658092,2017-10-01
Doxepin,3,1.3488073896147306,0.691031748658092,2017-10-01
Amitriptyline,3,1.3488073896147306,0.691031748658092,2017-10-01
Acetyl fentanyl,3,1.3488073896147306,0.691031748658092,2017-10-01
Tramadol,8,1.1331698952897364,0.6862834327945564,2017-10-01
Hydrocodone,30,0.907290493279485,0.6781553195914499,2017-10-01
Cyclobenzaprine,4,1.250824270580721,0.6712422460527703,2017-10-01
Trazodone,5,1.1843983845535437,0.6602431346845364,2017-10-01
Benztropine,2,1.3048625737563038,0.6307351891800004,2017-10-01
Oxycodone,34,0.8077270630684643,0.6136192204666333,2017-10-01
Morphine,99,0.66693813220677,0.5655189592064943,2017-10-01
Codeine,9,0.9145350015068473,0.5655004010732819,2017-10-01
Mitragynine,1,1.247360539245475,0.5588494281582259,2017-10-01
Haloperidol,1,1.247360539245475,0.5588494281582259,2017-10-01
Delorazepam,1,1.247360539245475,0.5588494281582259,2017-10-01
Clozapine,1,1.247360539245475,0.5588494281582259,2017-10-01
Cerberin,1,1.247360539245475,0.5588494281582259,2017-10-01
Carfentanil,1,1.247360539245475,0.5588494281582259,2017-10-01
Brompheniramine,1,1.247360539245475,0.5588494281582259,2017-10-01
Carbon monoxide,1,1.247360539245475,0.5588494281582259,2017-10-01
Desloratadine,1,1.247360539245475,0.5588494281582259,2017-10-01
Ketamine,1,1.247360539245475,0.5588494281582259,2017-10-01
Neriifolin,1,1.247360539245475,0.5588494281582259,2017-10-01
Isosorbide Mononitrate,1,1.247360539245475,0.5588494281582259,2017-10-01
Terazosin,1,1.247360539245475,0.5588494281582259,2017-10-01
Warfarin,1,1.247360539245475,0.5588494281582259,2017-10-01
Tizanidine,1,1.247360539245475,0.5588494281582259,2017-10-01
Propofol,1,1.247360539245475,0.5588494281582259,2017-10-01
Propranolol,1,1.247360539245475,0.5588494281582259,2017-10-01
Vilazodone,1,1.247360539245475,0.5588494281582259,2017-10-01
Meperidine,1,1.247360539245475,0.5588494281582259,2017-10-01
Felodipine,1,1.247360539245475,0.5588494281582259,2017-10-01
Dipyrone,1,1.247360539245475,0.5588494281582259,2017-10-01
Olanzapine,3,1.0901469852872445,0.5585127894002493,2017-10-01
Furanyl fentanyl,2,1.1500594667098367,0.5559075644382392,2017-10-01
Duloxetine,2,1.0280912783251008,0.4969514491185001,2017-10-01
Hydroxyzine,2,1.0280912783251008,0.4969514491185001,2017-10-01
Metoprolol,2,1.0280912783251008,0.4969514491185001,2017-10-01
Venlafaxine,2,1.0280912783251008,0.4969514491185001,2017-10-01
Topiramate,1,1.0794602761097125,0.48362581550667083,2017-10-01
Phenylpropanolamine,1,1.0794602761097125,0.48362581550667083,2017-10-01
Chlorpromazine,1,1.0794602761097125,0.48362581550667083,2017-10-01
Chlordiazepoxide,1,1.0794602761097125,0.48362581550667083,2017-10-01
GHB,1,1.0794602761097125,0.48362581550667083,2017-10-01
Flurazepam,1,1.0794602761097125,0.48362581550667083,2017-10-01
Chlorcyclizine,1,1.0794602761097125,0.48362581550667083,2017-10-01
Buprenorphine,1,1.0794602761097125,0.48362581550667083,2017-10-01
MDA,1,1.0794602761097125,0.48362581550667083,2017-10-01
Fluoxetine,4,0.8454804264034079,0.4537185548447933,2017-10-01
Sertraline,2,0.929512894270914,0.4493013310401741,2017-10-01
Cannabis,1,0.9513978977138178,0.4262505942427216,2017-10-01
Acetaminophen,1,0.9513978977138178,0.4262505942427216,2017-10-01
"1,1-Difluoroethane",1,0.9513978977138178,0.4262505942427216,2017-10-01
Etizolam,1,0.9513978977138178,0.4262505942427216,2017-10-01
Promethazine,1,0.9513978977138178,0.4262505942427216,2017-10-01
Baclofen,1,0.9513978977138178,0.4262505942427216,2017-10-01
Zolpidem,3,0.787940673574853,0.40368404391289164,2017-10-01
MDMA,4,0.748461445645792,0.4016542960314768,2017-10-01
Nortriptyline,1,0.8504985256585832,0.3810450946293535,2017-10-01
Clonazepam,2,0.5561968862895642,0.26885049456609933,2017-10-01
Oxymorphone,1,0.5971699370489513,0.2675474069710121,2017-10-01
Hydromorphone,1,0.4601192926525186,0.20614521262550858,2017-10-01
Fentanyl,126,2.2387725191909955,1.9345767315366011,2018-01-01
Citalopram,9,2.102498788703116,1.3212677945229252,2018-01-01
Amphetamine,16,1.842440490920401,1.2663209729885592,2018-01-01
Methamphetamine,383,1.0608287556946299,0.9750975704306006,2018-01-01
Hydrocodone,38,1.2472541038094453,0.9633381894729737,2018-01-01
Diphenhydramine,11,1.4738223665097758,0.9560948737264369,2018-01-01
Bupropion,5,1.6349039500022597,0.9373556922831279,2018-01-01
Lamotrigine,5,1.6349039500022597,0.9373556922831279,2018-01-01
Tramadol,10,1.460738660822142,0.9334446494504219,2018-01-01
Ethanol,180,1.0171373984342467,0.8998113410248596,2018-01-01
Methadone,39,1.1568539862320335,0.8962418584797581,2018-01-01
Cocaine,145,1.0237610855297334,0.8932915818710873,2018-01-01
Dextromethorphan,3,1.6197112449579565,0.8644766346026967,2018-01-01
Pentobarbital,6,1.3883403319101866,0.8184518792590395,2018-01-01
Amitriptyline,4,1.4655446344932337,0.8132812794020916,2018-01-01
Oxycodone,42,1.0016562640321525,0.7826576134152479,2018-01-01
Olanzapine,5,1.3627271907595144,0.7813058921814099,2018-01-01
Quetiapine,12,1.1762205546696471,0.7735254810186385,2018-01-01
Alprazolam,35,1.0037905915499319,0.7677112012987507,2018-01-01
Trazodone,6,1.2892690208656457,0.7600475393134454,2018-01-01
Mirtazapine,6,1.2892690208656457,0.7600475393134454,2018-01-01
Heroin,179,0.8490023644003423,0.7508172719999315,2018-01-01
Doxylamine,4,1.3324771654114322,0.7394375499417009,2018-01-01
PCP,10,1.1289568821352634,0.7214286780746088,2018-01-01
Clozapine,2,1.4081505609985832,0.7165882086829802,2018-01-01
Donepezil,2,1.4081505609985832,0.7165882086829802,2018-01-01
Cyclopropyl fentanyl,2,1.4081505609985832,0.7165882086829802,2018-01-01
Mitragynine,2,1.4081505609985832,0.7165882086829802,2018-01-01
Methocarbamol,2,1.4081505609985832,0.7165882086829802,2018-01-01
Acetyl fentanyl,3,1.296207200604088,0.6918151874379874,2018-01-01
Cannabis,3,1.296207200604088,0.6918151874379874,2018-01-01
Gabapentin,7,1.0971406148776182,0.6625551741988809,2018-01-01
Topiramate,2,1.2519245176277423,0.6370869510267309,2018-01-01
Benztropine,2,1.2519245176277423,0.6370869510267309,2018-01-01
Metoprolol,3,1.1785151102163836,0.6290002489516154,2018-01-01
Fluoxetine,5,1.0904276494239378,0.6251856962049828,2018-01-01
Temazepam,5,1.0904276494239378,0.6251856962049828,2018-01-01
Codeine,10,0.9553616482002805,0.6104974440128615,2018-01-01
Furanyl fentanyl,2,1.1269014167697702,0.5734644362409018,2018-01-01
Acetaminophen,2,1.1269014167697702,0.5734644362409018,2018-01-01
Propofol,1,1.1966501300399668,0.5734612523936662,2018-01-01
Delorazepam,1,1.1966501300399668,0.5734612523936662,2018-01-01
Felodipine,1,1.1966501300399668,0.5734612523936662,2018-01-01
Haloperidol,1,1.1966501300399668,0.5734612523936662,2018-01-01
Dipyrone,1,1.1966501300399668,0.5734612523936662,2018-01-01
Nitrous oxide,1,1.1966501300399668,0.5734612523936662,2018-01-01
Carfentanil,1,1.1966501300399668,0.5734612523936662,2018-01-01
Desvenlafaxine,1,1.1966501300399668,0.5734612523936662,2018-01-01
Chlorpromazine,1,1.1966501300399668,0.5734612523936662,2018-01-01
Brompheniramine,1,1.1966501300399668,0.5734612523936662,2018-01-01
Desloratadine,1,1.1966501300399668,0.5734612523936662,2018-01-01
Diltiazem,1,1.1966501300399668,0.5734612523936662,2018-01-01
Ketamine,1,1.1966501300399668,0.5734612523936662,2018-01-01
Nifedipine,1,1.1966501300399668,0.5734612523936662,2018-01-01
Meperidine,1,1.1966501300399668,0.5734612523936662,2018-01-01
Propranolol,1,1.1966501300399668,0.5734612523936662,2018-01-01
Terazosin,1,1.1966501300399668,0.5734612523936662,2018-01-01
Warfarin,1,1.1966501300399668,0.5734612523936662,2018-01-01
Isosorbide Mononitrate,1,1.1966501300399668,0.5734612523936662,2018-01-01
Diazepam,7,0.8977832489439543,0.5421647223981859,2018-01-01
Morphine,95,0.6308275416084441,0.5335045632834702,2018-01-01
Doxepin,2,1.0245818313372175,0.521395424255207,2018-01-01
Duloxetine,2,1.0245818313372175,0.521395424255207,2018-01-01
U-47700,2,1.0245818313372175,0.521395424255207,2018-01-01
Hydroxyzine,2,1.0245818313372175,0.521395424255207,2018-01-01
Lorazepam,5,0.9088263685584576,0.5210664332079549,2018-01-01
Tapentadol,1,1.063888818648113,0.5098390908370088,2018-01-01
Promethazine,1,1.063888818648113,0.5098390908370088,2018-01-01
Flurazepam,1,1.063888818648113,0.5098390908370088,2018-01-01
Hydroxychloroquine,1,1.063888818648113,0.5098390908370088,2018-01-01
MDA,1,1.063888818648113,0.5098390908370088,2018-01-01
Chlordiazepoxide,1,1.063888818648113,0.5098390908370088,2018-01-01
GHB,1,1.063888818648113,0.5098390908370088,2018-01-01
Etizolam,1,1.063888818648113,0.5098390908370088,2018-01-01
Chlorcyclizine,1,1.063888818648113,0.5098390908370088,2018-01-01
Cyclobenzaprine,3,0.926220263546557,0.4943447659723658,2018-01-01
"1,1-Difluoroethane",1,0.9576438516372007,0.45892414893952477,2018-01-01
Baclofen,1,0.9576438516372007,0.45892414893952477,2018-01-01
Carisoprodol,2,0.867117929451417,0.4412642376407866,2018-01-01
Nortriptyline,1,0.870692393032752,0.41725508369060543,2018-01-01
Venlafaxine,1,0.870692393032752,0.41725508369060543,2018-01-01
MDMA,4,0.7332682722487727,0.4069158622423359,2018-01-01
Hydromorphone,3,0.6826517349462754,0.3643467169034606,2018-01-01
Zolpidem,2,0.704670845066886,0.35859717885530124,2018-01-01
Sertraline,1,0.736879146149109,0.3531288113421507,2018-01-01
Clonazepam,2,0.5934862936363734,0.3020169091387508,2018-01-01
Fentanyl,154,2.1850696983311715,1.9147303528425617,2018-04-01
Amphetamine,18,1.9080755326618537,1.3416112103966118,2018-04-01
Citalopram,9,1.9315125490987652,1.2276281840349064,2018-04-01
Methamphetamine,422,1.0985295910728972,1.0138380162551242,2018-04-01
Hydrocodone,40,1.2926797534163483,1.006330562162636,2018-04-01
Cocaine,161,1.096836881168156,0.9638733720379008,2018-04-01
Tramadol,11,1.404235601043016,0.9193916289538158,2018-04-01
Pentobarbital,8,1.4450290560574643,0.9026373828112485,2018-04-01
Bupropion,5,1.3918391502555572,0.8132734623835308,2018-04-01
Dextromethorphan,3,1.482803717132871,0.8128329110239778,2018-04-01
Ethanol,177,0.9184501048373377,0.8118643209923039,2018-04-01
Quetiapine,13,1.202998907535925,0.8072420727769264,2018-04-01
Heroin,189,0.8924504895577927,0.7919768470157911,2018-04-01
Codeine,12,1.1840542112557275,0.7852483096983127,2018-04-01
PCP,12,1.1840542112557275,0.7852483096983127,2018-04-01
Metoprolol,4,1.3678693350451283,0.7761901408628757,2018-04-01
Lorazepam,7,1.254670415415531,0.7686248669641632,2018-04-01
Methadone,37,0.9871018074989677,0.7616086066798199,2018-04-01
Alprazolam,35,0.9404427221224416,0.7208996472244399,2018-04-01
Oxycodone,38,0.8972264157741242,0.6944013893194568,2018-04-01
Clozapine,2,1.3045796951201911,0.6860168375257405,2018-04-01
Cyclopropyl fentanyl,2,1.3045796951201911,0.6860168375257405,2018-04-01
Methocarbamol,2,1.3045796951201911,0.6860168375257405,2018-04-01
Ketamine,2,1.3045796951201911,0.6860168375257405,2018-04-01
Mitragynine,2,1.3045796951201911,0.6860168375257405,2018-04-01
Diltiazem,2,1.3045796951201911,0.6860168375257405,2018-04-01
Acetaminophen,2,1.3045796951201911,0.6860168375257405,2018-04-01
Gabapentin,8,1.089655384585663,0.6806532231207079,2018-04-01
Acetyl fentanyl,3,1.2210813939427565,0.6693638089570344,2018-04-01
Cannabis,3,1.2210813939427565,0.6693638089570344,2018-04-01
Olanzapine,4,1.162654891744387,0.6597423021901534,2018-04-01
Amitriptyline,4,1.162654891744387,0.6597423021901534,2018-04-01
Trazodone,6,1.0862833290072358,0.650960547148192,2018-04-01
Benztropine,2,1.1783030174629512,0.6196138976488508,2018-04-01
GHB,2,1.1783030174629512,0.6196138976488508,2018-04-01
Topiramate,2,1.1783030174629512,0.6196138976488508,2018-04-01
Donepezil,2,1.1783030174629512,0.6196138976488508,2018-04-01
Etizolam,2,1.1783030174629512,0.6196138976488508,2018-04-01
MDMA,7,1.0078231536837716,0.6174035251855701,2018-04-01
Hydromorphone,7,1.0078231536837716,0.6174035251855701,2018-04-01
Doxylamine,4,1.0815269148059503,0.6137066654268747,2018-04-01
Morphine,99,0.7046946219485942,0.5982743245061838,2018-04-01
Diphenhydramine,8,0.9495435533301785,0.5931323693806484,2018-04-01
Cyclobenzaprine,4,1.010982374587612,0.5736765432461093,2018-04-01
Anabasine,1,1.1263937860127167,0.5626984032101398,2018-04-01
4-ANPP,1,1.1263937860127167,0.5626984032101398,2018-04-01
Terazosin,1,1.1263937860127167,0.5626984032101398,2018-04-01
Propranolol,1,1.1263937860127167,0.5626984032101398,2018-04-01
Meperidine,1,1.1263937860127167,0.5626984032101398,2018-04-01
Nitrous oxide,1,1.1263937860127167,0.5626984032101398,2018-04-01
Desvenlafaxine,1,1.1263937860127167,0.5626984032101398,2018-04-01
Delorazepam,1,1.1263937860127167,0.5626984032101398,2018-04-01
Brompheniramine,1,1.1263937860127167,0.5626984032101398,2018-04-01
Chlorpromazine,1,1.1263937860127167,0.5626984032101398,2018-04-01
Diclazepam,1,1.1263937860127167,0.5626984032101398,2018-04-01
Desloratadine,1,1.1263937860127167,0.5626984032101398,2018-04-01
Haloperidol,1,1.1263937860127167,0.5626984032101398,2018-04-01
Dipyrone,1,1.1263937860127167,0.5626984032101398,2018-04-01
Nifedipine,1,1.1263937860127167,0.5626984032101398,2018-04-01
Metoclopramide,1,1.1263937860127167,0.5626984032101398,2018-04-01
Promethazine,1,1.1263937860127167,0.5626984032101398,2018-04-01
Warfarin,1,1.1263937860127167,0.5626984032101398,2018-04-01
Propofol,1,1.1263937860127167,0.5626984032101398,2018-04-01
Isosorbide Mononitrate,1,1.1263937860127167,0.5626984032101398,2018-04-01
Fluoxetine,4,0.9490771112698754,0.5385487325527272,2018-04-01
Venlafaxine,2,0.9871925785994422,0.5191179452913967,2018-04-01
Duloxetine,2,0.9871925785994422,0.5191179452913967,2018-04-01
Tizanidine,1,1.017364597866153,0.5082320604131486,2018-04-01
MDA,1,1.017364597866153,0.5082320604131486,2018-04-01
Oxazepam,1,1.017364597866153,0.5082320604131486,2018-04-01
Tapentadol,1,1.017364597866153,0.5082320604131486,2018-04-01
Paroxetine,1,1.017364597866153,0.5082320604131486,2018-04-01
Diazepam,8,0.8105747145237159,0.50632548586038,2018-04-01
Temazepam,4,0.8455289335915084,0.4797908727490977,2018-04-01
"1,1-Difluoroethane",1,0.9275796104776145,0.4633793014019206,2018-04-01
Baclofen,1,0.9275796104776145,0.4633793014019206,2018-04-01
Chlorcyclizine,1,0.9275796104776145,0.4633793014019206,2018-04-01
Lamotrigine,2,0.84942351691296,0.4466717035166911,2018-04-01
Carisoprodol,2,0.84942351691296,0.4466717035166911,2018-04-01
Sertraline,2,0.84942351691296,0.4466717035166911,2018-04-01
Hydroxyzine,1,0.8523569623930383,0.4258012674247769,2018-04-01
Nortriptyline,1,0.8523569623930383,0.4258012674247769,2018-04-01
Furanyl fentanyl,1,0.8523569623930383,0.4258012674247769,2018-04-01
Doxepin,1,0.7884195836355755,0.393860873772907,2018-04-01
U-47700,1,0.7884195836355755,0.393860873772907,2018-04-01
Clonazepam,2,0.6640723874651115,0.34920429992972774,2018-04-01
Oxymorphone,1,0.6855674099812848,0.3424803045611129,2018-04-01
Mirtazapine,2,0.6297198855342344,0.3311399418656954,2018-04-01
Zolpidem,1,0.5437096473658145,0.27161420293847205,2018-04-01
Fentanyl,185,2.09440774769129,1.8557016181111863,2018-07-01
Amphetamine,19,1.6460940786669203,1.1578714151218135,2018-07-01
Citalopram,9,1.8117296101711498,1.1327673710306998,2018-07-01
Methamphetamine,468,1.1244564954780194,1.041875536636469,2018-07-01
Cocaine,176,1.1600390139819674,1.0247274616615347,2018-07-01
Hydrocodone,38,1.2013563506797518,0.9270692000725331,2018-07-01
Olanzapine,6,1.5340186961246562,0.8976038310231426,2018-07-01
Gabapentin,10,1.3712784908932147,0.8722934000894107,2018-07-01
Cannabis,5,1.5260375671481634,0.8673561055973547,2018-07-01
Diphenhydramine,12,1.2632505136286698,0.8276583301740611,2018-07-01
Bupropion,6,1.4051494533980775,0.8221982794059097,2018-07-01
Codeine,13,1.223388536923339,0.8118480045125318,2018-07-01
Heroin,204,0.9065508429717661,0.8078309657019844,2018-07-01
Mitragynine,3,1.5040871806379978,0.7927969958314183,2018-07-01
Hydromorphone,8,1.2546093914553123,0.7694066602940228,2018-07-01
Hydroxyzine,4,1.3631792563263194,0.7487096935254758,2018-07-01
MDMA,10,1.1645913495862033,0.7408162198938575,2018-07-01
Ethanol,167,0.8356942930835054,0.7358160648015334,2018-07-01
Quetiapine,13,1.081703452206535,0.7178249285845819,2018-07-01
Tramadol,10,1.108879094763692,0.7053767139812979,2018-07-01
Methadone,35,0.921873338509002,0.7043642008637587,2018-07-01
PCP,13,1.04149693377028,0.6911436406897655,2018-07-01
Doxylamine,4,1.2381591895721922,0.6800439363041745,2018-07-01
Cyclobenzaprine,5,1.1712464214744187,0.6657029660962839,2018-07-01
Trazodone,6,1.122303382419971,0.656695917836803,2018-07-01
Methocarbamol,2,1.3000899950109848,0.6513897107353724,2018-07-01
Diltiazem,2,1.3000899950109848,0.6513897107353724,2018-07-01
Ketamine,2,1.3000899950109848,0.6513897107353724,2018-07-01
Morphine,106,0.754950948669406,0.6439105400464139,2018-07-01
Amitriptyline,4,1.1341443965724616,0.6229150712429373,2018-07-01
Oxycodone,35,0.8050380659335266,0.6150953393372675,2018-07-01
Alprazolam,32,0.7833974662860487,0.591918747827234,2018-07-01
Diazepam,9,0.9416064445439506,0.5887308187400294,2018-07-01
Fluoxetine,6,0.9895153574622637,0.5789973603047838,2018-07-01
Topiramate,2,1.1540729027798171,0.5782301357552752,2018-07-01
Dextromethorphan,2,1.1540729027798171,0.5782301357552752,2018-07-01
Etizolam,2,1.1540729027798171,0.5782301357552752,2018-07-01
Paroxetine,2,1.1540729027798171,0.5782301357552752,2018-07-01
Pentobarbital,5,1.0140709942579684,0.5763689487818695,2018-07-01
Metoprolol,3,1.090258084747524,0.5746697035886676,2018-07-01
GHB,2,1.0375432411984862,0.5198447756334073,2018-07-01
4-ANPP,1,1.0961590398772498,0.5148693388368558,2018-07-01
Delorazepam,1,1.0961590398772498,0.5148693388368558,2018-07-01
Desvenlafaxine,1,1.0961590398772498,0.5148693388368558,2018-07-01
Valproic Acid,1,1.0961590398772498,0.5148693388368558,2018-07-01
Promethazine,1,1.0961590398772498,0.5148693388368558,2018-07-01
Propranolol,1,1.0961590398772498,0.5148693388368558,2018-07-01
Memantine,1,1.0961590398772498,0.5148693388368558,2018-07-01
Nifedipine,1,1.0961590398772498,0.5148693388368558,2018-07-01
Metoclopramide,1,1.0961590398772498,0.5148693388368558,2018-07-01
Nitrous oxide,1,1.0961590398772498,0.5148693388368558,2018-07-01
Anabasine,1,1.0961590398772498,0.5148693388368558,2018-07-01
Diclazepam,1,1.0961590398772498,0.5148693388368558,2018-07-01
Fluvoxamine,1,1.0961590398772498,0.5148693388368558,2018-07-01
Lorazepam,5,0.8940887447132324,0.5081744698606123,2018-07-01
Sertraline,3,0.9212740774968556,0.4855990599341835,2018-07-01
Duloxetine,2,0.9423879454639411,0.4721687064371817,2018-07-01
Carisoprodol,2,0.9423879454639411,0.4721687064371817,2018-07-01
Tapentadol,1,0.9730460582836702,0.4570427852717649,2018-07-01
Tizanidine,1,0.9730460582836702,0.4570427852717649,2018-07-01
Clozapine,1,0.9730460582836702,0.4570427852717649,2018-07-01
Cyclopropyl fentanyl,1,0.9730460582836702,0.4570427852717649,2018-07-01
Chlorcyclizine,1,0.9730460582836702,0.4570427852717649,2018-07-01
Oxazepam,1,0.9730460582836702,0.4570427852717649,2018-07-01
Baclofen,1,0.9730460582836702,0.4570427852717649,2018-07-01
Acetaminophen,1,0.9730460582836702,0.4570427852717649,2018-07-01
Lamotrigine,2,0.8632201874741613,0.43250294239436643,2018-07-01
Venlafaxine,2,0.8632201874741613,0.43250294239436643,2018-07-01
Buprenorphine,1,0.8747951353118854,0.4108940186144572,2018-07-01
Donepezil,1,0.8747951353118854,0.4108940186144572,2018-07-01
Nortriptyline,1,0.7945658142557429,0.3732100548968094,2018-07-01
Furanyl fentanyl,1,0.7945658142557429,0.3732100548968094,2018-07-01
Acetyl fentanyl,1,0.7945658142557429,0.3732100548968094,2018-07-01
Temazepam,3,0.7032685593601152,0.3706894176751708,2018-07-01
Oxymorphone,1,0.6714124827687133,0.31536454886021853,2018-07-01
Zolpidem,2,0.6078852539930865,0.3045713768111179,2018-07-01
Clonazepam,1,0.5125329161286022,0.24073831812654642,2018-07-01
Mirtazapine,1,0.4583071973813688,0.21526832796666256,2018-07-01
Fentanyl,220,1.9376782909333619,1.735102519215481,2018-10-01
Methamphetamine,513,1.1163822586940264,1.0381240372382872,2018-10-01
Cocaine,188,1.101601991077732,0.9777695158727767,2018-10-01
MDMA,14,1.234643968682961,0.8508170595544735,2018-10-01
PCP,17,1.1474561936750274,0.8106236590401352,2018-10-01
Heroin,215,0.8838419465828002,0.7904508819832038,2018-10-01
Hydromorphone,9,1.1627979123620338,0.7573601254219995,2018-10-01
Ethanol,181,0.8547015995473365,0.7569359058906912,2018-10-01
Methadone,37,0.9119345969037966,0.7070950103035305,2018-10-01
Trazodone,8,1.0898212293274163,0.6995151062610647,2018-10-01
Morphine,119,0.8065249433795306,0.6950243556880533,2018-10-01
Hydrocodone,31,0.9102868315105005,0.6919315057596853,2018-10-01
Amphetamine,14,0.9732647107416833,0.670695553022226,2018-10-01
Fluoxetine,8,1.0404298522679756,0.6678126458552995,2018-10-01
Carisoprodol,4,1.1157355643358124,0.6624898232128663,2018-10-01
Sertraline,5,1.0750419239966689,0.6532957506875919,2018-10-01
Codeine,13,0.9556721602365106,0.6523280806473579,2018-10-01
Tramadol,10,0.9618188179871768,0.6348414404558999,2018-10-01
Mitragynine,3,1.0857889126599316,0.6277395402390293,2018-10-01
Amitriptyline,4,1.0462842808634576,0.6212517646797974,2018-10-01
Cannabis,4,1.0462842808634576,0.6212517646797974,2018-10-01
Olanzapine,5,1.0155323016229607,0.6171321531999397,2018-10-01
Diphenhydramine,10,0.8956348519340336,0.5911572001826744,2018-10-01
Nitrous oxide,2,1.0512680366854796,0.5891512091602237,2018-10-01
Methocarbamol,2,1.0512680366854796,0.5891512091602237,2018-10-01
Diltiazem,2,1.0512680366854796,0.5891512091602237,2018-10-01
GHB,3,1.0137153520191726,0.5860708297811339,2018-10-01
Hydroxyzine,3,1.0137153520191726,0.5860708297811339,2018-10-01
Pentobarbital,6,0.9438737728487822,0.5853968077127913,2018-10-01
Zolpidem,6,0.9438737728487822,0.5853968077127913,2018-10-01
Cyclobenzaprine,4,0.9849726097819719,0.5848467602737233,2018-10-01
Oxycodone,34,0.7575991570071497,0.5819420974556457,2018-10-01
Paroxetine,2,0.9765245394692028,0.5472634885930969,2018-10-01
Citalopram,6,0.8620291283110972,0.5346362134268172,2018-10-01
Diazepam,9,0.8147128391473464,0.5306433830674412,2018-10-01
Alprazolam,32,0.6954628256362382,0.5305624683228304,2018-10-01
Bupropion,4,0.8816448266696204,0.5234938672091115,2018-10-01
Oxymorphone,3,0.8949090517238844,0.5173839870115187,2018-10-01
Doxylamine,3,0.8949090517238844,0.5173839870115187,2018-10-01
Buspirone,1,0.9336543253159858,0.5042441048949863,2018-10-01
4-ANPP,1,0.9336543253159858,0.5042441048949863,2018-10-01
Anabasine,1,0.9336543253159858,0.5042441048949863,2018-10-01
Diclazepam,1,0.9336543253159858,0.5042441048949863,2018-10-01
Chloroethane,1,0.9336543253159858,0.5042441048949863,2018-10-01
Fluvoxamine,1,0.9336543253159858,0.5042441048949863,2018-10-01
Memantine,1,0.9336543253159858,0.5042441048949863,2018-10-01
Desvenlafaxine,1,0.9336543253159858,0.5042441048949863,2018-10-01
Metoclopramide,1,0.9336543253159858,0.5042441048949863,2018-10-01
Valproic Acid,1,0.9336543253159858,0.5042441048949863,2018-10-01
Labetalol,1,0.9336543253159858,0.5042441048949863,2018-10-01
Loperamide,1,0.9336543253159858,0.5042441048949863,2018-10-01
Nifedipine,1,0.9336543253159858,0.5042441048949863,2018-10-01
Metoprolol,2,0.8549529327619098,0.4791323777900188,2018-10-01
Tizanidine,1,0.867272977239198,0.46839314535342996,2018-10-01
Acetaminophen,1,0.867272977239198,0.46839314535342996,2018-10-01
Chlorcyclizine,1,0.867272977239198,0.46839314535342996,2018-10-01
Clozapine,1,0.867272977239198,0.46839314535342996,2018-10-01
Ketamine,1,0.867272977239198,0.46839314535342996,2018-10-01
Oxazepam,1,0.867272977239198,0.46839314535342996,2018-10-01
Quetiapine,10,0.7023237260734083,0.4635636125937618,2018-10-01
Venlafaxine,2,0.8048531711938675,0.4510554896164638,2018-10-01
Pseudoephedrine,1,0.809704281530184,0.4373016860727812,2018-10-01
Nortriptyline,1,0.809704281530184,0.4373016860727812,2018-10-01
Etizolam,1,0.809704281530184,0.4373016860727812,2018-10-01
Dextromethorphan,1,0.809704281530184,0.4373016860727812,2018-10-01
Donepezil,1,0.809704281530184,0.4373016860727812,2018-10-01
Topiramate,1,0.809704281530184,0.4373016860727812,2018-10-01
Buprenorphine,1,0.809704281530184,0.4373016860727812,2018-10-01
Gabapentin,5,0.6778346355026003,0.4119155515316382,2018-10-01
"1,1-Difluoroethane",1,0.7593025524979035,0.41008093204002877,2018-10-01
Clonazepam,2,0.6845163504234392,0.38361637705015444,2018-10-01
Mirtazapine,3,0.6621125210686176,0.3827946709677769,2018-10-01
Lorazepam,3,0.6345990265495626,0.36688798026723357,2018-10-01
Temazepam,2,0.5707384878620566,0.31985303319823905,2018-10-01
Fentanyl,246,1.7497865239374006,1.5760692385632509,2019-01-01
Methamphetamine,556,1.1559671595255894,1.0779946583206992,2019-01-01
Cocaine,201,1.0896336139451228,0.9708250017213865,2019-01-01
MDMA,13,1.306542142211808,0.8907213154445109,2019-01-01
Heroin,232,0.9242204332258925,0.8299263838627522,2019-01-01
Hydromorphone,9,1.26665681255028,0.8235642504664242,2019-01-01
Hydroxyzine,6,1.3070166749124768,0.8086688631337988,2019-01-01
Ethanol,189,0.8732981353240011,0.7753388543203247,2019-01-01
Sertraline,6,1.2233610780346864,0.7569100158899621,2019-01-01
PCP,17,1.0566382696915722,0.745765712362318,2019-01-01
Zolpidem,9,1.14382222180725,0.7436987520502003,2019-01-01
Diphenhydramine,13,1.032670111909872,0.7040119493914313,2019-01-01
GHB,4,1.1839248411217542,0.7007874639506217,2019-01-01
Fluoxetine,8,1.02191932894788,0.6546651751859281,2019-01-01
Tramadol,11,0.9620111918100838,0.6417904402141835,2019-01-01
Morphine,109,0.7397833688029125,0.6334018754750644,2019-01-01
Trazodone,7,0.9991193632886857,0.6296257663312641,2019-01-01
Hydrocodone,32,0.8200329996819792,0.6253172153306874,2019-01-01
Methadone,35,0.793539162484673,0.6112838943941082,2019-01-01
Citalopram,8,0.9354031734797796,0.5992409235140768,2019-01-01
Alprazolam,38,0.7545185084759789,0.5865344391495887,2019-01-01
Fluvoxamine,2,1.0413635213354928,0.5811185838579971,2019-01-01
Amitriptyline,4,0.9702685946036942,0.5743202981694435,2019-01-01
Bupropion,5,0.8979661536642763,0.5442012910334254,2019-01-01
Pentobarbital,5,0.8979661536642763,0.5442012910334254,2019-01-01
Olanzapine,5,0.8979661536642763,0.5442012910334254,2019-01-01
Codeine,11,0.8145710147379173,0.543428075042154,2019-01-01
Oxymorphone,3,0.9368841473755644,0.5396949224272084,2019-01-01
Paroxetine,2,0.9649263291096131,0.5384638605166036,2019-01-01
Chlordiazepoxide,2,0.9649263291096131,0.5384638605166036,2019-01-01
Diazepam,9,0.8241377620208883,0.5358439567330453,2019-01-01
Amphetamine,12,0.7878626169567098,0.5315662861392904,2019-01-01
Quetiapine,12,0.7663502933151961,0.5170520475674478,2019-01-01
Mitragynine,2,0.8989429580067506,0.5016427482077167,2019-01-01
Oxazepam,1,0.9232099042858287,0.49605790142277345,2019-01-01
Prazosin,1,0.9232099042858287,0.49605790142277345,2019-01-01
Memantine,1,0.9232099042858287,0.49605790142277345,2019-01-01
Diclazepam,1,0.9232099042858287,0.49605790142277345,2019-01-01
Labetalol,1,0.9232099042858287,0.49605790142277345,2019-01-01
Chloroethane,1,0.9232099042858287,0.49605790142277345,2019-01-01
Loperamide,1,0.9232099042858287,0.49605790142277345,2019-01-01
Buspirone,1,0.9232099042858287,0.49605790142277345,2019-01-01
4-ANPP,1,0.9232099042858287,0.49605790142277345,2019-01-01
Anabasine,1,0.9232099042858287,0.49605790142277345,2019-01-01
Metoclopramide,1,0.9232099042858287,0.49605790142277345,2019-01-01
Valproic Acid,1,0.9232099042858287,0.49605790142277345,2019-01-01
Cannabis,3,0.8305636955688043,0.4784487073524716,2019-01-01
Cyclobenzaprine,3,0.8305636955688043,0.4784487073524716,2019-01-01
Venlafaxine,2,0.8414061176935412,0.4695351061812354,2019-01-01
Carisoprodol,2,0.8414061176935412,0.4695351061812354,2019-01-01
Chlorpromazine,1,0.855445313465293,0.4596467228195589,2019-01-01
Nitrous oxide,1,0.855445313465293,0.4596467228195589,2019-01-01
Tizanidine,1,0.855445313465293,0.4596467228195589,2019-01-01
Ketamine,1,0.855445313465293,0.4596467228195589,2019-01-01
Chlorcyclizine,1,0.855445313465293,0.4596467228195589,2019-01-01
Nifedipine,1,0.855445313465293,0.4596467228195589,2019-01-01
Diltiazem,1,0.855445313465293,0.4596467228195589,2019-01-01
Metoprolol,2,0.7907915103413257,0.4412903210083044,2019-01-01
"1,1-Difluoroethane",1,0.7969484480842127,0.42821526595797277,2019-01-01
Hydroxychloroquine,1,0.7969484480842127,0.42821526595797277,2019-01-01
Nortriptyline,1,0.7969484480842127,0.42821526595797277,2019-01-01
Pseudoephedrine,1,0.7969484480842127,0.42821526595797277,2019-01-01
Etizolam,1,0.7969484480842127,0.42821526595797277,2019-01-01
Donepezil,1,0.7969484480842127,0.42821526595797277,2019-01-01
Clozapine,1,0.7969484480842127,0.42821526595797277,2019-01-01
Buprenorphine,1,0.7969484480842127,0.42821526595797277,2019-01-01
Oxycodone,27,0.5692811229286182,0.4255669244027773,2019-01-01
Gabapentin,5,0.6877006566251496,0.4167724848567746,2019-01-01
Doxylamine,2,0.7459208019938953,0.41625083963860554,2019-01-01
Clonazepam,2,0.7058687402780173,0.3939003377167838,2019-01-01
Duloxetine,1,0.7010679168365626,0.3766968681405198,2019-01-01
Lorazepam,3,0.6196159941901505,0.3569316514276125,2019-01-01
Temazepam,2,0.637416814727815,0.3557016825660131,2019-01-01
Doxepin,1,0.6612882611160097,0.35532251714574475,2019-01-01
Mirtazapine,2,0.5810675394575673,0.3242567448707919,2019-01-01
Fentanyl,294,1.7593681830432928,1.5977564950232688,2019-04-01
Methamphetamine,588,1.1446885858591203,1.0693039930657047,2019-04-01
Cocaine,214,1.071729918950774,0.9573173408116976,2019-04-01
Hydroxyzine,7,1.6240091095425164,0.9463942593934777,2019-04-01
Zolpidem,10,1.4699605964951077,0.9165505181641472,2019-04-01
Fluoxetine,9,1.3587484243612884,0.8306873518177641,2019-04-01
Heroin,243,0.9136383077819502,0.8217774279609604,2019-04-01
MDMA,13,1.243505927705078,0.8130796098147647,2019-04-01
Ethanol,196,0.9073827088244212,0.8064334262890743,2019-04-01
Olanzapine,9,1.2638677689516433,0.772680910766676,2019-04-01
PCP,18,1.0366998222859667,0.716246503594803,2019-04-01
Morphine,114,0.7708274677443521,0.660608409994122,2019-04-01
Diphenhydramine,12,0.966687689949777,0.6231451906689689,2019-04-01
Alprazolam,38,0.7509518150470806,0.5773714979115978,2019-04-01
Paroxetine,3,1.1073030170994174,0.5500145304605614,2019-04-01
Chlordiazepoxide,3,1.1073030170994174,0.5500145304605614,2019-04-01
Sertraline,5,0.9881513207346215,0.5396586791887675,2019-04-01
Methadone,33,0.6851209500844452,0.5173556132052711,2019-04-01
Citalopram,8,0.8601182850465868,0.5142333599029248,2019-04-01
Hydromorphone,7,0.8739156462393145,0.5092759307415547,2019-04-01
GHB,3,0.9885013972582475,0.4910039288945508,2019-04-01
Fluvoxamine,2,1.0564040485951631,0.4906328691309336,2019-04-01
Hydrocodone,26,0.6335852868008407,0.4630286385982349,2019-04-01
Trazodone,6,0.7884023617305472,0.44597418168973996,2019-04-01
Cannabis,3,0.8927219966496924,0.44342881960648617,2019-04-01
Quetiapine,11,0.6946507763303134,0.4407908501092686,2019-04-01
Bupropion,5,0.7946567499532329,0.43398556788790743,2019-04-01
Amphetamine,11,0.6516657661083084,0.4135146994975783,2019-04-01
Tramadol,8,0.6832891577302287,0.40851367244892783,2019-04-01
Codeine,9,0.6390877359115003,0.39071404934514514,2019-04-01
Clozapine,2,0.8297226249165222,0.3853536841202017,2019-04-01
Mitragynine,2,0.8297226249165222,0.3853536841202017,2019-04-01
Valproic Acid,1,0.8543662102230789,0.36254941173901356,2019-04-01
5F-MDMB-PICA,1,0.8543662102230789,0.36254941173901356,2019-04-01
Atorvastatin,1,0.8543662102230789,0.36254941173901356,2019-04-01
Buspirone,1,0.8543662102230789,0.36254941173901356,2019-04-01
Loperamide,1,0.8543662102230789,0.36254941173901356,2019-04-01
Ziprasidone,1,0.8543662102230789,0.36254941173901356,2019-04-01
Rocuronium,1,0.8543662102230789,0.36254941173901356,2019-04-01
Prazosin,1,0.8543662102230789,0.36254941173901356,2019-04-01
Labetalol,1,0.8543662102230789,0.36254941173901356,2019-04-01
Meloxicam,1,0.8543662102230789,0.36254941173901356,2019-04-01
Memantine,1,0.8543662102230789,0.36254941173901356,2019-04-01
Chloroethane,1,0.8543662102230789,0.36254941173901356,2019-04-01
Oxycodone,23,0.4896809179862181,0.3514887590899974,2019-04-01
Carisoprodol,2,0.749327861786916,0.3480154011499361,2019-04-01
Amitriptyline,3,0.6916676216077798,0.3435620026846006,2019-04-01
Clonazepam,3,0.6916676216077798,0.3435620026846006,2019-04-01
Nitrous oxide,1,0.7516854350682955,0.31897693171367114,2019-04-01
Nifedipine,1,0.7516854350682955,0.31897693171367114,2019-04-01
Pseudoephedrine,1,0.7516854350682955,0.31897693171367114,2019-04-01
"1,1-Difluoroethane",1,0.7516854350682955,0.31897693171367114,2019-04-01
Chlorpromazine,1,0.7516854350682955,0.31897693171367114,2019-04-01
Oxymorphone,2,0.6831363608376778,0.3172736351883282,2019-04-01
Venlafaxine,2,0.6831363608376778,0.3172736351883282,2019-04-01
Diazepam,6,0.5393080451029225,0.3050694363288463,2019-04-01
Temazepam,3,0.601375155424979,0.2987123385684949,2019-04-01
Nortriptyline,1,0.6710377298619526,0.2847541619800383,2019-04-01
Buprenorphine,1,0.6710377298619526,0.2847541619800383,2019-04-01
Hydroxychloroquine,1,0.6710377298619526,0.2847541619800383,2019-04-01
Ketamine,1,0.6710377298619526,0.2847541619800383,2019-04-01
Chlorcyclizine,1,0.6710377298619526,0.2847541619800383,2019-04-01
Mirtazapine,3,0.564527554407382,0.2804095653805553,2019-04-01
Pentobarbital,3,0.5319347239602358,0.2642202025250956,2019-04-01
Doxepin,1,0.5524861670594934,0.2344469297411254,2019-04-01
Duloxetine,1,0.5524861670594934,0.2344469297411254,2019-04-01
Acetyl fentanyl,1,0.5524861670594934,0.2344469297411254,2019-04-01
Metoprolol,1,0.5076437141118855,0.21541808152293007,2019-04-01
Gabapentin,3,0.4321374218728098,0.21464933944496883,2019-04-01
Lorazepam,2,0.42212126736467515,0.19604863196400363,2019-04-01
Cyclobenzaprine,1,0.436746751221697,0.18533302913864966,2019-04-01
Fentanyl,364,1.8828173715087813,1.7273682324105475,2019-07-01
Cocaine,233,1.10858396185821,0.9957190783142835,2019-07-01
Methamphetamine,587,1.048927276638009,0.9799992779273455,2019-07-01
Ethanol,217,0.9604161806852098,0.8593535373762182,2019-07-01
Alprazolam,54,1.0642415606760427,0.85803813381301,2019-07-01
Heroin,253,0.9025119756273139,0.8140863355742837,2019-07-01
Zolpidem,9,1.2160057813285075,0.7912697501773592,2019-07-01
Clonazepam,6,1.0987522178611102,0.6805696562307159,2019-07-01
Olanzapine,8,1.0334051477555835,0.6626137121207047,2019-07-01
Fluoxetine,9,1.009074453226983,0.6566170184182428,2019-07-01
Sertraline,6,1.0393778392011923,0.6437930292381862,2019-07-01
Hydroxyzine,6,1.0393778392011923,0.6437930292381862,2019-07-01
MDMA,11,0.9369664873407944,0.6255028647060735,2019-07-01
Citalopram,9,0.9299484071534511,0.6051287379589814,2019-07-01
Chlordiazepoxide,3,1.0168672194614639,0.5867499293642728,2019-07-01
Trazodone,7,0.9210649142945525,0.5810134166232982,2019-07-01
Morphine,97,0.6795913065214377,0.5767552182150723,2019-07-01
Methadone,33,0.731245048075896,0.5596832186765479,2019-07-01
Clozapine,3,0.9512861287449056,0.5489085085680048,2019-07-01
Carisoprodol,3,0.9512861287449056,0.5489085085680048,2019-07-01
Paroxetine,3,0.9512861287449056,0.5489085085680048,2019-07-01
Ketamine,3,0.9512861287449056,0.5489085085680048,2019-07-01
PCP,14,0.7701103183839435,0.5303687910719477,2019-07-01
Oxymorphone,3,0.8936516150965239,0.5156523998402183,2019-07-01
GHB,3,0.8936516150965239,0.5156523998402183,2019-07-01
Diazepam,10,0.7756759542586068,0.5115399021398898,2019-07-01
Hydromorphone,6,0.8182853082612728,0.5068478059831463,2019-07-01
Oxycodone,28,0.663964582727764,0.4986167286039871,2019-07-01
Quetiapine,12,0.7324585167469994,0.4944913733371081,2019-07-01
Hydroxychloroquine,2,0.8549035280196073,0.47800830234428127,2019-07-01
Etizolam,2,0.8549035280196073,0.47800830234428127,2019-07-01
Atorvastatin,1,0.8708619562210274,0.46904001034718895,2019-07-01
Pseudoephedrine,1,0.8708619562210274,0.46904001034718895,2019-07-01
Meloxicam,1,0.8708619562210274,0.46904001034718895,2019-07-01
Norfluoxetine,1,0.8708619562210274,0.46904001034718895,2019-07-01
Loperamide,1,0.8708619562210274,0.46904001034718895,2019-07-01
Ephedrine,1,0.8708619562210274,0.46904001034718895,2019-07-01
Isopropanol,1,0.8708619562210274,0.46904001034718895,2019-07-01
Chloroethane,1,0.8708619562210274,0.46904001034718895,2019-07-01
Risperidone,1,0.8708619562210274,0.46904001034718895,2019-07-01
Ziprasidone,1,0.8708619562210274,0.46904001034718895,2019-07-01
Rocuronium,1,0.8708619562210274,0.46904001034718895,2019-07-01
Prazosin,1,0.8708619562210274,0.46904001034718895,2019-07-01
Buspirone,1,0.8708619562210274,0.46904001034718895,2019-07-01
5F-MDMB-PICA,1,0.8708619562210274,0.46904001034718895,2019-07-01
Labetalol,1,0.8708619562210274,0.46904001034718895,2019-07-01
Flualprazolam,1,0.8708619562210274,0.46904001034718895,2019-07-01
Flubromazolam,1,0.8708619562210274,0.46904001034718895,2019-07-01
Pentobarbital,5,0.7546932855937212,0.4579490827431291,2019-07-01
Tramadol,8,0.7053972319512218,0.4522968357550874,2019-07-01
Hydrocodone,24,0.6111399360276687,0.45054081090490794,2019-07-01
Acetyl fentanyl,2,0.8031084397019594,0.44904774548022863,2019-07-01
Doxepin,2,0.8031084397019594,0.44904774548022863,2019-07-01
Bupropion,4,0.7553768022297966,0.44776702904143667,2019-07-01
Diphenhydramine,9,0.6873917979282776,0.4472942025213405,2019-07-01
Promethazine,1,0.8108252593463632,0.43670467554223563,2019-07-01
"1,1-Difluoroethane",1,0.8108252593463632,0.43670467554223563,2019-07-01
Propranolol,1,0.8108252593463632,0.43670467554223563,2019-07-01
Chlorpromazine,1,0.8108252593463632,0.43670467554223563,2019-07-01
Dipyrone,1,0.8108252593463632,0.43670467554223563,2019-07-01
Fluvoxamine,1,0.8108252593463632,0.43670467554223563,2019-07-01
Nitrous oxide,1,0.8108252593463632,0.43670467554223563,2019-07-01
Nifedipine,1,0.8108252593463632,0.43670467554223563,2019-07-01
Duloxetine,2,0.7572309322110479,0.42339592775721807,2019-07-01
Temazepam,3,0.7193272885738203,0.41506425586617895,2019-07-01
Chlorcyclizine,1,0.7585324881066411,0.4085401636030584,2019-07-01
Benztropine,1,0.7585324881066411,0.4085401636030584,2019-07-01
Codeine,8,0.6259281527527633,0.40134169809115233,2019-07-01
Amphetamine,10,0.6074793400821848,0.40061822268895947,2019-07-01
Venlafaxine,2,0.7163116827467573,0.40051645618112325,2019-07-01
Mirtazapine,3,0.6858787529092211,0.3957638737091694,2019-07-01
Dextromethorphan,1,0.7125761246976605,0.3837883955244484,2019-07-01
Mitragynine,1,0.7125761246976605,0.3837883955244484,2019-07-01
Lorazepam,3,0.6275197370906196,0.36208971472952634,2019-07-01
Metoprolol,1,0.6718702686979482,0.36186451311931267,2019-07-01
Amitriptyline,2,0.6464463406124594,0.3614521495175623,2019-07-01
Doxylamine,2,0.6464463406124594,0.3614521495175623,2019-07-01
Cyclobenzaprine,2,0.616386750461089,0.3446447166476726,2019-07-01
Cannabis,1,0.6355637392588828,0.3423100764808522,2019-07-01
Gabapentin,3,0.5174497741825778,0.2985774471242973,2019-07-01
Fentanyl,424,1.8712467179753902,1.7273066618792672,2019-10-01
Clonazepam,10,1.6104796994242012,1.0395382641475341,2019-10-01
Cocaine,249,1.152368817666754,1.038286055006494,2019-10-01
Alprazolam,63,1.2365733787691822,1.0093178413619277,2019-10-01
Methamphetamine,616,1.0297586479670795,0.9635616771938128,2019-10-01
Etizolam,7,1.508348663162586,0.9238769434585057,2019-10-01
Heroin,262,0.9327123536108592,0.8425569095333914,2019-10-01
Ethanol,220,0.9250986866102369,0.82805035718957,2019-10-01
Diazepam,16,1.1260704153869217,0.7786202388464383,2019-10-01
Clozapine,5,1.2632595397200785,0.7379809904720087,2019-10-01
Chlordiazepoxide,4,1.2432213680070494,0.7052789998789243,2019-10-01
Olanzapine,8,1.0911590745025872,0.6814917070950404,2019-10-01
Hydroxyzine,6,1.1110174777370962,0.6656562758444092,2019-10-01
Ketamine,4,1.1407278708339332,0.6471344786853837,2019-10-01
PCP,17,0.869737520643241,0.6065885802192631,2019-10-01
Quetiapine,15,0.8845450481872845,0.6059761841995274,2019-10-01
Sertraline,6,0.9812996561965025,0.587936992639943,2019-10-01
Hydrocodone,31,0.7588769466042492,0.5732559482400017,2019-10-01
Flualprazolam,2,1.0725546500437013,0.5637970945448623,2019-10-01
Risperidone,2,1.0725546500437013,0.5637970945448623,2019-10-01
Paroxetine,3,1.0182089082337575,0.5579848259565283,2019-10-01
Hydroxychloroquine,3,1.0182089082337575,0.5579848259565283,2019-10-01
Bupropion,6,0.927173195743494,0.5555076035333252,2019-10-01
Trazodone,8,0.8552813253372769,0.5341724630905109,2019-10-01
Diphenhydramine,11,0.8045986948103109,0.5267357913524179,2019-10-01
Baclofen,2,0.9761864628511664,0.5131403714179866,2019-10-01
Fluvoxamine,2,0.9761864628511664,0.5131403714179866,2019-10-01
Fluoxetine,7,0.8267557467687751,0.5063952327242243,2019-10-01
Lorazepam,6,0.8350535415530425,0.500314929098188,2019-10-01
Hydromorphone,6,0.8350535415530425,0.500314929098188,2019-10-01
Amphetamine,13,0.7329914579448924,0.4918107745694423,2019-10-01
Tramadol,9,0.7561049154149229,0.4805005501302541,2019-10-01
MDMA,9,0.7561049154149229,0.4805005501302541,2019-10-01
GHB,3,0.874086288076921,0.4790047321130073,2019-10-01
Benztropine,2,0.8957078232094908,0.4708361184822031,2019-10-01
Duloxetine,2,0.8957078232094908,0.4708361184822031,2019-10-01
Morphine,81,0.562503989014297,0.46971598488468125,2019-10-01
Zolpidem,5,0.8010050486139525,0.46793749072355323,2019-10-01
Meloxicam,1,0.9258986598533941,0.46232522692044065,2019-10-01
Norfluoxetine,1,0.9258986598533941,0.46232522692044065,2019-10-01
Rocuronium,1,0.9258986598533941,0.46232522692044065,2019-10-01
Perphenazine,1,0.9258986598533941,0.46232522692044065,2019-10-01
Isopropanol,1,0.9258986598533941,0.46232522692044065,2019-10-01
Prazosin,1,0.9258986598533941,0.46232522692044065,2019-10-01
Ziprasidone,1,0.9258986598533941,0.46232522692044065,2019-10-01
Pregabalin,1,0.9258986598533941,0.46232522692044065,2019-10-01
Flubromazolam,1,0.9258986598533941,0.46232522692044065,2019-10-01
Ibuprofen,1,0.9258986598533941,0.46232522692044065,2019-10-01
Ephedrine,1,0.9258986598533941,0.46232522692044065,2019-10-01
Clonidine,1,0.9258986598533941,0.46232522692044065,2019-10-01
5F-MDMB-PICA,1,0.9258986598533941,0.46232522692044065,2019-10-01
Amlodipine,1,0.9258986598533941,0.46232522692044065,2019-10-01
Atorvastatin,1,0.9258986598533941,0.46232522692044065,2019-10-01
Doxylamine,4,0.8077611593727282,0.45824259241674165,2019-10-01
Oxycodone,27,0.6147625926599167,0.4564210058473834,2019-10-01
Citalopram,7,0.7280573354485778,0.44594157979790117,2019-10-01
Dextromethorphan,2,0.8274881508097445,0.4349758916040555,2019-10-01
Doxepin,2,0.8274881508097445,0.4349758916040555,2019-10-01
Acetyl fentanyl,2,0.8274881508097445,0.4349758916040555,2019-10-01
Nifedipine,1,0.8427073974124234,0.42078567086156293,2019-10-01
Propranolol,1,0.8427073974124234,0.42078567086156293,2019-10-01
Promethazine,1,0.8427073974124234,0.42078567086156293,2019-10-01
Pseudoephedrine,1,0.8427073974124234,0.42078567086156293,2019-10-01
Dipyrone,1,0.8427073974124234,0.42078567086156293,2019-10-01
Chlorpromazine,1,0.8427073974124234,0.42078567086156293,2019-10-01
Methadone,27,0.5576615299468376,0.41402720246761987,2019-10-01
Mitragynine,2,0.7689246480358831,0.404191509000402,2019-10-01
Venlafaxine,2,0.7689246480358831,0.404191509000402,2019-10-01
Acetaminophen,1,0.7732330218288431,0.38609531234876365,2019-10-01
Chlorcyclizine,1,0.7732330218288431,0.38609531234876365,2019-10-01
Cannabis,2,0.7181026439506657,0.37747650828596263,2019-10-01
Temazepam,3,0.6812351172633504,0.3733210888922995,2019-10-01
Cyclobenzaprine,3,0.6812351172633504,0.3733210888922995,2019-10-01
Gabapentin,5,0.6350263777575009,0.3709747526127342,2019-10-01
Codeine,7,0.5694379873152926,0.34878582124835167,2019-10-01
Amitriptyline,2,0.6342599389686082,0.33340390698239275,2019-10-01
Metoprolol,1,0.6637855713139267,0.3314453602652555,2019-10-01
Carisoprodol,1,0.6637855713139267,0.3314453602652555,2019-10-01
Oxymorphone,1,0.6637855713139267,0.3314453602652555,2019-10-01
Pentobarbital,3,0.5845134556180523,0.32031701565845205,2019-10-01
Mirtazapine,1,0.4902900273186685,0.24481453312916962,2019-10-01
Clonazepam,16,3.1784202469914176,2.122570077040661,2020-01-01
Etizolam,12,3.324469318371889,2.098130780539878,2020-01-01
Fentanyl,554,2.0400815496683684,1.901644238593577,2020-01-01
Acetyl fentanyl,9,2.221320606182466,1.3176827017311028,2020-01-01
Alprazolam,79,1.453173752571983,1.2061599783389625,2020-01-01
Cocaine,296,1.1745044903685185,1.066735358856243,2020-01-01
Flualprazolam,4,2.161065982499782,1.0525086225670526,2020-01-01
Diazepam,19,1.457795527372218,1.0042374191685552,2020-01-01
Methamphetamine,705,1.0340032565912405,0.9715846957045384,2020-01-01
Heroin,278,0.9305933875942627,0.8426082517934201,2020-01-01
Ethanol,236,0.8800675240574459,0.7901132532987221,2020-01-01
MDMA,15,1.1219429483524628,0.7401654654389711,2020-01-01
Sertraline,8,1.267689213835493,0.7320862028884487,2020-01-01
Clozapine,5,1.4061206260258854,0.7246743793484528,2020-01-01
Chlordiazepoxide,5,1.4061206260258854,0.7246743793484528,2020-01-01
PCP,21,1.0261728506771295,0.7191398562840167,2020-01-01
Ketamine,4,1.411065068711063,0.6872340612680548,2020-01-01
Lorazepam,8,1.1599184979052894,0.6698489815357468,2020-01-01
Promethazine,3,1.4182041238788357,0.6418055712665579,2020-01-01
Oxycodone,39,0.774974792426071,0.5952128396598214,2020-01-01
Perphenazine,2,1.4293997287200344,0.5849660912993085,2020-01-01
Risperidone,2,1.4293997287200344,0.5849660912993085,2020-01-01
Paroxetine,3,1.1721092805326625,0.5304358192963268,2020-01-01
Quetiapine,14,0.789397175051941,0.5138766720610107,2020-01-01
Cyclobenzaprine,5,0.9740369516206565,0.5019908038566558,2020-01-01
Trazodone,8,0.8139392955563451,0.47004717068048646,2020-01-01
Baclofen,2,1.129284450937608,0.4621472202332029,2020-01-01
Venlafaxine,3,0.9987930341984879,0.45200188259048224,2020-01-01
Doxepin,3,0.9987930341984879,0.45200188259048224,2020-01-01
Morphine,78,0.5302715459566539,0.43961430868156887,2020-01-01
Methadone,31,0.5832798007629829,0.43423844391144384,2020-01-01
Olanzapine,6,0.7910681710635381,0.42656412958326656,2020-01-01
Hydrocodone,28,0.5588259452614609,0.4098991652940288,2020-01-01
Doxylamine,4,0.832927680468414,0.4056625631826903,2020-01-01
Mitragynine,3,0.8701296068327783,0.39377549394079203,2020-01-01
Benztropine,2,0.9333245920093575,0.3819528068541905,2020-01-01
Hydroxychloroquine,2,0.9333245920093575,0.3819528068541905,2020-01-01
Amphetamine,12,0.6031693887978906,0.3806707595472874,2020-01-01
Clonidine,1,1.0642190799651419,0.3750714926176659,2020-01-01
Ibuprofen,1,1.0642190799651419,0.3750714926176659,2020-01-01
Ephedrine,1,1.0642190799651419,0.3750714926176659,2020-01-01
Ethylene Glycol,1,1.0642190799651419,0.3750714926176659,2020-01-01
Isopropanol,1,1.0642190799651419,0.3750714926176659,2020-01-01
Meloxicam,1,1.0642190799651419,0.3750714926176659,2020-01-01
Norfluoxetine,1,1.0642190799651419,0.3750714926176659,2020-01-01
Ziprasidone,1,1.0642190799651419,0.3750714926176659,2020-01-01
5F-MDMB-PICA,1,1.0642190799651419,0.3750714926176659,2020-01-01
Amlodipine,1,1.0642190799651419,0.3750714926176659,2020-01-01
Flubromazolam,1,1.0642190799651419,0.3750714926176659,2020-01-01
Rocuronium,1,1.0642190799651419,0.3750714926176659,2020-01-01
Pregabalin,1,1.0642190799651419,0.3750714926176659,2020-01-01
Atorvastatin,1,1.0642190799651419,0.3750714926176659,2020-01-01
Hydromorphone,6,0.6906968684368165,0.3724413638012171,2020-01-01
Diphenhydramine,10,0.590754158852509,0.35869509220196183,2020-01-01
Fluoxetine,6,0.6494928093519349,0.35022308446479783,2020-01-01
Hydroxyzine,4,0.6913074608397036,0.33668896242449486,2020-01-01
Zolpidem,5,0.644142012023174,0.33197238141257734,2020-01-01
Dextromethorphan,2,0.7953167137465685,0.3254746031062546,2020-01-01
Codeine,8,0.5509841772496806,0.31819148555655336,2020-01-01
Dipyrone,1,0.8407767507217362,0.2963218728062666,2020-01-01
Pseudoephedrine,1,0.8407767507217362,0.2963218728062666,2020-01-01
Propranolol,1,0.8407767507217362,0.2963218728062666,2020-01-01
Tizanidine,1,0.8407767507217362,0.2963218728062666,2020-01-01
Tapentadol,1,0.8407767507217362,0.2963218728062666,2020-01-01
Bupropion,4,0.5908474276024174,0.2877616959449637,2020-01-01
Temazepam,3,0.627592331542014,0.284015712608551,2020-01-01
Citalopram,6,0.5243667770687045,0.28275193722176584,2020-01-01
Pentobarbital,4,0.5508248029748992,0.2682693908236269,2020-01-01
Amitriptyline,3,0.574238501483028,0.2598705385791517,2020-01-01
Gabapentin,4,0.515880277954149,0.2512502834971095,2020-01-01
GHB,2,0.6137963132338969,0.25118937900448074,2020-01-01
Fluvoxamine,1,0.6948803883616677,0.24490241657957385,2020-01-01
"1,1-Difluoroethane",1,0.6948803883616677,0.24490241657957385,2020-01-01
Acetaminophen,1,0.6948803883616677,0.24490241657957385,2020-01-01
Chlorcyclizine,1,0.6948803883616677,0.24490241657957385,2020-01-01
Nitrous oxide,1,0.6948803883616677,0.24490241657957385,2020-01-01
Tramadol,6,0.4396645587012165,0.23707834122418753,2020-01-01
Oxymorphone,1,0.5921305317038084,0.2086894386049854,2020-01-01
Duloxetine,1,0.5921305317038084,0.2086894386049854,2020-01-01
Mirtazapine,2,0.4572533670829312,0.1871259029239252,2020-01-01
Carisoprodol,1,0.5158529235824928,0.18180629314183105,2020-01-01
Cannabis,1,0.410176059853686,0.14456172596566697,2020-01-01
Flualprazolam,13,7.6088533254364155,4.832868972690314,2020-04-01
Etizolam,21,6.432844636852698,4.4853315746581295,2020-04-01
Clonazepam,20,3.6413217822152593,2.5170761036259854,2020-04-01
Fentanyl,714,2.0023073807445164,1.8821289702799515,2020-04-01
Alprazolam,93,1.5769937619052075,1.3273260805458817,2020-04-01
Diazepam,21,1.71577672512478,1.1963334970314037,2020-04-01
Acetyl fentanyl,9,2.0349730606418452,1.1877843147645413,2020-04-01
Cocaine,351,1.176899161480026,1.0772895999430252,2020-04-01
MDMA,23,1.3682057428436094,0.9690154056704795,2020-04-01
Methamphetamine,822,1.025251680399418,0.9677987077142688,2020-04-01
Promethazine,4,1.9773261992469513,0.9224444903117881,2020-04-01
PCP,28,1.1402199386835443,0.833549231825311,2020-04-01
Ethanol,267,0.9010387515688203,0.8140958624710232,2020-04-01
Cyclobenzaprine,7,1.4164650257185765,0.7753023976111685,2020-04-01
Heroin,291,0.8483099325615552,0.7697553291477852,2020-04-01
Lorazepam,10,1.2505744035154565,0.7487114560908564,2020-04-01
Oxycodone,46,0.9405164324304528,0.736116393339595,2020-04-01
Chlordiazepoxide,5,1.4748931674939616,0.7351079861541556,2020-04-01
Lamotrigine,4,1.524315529263633,0.7111100141197927,2020-04-01
Sertraline,8,1.2485103410636849,0.707567118054339,2020-04-01
Perphenazine,2,1.7497342888480563,0.6579619501300309,2020-04-01
Risperidone,2,1.7497342888480563,0.6579619501300309,2020-04-01
Ephedrine,2,1.7497342888480563,0.6579619501300309,2020-04-01
Mitragynine,5,1.2431686414444625,0.61961314663557,2020-04-01
Clozapine,5,1.2431686414444625,0.61961314663557,2020-04-01
Diphenhydramine,15,0.9172814893424692,0.6002486110329358,2020-04-01
Gabapentin,9,0.9691320401423196,0.5656683415031233,2020-04-01
Doxepin,3,1.2360008941562333,0.5277297118257743,2020-04-01
Trazodone,9,0.9016665492773688,0.5262897111973225,2020-04-01
Quetiapine,15,0.7781141826483247,0.5091806198929043,2020-04-01
Hydrocodone,34,0.6504392832082877,0.4892937633112839,2020-04-01
Doxylamine,4,1.0453367105215596,0.48766110999211654,2020-04-01
Hydroxychloroquine,2,1.229731515625143,0.4624225239877777,2020-04-01
Pseudoephedrine,2,1.229731515625143,0.4624225239877777,2020-04-01
Propranolol,2,1.229731515625143,0.4624225239877777,2020-04-01
Baclofen,2,1.229731515625143,0.4624225239877777,2020-04-01
Methadone,34,0.6144859587923767,0.46224783010712434,2020-04-01
Citalopram,10,0.7339376988728552,0.439404134338878,2020-04-01
Dextromethorphan,3,1.0056124240430215,0.42936178869912817,2020-04-01
Ketamine,3,1.0056124240430215,0.42936178869912817,2020-04-01
Tianeptine,1,1.2194396668062757,0.37415973205190034,2020-04-01
Norfluoxetine,1,1.2194396668062757,0.37415973205190034,2020-04-01
Pregabalin,1,1.2194396668062757,0.37415973205190034,2020-04-01
Isopropanol,1,1.2194396668062757,0.37415973205190034,2020-04-01
Ethylene Glycol,1,1.2194396668062757,0.37415973205190034,2020-04-01
Clonidine,1,1.2194396668062757,0.37415973205190034,2020-04-01
Ibuprofen,1,1.2194396668062757,0.37415973205190034,2020-04-01
Flubromazolam,1,1.2194396668062757,0.37415973205190034,2020-04-01
Amlodipine,1,1.2194396668062757,0.37415973205190034,2020-04-01
Butalbital,1,1.2194396668062757,0.37415973205190034,2020-04-01
Venlafaxine,3,0.8476178875663236,0.36190357600761264,2020-04-01
Benztropine,2,0.9479967679618048,0.356480298831979,2020-04-01
Temazepam,4,0.7104666136075073,0.3314405147326274,2020-04-01
Codeine,9,0.5543500902274697,0.32356612222316966,2020-04-01
Morphine,65,0.38794364314509705,0.3156522362063442,2020-04-01
Tramadol,8,0.5472594497820801,0.3101478449753248,2020-04-01
Amphetamine,11,0.49332153760109554,0.30196580799763073,2020-04-01
Hydroxyzine,4,0.6419208822391792,0.29946317469678163,2020-04-01
Hydromorphone,6,0.5604808249991958,0.2941919932046422,2020-04-01
Duloxetine,2,0.771291778446334,0.29003297580680737,2020-04-01
Tapentadol,1,0.8570349219494102,0.2629633638173712,2020-04-01
Desloratadine,1,0.8570349219494102,0.2629633638173712,2020-04-01
Dipyrone,1,0.8570349219494102,0.2629633638173712,2020-04-01
Tizanidine,1,0.8570349219494102,0.2629633638173712,2020-04-01
MDA,1,0.8570349219494102,0.2629633638173712,2020-04-01
Fluoxetine,5,0.51497971466475,0.25667330305738634,2020-04-01
Amitriptyline,3,0.5760863501215139,0.2459689834965121,2020-04-01
Carisoprodol,2,0.650112003703711,0.24446509649270548,2020-04-01
Pentobarbital,4,0.49782934157560355,0.23224288103139024,2020-04-01
GHB,2,0.5618398051279753,0.2112716291832242,2020-04-01
"1,1-Difluoroethane",1,0.6606859511325245,0.20271776060362615,2020-04-01
Acetaminophen,1,0.6606859511325245,0.20271776060362615,2020-04-01
Nitrous oxide,1,0.6606859511325245,0.20271776060362615,2020-04-01
Fluvoxamine,1,0.6606859511325245,0.20271776060362615,2020-04-01
Olanzapine,4,0.4330282979849685,0.2020124791637569,2020-04-01
Bupropion,3,0.43631447618438757,0.18629121861549044,2020-04-01
Cannabis,2,0.4946730988348201,0.1860145731044123,2020-04-01
Zolpidem,3,0.4036680723327031,0.17235233120994498,2020-04-01
Oxymorphone,1,0.5375352105251522,0.16493151388563446,2020-04-01
Paroxetine,1,0.45308157372005214,0.13901866966877935,2020-04-01
Mirtazapine,1,0.39156216411282574,0.12014271668709922,2020-04-01
Flualprazolam,13,5.2534849461210404,3.333313535029344,2020-07-01
Etizolam,24,4.6732352630028045,3.3318746472739367,2020-07-01
Clonazepam,22,2.871029410589691,2.017057048590076,2020-07-01
PCP,60,2.352960180461192,1.8982358866818256,2020-07-01
Fentanyl,923,1.8709979033013122,1.7719149518191926,2020-07-01
Acetyl fentanyl,8,2.047864370497585,1.1582182725146828,2020-07-01
Alprazolam,104,1.3333510586559287,1.1327976805836637,2020-07-01
Methamphetamine,1052,1.111478026814833,1.0562644800283858,2020-07-01
Cocaine,401,1.0915868237232627,1.0049287018612483,2020-07-01
Diazepam,23,1.284842723894895,0.9095498544863363,2020-07-01
Ethanol,319,0.9253213624310502,0.8433177308214269,2020-07-01
Lorazepam,11,1.359630779781594,0.831136576657847,2020-07-01
MDMA,22,1.1247394209638126,0.7901916882196653,2020-07-01
Oxycodone,54,0.9471826199320812,0.7553131613215947,2020-07-01
Amitriptyline,8,1.2815466767186334,0.7248091228304019,2020-07-01
Mitragynine,6,1.3369701594468182,0.6996882359032283,2020-07-01
Heroin,309,0.753860502871622,0.6860236570388543,2020-07-01
Chlordiazepoxide,5,1.3813188767569513,0.6859129853759082,2020-07-01
Lamotrigine,4,1.447844945280531,0.6721641169510673,2020-07-01
Promethazine,4,1.447844945280531,0.6721641169510673,2020-07-01
Trazodone,13,1.0554635704654476,0.6696870822406301,2020-07-01
MDA,2,1.7800671781037571,0.6626734833902389,2020-07-01
Phenobarbital,2,1.7800671781037571,0.6626734833902389,2020-07-01
Perphenazine,2,1.7800671781037571,0.6626734833902389,2020-07-01
Citalopram,16,0.9589763748822627,0.6351704372138579,2020-07-01
Diphenhydramine,18,0.93090107618496,0.6307662460363687,2020-07-01
Temazepam,7,1.1424816797566069,0.6238187430462283,2020-07-01
Cyclobenzaprine,7,1.0157790419529689,0.5546364693557255,2020-07-01
Sertraline,8,0.9325742679183624,0.5274394989926038,2020-07-01
Hydrocodone,37,0.6657584049180586,0.5065771034961863,2020-07-01
Methadone,39,0.6405700916097155,0.49085954298215156,2020-07-01
Clozapine,4,0.9665960309139653,0.448743610070625,2020-07-01
Pseudoephedrine,2,1.190061020865576,0.44302928105445216,2020-07-01
Risperidone,2,1.190061020865576,0.44302928105445216,2020-07-01
Baclofen,2,1.190061020865576,0.44302928105445216,2020-07-01
Gabapentin,9,0.7584193860217944,0.4419071995104199,2020-07-01
Quetiapine,15,0.6692269920803733,0.43755042082808415,2020-07-01
Tramadol,11,0.6803938120626314,0.41592187536954545,2020-07-01
Olanzapine,9,0.7110685779338032,0.4143173681026582,2020-07-01
Butalbital,1,1.2300880071182057,0.37092289651348065,2020-07-01
Desloratadine,1,1.2300880071182057,0.37092289651348065,2020-07-01
Clonidine,1,1.2300880071182057,0.37092289651348065,2020-07-01
Eutylone,1,1.2300880071182057,0.37092289651348065,2020-07-01
Ethylene Glycol,1,1.2300880071182057,0.37092289651348065,2020-07-01
Lithium,1,1.2300880071182057,0.37092289651348065,2020-07-01
Ibuprofen,1,1.2300880071182057,0.37092289651348065,2020-07-01
LSD,1,1.2300880071182057,0.37092289651348065,2020-07-01
Hydrochlorothiazide,1,1.2300880071182057,0.37092289651348065,2020-07-01
Pregabalin,1,1.2300880071182057,0.37092289651348065,2020-07-01
Tamsulosin,1,1.2300880071182057,0.37092289651348065,2020-07-01
Tianeptine,1,1.2300880071182057,0.37092289651348065,2020-07-01
Aripiprazole,1,1.2300880071182057,0.37092289651348065,2020-07-01
Amlodipine,1,1.2300880071182057,0.37092289651348065,2020-07-01
Propranolol,2,0.8938071795478156,0.3327415529233647,2020-07-01
Nitrous oxide,2,0.8938071795478156,0.3327415529233647,2020-07-01
Doxepin,2,0.8938071795478156,0.3327415529233647,2020-07-01
Morphine,71,0.3928761599233127,0.32249779730310035,2020-07-01
Codeine,9,0.49481653694055794,0.2883140833962841,2020-07-01
Amphetamine,11,0.4390963195565616,0.26841773317159284,2020-07-01
Dextromethorphan,2,0.7156525926055428,0.2664191566884381,2020-07-01
Zolpidem,5,0.5323886893879931,0.26436496413907984,2020-07-01
Hydromorphone,6,0.5022523422849304,0.2628480919103012,2020-07-01
Isopropanol,1,0.8223733393393688,0.24797990003808693,2020-07-01
Tapentadol,1,0.8223733393393688,0.24797990003808693,2020-07-01
Ephedrine,1,0.8223733393393688,0.24797990003808693,2020-07-01
Flubromazolam,1,0.8223733393393688,0.24797990003808693,2020-07-01
"1,1-Difluoroethane",1,0.8223733393393688,0.24797990003808693,2020-07-01
Acetaminophen,1,0.8223733393393688,0.24797990003808693,2020-07-01
Benztropine,1,0.8223733393393688,0.24797990003808693,2020-07-01
Oxazepam,1,0.8223733393393688,0.24797990003808693,2020-07-01
Tizanidine,1,0.8223733393393688,0.24797990003808693,2020-07-01
Memantine,1,0.8223733393393688,0.24797990003808693,2020-07-01
Bupropion,4,0.48398298525714406,0.22468980325906182,2020-07-01
Venlafaxine,2,0.5967147759637531,0.22214164950761064,2020-07-01
Duloxetine,2,0.5967147759637531,0.22214164950761064,2020-07-01
Ketamine,2,0.5116767119929139,0.19048415322572967,2020-07-01
Paroxetine,2,0.5116767119929139,0.19048415322572967,2020-07-01
GHB,2,0.5116767119929139,0.19048415322572967,2020-07-01
Hydroxychloroquine,1,0.617651685151082,0.18624777314055724,2020-07-01
Fluvoxamine,1,0.617651685151082,0.18624777314055724,2020-07-01
Cannabis,2,0.4478529999112501,0.16672421757369074,2020-07-01
Doxylamine,2,0.4478529999112501,0.16672421757369074,2020-07-01
Hydroxyzine,3,0.39132941373865726,0.1659686475285411,2020-07-01
Fluoxetine,4,0.3417775176170639,0.1586707085393661,2020-07-01
Mirtazapine,1,0.4123505554240692,0.12434091017208046,2020-07-01
Pentobarbital,2,0.29878024467461384,0.11122824348552397,2020-07-01
Carisoprodol,1,0.35358631105970123,0.10662103679316476,2020-07-01
Flualprazolam,17,4.3287168764725035,2.907674781879083,2020-10-01
Etizolam,25,2.652272417167813,1.9061230431168108,2020-10-01
Fentanyl,1116,1.8183784512103311,1.7306306226108787,2020-10-01
PCP,66,1.9441490568310948,1.5846722221937968,2020-10-01
Lamotrigine,5,2.726232904693562,1.3690461127981552,2020-10-01
Acetyl fentanyl,8,2.2123188384825268,1.2590060747460046,2020-10-01
Clonazepam,21,1.6284880451355253,1.1367142673356483,2020-10-01
Methamphetamine,1207,1.1235499558831796,1.0713740752364282,2020-10-01
Alprazolam,109,1.1915652093952656,1.0163362471458584,2020-10-01
Cocaine,411,0.9872189159365076,0.9097895439988406,2020-10-01
Ethanol,369,0.9657922398046634,0.8860067328806608,2020-10-01
Citalopram,16,1.1833130807409755,0.7856393819275262,2020-10-01
Oxycodone,57,0.967978690630081,0.7768594760500094,2020-10-01
Promethazine,4,1.638593482649582,0.7719257804166719,2020-10-01
Lorazepam,12,1.2291533720014276,0.7690801135234443,2020-10-01
Amitriptyline,9,1.2919826166673183,0.7567979164871736,2020-10-01
MDMA,24,1.0491402867945132,0.7490093558798606,2020-10-01
Diphenhydramine,20,0.9592702249571254,0.6638774761982603,2020-10-01
Heroin,329,0.7249419688064047,0.6616591294015824,2020-10-01
Duloxetine,4,1.2722359941821726,0.5993382575251417,2020-10-01
Methadone,46,0.750204711606792,0.5873691999097079,2020-10-01
Gabapentin,10,0.9619588165329654,0.577699747176242,2020-10-01
MDA,2,1.4522345857193706,0.5570650716138537,2020-10-01
Phenobarbital,2,1.4522345857193706,0.5570650716138537,2020-10-01
Aripiprazole,2,1.4522345857193706,0.5570650716138537,2020-10-01
Temazepam,6,1.0427556530970463,0.5506329658882901,2020-10-01
Diazepam,19,0.7813113652825708,0.5357670267889166,2020-10-01
Olanzapine,10,0.7754442843601653,0.4656893406712466,2020-10-01
Hydrocodone,35,0.5939901996751936,0.44887796881165587,2020-10-01
Cyclobenzaprine,6,0.8225946100234831,0.43437569338096627,2020-10-01
Sertraline,8,0.734446946865268,0.4179655986278542,2020-10-01
Chlordiazepoxide,4,0.8791254465580925,0.4141476233148399,2020-10-01
Propranolol,2,1.0340440786730223,0.396650681923079,2020-10-01
"1,1-Difluoroethane",2,1.0340440786730223,0.396650681923079,2020-10-01
Trazodone,10,0.6495104713670333,0.3900603941127227,2020-10-01
Mitragynine,4,0.7614799058820986,0.35872592979509416,2020-10-01
Hydroxyzine,6,0.6791937919658875,0.35865208783316477,2020-10-01
Butalbital,1,1.0288286854302287,0.32652609106095176,2020-10-01
Ethylene Glycol,1,1.0288286854302287,0.32652609106095176,2020-10-01
Desloratadine,1,1.0288286854302287,0.32652609106095176,2020-10-01
Midazolam,1,1.0288286854302287,0.32652609106095176,2020-10-01
Salicylate,1,1.0288286854302287,0.32652609106095176,2020-10-01
Propofol,1,1.0288286854302287,0.32652609106095176,2020-10-01
Tamsulosin,1,1.0288286854302287,0.32652609106095176,2020-10-01
Lithium,1,1.0288286854302287,0.32652609106095176,2020-10-01
LSD,1,1.0288286854302287,0.32652609106095176,2020-10-01
Hydrochlorothiazide,1,1.0288286854302287,0.32652609106095176,2020-10-01
Tapentadol,1,1.0288286854302287,0.32652609106095176,2020-10-01
Tianeptine,1,1.0288286854302287,0.32652609106095176,2020-10-01
Eutylone,1,1.0288286854302287,0.32652609106095176,2020-10-01
Doxepin,2,0.8028520254648754,0.30796733906414686,2020-10-01
Nitrous oxide,2,0.8028520254648754,0.30796733906414686,2020-10-01
Acetaminophen,2,0.8028520254648754,0.30796733906414686,2020-10-01
Tramadol,9,0.5097892654341439,0.298616598204147,2020-10-01
Quetiapine,11,0.47501409345537005,0.291549441378649,2020-10-01
Paroxetine,3,0.6209390800912479,0.2686938169125349,2020-10-01
Morphine,61,0.3242325578711765,0.26212460129868254,2020-10-01
Dextromethorphan,2,0.6561497589768228,0.25169357352329935,2020-10-01
Zolpidem,5,0.5003505706658049,0.25126356689006196,2020-10-01
Amphetamine,10,0.40709548322259304,0.24447923725248438,2020-10-01
Fluoxetine,6,0.445963012206597,0.23549326763030312,2020-10-01
Nortriptyline,1,0.7325636096258463,0.23249850562302415,2020-10-01
Isopropanol,1,0.7325636096258463,0.23249850562302415,2020-10-01
Perphenazine,1,0.7325636096258463,0.23249850562302415,2020-10-01
Ephedrine,1,0.7325636096258463,0.23249850562302415,2020-10-01
Flubromazolam,1,0.7325636096258463,0.23249850562302415,2020-10-01
Memantine,1,0.7325636096258463,0.23249850562302415,2020-10-01
Oxazepam,1,0.7325636096258463,0.23249850562302415,2020-10-01
Tizanidine,1,0.7325636096258463,0.23249850562302415,2020-10-01
Codeine,7,0.3935218873801279,0.21646137417714026,2020-10-01
Bupropion,4,0.45622034636438513,0.21492105921222232,2020-10-01
Venlafaxine,2,0.5547772965349795,0.2128079426444115,2020-10-01
Hydromorphone,5,0.38580579210648924,0.19374203835228532,2020-10-01
Ketamine,2,0.48053638443175895,0.18432974812670413,2020-10-01
Pseudoephedrine,1,0.5687766990791389,0.18051638223831123,2020-10-01
Risperidone,1,0.5687766990791389,0.18051638223831123,2020-10-01
Pentobarbital,3,0.40444563127938715,0.17501240280461772,2020-10-01
Clozapine,2,0.4238202846606036,0.16257392541640378,2020-10-01
GHB,2,0.4238202846606036,0.16257392541640378,2020-10-01
Hydroxychloroquine,1,0.46484617610114926,0.14753127218985626,2020-10-01
Doxylamine,2,0.3790788748828285,0.14541149388705485,2020-10-01
Mirtazapine,1,0.3930293372113057,0.12473829216592877,2020-10-01
Carisoprodol,1,0.3404337161212998,0.10804567579096747,2020-10-01
Cannabis,1,0.3002534649799989,0.0952934066048396,2020-10-01
Flualprazolam,21,3.141432338020643,2.2079479857731545,2021-01-01
PCP,86,2.249596849124854,1.8823596295486629,2021-01-01
Fentanyl,1267,1.6865518748343178,1.6100968797506423,2021-01-01
Lamotrigine,7,2.531054664825775,1.4339414495714897,2021-01-01
para-Fluorofentanyl,7,2.531054664825775,1.4339414495714897,2021-01-01
Etizolam,24,1.658931444494754,1.1911379672382438,2021-01-01
Methamphetamine,1322,1.1183303416259518,1.0686788572622676,2021-01-01
Ethanol,397,0.9943647977673494,0.9151436500777601,2021-01-01
Alprazolam,115,1.0359612064463803,0.8878596506624844,2021-01-01
Cocaine,415,0.8898219991934554,0.8204259789502776,2021-01-01
Olanzapine,15,1.236710241972709,0.8196630888033528,2021-01-01
Citalopram,17,1.1488255768751212,0.7788611073888759,2021-01-01
Clonazepam,20,1.085338147196926,0.7566908343444844,2021-01-01
MDMA,26,0.9460525610539093,0.6876677321906662,2021-01-01
Lorazepam,12,1.0218090361016159,0.6489038176832808,2021-01-01
Heroin,327,0.684396491893983,0.6245532355933336,2021-01-01
Gabapentin,10,1.0146597732943228,0.6209453184947712,2021-01-01
Oxycodone,47,0.7526848297591524,0.5921240502592822,2021-01-01
Diphenhydramine,19,0.8439815442432875,0.5833502431299781,2021-01-01
Methadone,45,0.7221256198614346,0.5651721631456541,2021-01-01
Duloxetine,4,1.1325723799064398,0.5641462339254749,2021-01-01
Temazepam,6,0.990814576372212,0.5421060405855915,2021-01-01
Diazepam,20,0.7452089849697698,0.5195549516564331,2021-01-01
Amitriptyline,7,0.9070352729037583,0.513870953525856,2021-01-01
MDA,2,1.166336912052907,0.49744064362296947,2021-01-01
Desloratadine,2,1.166336912052907,0.49744064362296947,2021-01-01
Phenobarbital,2,1.166336912052907,0.49744064362296947,2021-01-01
Aripiprazole,2,1.166336912052907,0.49744064362296947,2021-01-01
Hydrocodone,35,0.6227806889190042,0.4722021665370735,2021-01-01
Amphetamine,16,0.6989321811958923,0.46873531032792387,2021-01-01
Dextromethorphan,3,0.9520392403920566,0.4437838494404825,2021-01-01
Trazodone,10,0.692708887674347,0.4239197731122991,2021-01-01
Tramadol,11,0.6775253832848903,0.42282577044581277,2021-01-01
Isopropanol,2,0.9287738242435554,0.39612040409377297,2021-01-01
Propranolol,2,0.9287738242435554,0.39612040409377297,2021-01-01
Acetaminophen,2,0.9287738242435554,0.39612040409377297,2021-01-01
Mitragynine,4,0.7512172491713901,0.37418922578255354,2021-01-01
Bupropion,6,0.6838134334445944,0.37413599047076407,2021-01-01
Doxylamine,4,0.6754101378578679,0.33642890501980827,2021-01-01
Eutylone,1,0.8939025968674349,0.33558870165596133,2021-01-01
Atenolol,1,0.8939025968674349,0.33558870165596133,2021-01-01
Butalbital,1,0.8939025968674349,0.33558870165596133,2021-01-01
Metformin,1,0.8939025968674349,0.33558870165596133,2021-01-01
Tianeptine,1,0.8939025968674349,0.33558870165596133,2021-01-01
Tamsulosin,1,0.8939025968674349,0.33558870165596133,2021-01-01
Salicylate,1,0.8939025968674349,0.33558870165596133,2021-01-01
Midazolam,1,0.8939025968674349,0.33558870165596133,2021-01-01
Hydrochlorothiazide,1,0.8939025968674349,0.33558870165596133,2021-01-01
Loratadine,1,0.8939025968674349,0.33558870165596133,2021-01-01
Lithium,1,0.8939025968674349,0.33558870165596133,2021-01-01
LSD,1,0.8939025968674349,0.33558870165596133,2021-01-01
Propofol,1,0.8939025968674349,0.33558870165596133,2021-01-01
Cannabis,3,0.7113088188423775,0.331569700464068,2021-01-01
Fluoxetine,7,0.5525186380050909,0.3130234157747129,2021-01-01
Quetiapine,11,0.4736533531359644,0.2955945989697994,2021-01-01
Paroxetine,3,0.6314724886100623,0.29435477018334977,2021-01-01
Ketamine,3,0.6314724886100623,0.29435477018334977,2021-01-01
Hydroxyzine,5,0.5579084322013166,0.2926993741056526,2021-01-01
Promethazine,2,0.6599375900072108,0.2814622225634293,2021-01-01
Cyclobenzaprine,4,0.5619872165215501,0.27993175300732953,2021-01-01
Codeine,8,0.47853871834765355,0.2792360845489266,2021-01-01
Morphine,59,0.34277078565017277,0.2765544698766919,2021-01-01
Nortriptyline,1,0.7118297678948464,0.26723496323316065,2021-01-01
Oxazepam,1,0.7118297678948464,0.26723496323316065,2021-01-01
Memantine,1,0.7118297678948464,0.26723496323316065,2021-01-01
Ephedrine,1,0.7118297678948464,0.26723496323316065,2021-01-01
Flubromazolam,1,0.7118297678948464,0.26723496323316065,2021-01-01
4-ANPP,1,0.7118297678948464,0.26723496323316065,2021-01-01
Amlodipine,1,0.7118297678948464,0.26723496323316065,2021-01-01
Buspirone,1,0.7118297678948464,0.26723496323316065,2021-01-01
GHB,3,0.5677491046112368,0.26465073336368333,2021-01-01
Acetyl fentanyl,4,0.5184546722147905,0.2582477340787724,2021-01-01
Oxymorphone,2,0.5765024502048363,0.2458772820413867,2021-01-01
Sertraline,5,0.43330290165001717,0.22732670952956405,2021-01-01
"1,1-Difluoroethane",1,0.5913764039285344,0.22201438980021174,2021-01-01
Risperidone,1,0.5913764039285344,0.22201438980021174,2021-01-01
Nitrous oxide,1,0.5913764039285344,0.22201438980021174,2021-01-01
Pseudoephedrine,1,0.5913764039285344,0.22201438980021174,2021-01-01
Hydromorphone,5,0.41038844687420545,0.2153049400352608,2021-01-01
Hydroxychloroquine,1,0.5057886099476567,0.18988304041125792,2021-01-01
Carisoprodol,1,0.5057886099476567,0.18988304041125792,2021-01-01
Chlordiazepoxide,2,0.4179715017709648,0.17826411108866325,2021-01-01
Pentobarbital,2,0.3532178476489776,0.15064679138411521,2021-01-01
Venlafaxine,1,0.39225056452529905,0.14725861423175207,2021-01-01
Zolpidem,3,0.31414233218453597,0.14643439843052428,2021-01-01
Clozapine,1,0.3526676313051685,0.13239839879706283,2021-01-01
para-Fluorofentanyl,24,4.051951442945664,2.958592357937415,2021-04-01
PCP,94,2.0294787494690607,1.715502405978519,2021-04-01
Fentanyl,1439,1.57037876948859,1.5035609627477997,2021-04-01
Methamphetamine,1436,1.1228176413215731,1.0749941977187902,2021-04-01
Alprazolam,130,1.0740256823105658,0.930355554336167,2021-04-01
Ethanol,410,0.9737242116081372,0.897589671157224,2021-04-01
Olanzapine,17,1.1645982834815456,0.8105400105112714,2021-04-01
Buprenorphine,5,1.2453140382467371,0.7225097040909922,2021-04-01
Cocaine,397,0.7752988506420165,0.7137386090126446,2021-04-01
Amphetamine,21,0.961985533220309,0.6897886975541023,2021-04-01
Diazepam,23,0.887520057238533,0.6443439792280351,2021-04-01
Flualprazolam,13,0.9533959782842697,0.6378849736292197,2021-04-01
Lorazepam,12,0.945803779410335,0.6252479607056796,2021-04-01
Diphenhydramine,22,0.8558854750723959,0.6176397679629356,2021-04-01
Aripiprazole,3,1.1237313978273191,0.609918407146617,2021-04-01
Heroin,312,0.6463627331758999,0.588807248535523,2021-04-01
Etizolam,17,0.8424603843609187,0.586337674098117,2021-04-01
Citalopram,15,0.8547280454735864,0.584137199495001,2021-04-01
Oxycodone,46,0.7332555233609555,0.5793509901699284,2021-04-01
Tramadol,13,0.8338315658904814,0.5578884729264821,2021-04-01
Acetaminophen,3,0.9977770105633192,0.5415551849373611,2021-04-01
Flubromazolam,3,0.9977770105633192,0.5415551849373611,2021-04-01
Ketamine,5,0.9319416322923834,0.5406964446699959,2021-04-01
Gabapentin,10,0.8349082023238917,0.5369120995755737,2021-04-01
Hydrocodone,37,0.6840273505064949,0.52734121138684,2021-04-01
Amitriptyline,6,0.8773865824960974,0.5225546108529034,2021-04-01
Clonazepam,16,0.7522449758753837,0.5189738167542032,2021-04-01
Duloxetine,4,0.9161611603134404,0.5155657337438998,2021-04-01
Phenobarbital,2,0.9843690905827938,0.5114025647675667,2021-04-01
Midazolam,2,0.9843690905827938,0.5114025647675667,2021-04-01
Bupropion,7,0.8365416253813323,0.5097176668169915,2021-04-01
Trazodone,11,0.7738255732431619,0.5048780974225148,2021-04-01
MDMA,22,0.6805060268784314,0.491079235224808,2021-04-01
Methadone,37,0.6201181045548473,0.4780712821157279,2021-04-01
Hydroxyzine,8,0.7622819578366118,0.4738885352126673,2021-04-01
Doxylamine,4,0.8393131743886588,0.47231986176598717,2021-04-01
Lamotrigine,4,0.8393131743886588,0.47231986176598717,2021-04-01
Amlodipine,2,0.8740352457817171,0.4540815743466557,2021-04-01
Isopropanol,2,0.8740352457817171,0.4540815743466557,2021-04-01
Dextromethorphan,3,0.8150629629262351,0.4423849907845709,2021-04-01
Oxymorphone,3,0.8150629629262351,0.4423849907845709,2021-04-01
Lithium,1,0.8450399672179768,0.4157661343543061,2021-04-01
Fluoride,1,0.8450399672179768,0.4157661343543061,2021-04-01
Clonazolam,1,0.8450399672179768,0.4157661343543061,2021-04-01
Carvedilol,1,0.8450399672179768,0.4157661343543061,2021-04-01
Bromazolam,1,0.8450399672179768,0.4157661343543061,2021-04-01
4-ANPP,1,0.8450399672179768,0.4157661343543061,2021-04-01
2-Methyl AP-237,1,0.8450399672179768,0.4157661343543061,2021-04-01
Atenolol,1,0.8450399672179768,0.4157661343543061,2021-04-01
Methocarbamol,1,0.8450399672179768,0.4157661343543061,2021-04-01
Disulfiram,1,0.8450399672179768,0.4157661343543061,2021-04-01
Paliperidone,1,0.8450399672179768,0.4157661343543061,2021-04-01
Oxazepam,1,0.8450399672179768,0.4157661343543061,2021-04-01
Propofol,1,0.8450399672179768,0.4157661343543061,2021-04-01
Metformin,1,0.8450399672179768,0.4157661343543061,2021-04-01
Loratadine,1,0.8450399672179768,0.4157661343543061,2021-04-01
LSD,1,0.8450399672179768,0.4157661343543061,2021-04-01
Hydrochlorothiazide,1,0.8450399672179768,0.4157661343543061,2021-04-01
Tamsulosin,1,0.8450399672179768,0.4157661343543061,2021-04-01
Eutylone,1,0.8450399672179768,0.4157661343543061,2021-04-01
Desvenlafaxine,1,0.8450399672179768,0.4157661343543061,2021-04-01
Salicylate,1,0.8450399672179768,0.4157661343543061,2021-04-01
Fluoxetine,8,0.6579632944186935,0.40903665449551074,2021-04-01
"1,1-Difluoroethane",2,0.785942242610099,0.40831521679740507,2021-04-01
Nitrous oxide,2,0.785942242610099,0.40831521679740507,2021-04-01
Paroxetine,3,0.7466951365916884,0.4052775505024306,2021-04-01
Mirtazapine,3,0.7466951365916884,0.4052775505024306,2021-04-01
Quetiapine,13,0.5880211384222055,0.3934250373605347,2021-04-01
Codeine,9,0.5990432955060985,0.3791151551528848,2021-04-01
Temazepam,4,0.6705700703564871,0.37736040920110697,2021-04-01
GHB,3,0.6889091458339203,0.37391352569498004,2021-04-01
Nortriptyline,1,0.7503229454365079,0.369164634388239,2021-04-01
Memantine,1,0.7503229454365079,0.369164634388239,2021-04-01
MDA,1,0.7503229454365079,0.369164634388239,2021-04-01
Buspirone,1,0.7503229454365079,0.369164634388239,2021-04-01
Butalbital,1,0.7503229454365079,0.369164634388239,2021-04-01
Chlorcyclizine,1,0.7503229454365079,0.369164634388239,2021-04-01
Desloratadine,1,0.7503229454365079,0.369164634388239,2021-04-01
Promethazine,2,0.6540919066339949,0.3398159103596905,2021-04-01
Risperidone,1,0.6746987621657756,0.33195695716359064,2021-04-01
Propranolol,1,0.6746987621657756,0.33195695716359064,2021-04-01
Benztropine,1,0.6746987621657756,0.33195695716359064,2021-04-01
Mitragynine,3,0.5965727997107215,0.32379688994191,2021-04-01
Cannabis,2,0.6034723873426144,0.31351789649419315,2021-04-01
Sertraline,5,0.5310439274974731,0.3081025180248528,2021-04-01
Hydromorphone,5,0.5310439274974731,0.3081025180248528,2021-04-01
Cyclobenzaprine,3,0.5591037123740705,0.30346010295723286,2021-04-01
Hydroxychloroquine,1,0.612922964334234,0.3015627916123085,2021-04-01
Morphine,56,0.3608520384158782,0.2910349863399156,2021-04-01
Doxepin,1,0.5615107266445049,0.27626757700472565,2021-04-01
Pentobarbital,2,0.5225873598024312,0.27149624939955014,2021-04-01
Acetyl fentanyl,3,0.49670977801311283,0.26959506266858035,2021-04-01
Venlafaxine,1,0.5180559723944981,0.25488750518005027,2021-04-01
Chlordiazepoxide,2,0.48976509329118245,0.2544443209756299,2021-04-01
Zolpidem,3,0.4254857860610174,0.23093740497027604,2021-04-01
para-Fluorofentanyl,41,5.594566245470873,4.370536892077087,2021-07-01
Fentanyl,1535,1.491468985716394,1.4299951561439685,2021-07-01
PCP,84,1.3321922579077554,1.1162051102863029,2021-07-01
Methamphetamine,1443,1.1031238470253677,1.0562592249121419,2021-07-01
Alprazolam,134,1.040727183895144,0.9036565739599716,2021-07-01
Ethanol,389,0.9069763581285515,0.8343037379346299,2021-07-01
Cocaine,425,0.8392231454467728,0.774760756314562,2021-07-01
Buprenorphine,5,1.2704620639642805,0.7475618061319471,2021-07-01
Amphetamine,20,1.0211966798519503,0.7299074665932214,2021-07-01
MDMA,27,0.9415292475167228,0.6999158098473326,2021-07-01
Flualprazolam,14,1.0053478478834599,0.6837898434072317,2021-07-01
Lorazepam,14,1.0053478478834599,0.6837898434072317,2021-07-01
Clonazepam,19,0.8026548989439515,0.5697201552975638,2021-07-01
Ketamine,6,0.9407258302838206,0.5671730370897451,2021-07-01
Heroin,279,0.6244177203305886,0.5658493724468444,2021-07-01
Gabapentin,10,0.8711773080745902,0.5645635067017245,2021-07-01
Diphenhydramine,18,0.7905514008999439,0.5569845465306462,2021-07-01
Flubromazolam,4,0.9656854017478727,0.5524630129716892,2021-07-01
Hydroxyzine,8,0.8764105453854649,0.5500575853090081,2021-07-01
Olanzapine,12,0.8040146915037756,0.5349151812529395,2021-07-01
Acetaminophen,3,0.9403916767697272,0.5205145301321645,2021-07-01
Chlorcyclizine,3,0.9403916767697272,0.5205145301321645,2021-07-01
Hydrocodone,33,0.6780626316053131,0.5166276988608495,2021-07-01
Dextromethorphan,4,0.8939229811061833,0.5114081486710683,2021-07-01
Diazepam,19,0.7103037897128895,0.5041698317871145,2021-07-01
Etizolam,15,0.7088810372576558,0.48688869520081157,2021-07-01
Midazolam,2,0.9102760567682529,0.48432709663550394,2021-07-01
4-ANPP,2,0.9102760567682529,0.48432709663550394,2021-07-01
Doxylamine,4,0.8320884718354832,0.47603298483874207,2021-07-01
Mirtazapine,4,0.8320884718354832,0.47603298483874207,2021-07-01
Lamotrigine,4,0.8320884718354832,0.47603298483874207,2021-07-01
Codeine,10,0.7125316419526193,0.46175371957951183,2021-07-01
Mitragynine,5,0.7610167396531522,0.44779538447340156,2021-07-01
Oxymorphone,3,0.8006261113917138,0.44315313977906035,2021-07-01
Amlodipine,2,0.8308224604427907,0.44205252581774435,2021-07-01
Aripiprazole,2,0.8308224604427907,0.44205252581774435,2021-07-01
Oxycodone,36,0.5648084679012123,0.43476384803982976,2021-07-01
Tramadol,10,0.6641534033955432,0.4304023657796755,2021-07-01
Acetyl fentanyl,6,0.7107948523451946,0.4285453446417548,2021-07-01
Bupropion,5,0.7197841943429536,0.42353344315472236,2021-07-01
Duloxetine,3,0.7452451403756716,0.41249931667665013,2021-07-01
"1,1-Difluoroethane",2,0.7641256284505312,0.40656539776091893,2021-07-01
MDA,2,0.7641256284505312,0.40656539776091893,2021-07-01
Loratadine,1,0.7902515515565564,0.40060048819218236,2021-07-01
Desvenlafaxine,1,0.7902515515565564,0.40060048819218236,2021-07-01
Disulfiram,1,0.7902515515565564,0.40060048819218236,2021-07-01
Carvedilol,1,0.7902515515565564,0.40060048819218236,2021-07-01
Bromazolam,1,0.7902515515565564,0.40060048819218236,2021-07-01
Atenolol,1,0.7902515515565564,0.40060048819218236,2021-07-01
2-Methyl AP-237,1,0.7902515515565564,0.40060048819218236,2021-07-01
Clonazolam,1,0.7902515515565564,0.40060048819218236,2021-07-01
Paliperidone,1,0.7902515515565564,0.40060048819218236,2021-07-01
Salicylate,1,0.7902515515565564,0.40060048819218236,2021-07-01
Metformin,1,0.7902515515565564,0.40060048819218236,2021-07-01
Propofol,1,0.7902515515565564,0.40060048819218236,2021-07-01
Psilocin,1,0.7902515515565564,0.40060048819218236,2021-07-01
Nortriptyline,1,0.7902515515565564,0.40060048819218236,2021-07-01
Methocarbamol,1,0.7902515515565564,0.40060048819218236,2021-07-01
Guanfacine,1,0.7902515515565564,0.40060048819218236,2021-07-01
Fluoride,1,0.7902515515565564,0.40060048819218236,2021-07-01
Vilazodone,1,0.7902515515565564,0.40060048819218236,2021-07-01
Methadone,29,0.5266747991904007,0.3950325008792907,2021-07-01
Paroxetine,3,0.6970301193002602,0.3858119058239853,2021-07-01
GHB,3,0.6970301193002602,0.3858119058239853,2021-07-01
Cannabis,2,0.7073416026459461,0.37635253854230943,2021-07-01
Desloratadine,1,0.7212743140404322,0.36563400825464826,2021-07-01
Loperamide,1,0.7212743140404322,0.36563400825464826,2021-07-01
Butalbital,1,0.7212743140404322,0.36563400825464826,2021-07-01
Buspirone,1,0.7212743140404322,0.36563400825464826,2021-07-01
Quetiapine,11,0.5558329339186874,0.36519201158478015,2021-07-01
Citalopram,10,0.5517650433916101,0.35756946936676337,2021-07-01
Venlafaxine,2,0.6584133148506833,0.3503194517715134,2021-07-01
Doxepin,2,0.6584133148506833,0.3503194517715134,2021-07-01
Pentobarbital,3,0.6171719445792762,0.3416097490855395,2021-07-01
Morphine,54,0.41931621491574994,0.33727269179229374,2021-07-01
Isopropanol,1,0.6633717969151148,0.33628161206856083,2021-07-01
Benztropine,1,0.6633717969151148,0.33628161206856083,2021-07-01
Ephedrine,1,0.6633717969151148,0.33628161206856083,2021-07-01
Fluoxetine,5,0.5663559245964455,0.3332536011218918,2021-07-01
Trazodone,7,0.518646499624383,0.3194326289451809,2021-07-01
Nitrous oxide,1,0.6140750323105227,0.311291711159165,2021-07-01
Hydroxychloroquine,1,0.6140750323105227,0.311291711159165,2021-07-01
Hydromorphone,4,0.5356643477923717,0.3064504640820418,2021-07-01
Sertraline,4,0.49185922798179166,0.2813898093073749,2021-07-01
Chlordiazepoxide,2,0.5157197028820838,0.2743970079377745,2021-07-01
Promethazine,1,0.534617578593184,0.27101251817690925,2021-07-01
Temazepam,2,0.46529908858254054,0.2475699047170496,2021-07-01
Amitriptyline,2,0.46529908858254054,0.2475699047170496,2021-07-01
Cyclobenzaprine,1,0.4247083823065002,0.2152964900305161,2021-07-01
Zolpidem,1,0.33787974769525514,0.17128064046234723,2021-07-01
para-Fluorofentanyl,52,6.780812464981499,5.438208670818363,2021-10-01
Fentanyl,1634,1.3973865805054198,1.3415358190633444,2021-10-01
PCP,106,1.5702250271748468,1.3409002875858298,2021-10-01
Methamphetamine,1550,1.121266697304668,1.0752779477878838,2021-10-01
Alprazolam,143,1.0746600236466066,0.9374417403836237,2021-10-01
Cocaine,481,0.958961405848811,0.8895721662957559,2021-10-01
Ethanol,398,0.8896275294369588,0.8191576822694467,2021-10-01
Buprenorphine,5,1.2902718563200697,0.7682385350359628,2021-10-01
Amphetamine,21,1.0416679454840252,0.751652110209739,2021-10-01
MDMA,26,0.9557344170750067,0.7086899338070549,2021-10-01
Lorazepam,16,0.9939045209393473,0.6916704822022148,2021-10-01
Levamisole,4,1.1734879892648051,0.6806094083648605,2021-10-01
Diazepam,26,0.9144624746965971,0.6780862330407277,2021-10-01
Codeine,13,0.9943251666437578,0.6725686541002126,2021-10-01
Amlodipine,4,1.0781909476627765,0.6253382307328565,2021-10-01
Clonazepam,21,0.8447273794459729,0.6095427243059441,2021-10-01
Mirtazapine,4,0.9972092170348918,0.5783697672502963,2021-10-01
Flubromazolam,4,0.9972092170348918,0.5783697672502963,2021-10-01
Quetiapine,17,0.816235109906255,0.5727032639654108,2021-10-01
Ketamine,6,0.9194589046269015,0.5600982966444698,2021-10-01
Acetyl fentanyl,8,0.8709035014785661,0.5510561475226117,2021-10-01
Chlorcyclizine,3,0.9708997514110208,0.5461547717679973,2021-10-01
Oxymorphone,3,0.9708997514110208,0.5461547717679973,2021-10-01
Tramadol,12,0.8135607591097895,0.5442515355173625,2021-10-01
Hydrocodone,35,0.7016598302307918,0.5391717841279738,2021-10-01
Diphenhydramine,18,0.751020593742218,0.5310038468233556,2021-10-01
4-ANPP,2,0.9399526944305282,0.5099303545737262,2021-10-01
Buspirone,2,0.9399526944305282,0.5099303545737262,2021-10-01
Venlafaxine,4,0.8669742598185803,0.502835004227328,2021-10-01
Dextromethorphan,4,0.8669742598185803,0.502835004227328,2021-10-01
Mitragynine,5,0.8431406266513588,0.5020129026880552,2021-10-01
Citalopram,13,0.7335299839041174,0.4961649272961605,2021-10-01
Heroin,242,0.5443291448428018,0.4897938297265205,2021-10-01
Gabapentin,9,0.7556420526921557,0.4858499514272826,2021-10-01
Lamotrigine,4,0.8138313066676341,0.4720127084444053,2021-10-01
GHB,4,0.8138313066676341,0.4720127084444053,2021-10-01
Olanzapine,10,0.723392403374779,0.47189603387286816,2021-10-01
Doxepin,3,0.7807013174821092,0.43916351739584575,2021-10-01
"1,1-Difluoroethane",2,0.7987550780559286,0.4333297437031052,2021-10-01
MDA,2,0.7987550780559286,0.4333297437031052,2021-10-01
Desvenlafaxine,1,0.8232103919531124,0.4274304397723808,2021-10-01
Loperamide,1,0.8232103919531124,0.4274304397723808,2021-10-01
Disulfiram,1,0.8232103919531124,0.4274304397723808,2021-10-01
Guanfacine,1,0.8232103919531124,0.4274304397723808,2021-10-01
Loratadine,1,0.8232103919531124,0.4274304397723808,2021-10-01
Bromazolam,1,0.8232103919531124,0.4274304397723808,2021-10-01
Carvedilol,1,0.8232103919531124,0.4274304397723808,2021-10-01
Atenolol,1,0.8232103919531124,0.4274304397723808,2021-10-01
2-Methyl AP-237,1,0.8232103919531124,0.4274304397723808,2021-10-01
Clonazolam,1,0.8232103919531124,0.4274304397723808,2021-10-01
Paliperidone,1,0.8232103919531124,0.4274304397723808,2021-10-01
Vilazodone,1,0.8232103919531124,0.4274304397723808,2021-10-01
Methocarbamol,1,0.8232103919531124,0.4274304397723808,2021-10-01
Metformin,1,0.8232103919531124,0.4274304397723808,2021-10-01
Fluoride,1,0.8232103919531124,0.4274304397723808,2021-10-01
Verapamil,1,0.8232103919531124,0.4274304397723808,2021-10-01
Lidocaine,1,0.8232103919531124,0.4274304397723808,2021-10-01
Insulin,1,0.8232103919531124,0.4274304397723808,2021-10-01
Valproic Acid,1,0.8232103919531124,0.4274304397723808,2021-10-01
Psilocin,1,0.8232103919531124,0.4274304397723808,2021-10-01
Flualprazolam,9,0.6559334038284615,0.4217409701514067,2021-10-01
Morphine,54,0.5176413793596482,0.416721032153554,2021-10-01
Hydroxyzine,6,0.682830574695221,0.4159536003827702,2021-10-01
Cannabis,2,0.7429527202362415,0.403056607323319,2021-10-01
Acetaminophen,2,0.7429527202362415,0.403056607323319,2021-10-01
Trazodone,8,0.633227733392073,0.4006690002682219,2021-10-01
Etizolam,13,0.5811134556474764,0.3930692975051436,2021-10-01
Clonidine,1,0.7563588215179289,0.3927195123716826,2021-10-01
Desloratadine,1,0.7563588215179289,0.3927195123716826,2021-10-01
Midazolam,1,0.7563588215179289,0.3927195123716826,2021-10-01
Metoprolol,1,0.7563588215179289,0.3927195123716826,2021-10-01
Butalbital,1,0.7563588215179289,0.3927195123716826,2021-10-01
Oxycodone,31,0.5136823822520786,0.3891566738169359,2021-10-01
Doxylamine,3,0.6905198211357132,0.3884342279061921,2021-10-01
Paroxetine,3,0.6905198211357132,0.3884342279061921,2021-10-01
Sertraline,6,0.6288817311531262,0.3830900811740159,2021-10-01
Temazepam,4,0.6535809936598149,0.3790693875716735,2021-10-01
Nitrous oxide,1,0.699549546245339,0.36322278377074396,2021-10-01
Ephedrine,1,0.699549546245339,0.36322278377074396,2021-10-01
Isopropanol,1,0.699549546245339,0.36322278377074396,2021-10-01
Aripiprazole,1,0.699549546245339,0.36322278377074396,2021-10-01
Phenobarbital,1,0.699549546245339,0.36322278377074396,2021-10-01
Benztropine,1,0.699549546245339,0.36322278377074396,2021-10-01
Chlordiazepoxide,3,0.6190152401082053,0.34821115845469697,2021-10-01
Hydromorphone,4,0.5950006471190189,0.3450934667563965,2021-10-01
Pentobarbital,2,0.6142211813137425,0.33321892328184494,2021-10-01
Fluoxetine,4,0.546057602709431,0.3167070692781793,2021-10-01
Bupropion,3,0.5609299277902163,0.3155367546905599,2021-10-01
Promethazine,1,0.5709086033043302,0.2964293426875307,2021-10-01
Cyclobenzaprine,2,0.5235121463867802,0.28400869108886184,2021-10-01
Methadone,19,0.39258465401664566,0.2795796219551087,2021-10-01
Duloxetine,1,0.537934794390401,0.27930855584759245,2021-10-01
Zolpidem,2,0.49895025795910475,0.2706837093646348,2021-10-01
Amitriptyline,1,0.4173972979766682,0.21672261718014413,2021-10-01
para-Fluorofentanyl,60,8.668801574204252,6.995431255843253,2022-01-01
Levamisole,5,3.071390872560737,1.5388202216077338,2022-01-01
Buprenorphine,5,3.071390872560737,1.5388202216077338,2022-01-01
Fentanyl,1725,1.32369706469889,1.272110080943018,2022-01-01
PCP,99,1.2771094141294381,1.0807365610459168,2022-01-01
Methamphetamine,1602,1.1046244429890546,1.0599808458836657,2022-01-01
Acetyl fentanyl,15,1.4392888192233197,0.9429878519522419,2022-01-01
Alprazolam,149,1.0679440968589822,0.9321507635481519,2022-01-01
Cocaine,503,0.9880118654345942,0.9177225983011215,2022-01-01
Flubromazolam,5,1.8175067190986012,0.9106024626312185,2022-01-01
Chlorcyclizine,4,1.9254080714257784,0.9043305226087165,2022-01-01
Lorazepam,19,1.2435694259182064,0.8524171972223198,2022-01-01
Ethanol,403,0.8892798574360703,0.8188645067480071,2022-01-01
Clonazepam,27,1.0196553481577948,0.7416029026988229,2022-01-01
Codeine,14,1.136832625087019,0.7344485242889172,2022-01-01
"1,1-Difluoroethane",4,1.5323876500790106,0.7197356991491736,2022-01-01
Mirtazapine,4,1.5323876500790106,0.7197356991491736,2022-01-01
Quetiapine,19,1.020699554343236,0.6996487973937685,2022-01-01
Gabapentin,12,1.1058995013064092,0.6914460388141452,2022-01-01
Diazepam,27,0.9466472607654892,0.6885035788650953,2022-01-01
Amphetamine,20,0.9668548678067216,0.6688836131538652,2022-01-01
MDMA,27,0.903518843061098,0.6571359605652751,2022-01-01
Ketamine,7,1.1818128505644363,0.6490819436462592,2022-01-01
Venlafaxine,5,1.2906170160906976,0.6466215617342025,2022-01-01
Hydrocodone,38,0.8353137263381544,0.6382263513625653,2022-01-01
Clonazolam,2,1.6269393285711793,0.6203157810312876,2022-01-01
Acetaminophen,4,1.2726170158851517,0.5977259720345619,2022-01-01
Tramadol,12,0.9391726271850591,0.5872027178443032,2022-01-01
Hydroxyzine,7,0.9831721932036088,0.5399833973702077,2022-01-01
Amlodipine,3,1.2474234293119348,0.5375832510304103,2022-01-01
Diphenhydramine,16,0.7612005164996427,0.5051335731444067,2022-01-01
Heroin,239,0.5529547943096159,0.4967145104130275,2022-01-01
Citalopram,13,0.7755812559166103,0.4933555324095143,2022-01-01
Sertraline,8,0.8237317751274916,0.46817681362353203,2022-01-01
Temazepam,6,0.8657215508890673,0.4563052527149239,2022-01-01
Doxepin,3,1.035959981845537,0.4464520401746156,2022-01-01
Dextromethorphan,4,0.9503948118631831,0.446383833978841,2022-01-01
Olanzapine,11,0.7234806121386319,0.4436791195728563,2022-01-01
Morphine,54,0.5534112362053197,0.4414499179864578,2022-01-01
Trazodone,9,0.6935451076915499,0.40580911250971635,2022-01-01
Oxycodone,31,0.5090862941174207,0.37806900627246276,2022-01-01
MDA,2,0.9627472646549028,0.3670741194354339,2022-01-01
Fluoride,1,1.1469334267893467,0.36031769758819754,2022-01-01
Desvenlafaxine,1,1.1469334267893467,0.36031769758819754,2022-01-01
Insulin,1,1.1469334267893467,0.36031769758819754,2022-01-01
Bromazolam,1,1.1469334267893467,0.36031769758819754,2022-01-01
Chlorpheniramine,1,1.1469334267893467,0.36031769758819754,2022-01-01
Carvedilol,1,1.1469334267893467,0.36031769758819754,2022-01-01
2-Methyl AP-237,1,1.1469334267893467,0.36031769758819754,2022-01-01
Lidocaine,1,1.1469334267893467,0.36031769758819754,2022-01-01
Loperamide,1,1.1469334267893467,0.36031769758819754,2022-01-01
Guanfacine,1,1.1469334267893467,0.36031769758819754,2022-01-01
Paliperidone,1,1.1469334267893467,0.36031769758819754,2022-01-01
Metoprolol,1,1.1469334267893467,0.36031769758819754,2022-01-01
Methocarbamol,1,1.1469334267893467,0.36031769758819754,2022-01-01
Vilazodone,1,1.1469334267893467,0.36031769758819754,2022-01-01
Valproic Acid,1,1.1469334267893467,0.36031769758819754,2022-01-01
Verapamil,1,1.1469334267893467,0.36031769758819754,2022-01-01
Psilocin,1,1.1469334267893467,0.36031769758819754,2022-01-01
Disulfiram,1,1.1469334267893467,0.36031769758819754,2022-01-01
Mitragynine,4,0.7583765148793442,0.3561961956081121,2022-01-01
GHB,3,0.7736585160768659,0.33341193574452394,2022-01-01
Cyclobenzaprine,4,0.6309075934078114,0.296326270846989,2022-01-01
Paroxetine,3,0.6867208501767006,0.2959457218083422,2022-01-01
Pentobarbital,3,0.6867208501767006,0.2959457218083422,2022-01-01
Bupropion,4,0.5819962463602171,0.27335346591619153,2022-01-01
Clonidine,1,0.8527727040569495,0.2679049107078614,2022-01-01
Buspirone,1,0.8527727040569495,0.2679049107078614,2022-01-01
Butalbital,1,0.8527727040569495,0.2679049107078614,2022-01-01
4-ANPP,1,0.8527727040569495,0.2679049107078614,2022-01-01
Midazolam,1,0.8527727040569495,0.2679049107078614,2022-01-01
Memantine,1,0.8527727040569495,0.2679049107078614,2022-01-01
Hydromorphone,4,0.5401230082197023,0.2536863377406614,2022-01-01
Etizolam,10,0.4085552891967532,0.24512233543878661,2022-01-01
Methadone,17,0.3254773731107402,0.21852884398000372,2022-01-01
Nitrous oxide,1,0.6787020265546481,0.21321930797778538,2022-01-01
Phenobarbital,1,0.6787020265546481,0.21321930797778538,2022-01-01
Ephedrine,1,0.6787020265546481,0.21321930797778538,2022-01-01
Baclofen,1,0.6787020265546481,0.21321930797778538,2022-01-01
Aripiprazole,1,0.6787020265546481,0.21321930797778538,2022-01-01
Carisoprodol,1,0.6787020265546481,0.21321930797778538,2022-01-01
Benztropine,1,0.6787020265546481,0.21321930797778538,2022-01-01
Chlordiazepoxide,2,0.47646228109510097,0.18166447072677408,2022-01-01
Lamotrigine,2,0.47646228109510097,0.18166447072677408,2022-01-01
Oxymorphone,1,0.5636483351093615,0.17707433196410555,2022-01-01
Propranolol,1,0.5636483351093615,0.17707433196410555,2022-01-01
Fluoxetine,3,0.3843719501842786,0.1656469789884734,2022-01-01
Doxylamine,2,0.43274614504288794,0.16499648034589487,2022-01-01
Zolpidem,2,0.43274614504288794,0.16499648034589487,2022-01-01
Flualprazolam,5,0.3191501248488711,0.15989976080010113,2022-01-01
Duloxetine,1,0.4209345362482578,0.1322397267301763,2022-01-01
Promethazine,1,0.4209345362482578,0.1322397267301763,2022-01-01
Amitriptyline,1,0.2577689997903018,0.08098005546324778,2022-01-01
para-Fluorofentanyl,96,5.195504331442258,4.387494786629684,2022-04-01
Acetyl fentanyl,30,2.9344659346278625,2.174955647255021,2022-04-01
Levamisole,5,2.379451104144806,1.229732877006136,2022-04-01
Fentanyl,1778,1.2429575401086992,1.1952404710295133,2022-04-01
PCP,113,1.370006370875093,1.1723098312745925,2022-04-01
Methamphetamine,1663,1.1086919893560991,1.0647071205798564,2022-04-01
Cocaine,547,1.0991585083582651,1.0241139236963235,2022-04-01
Alprazolam,151,1.0132703233027431,0.885464018111546,2022-04-01
Clonazepam,30,1.1912798310886328,0.8829479891085552,2022-04-01
Lorazepam,20,1.2523908875761773,0.8708517720531104,2022-04-01
Ethanol,409,0.9085775321909121,0.8371941447830084,2022-04-01
Quetiapine,23,1.1599544637122434,0.8255150828011635,2022-04-01
Codeine,15,1.1397957329313582,0.7524784030681312,2022-04-01
Amlodipine,5,1.4149929782853297,0.7312877256016117,2022-04-01
Chlorcyclizine,3,1.3817631906704264,0.6282616234411877,2022-04-01
Mitragynine,7,1.0872971459853638,0.6096972968106114,2022-04-01
Ketamine,7,1.0872971459853638,0.6096972968106114,2022-04-01
Amphetamine,19,0.8669577258212167,0.5975318908162995,2022-04-01
"1,1-Difluoroethane",4,1.2116485518765632,0.5922086099954561,2022-04-01
Diazepam,24,0.8076335763831712,0.5787041704510447,2022-04-01
Sertraline,9,0.9479588676389528,0.5631096204506476,2022-04-01
Hydrocodone,35,0.7382065888662399,0.5590482130491327,2022-04-01
Metoprolol,2,1.3541280955455055,0.5578525707393708,2022-04-01
MDMA,23,0.7607912714197925,0.5414390728844293,2022-04-01
Tramadol,12,0.8272851649839548,0.5226150665125999,2022-04-01
Venlafaxine,4,1.067428943603256,0.5217194457758918,2022-04-01
Flubromazolam,4,1.067428943603256,0.5217194457758918,2022-04-01
Trazodone,11,0.7994627014061841,0.4959959258144975,2022-04-01
Heroin,221,0.5529732502040885,0.49467094650150756,2022-04-01
GHB,4,0.953889745154171,0.4662257213048862,2022-04-01
Oxycodone,37,0.6086509493662448,0.4643629748670286,2022-04-01
Benztropine,3,1.0083849957485698,0.45849361074334694,2022-04-01
Morphine,46,0.5760171442181089,0.45163283230330104,2022-04-01
Citalopram,12,0.7147347711286238,0.45151439402336946,2022-04-01
Temazepam,5,0.8444963216714588,0.43644725014989927,2022-04-01
Acetaminophen,3,0.8883593589000763,0.40392022076585776,2022-04-01
Paroxetine,3,0.8883593589000763,0.40392022076585776,2022-04-01
Olanzapine,9,0.6494057589299953,0.385762128414218,2022-04-01
Carisoprodol,2,0.9310564994991843,0.3835621337876343,2022-04-01
MDA,2,0.9310564994991843,0.3835621337876343,2022-04-01
Bupropion,5,0.7272166773413925,0.37583552579673013,2022-04-01
Gabapentin,8,0.6405535710257703,0.37051379622070313,2022-04-01
Loperamide,1,1.013023275785704,0.3607367074271438,2022-04-01
Insulin,1,1.013023275785704,0.3607367074271438,2022-04-01
Lidocaine,1,1.013023275785704,0.3607367074271438,2022-04-01
Guanfacine,1,1.013023275785704,0.3607367074271438,2022-04-01
Carbon monoxide,1,1.013023275785704,0.3607367074271438,2022-04-01
Chlorpheniramine,1,1.013023275785704,0.3607367074271438,2022-04-01
25B-NBOH,1,1.013023275785704,0.3607367074271438,2022-04-01
Acryl fentanyl,1,1.013023275785704,0.3607367074271438,2022-04-01
Deoxymethoxetamine,1,1.013023275785704,0.3607367074271438,2022-04-01
Benzylfentanyl,1,1.013023275785704,0.3607367074271438,2022-04-01
Vilazodone,1,1.013023275785704,0.3607367074271438,2022-04-01
Topiramate,1,1.013023275785704,0.3607367074271438,2022-04-01
Valproic Acid,1,1.013023275785704,0.3607367074271438,2022-04-01
Verapamil,1,1.013023275785704,0.3607367074271438,2022-04-01
Psilocin,1,1.013023275785704,0.3607367074271438,2022-04-01
MMC,1,1.013023275785704,0.3607367074271438,2022-04-01
Doxylamine,4,0.723136270582945,0.3534420314999491,2022-04-01
Hydroxyzine,5,0.6385393592502934,0.33000587486950567,2022-04-01
Dextromethorphan,3,0.7175442353541148,0.3262538105214054,2022-04-01
Diphenhydramine,12,0.5075723448788111,0.3206451245671026,2022-04-01
Fluoxetine,5,0.6018446756653902,0.311041560479061,2022-04-01
Cyclobenzaprine,4,0.6227105346267706,0.30435767828030724,2022-04-01
4-ANPP,1,0.8254754623407473,0.2939510941796889,2022-04-01
Clonazolam,1,0.8254754623407473,0.2939510941796889,2022-04-01
Clonidine,1,0.8254754623407473,0.2939510941796889,2022-04-01
Buspirone,1,0.8254754623407473,0.2939510941796889,2022-04-01
Memantine,1,0.8254754623407473,0.2939510941796889,2022-04-01
Doxepin,2,0.709413675051244,0.29225318021747076,2022-04-01
Mirtazapine,2,0.709413675051244,0.29225318021747076,2022-04-01
Methadone,18,0.39856145800511233,0.27209871489281895,2022-04-01
Baclofen,1,0.6965233999404444,0.24803137691539842,2022-04-01
Pseudoephedrine,1,0.6965233999404444,0.24803137691539842,2022-04-01
Phenobarbital,1,0.6965233999404444,0.24803137691539842,2022-04-01
Ephedrine,1,0.6965233999404444,0.24803137691539842,2022-04-01
Pentobarbital,2,0.5730065067864663,0.23605828275237567,2022-04-01
Zolpidem,2,0.5730065067864663,0.23605828275237567,2022-04-01
Etizolam,9,0.389039487802308,0.2310985062699044,2022-04-01
Hydromorphone,3,0.484596707764477,0.22033696974272807,2022-04-01
Hydroxychloroquine,1,0.6024165907756938,0.2145200240215207,2022-04-01
Propranolol,1,0.6024165907756938,0.2145200240215207,2022-04-01
Flualprazolam,6,0.3940066623850553,0.21294198366008796,2022-04-01
Oxymorphone,1,0.5307123951948429,0.1889862223401269,2022-04-01
Clozapine,1,0.4742621178077489,0.1688843276603871,2022-04-01
Duloxetine,1,0.4286661878302655,0.15264765665260718,2022-04-01
Promethazine,1,0.4286661878302655,0.15264765665260718,2022-04-01
Chlordiazepoxide,1,0.39106855215396186,0.13925917128893606,2022-04-01
Lamotrigine,1,0.35953436012128964,0.1280298729330631,2022-04-01
Amitriptyline,1,0.3327062675204482,0.11847641249172046,2022-04-01
para-Fluorofentanyl,109,3.7210150932881625,3.1755148364532695,2022-07-01
Acetyl fentanyl,39,3.3612905226648038,2.583726605092502,2022-07-01
Levamisole,5,2.305828437500205,1.2029077883888761,2022-07-01
Fentanyl,1864,1.1605617556475138,1.1170331975493473,2022-07-01
Ketamine,12,1.6993547738541281,1.0770276797875187,2022-07-01
Methamphetamine,1769,1.0851771692524876,1.0434154373467164,2022-07-01
PCP,114,1.1958538615714458,1.0241220164529226,2022-07-01
Tramadol,21,1.376619467189936,0.966641165989285,2022-07-01
Cocaine,552,1.0216317488810862,0.9521987400042413,2022-07-01
Quetiapine,22,1.2025582066508023,0.8508789883014366,2022-07-01
Ethanol,414,0.8942265477192569,0.8243962328324899,2022-07-01
Lorazepam,20,1.1400147327107644,0.7940093274540503,2022-07-01
Alprazolam,141,0.9031304942351671,0.7855908795084455,2022-07-01
Diazepam,30,1.0530504086186303,0.7812178588728994,2022-07-01
Hydrocodone,45,0.9659265923772649,0.7557415758536633,2022-07-01
Amlodipine,5,1.412741864354207,0.7370011419657261,2022-07-01
Doxylamine,7,1.3032105941017547,0.7354586031650704,2022-07-01
Codeine,15,1.1056064276119584,0.7316791807335127,2022-07-01
Clonazepam,27,0.9756324682046582,0.7127140439396163,2022-07-01
Benztropine,4,1.3953361546709284,0.6901147197672884,2022-07-01
Mitragynine,9,1.0838405471754995,0.6468663380090565,2022-07-01
Amphetamine,19,0.9058167185029607,0.6254124682134323,2022-07-01
Sertraline,9,1.0191166205607185,0.6082372892066489,2022-07-01
"1,1-Difluoroethane",4,1.215190346119685,0.6010169967781551,2022-07-01
Lidocaine,2,1.338949898265148,0.5637731004398682,2022-07-01
Acryl fentanyl,2,1.338949898265148,0.5637731004398682,2022-07-01
Metoprolol,2,1.338949898265148,0.5637731004398682,2022-07-01
Topiramate,2,1.338949898265148,0.5637731004398682,2022-07-01
Trazodone,12,0.8752784585764926,0.5547394469435001,2022-07-01
Oxycodone,41,0.6973675531994824,0.5394427509751395,2022-07-01
Acetaminophen,4,1.0762414704386976,0.5322947293291481,2022-07-01
Bupropion,6,0.90742019345224,0.494184759190677,2022-07-01
Heroin,210,0.5481455221391683,0.48896427066364295,2022-07-01
Olanzapine,11,0.7818049642988069,0.4868149727822236,2022-07-01
Chlordiazepoxide,5,0.9316280246374977,0.486013004476917,2022-07-01
GHB,4,0.9658078164456797,0.47767571159414013,2022-07-01
Carisoprodol,2,1.1059104460699516,0.4656504039453073,2022-07-01
Citalopram,12,0.7044679390784515,0.4464820893106155,2022-07-01
MDMA,20,0.6309431615912166,0.4394458606736946,2022-07-01
Venlafaxine,3,0.9013418563111287,0.41626929490871534,2022-07-01
Fluoxetine,5,0.7960750500629353,0.4152975400463568,2022-07-01
Diphenhydramine,14,0.6067384002153107,0.3963319741383377,2022-07-01
Gabapentin,8,0.6542131935997682,0.38048177422474716,2022-07-01
Eszopiclone,1,1.0172093860357252,0.3745615264860615,2022-07-01
Verapamil,1,1.0172093860357252,0.3745615264860615,2022-07-01
MMC,1,1.0172093860357252,0.3745615264860615,2022-07-01
Insulin,1,1.0172093860357252,0.3745615264860615,2022-07-01
Chlorpheniramine,1,1.0172093860357252,0.3745615264860615,2022-07-01
Carbon monoxide,1,1.0172093860357252,0.3745615264860615,2022-07-01
Deoxymethoxetamine,1,1.0172093860357252,0.3745615264860615,2022-07-01
Chlorpromazine,1,1.0172093860357252,0.3745615264860615,2022-07-01
25B-NBOH,1,1.0172093860357252,0.3745615264860615,2022-07-01
Benzylfentanyl,1,1.0172093860357252,0.3745615264860615,2022-07-01
Valproic Acid,1,1.0172093860357252,0.3745615264860615,2022-07-01
Duloxetine,3,0.8088547356943087,0.37355570270423705,2022-07-01
Cyclobenzaprine,4,0.7384803474430425,0.36524256633305396,2022-07-01
Morphine,36,0.4502250984930706,0.3424928799566303,2022-07-01
Zolpidem,3,0.7335815777985822,0.33879208427976387,2022-07-01
Temazepam,4,0.6847554673871254,0.3386709545961932,2022-07-01
Hydromorphone,4,0.6383174938974154,0.3157033500127871,2022-07-01
Bromazolam,1,0.8401677219699385,0.3093704292995236,2022-07-01
Buspirone,1,0.8401677219699385,0.3093704292995236,2022-07-01
Clonidine,1,0.8401677219699385,0.3093704292995236,2022-07-01
Memantine,1,0.8401677219699385,0.3093704292995236,2022-07-01
Clonazolam,1,0.8401677219699385,0.3093704292995236,2022-07-01
Salicylate,1,0.8401677219699385,0.3093704292995236,2022-07-01
Doxepin,2,0.7265500925846925,0.30591839086142697,2022-07-01
Hydroxyzine,4,0.597778056311542,0.2956530829029978,2022-07-01
Flubromazolam,2,0.6519984387626303,0.27452795790150697,2022-07-01
Methadone,17,0.4029946036264243,0.27287142338763076,2022-07-01
Baclofen,1,0.7156171163169012,0.26350783147197393,2022-07-01
Pseudoephedrine,1,0.7156171163169012,0.26350783147197393,2022-07-01
Propranolol,1,0.7156171163169012,0.26350783147197393,2022-07-01
Midazolam,1,0.7156171163169012,0.26350783147197393,2022-07-01
Phenobarbital,1,0.7156171163169012,0.26350783147197393,2022-07-01
Hydroxychloroquine,1,0.7156171163169012,0.26350783147197393,2022-07-01
Dextromethorphan,2,0.5913225481941974,0.24898000051188587,2022-07-01
Oxymorphone,1,0.6232268893450927,0.22948747644770479,2022-07-01
Chlorcyclizine,1,0.6232268893450927,0.22948747644770479,2022-07-01
Lamotrigine,2,0.498533999612571,0.20991081070354564,2022-07-01
Clozapine,1,0.55196506946216,0.20324712082185856,2022-07-01
Mirtazapine,1,0.49532766868223127,0.182391836173917,2022-07-01
Pentobarbital,1,0.49532766868223127,0.182391836173917,2022-07-01
Buprenorphine,1,0.49532766868223127,0.182391836173917,2022-07-01
Paroxetine,1,0.49532766868223127,0.182391836173917,2022-07-01
Promethazine,1,0.49532766868223127,0.182391836173917,2022-07-01
Etizolam,6,0.2851265223613844,0.15528107354098913,2022-07-01
Flualprazolam,4,0.2964937541895849,0.14664187077812255,2022-07-01
para-Fluorofentanyl,127,3.8220847611266677,3.2989050427280637,2022-10-01
Acetyl fentanyl,42,3.6361280634552586,2.8167153233620805,2022-10-01
Ketamine,16,2.4525366704921003,1.6324484745024481,2022-10-01
Mitragynine,17,2.3914544181920885,1.610124895400349,2022-10-01
Tramadol,22,1.574012985323991,1.1093051258433186,2022-10-01
Fentanyl,1896,1.145481810505429,1.1028712510425613,2022-10-01
Methamphetamine,1744,1.0510563280556655,1.0103176221566925,2022-10-01
Cocaine,542,1.0086612982007395,0.9394678029392692,2022-10-01
Benztropine,4,1.8911626596394806,0.9042456046014894,2022-10-01
Doxylamine,7,1.6023512334303172,0.8881567102303871,2022-10-01
PCP,105,1.0073445251469797,0.8567643750208346,2022-10-01
Amphetamine,23,1.1710874963387279,0.8314646318786002,2022-10-01
Ethanol,391,0.8465998234465523,0.7786013695400182,2022-10-01
Alprazolam,136,0.8938278999188858,0.7753162821075525,2022-10-01
Hydrocodone,42,0.9805514977424697,0.7595811755904727,2022-10-01
Carisoprodol,3,1.5551151759198139,0.6866337241731495,2022-10-01
Oxymorphone,4,1.3460875606081137,0.6436219295492361,2022-10-01
Oxycodone,44,0.8247396586203731,0.6425925684232517,2022-10-01
Duloxetine,5,1.2306820401443843,0.6251775626379745,2022-10-01
Bupropion,6,1.1575197285350807,0.6169195021647026,2022-10-01
Acryl fentanyl,2,1.5289070784401813,0.6040106435170957,2022-10-01
Valproate,2,1.5289070784401813,0.6040106435170957,2022-10-01
Topiramate,2,1.5289070784401813,0.6040106435170957,2022-10-01
Baclofen,2,1.5289070784401813,0.6040106435170957,2022-10-01
Clonazepam,22,0.8544891006900911,0.6022117658563373,2022-10-01
Olanzapine,12,0.9454250062008739,0.5937845485478158,2022-10-01
Codeine,12,0.9454250062008739,0.5937845485478158,2022-10-01
Trazodone,11,0.955856319408974,0.5891678687158867,2022-10-01
Amlodipine,4,1.176535695867608,0.5625519445523794,2022-10-01
Diazepam,21,0.7681422443884078,0.5371035129084588,2022-10-01
Quetiapine,14,0.8126957176464622,0.5269609105507863,2022-10-01
Lorazepam,14,0.8126957176464622,0.5269609105507863,2022-10-01
Hydromorphone,6,0.9786014732542743,0.5215620250911126,2022-10-01
Heroin,199,0.5800553123196719,0.5157373688543022,2022-10-01
Fluoxetine,6,0.9083959251237769,0.48414480382553654,2022-10-01
Lidocaine,2,1.2193547129112798,0.48171876185735213,2022-10-01
Pseudoephedrine,2,1.2193547129112798,0.48171876185735213,2022-10-01
MDMA,19,0.6353032944662984,0.4365128675455118,2022-10-01
"1,1-Difluoroethane",3,0.967472843400942,0.42717059918591416,2022-10-01
Acetaminophen,3,0.967472843400942,0.42717059918591416,2022-10-01
Chlordiazepoxide,4,0.8538756758286964,0.40827441405353027,2022-10-01
Gabapentin,8,0.6968510440676874,0.39913614296300676,2022-10-01
Morphine,34,0.49775268074305207,0.3749614145211564,2022-10-01
Cyclobenzaprine,4,0.7823563509804545,0.37407797155904,2022-10-01
Meprobamate,1,1.1086593792485933,0.3693984444062042,2022-10-01
Eszopiclone,1,1.1086593792485933,0.3693984444062042,2022-10-01
Levodopa,1,1.1086593792485933,0.3693984444062042,2022-10-01
Lacosamide,1,1.1086593792485933,0.3693984444062042,2022-10-01
Dipyrone,1,1.1086593792485933,0.3693984444062042,2022-10-01
Carbidopa,1,1.1086593792485933,0.3693984444062042,2022-10-01
Benzylfentanyl,1,1.1086593792485933,0.3693984444062042,2022-10-01
25B-NBOH,1,1.1086593792485933,0.3693984444062042,2022-10-01
Deoxymethoxetamine,1,1.1086593792485933,0.3693984444062042,2022-10-01
Carbon monoxide,1,1.1086593792485933,0.3693984444062042,2022-10-01
Chlorpromazine,1,1.1086593792485933,0.3693984444062042,2022-10-01
Chlorpheniramine,1,1.1086593792485933,0.3693984444062042,2022-10-01
Propoxyphene,1,1.1086593792485933,0.3693984444062042,2022-10-01
MMC,1,1.1086593792485933,0.3693984444062042,2022-10-01
Ondansetron,1,1.1086593792485933,0.3693984444062042,2022-10-01
Hydroxyzine,5,0.6902011135710069,0.3506171666092684,2022-10-01
Temazepam,4,0.6701027769667004,0.320404745522473,2022-10-01
Sertraline,5,0.6132517139126072,0.3115274289226359,2022-10-01
Bromazolam,1,0.8841930671674613,0.2946076582942732,2022-10-01
Clonazolam,1,0.8841930671674613,0.2946076582942732,2022-10-01
Salicylate,1,0.8841930671674613,0.2946076582942732,2022-10-01
Metoprolol,1,0.8841930671674613,0.2946076582942732,2022-10-01
Memantine,1,0.8841930671674613,0.2946076582942732,2022-10-01
Hydroxychloroquine,1,0.8841930671674613,0.2946076582942732,2022-10-01
Citalopram,8,0.4852935789912215,0.27796213978902334,2022-10-01
Diphenhydramine,10,0.4603984150326427,0.27782457364851515,2022-10-01
Buprenorphine,2,0.673726611935543,0.26616270548302096,2022-10-01
Mirtazapine,2,0.673726611935543,0.26616270548302096,2022-10-01
Flubromazolam,2,0.673726611935543,0.26616270548302096,2022-10-01
Methadone,15,0.4006274825664426,0.26335390932752334,2022-10-01
Midazolam,1,0.7353162146354099,0.24500281233093948,2022-10-01
Clozapine,1,0.7353162146354099,0.24500281233093948,2022-10-01
Ephedrine,1,0.7353162146354099,0.24500281233093948,2022-10-01
Propranolol,1,0.7353162146354099,0.24500281233093948,2022-10-01
GHB,2,0.6059410708810716,0.23938332245129557,2022-10-01
Zolpidem,2,0.550548798251182,0.2175000290132221,2022-10-01
Chlorcyclizine,1,0.6293489789592962,0.20969518516477378,2022-10-01
Lamotrigine,2,0.4654502655853857,0.18388096857282718,2022-10-01
Levamisole,1,0.550076800775824,0.18328218595710646,2022-10-01
Pentobarbital,1,0.48854069544484807,0.1627787364670699,2022-10-01
Doxepin,1,0.48854069544484807,0.1627787364670699,2022-10-01
Promethazine,1,0.48854069544484807,0.1627787364670699,2022-10-01
Flualprazolam,4,0.311987539239279,0.14917456180175062,2022-10-01
Dextromethorphan,1,0.4393872335195159,0.1464011071318059,2022-10-01
Paroxetine,1,0.4393872335195159,0.1464011071318059,2022-10-01
Venlafaxine,1,0.4393872335195159,0.1464011071318059,2022-10-01
Amitriptyline,1,0.31329945452527636,0.10438943944477186,2022-10-01
Etizolam,2,0.14360118366194644,0.05673114120313919,2022-10-01
para-Fluorofentanyl,148,3.6211866551158365,3.1588776864517167,2023-01-01
Acetyl fentanyl,41,3.2440965922469682,2.5012380872116053,2023-01-01
Mitragynine,21,3.392128475520614,2.3614873241411174,2023-01-01
Ketamine,20,2.7434863505841296,1.893269379748003,2023-01-01
Tramadol,26,1.7676793727050142,1.275872570460234,2023-01-01
Fentanyl,1968,1.1191546487463413,1.078274734350524,2023-01-01
Methamphetamine,1802,1.0486139634285525,1.0086128728017392,2023-01-01
Cocaine,567,1.0499007850295228,0.9794034860060205,2023-01-01
Benztropine,4,2.1227098145806016,0.9760718456293466,2023-01-01
Lidocaine,4,2.1227098145806016,0.9760718456293466,2023-01-01
PCP,117,1.0687486240166368,0.9164615508189206,2023-01-01
Ethanol,383,0.8141420097641041,0.7480528145335529,2023-01-01
Hydrocodone,41,0.9416051939496225,0.72598910274487,2023-01-01
Amlodipine,5,1.4636845764695994,0.7215189336382939,2023-01-01
Oxycodone,43,0.9255289890119309,0.7179650874838455,2023-01-01
Metoprolol,3,1.7066396189733972,0.7142437801584383,2023-01-01
Alprazolam,127,0.8163620859552775,0.7043992162959908,2023-01-01
Doxylamine,6,1.3286347256488482,0.6913003000301422,2023-01-01
Oxymorphone,4,1.4248323874480244,0.6551714080634423,2023-01-01
Duloxetine,5,1.282610151389981,0.6322588374447975,2023-01-01
Flecainide,2,1.7098113070309326,0.6238087091879275,2023-01-01
Acryl fentanyl,2,1.7098113070309326,0.6238087091879275,2023-01-01
Carbon monoxide,2,1.7098113070309326,0.6238087091879275,2023-01-01
Topiramate,2,1.7098113070309326,0.6238087091879275,2023-01-01
Valproate,2,1.7098113070309326,0.6238087091879275,2023-01-01
Chlordiazepoxide,4,1.2236795234134057,0.5626765951110222,2023-01-01
Amphetamine,18,0.8312930820713779,0.5625496040679716,2023-01-01
Trazodone,10,0.854672616330808,0.5094140239428763,2023-01-01
Diazepam,20,0.7166843739468793,0.4945811302646338,2023-01-01
Heroin,182,0.547657524810295,0.48423006418872167,2023-01-01
Fluoxetine,6,0.9224278688893384,0.47994730997863333,2023-01-01
Pseudoephedrine,2,1.2910818037066463,0.47103915508946487,2023-01-01
Lorazepam,13,0.7035563663360496,0.4454928462346088,2023-01-01
Hydromorphone,5,0.8580218935633965,0.42295932582372864,2023-01-01
Mirtazapine,3,0.9838273424087497,0.4117404472819806,2023-01-01
Codeine,9,0.6846122344092752,0.39754967448020045,2023-01-01
Bupropion,5,0.7924405923812712,0.3906312195799162,2023-01-01
Quetiapine,11,0.6219381498311042,0.3792091160284107,2023-01-01
Carisoprodol,2,1.0370983988374263,0.3783756785437711,2023-01-01
Midazolam,2,1.0370983988374263,0.3783756785437711,2023-01-01
Temazepam,5,0.6873655828722276,0.33883480795422244,2023-01-01
Eszopiclone,1,1.1610587486621868,0.3378865816239678,2023-01-01
Dipyrone,1,1.1610587486621868,0.3378865816239678,2023-01-01
Levodopa,1,1.1610587486621868,0.3378865816239678,2023-01-01
MMC,1,1.1610587486621868,0.3378865816239678,2023-01-01
Clobazam,1,1.1610587486621868,0.3378865816239678,2023-01-01
Chlorpromazine,1,1.1610587486621868,0.3378865816239678,2023-01-01
Carbidopa,1,1.1610587486621868,0.3378865816239678,2023-01-01
Benzylfentanyl,1,1.1610587486621868,0.3378865816239678,2023-01-01
25B-NBOH,1,1.1610587486621868,0.3378865816239678,2023-01-01
Deoxymethoxetamine,1,1.1610587486621868,0.3378865816239678,2023-01-01
Tizanidine,1,1.1610587486621868,0.3378865816239678,2023-01-01
Meprobamate,1,1.1610587486621868,0.3378865816239678,2023-01-01
Propoxyphene,1,1.1610587486621868,0.3378865816239678,2023-01-01
Ondansetron,1,1.1610587486621868,0.3378865816239678,2023-01-01
Lacosamide,1,1.1610587486621868,0.3378865816239678,2023-01-01
Diphenhydramine,11,0.5402832462518031,0.3294223585926422,2023-01-01
GHB,3,0.7672047609406132,0.3210819803535313,2023-01-01
Clonazepam,13,0.478792925915519,0.3031723306462411,2023-01-01
MDMA,14,0.4579169256894807,0.2946166158701,2023-01-01
Hydroxyzine,4,0.5746560443293264,0.26424035067714013,2023-01-01
Cyclobenzaprine,3,0.6287617717546317,0.26314236449478884,2023-01-01
Bromazolam,1,0.8767176923371689,0.2551388071054867,2023-01-01
Chlorpheniramine,1,0.8767176923371689,0.2551388071054867,2023-01-01
Baclofen,1,0.8767176923371689,0.2551388071054867,2023-01-01
Clozapine,1,0.8767176923371689,0.2551388071054867,2023-01-01
Loperamide,1,0.8767176923371689,0.2551388071054867,2023-01-01
Nortriptyline,1,0.8767176923371689,0.2551388071054867,2023-01-01
Salicylate,1,0.8767176923371689,0.2551388071054867,2023-01-01
Vilazodone,1,0.8767176923371689,0.2551388071054867,2023-01-01
Hydroxychloroquine,1,0.8767176923371689,0.2551388071054867,2023-01-01
Morphine,23,0.3531980609471865,0.2498061824745515,2023-01-01
Sertraline,4,0.5389261304256354,0.24781089679295767,2023-01-01
Levamisole,2,0.6521958057389193,0.23794755716188226,2023-01-01
"1,1-Difluoroethane",2,0.6521958057389193,0.23794755716188226,2023-01-01
Buprenorphine,2,0.6521958057389193,0.23794755716188226,2023-01-01
Olanzapine,6,0.41496035335942466,0.215907511101588,2023-01-01
Paroxetine,2,0.5803944169322447,0.21175149009576258,2023-01-01
Nitrous oxide,1,0.7042485707295393,0.20494754675553722,2023-01-01
Ephedrine,1,0.7042485707295393,0.20494754675553722,2023-01-01
Gabapentin,5,0.41333277066293633,0.20375115289238513,2023-01-01
Citalopram,6,0.3647888214781568,0.18980282305382204,2023-01-01
Promethazine,1,0.588481644598934,0.17125752807176647,2023-01-01
Doxepin,1,0.588481644598934,0.17125752807176647,2023-01-01
Lamotrigine,2,0.4362964690461625,0.15917869770761398,2023-01-01
Methadone,8,0.23770803674013247,0.1339073129149968,2023-01-01
Zolpidem,1,0.4428779029476011,0.12888452102546893,2023-01-01
Acetaminophen,1,0.3941206919633971,0.11469539634254171,2023-01-01
Flubromazolam,1,0.3941206919633971,0.11469539634254171,2023-01-01
Amitriptyline,1,0.32300115585863654,0.09399847900842015,2023-01-01
Etizolam,3,0.18792203401786522,0.07864703389033117,2023-01-01
Flualprazolam,2,0.18126928920996346,0.06613440959975747,2023-01-01
Acetyl fentanyl,55,2.6465150268079745,2.1188561443093317,2023-04-01
Ketamine,19,2.1050520614919104,1.453745808610127,2023-04-01
Mitragynine,17,2.140203245554442,1.4495378843695659,2023-04-01
para-Fluorofentanyl,99,1.4570727261166938,1.2338609200020483,2023-04-01
Fentanyl,1962,1.1084040661706462,1.0678669186153489,2023-04-01
Tramadol,23,1.4629639523029034,1.0427471305580094,2023-04-01
Methamphetamine,1799,1.05504465973819,1.0147771493300777,2023-04-01
Cocaine,533,1.0243557501759963,0.9535488779980393,2023-04-01
PCP,109,0.9480178402249829,0.8090534184221148,2023-04-01
Lidocaine,4,1.5398455472196364,0.7627408031580905,2023-04-01
Ethanol,369,0.8180493113169515,0.7505361751312773,2023-04-01
Hydrocodone,39,0.95641490934367,0.7352294305615987,2023-04-01
Amphetamine,22,0.9495991289087559,0.6720215533497379,2023-04-01
Buprenorphine,5,1.1552203540982044,0.6033821310421681,2023-04-01
Chlordiazepoxide,4,1.2083132536965568,0.598520951179281,2023-04-01
Alprazolam,106,0.6848331465820465,0.5831530529895267,2023-04-01
Diazepam,21,0.7907302840743211,0.5553494786056986,2023-04-01
Oxycodone,33,0.7163645337193991,0.538650372031907,2023-04-01
Temazepam,6,0.9718745903584793,0.5298081959563531,2023-04-01
Heroin,171,0.5840583333272001,0.5146005124986377,2023-04-01
Valproate,2,1.2071759102716377,0.5096900362814024,2023-04-01
Flecainide,2,1.2071759102716377,0.5096900362814024,2023-04-01
Metoclopramide,2,1.2071759102716377,0.5096900362814024,2023-04-01
Duloxetine,4,0.9942491264151495,0.4924873008143022,2023-04-01
Hydromorphone,5,0.9126843499681184,0.47670336321462087,2023-04-01
Doxylamine,5,0.9126843499681184,0.47670336321462087,2023-04-01
MDMA,16,0.6442597480029354,0.43160407840698384,2023-04-01
Oxymorphone,3,0.9143260996024296,0.4231043196595562,2023-04-01
Methadone,18,0.5984912051791139,0.4094661348253359,2023-04-01
Metoprolol,2,0.9159134125697286,0.3867140956931802,2023-04-01
Midazolam,2,0.9159134125697286,0.3867140956931802,2023-04-01
Codeine,8,0.6106230024031398,0.3553802750323016,2023-04-01
Lorazepam,10,0.5780207847073396,0.353031711214902,2023-04-01
Benazepril,1,0.9188454697863021,0.33975517397719485,2023-04-01
Chlorpromazine,1,0.9188454697863021,0.33975517397719485,2023-04-01
Carbidopa,1,0.9188454697863021,0.33975517397719485,2023-04-01
Dipyrone,1,0.9188454697863021,0.33975517397719485,2023-04-01
Eszopiclone,1,0.9188454697863021,0.33975517397719485,2023-04-01
Fluvoxamine,1,0.9188454697863021,0.33975517397719485,2023-04-01
Lacosamide,1,0.9188454697863021,0.33975517397719485,2023-04-01
Ondansetron,1,0.9188454697863021,0.33975517397719485,2023-04-01
Meprobamate,1,0.9188454697863021,0.33975517397719485,2023-04-01
Levodopa,1,0.9188454697863021,0.33975517397719485,2023-04-01
Clobazam,1,0.9188454697863021,0.33975517397719485,2023-04-01
Propoxyphene,1,0.9188454697863021,0.33975517397719485,2023-04-01
Tizanidine,1,0.9188454697863021,0.33975517397719485,2023-04-01
Vancomycin,1,0.9188454697863021,0.33975517397719485,2023-04-01
Sertraline,5,0.6427826905406885,0.3357312639442023,2023-04-01
Gabapentin,6,0.6117619410157,0.33349620778204886,2023-04-01
Trazodone,7,0.5895234936842024,0.3329683172689079,2023-04-01
Cyclobenzaprine,3,0.7079205199234604,0.3275901563845712,2023-04-01
Morphine,24,0.4395070580194503,0.3153777617217582,2023-04-01
Bupropion,4,0.613712010463953,0.3039936002765047,2023-04-01
Diphenhydramine,9,0.5041939063214106,0.3011004584927579,2023-04-01
Loperamide,1,0.7927908456813327,0.29314482201738784,2023-04-01
Vilazodone,1,0.7927908456813327,0.29314482201738784,2023-04-01
Pseudoephedrine,1,0.7927908456813327,0.29314482201738784,2023-04-01
Topiramate,1,0.7927908456813327,0.29314482201738784,2023-04-01
Valproic Acid,1,0.7927908456813327,0.29314482201738784,2023-04-01
Salicylate,1,0.7927908456813327,0.29314482201738784,2023-04-01
Nortriptyline,1,0.7927908456813327,0.29314482201738784,2023-04-01
Ephedrine,1,0.7927908456813327,0.29314482201738784,2023-04-01
Bromazolam,1,0.7927908456813327,0.29314482201738784,2023-04-01
Acryl fentanyl,1,0.7927908456813327,0.29314482201738784,2023-04-01
Chlorpheniramine,1,0.7927908456813327,0.29314482201738784,2023-04-01
Carbon monoxide,1,0.7927908456813327,0.29314482201738784,2023-04-01
Baclofen,1,0.7927908456813327,0.29314482201738784,2023-04-01
Fluoxetine,4,0.5818957627672653,0.28823387011040724,2023-04-01
Clonazepam,11,0.45803788255888456,0.28534647880104,2023-04-01
Lamotrigine,2,0.6725193199444165,0.28394900334391404,2023-04-01
Mirtazapine,2,0.6725193199444165,0.28394900334391404,2023-04-01
Levamisole,2,0.6725193199444165,0.28394900334391404,2023-04-01
Paroxetine,2,0.6177951880353831,0.260843551569361,2023-04-01
Nitrous oxide,1,0.6971501689980172,0.2577804263553035,2023-04-01
Carisoprodol,1,0.6971501689980172,0.2577804263553035,2023-04-01
Quetiapine,8,0.43735264283883396,0.2545375819228548,2023-04-01
Amlodipine,2,0.5713068968357159,0.2412154106939462,2023-04-01
GHB,2,0.5713068968357159,0.2412154106939462,2023-04-01
Doxepin,1,0.6221011503236304,0.23003006654511238,2023-04-01
MDA,1,0.6221011503236304,0.23003006654511238,2023-04-01
Hydroxyzine,3,0.4877191137841987,0.225691975666399,2023-04-01
Benztropine,1,0.5616399615612792,0.20767374833678715,2023-04-01
Pentobarbital,1,0.5616399615612792,0.20767374833678715,2023-04-01
Citalopram,5,0.3917655786930275,0.20462273617512136,2023-04-01
Zolpidem,1,0.5118900445384494,0.1892780634591399,2023-04-01
"1,1-Difluoroethane",1,0.4702366117083586,0.17387615989288926,2023-04-01
Acetaminophen,1,0.4702366117083586,0.17387615989288926,2023-04-01
Olanzapine,4,0.3476183618151834,0.17218785933573497,2023-04-01
Amitriptyline,1,0.434851913087833,0.16079220308920242,2023-04-01
Etizolam,2,0.23513228030790767,0.09927681579903214,2023-04-01
Acetyl fentanyl,59,2.25631960009783,1.8219500108977655,2023-07-01
Mitragynine,16,1.6555604335778025,1.1160344496773733,2023-07-01
Temazepam,10,1.7749712736135608,1.0964934019591177,2023-07-01
Fentanyl,1935,1.0988902607840907,1.058431852964193,2023-07-01
Methamphetamine,1752,1.0529035046524788,1.0121976547259246,2023-07-01
Cocaine,535,1.0548816408266393,0.9821335807197407,2023-07-01
PCP,114,1.095517254672295,0.9385650943811249,2023-07-01
para-Fluorofentanyl,84,1.0614597658794056,0.8867633028473565,2023-07-01
Ketamine,15,1.3246963310438273,0.8829221093802806,2023-07-01
Ethanol,383,0.9190736056423128,0.8446199337940481,2023-07-01
Amphetamine,22,1.0195836769321527,0.7244808486115021,2023-07-01
Metoclopramide,3,1.4099469330534933,0.6793169813135921,2023-07-01
Oxazepam,3,1.4099469330534933,0.6793169813135921,2023-07-01
Lidocaine,4,1.3196328330173013,0.6743654654228597,2023-07-01
Bromazolam,4,1.3196328330173013,0.6743654654228597,2023-07-01
Hydrocodone,35,0.8489632865265914,0.6448275450202439,2023-07-01
Tramadol,16,0.9311872713579477,0.6277252420744707,2023-07-01
Cyclobenzaprine,5,1.1618255941334996,0.6221980147708113,2023-07-01
Hydromorphone,6,1.0637644952290897,0.59198131371816,2023-07-01
Buprenorphine,5,1.0779612545234774,0.5772857440488554,2023-07-01
Diazepam,21,0.806268567448634,0.5687151977302829,2023-07-01
Oxymorphone,4,1.0969782117053872,0.5605833712124234,2023-07-01
MDMA,20,0.800446664681589,0.5602043936303912,2023-07-01
Alprazolam,93,0.6538489171744409,0.5510682129977933,2023-07-01
Heroin,152,0.6016530669656108,0.5261791905405909,2023-07-01
Flecainide,2,1.1643138297465272,0.5193777004750184,2023-07-01
Valproate,2,1.1643138297465272,0.5193777004750184,2023-07-01
Oxycodone,28,0.699590508314963,0.5153885195349656,2023-07-01
Methadone,18,0.743564901650335,0.5114378427601238,2023-07-01
Nortriptyline,2,1.032806896320898,0.4607150212779552,2023-07-01
Trazodone,8,0.7718470188132011,0.45595018663271386,2023-07-01
Sertraline,6,0.8087095103367807,0.45004408446856176,2023-07-01
Cannabis,2,0.9279920395011061,0.41395915707720693,2023-07-01
Metoprolol,2,0.9279920395011061,0.41395915707720693,2023-07-01
Duloxetine,3,0.7992996774442116,0.3851051634052735,2023-07-01
"1,1-Difluoroethane",3,0.7992996774442116,0.3851051634052735,2023-07-01
Midazolam,2,0.8424914304615163,0.3758190022687192,2023-07-01
Benazepril,1,0.9188758148992723,0.3684100609095272,2023-07-01
Fluvoxamine,1,0.9188758148992723,0.3684100609095272,2023-07-01
Meprobamate,1,0.9188758148992723,0.3684100609095272,2023-07-01
Lacosamide,1,0.9188758148992723,0.3684100609095272,2023-07-01
Levodopa,1,0.9188758148992723,0.3684100609095272,2023-07-01
Metonitazene,1,0.9188758148992723,0.3684100609095272,2023-07-01
Clobazam,1,0.9188758148992723,0.3684100609095272,2023-07-01
Carbidopa,1,0.9188758148992723,0.3684100609095272,2023-07-01
Dipyrone,1,0.9188758148992723,0.3684100609095272,2023-07-01
Vancomycin,1,0.9188758148992723,0.3684100609095272,2023-07-01
Tizanidine,1,0.9188758148992723,0.3684100609095272,2023-07-01
Ondansetron,1,0.9188758148992723,0.3684100609095272,2023-07-01
Xylazine,1,0.9188758148992723,0.3684100609095272,2023-07-01
Propoxyphene,1,0.9188758148992723,0.3684100609095272,2023-07-01
Bupropion,4,0.6896907463172445,0.35244926429620754,2023-07-01
Morphine,22,0.4881903384891666,0.34689114656756465,2023-07-01
Paroxetine,2,0.7714168839230541,0.3441140326975104,2023-07-01
Ephedrine,1,0.815090617533124,0.32679887660889206,2023-07-01
Chlorpheniramine,1,0.815090617533124,0.32679887660889206,2023-07-01
Carbon monoxide,1,0.815090617533124,0.32679887660889206,2023-07-01
Nitrous oxide,1,0.815090617533124,0.32679887660889206,2023-07-01
Pseudoephedrine,1,0.815090617533124,0.32679887660889206,2023-07-01
Vilazodone,1,0.815090617533124,0.32679887660889206,2023-07-01
Loperamide,1,0.815090617533124,0.32679887660889206,2023-07-01
Valproic Acid,1,0.815090617533124,0.32679887660889206,2023-07-01
Clozapine,1,0.815090617533124,0.32679887660889206,2023-07-01
Baclofen,1,0.815090617533124,0.32679887660889206,2023-07-01
Venlafaxine,2,0.7114013988926325,0.3173422948622061,2023-07-01
Levamisole,2,0.7114013988926325,0.3173422948622061,2023-07-01
Mirtazapine,2,0.7114013988926325,0.3173422948622061,2023-07-01
Gabapentin,5,0.5776239835665673,0.3093377333688083,2023-07-01
Diphenhydramine,8,0.520075447302857,0.30722214568560574,2023-07-01
Fluoxetine,3,0.6202213289352831,0.2988246373260035,2023-07-01
Carisoprodol,1,0.7323707919043206,0.2936335505613526,2023-07-01
Amitriptyline,1,0.7323707919043206,0.2936335505613526,2023-07-01
Hydroxychloroquine,1,0.7323707919043206,0.2936335505613526,2023-07-01
MDA,1,0.7323707919043206,0.2936335505613526,2023-07-01
Codeine,6,0.5133231587461967,0.285662587198012,2023-07-01
Doxylamine,3,0.5873246769786054,0.28297492427748666,2023-07-01
Amlodipine,2,0.6156131824197194,0.27461303894059985,2023-07-01
Hydroxyzine,3,0.5577419430018944,0.26872186760354455,2023-07-01
Lorazepam,7,0.4490799058600544,0.25808873124443554,2023-07-01
Zolpidem,1,0.608801767815614,0.2440903250754999,2023-07-01
Doxepin,1,0.608801767815614,0.2440903250754999,2023-07-01
Pentobarbital,1,0.608801767815614,0.2440903250754999,2023-07-01
Quetiapine,6,0.4128036897423479,0.22972384551032743,2023-07-01
Clonazepam,8,0.38487460456106765,0.22735547783761081,2023-07-01
Lamotrigine,1,0.5209111954800146,0.208851862399147,2023-07-01
GHB,1,0.48584157484567686,0.1947912016825662,2023-07-01
Citalopram,3,0.37091644507372057,0.1787087399391428,2023-07-01
Olanzapine,3,0.3588946364228301,0.1729165937446997,2023-07-01
Etizolam,2,0.3169130074485635,0.14136871421950767,2023-07-01
Acetyl fentanyl,61,2.0433376354274793,1.6630324284727345,2023-10-01
Fentanyl,1920,1.069743577165352,1.030234753994272,2023-10-01
Cocaine,558,1.0698098979960347,0.9976888135009058,2023-10-01
Methamphetamine,1734,1.0353501019285138,0.9951502065723474,2023-10-01
PCP,120,1.0976464139006619,0.9456237590706311,2023-10-01
Bromazolam,7,1.5292056753879981,0.9394102865417103,2023-10-01
Ethanol,392,0.9745224492241192,0.8967109577056899,2023-10-01
Lidocaine,6,1.3237998583680914,0.7958006795629324,2023-10-01
Temazepam,8,1.2020424275443609,0.752707296025752,2023-10-01
Methadone,20,1.0432186865703867,0.7450020176066836,2023-10-01
Ketamine,14,1.0628039503074878,0.7219260072308844,2023-10-01
Cyclobenzaprine,6,1.125506601651647,0.6765969287465339,2023-10-01
Mirtazapine,6,1.125506601651647,0.6765969287465339,2023-10-01
MDMA,22,0.9155224896167931,0.6622677496788449,2023-10-01
para-Fluorofentanyl,73,0.8001871543372583,0.6622241089088998,2023-10-01
Oxazepam,3,1.1859983499538798,0.6534179203477065,2023-10-01
Xylazine,3,1.1859983499538798,0.6534179203477065,2023-10-01
Metoclopramide,3,1.1859983499538798,0.6534179203477065,2023-10-01
Diazepam,22,0.885519086784595,0.6405639834669361,2023-10-01
Mitragynine,12,0.9535131926014867,0.6334013593173883,2023-10-01
Amphetamine,20,0.8634399077583003,0.6166151753634839,2023-10-01
Hydrocodone,32,0.8099777823336338,0.6145703769361265,2023-10-01
Tramadol,16,0.879243189426202,0.6087272617368505,2023-10-01
Sertraline,7,0.9793055491774738,0.6015997202804507,2023-10-01
Oxycodone,30,0.78394188488811,0.5901471404309789,2023-10-01
Bupropion,6,0.9788793241969638,0.5884521187110171,2023-10-01
Buprenorphine,5,0.9783772298089315,0.5737616859185164,2023-10-01
Metoprolol,3,1.0380067126660795,0.5718829098907299,2023-10-01
Heroin,142,0.6380245745737779,0.5561424926109497,2023-10-01
Nortriptyline,2,1.0457276474816577,0.5532761923310048,2023-10-01
Flecainide,2,1.0457276474816577,0.5532761923310048,2023-10-01
Trazodone,9,0.8613037105671847,0.5486350132924599,2023-10-01
Codeine,11,0.8297747103554921,0.5442590027223461,2023-10-01
Quetiapine,13,0.8066515474032141,0.5421040136797188,2023-10-01
Propranolol,2,0.9761419485509103,0.5164596171569504,2023-10-01
Alprazolam,86,0.6144647106752291,0.5157958834332619,2023-10-01
Cannabis,2,0.9152393152559438,0.4842371000096627,2023-10-01
MDA,2,0.9152393152559438,0.4842371000096627,2023-10-01
Midazolam,2,0.9152393152559438,0.4842371000096627,2023-10-01
"1,1-Difluoroethane",3,0.8743513203875755,0.48171805756992636,2023-10-01
Levamisole,3,0.8743513203875755,0.48171805756992636,2023-10-01
Venlafaxine,3,0.8743513203875755,0.48171805756992636,2023-10-01
Diphenhydramine,10,0.7237022932159568,0.46812439089385904,2023-10-01
Fluvoxamine,1,0.9054853329075131,0.45581547359576907,2023-10-01
Flubromazepam,1,0.9054853329075131,0.45581547359576907,2023-10-01
Benazepril,1,0.9054853329075131,0.45581547359576907,2023-10-01
Atomoxetine,1,0.9054853329075131,0.45581547359576907,2023-10-01
Clobazam,1,0.9054853329075131,0.45581547359576907,2023-10-01
Tizanidine,1,0.9054853329075131,0.45581547359576907,2023-10-01
Tapentadol,1,0.9054853329075131,0.45581547359576907,2023-10-01
Zinc,1,0.9054853329075131,0.45581547359576907,2023-10-01
Vancomycin,1,0.9054853329075131,0.45581547359576907,2023-10-01
Metonitazene,1,0.9054853329075131,0.45581547359576907,2023-10-01
Lorazepam,10,0.6908275877431046,0.44685949838273126,2023-10-01
Hydromorphone,4,0.7743102032870511,0.44124604666046474,2023-10-01
Clozapine,1,0.8452317574056615,0.425484212497341,2023-10-01
Carbon monoxide,1,0.8452317574056615,0.425484212497341,2023-10-01
Hydroxychloroquine,1,0.8452317574056615,0.425484212497341,2023-10-01
Chlorpheniramine,1,0.8452317574056615,0.425484212497341,2023-10-01
Vilazodone,1,0.8452317574056615,0.425484212497341,2023-10-01
Nitrous oxide,1,0.8452317574056615,0.425484212497341,2023-10-01
Loperamide,1,0.8452317574056615,0.425484212497341,2023-10-01
Methocarbamol,1,0.8452317574056615,0.425484212497341,2023-10-01
Valproic Acid,1,0.8452317574056615,0.425484212497341,2023-10-01
Hydroxyzine,4,0.7433723346662785,0.4236158873740888,2023-10-01
Morphine,23,0.5489701256934838,0.3994637752206903,2023-10-01
GHB,2,0.7324465430204634,0.3875246440928374,2023-10-01
Lamotrigine,2,0.7324465430204634,0.3875246440928374,2023-10-01
Fluoxetine,3,0.692406385009439,0.38147670285201907,2023-10-01
Pentobarbital,1,0.74595571725913,0.3755092945041349,2023-10-01
Oxymorphone,2,0.6976144303818903,0.3690955830481906,2023-10-01
Zolpidem,1,0.704577892463893,0.35467996450842726,2023-10-01
Chlorcyclizine,1,0.704577892463893,0.35467996450842726,2023-10-01
Paroxetine,1,0.704577892463893,0.35467996450842726,2023-10-01
Doxepin,1,0.704577892463893,0.35467996450842726,2023-10-01
Benztropine,1,0.6675492393813658,0.33603997948820663,2023-10-01
Dextromethorphan,1,0.6675492393813658,0.33603997948820663,2023-10-01
Doxylamine,2,0.6105139186115702,0.3230122270057084,2023-10-01
Duloxetine,1,0.6342182913887954,0.3192613953494161,2023-10-01
Flubromazolam,1,0.6342182913887954,0.3192613953494161,2023-10-01
Clonazepam,9,0.4988270054815257,0.31774385437487007,2023-10-01
Etizolam,3,0.5731407582609771,0.3157680972692404,2023-10-01
Chlordiazepoxide,1,0.6040575060405591,0.3040786506290985,2023-10-01
Gabapentin,3,0.5361971967266613,0.2954142872079288,2023-10-01
Amlodipine,1,0.5766351361682892,0.29027440658871073,2023-10-01
Citalopram,3,0.4749663450017168,0.261679555792166,2023-10-01
Olanzapine,3,0.4617830562694465,0.2544163103524751,2023-10-01
Bromazolam,13,2.581272113356214,1.7361497516371498,2024-01-01
Acetyl fentanyl,60,1.9758735568526298,1.6057486850169371,2024-01-01
Methadone,22,1.5085650423285335,1.0917501947817714,2024-01-01
Methamphetamine,1722,1.0506733937443302,1.0097401733404694,2024-01-01
Fentanyl,1856,1.0438811687737326,1.0046810651333418,2024-01-01
PCP,119,1.1304398477258641,0.9733288004811739,2024-01-01
Ethanol,392,1.0340412062772653,0.951484827609023,2024-01-01
Cocaine,523,1.0142528771943857,0.9437175058384937,2024-01-01
Codeine,17,1.3032527077636928,0.9105742790881464,2024-01-01
Mitragynine,17,1.2344993691705142,0.8625367639144285,2024-01-01
Quetiapine,19,1.1875068737648578,0.8425604053425436,2024-01-01
Ketamine,17,1.1726367022041255,0.8193137166575009,2024-01-01
Cyclobenzaprine,7,1.3069453850729222,0.8040760278611606,2024-01-01
MDMA,23,1.099390536286477,0.8003224622331967,2024-01-01
Amphetamine,21,1.082539226239211,0.7785804405310178,2024-01-01
Oxazepam,3,1.371945725005074,0.7579114670009753,2024-01-01
Metoclopramide,3,1.371945725005074,0.7579114670009753,2024-01-01
Xylazine,3,1.371945725005074,0.7579114670009753,2024-01-01
Carfentanil,3,1.371945725005074,0.7579114670009753,2024-01-01
Hydroxyzine,8,1.1752010852494235,0.7368794361992925,2024-01-01
Bupropion,7,1.1876493720571362,0.7306811749614316,2024-01-01
Mirtazapine,6,1.202602884640045,0.7241743455114987,2024-01-01
Sertraline,8,1.1280250291013743,0.7072989107106672,2024-01-01
Methocarbamol,3,1.2733223928756476,0.7034284411987253,2024-01-01
Propranolol,3,1.2733223928756476,0.7034284411987253,2024-01-01
Hydrocodone,35,0.9161715077520972,0.702789356095837,2024-01-01
Diphenhydramine,14,1.0164419076478635,0.6909573314960354,2024-01-01
Dextromethorphan,4,1.1702608255221645,0.6684038270467457,2024-01-01
Hydromorphone,6,1.0928310984449885,0.6580727982436929,2024-01-01
Buprenorphine,5,1.0982660786423002,0.6453306440062094,2024-01-01
Pregabalin,2,1.2110889515906456,0.6428690039301588,2024-01-01
Cannabis,2,1.2110889515906456,0.6428690039301588,2024-01-01
Lidocaine,4,1.1049231497934948,0.6310856911620417,2024-01-01
Oxycodone,29,0.8254151587452219,0.6189607063879873,2024-01-01
Morphine,30,0.820986804359362,0.6182220231094396,2024-01-01
Diazepam,19,0.8505465720603574,0.6034801821785407,2024-01-01
Trazodone,9,0.9456909355552346,0.6031070777748435,2024-01-01
Temazepam,6,1.00142273439185,0.6030291981842507,2024-01-01
Chlorcyclizine,3,1.0474353917227306,0.5786404519219446,2024-01-01
Alprazolam,87,0.6654965355228823,0.5592122323821019,2024-01-01
Ephedrine,2,1.0486462191918786,0.5566413181472681,2024-01-01
MDA,2,1.0486462191918786,0.5566413181472681,2024-01-01
Venlafaxine,3,0.9889552713268559,0.5463339597394882,2024-01-01
Tramadol,14,0.7968259373715499,0.5416666896656663,2024-01-01
Doxylamine,4,0.9464049062000687,0.5405467289377035,2024-01-01
Heroin,124,0.620313528795846,0.5356834945543865,2024-01-01
Fluvoxamine,1,1.050263779048437,0.5308574916022633,2024-01-01
Benazepril,1,1.050263779048437,0.5308574916022633,2024-01-01
Atomoxetine,1,1.050263779048437,0.5308574916022633,2024-01-01
Arsenic,1,1.050263779048437,0.5308574916022633,2024-01-01
Flubromazepam,1,1.050263779048437,0.5308574916022633,2024-01-01
Zinc,1,1.050263779048437,0.5308574916022633,2024-01-01
Vancomycin,1,1.050263779048437,0.5308574916022633,2024-01-01
Tapentadol,1,1.050263779048437,0.5308574916022633,2024-01-01
Metonitazene,1,1.050263779048437,0.5308574916022633,2024-01-01
Estazolam,1,1.050263779048437,0.5308574916022633,2024-01-01
Midazolam,2,0.9827390779966932,0.5216565565767949,2024-01-01
"1,1-Difluoroethane",3,0.9366599352911618,0.5174441617469507,2024-01-01
Chlordiazepoxide,3,0.9366599352911618,0.5174441617469507,2024-01-01
Hydroxychloroquine,1,0.9747647912847501,0.49269640858457264,2024-01-01
Clozapine,1,0.9747647912847501,0.49269640858457264,2024-01-01
Phenobarbital,1,0.9747647912847501,0.49269640858457264,2024-01-01
Nortriptyline,1,0.9747647912847501,0.49269640858457264,2024-01-01
Valproic Acid,1,0.9747647912847501,0.49269640858457264,2024-01-01
para-Fluorofentanyl,59,0.6069468556886758,0.4924475066765407,2024-01-01
Levamisole,3,0.8896175175284531,0.49145626207426124,2024-01-01
Lamotrigine,2,0.9246265411962469,0.49080931897323926,2024-01-01
Olanzapine,6,0.8005420072377414,0.48206435520015756,2024-01-01
Oxymorphone,2,0.8730030502605012,0.4634065900872459,2024-01-01
Baclofen,1,0.909392443558169,0.4596538518225696,2024-01-01
Topiramate,1,0.909392443558169,0.4596538518225696,2024-01-01
Clonazepam,12,0.6881629597028133,0.45754306863363,2024-01-01
Citalopram,6,0.7503685319868468,0.45185126984511176,2024-01-01
Fluoxetine,3,0.8084145658502357,0.4465968721512235,2024-01-01
Duloxetine,2,0.8268391951325477,0.43890193952074097,2024-01-01
Pentobarbital,1,0.8522373658184035,0.4307647271983214,2024-01-01
Zolpidem,1,0.8522373658184035,0.4307647271983214,2024-01-01
Flualprazolam,2,0.7853123684001583,0.4168587116448956,2024-01-01
Metoprolol,1,0.8018418168952904,0.405292217127107,2024-01-01
Doxepin,1,0.8018418168952904,0.405292217127107,2024-01-01
Benztropine,1,0.7570736084109848,0.3826640551990267,2024-01-01
Gabapentin,4,0.6616382948421696,0.3779000020750617,2024-01-01
Flubromazolam,1,0.7170400296400369,0.36242901936311317,2024-01-01
GHB,1,0.7170400296400369,0.36242901936311317,2024-01-01
Lorazepam,7,0.5794251770236497,0.35648153327993154,2024-01-01
Etizolam,1,0.5233274372888964,0.2645166825590506,2024-01-01
Bromazolam,20,6.8284145433475025,4.7807619107692165,2024-04-01
Mirtazapine,8,2.257402068791945,1.3350837525478383,2024-04-01
Mitragynine,23,1.7947746377426808,1.284537870544247,2024-04-01
Carfentanil,4,2.3731205677509792,1.2156498605051893,2024-04-01
Xylazine,4,2.3731205677509792,1.2156498605051893,2024-04-01
Hydromorphone,10,1.9093173545537694,1.1805604163494112,2024-04-01
Ketamine,21,1.5518976431562945,1.095042395865533,2024-04-01
Codeine,18,1.496558161842509,1.0298057708666275,2024-04-01
Diphenhydramine,16,1.4528258404157588,0.9798628956827493,2024-04-01
Oxazepam,3,2.023302838000169,0.9778391407265166,2024-04-01
Methocarbamol,3,2.023302838000169,0.9778391407265166,2024-04-01
Methamphetamine,1673,1.008102357221593,0.968235474952305,2024-04-01
Cocaine,532,1.0273503597671325,0.9563111112799347,2024-04-01
Fentanyl,1765,0.9845253215180118,0.9466015380501699,2024-04-01
Ethanol,383,1.026598314388522,0.9434389649356059,2024-04-01
PCP,117,1.096128332511835,0.9409768174550912,2024-04-01
Lidocaine,6,1.670767640208893,0.9312840804190472,2024-04-01
MDMA,24,1.2423527306520175,0.8949514442900159,2024-04-01
Hydroxyzine,7,1.4610542888984421,0.8408295724620193,2024-04-01
Benzylfentanyl,3,1.7324939289127925,0.8372945181238608,2024-04-01
Propranolol,3,1.7324939289127925,0.8372945181238608,2024-04-01
Amphetamine,23,1.1450132754466487,0.8194972692710871,2024-04-01
Dextromethorphan,4,1.5783271426945775,0.8085106154832136,2024-04-01
"1,1-Difluoroethane",5,1.4804896494967128,0.7944018831511186,2024-04-01
Cyclobenzaprine,6,1.4128833715804632,0.7875396672616686,2024-04-01
Bupropion,7,1.363373905260384,0.7846149910899348,2024-04-01
Hydrocodone,36,1.0116239589334874,0.7713239407582655,2024-04-01
Quetiapine,17,1.1161619793128141,0.7606805172852539,2024-04-01
Phentermine,2,1.673637310469962,0.7496575962544995,2024-04-01
Protonitazene,2,1.673637310469962,0.7496575962544995,2024-04-01
Pregabalin,2,1.673637310469962,0.7496575962544995,2024-04-01
Cannabis,2,1.673637310469962,0.7496575962544995,2024-04-01
Ephedrine,3,1.51477554513045,0.7320737111741137,2024-04-01
Tramadol,18,1.058086620275903,0.7280864422237922,2024-04-01
Acetyl fentanyl,37,0.912218389475206,0.6979801176168883,2024-04-01
Temazepam,7,1.2025749731189255,0.6920759948375854,2024-04-01
Alprazolam,99,0.8074252335990341,0.6840790115986172,2024-04-01
Clonazepam,19,0.9673136035311951,0.6716122524007145,2024-04-01
para-Fluorofentanyl,75,0.8073800454794019,0.6676204288251979,2024-04-01
Chlorcyclizine,3,1.3456685810671107,0.6503462478775136,2024-04-01
Morphine,29,0.8726426136211071,0.6462346052793607,2024-04-01
Lorazepam,14,0.9731663232567083,0.6410366699046448,2024-04-01
Oxycodone,28,0.8451779259948202,0.622790497929921,2024-04-01
Trazodone,9,1.0253004349729726,0.6209178593511449,2024-04-01
Diazepam,18,0.8504456192907466,0.585205325715913,2024-04-01
Venlafaxine,3,1.2105273659661637,0.5850340429177949,2024-04-01
Citalopram,8,0.9791170839136955,0.5790742059852662,2024-04-01
Midazolam,2,1.252993284892326,0.5612422286472855,2024-04-01
Heroin,121,0.6488522070043407,0.558417411591972,2024-04-01
Olanzapine,6,0.9657094058420924,0.538285381119324,2024-04-01
Atomoxetine,1,1.3242414338629696,0.5340730205046756,2024-04-01
Arsenic,1,1.3242414338629696,0.5340730205046756,2024-04-01
Flubromazepam,1,1.3242414338629696,0.5340730205046756,2024-04-01
Secobarbital,1,1.3242414338629696,0.5340730205046756,2024-04-01
Estazolam,1,1.3242414338629696,0.5340730205046756,2024-04-01
Nicotine,1,1.3242414338629696,0.5340730205046756,2024-04-01
Zinc,1,1.3242414338629696,0.5340730205046756,2024-04-01
Metonitazene,1,1.3242414338629696,0.5340730205046756,2024-04-01
Tapentadol,1,1.3242414338629696,0.5340730205046756,2024-04-01
Chlordiazepoxide,3,1.1000525841454671,0.5316428432918048,2024-04-01
Sertraline,6,0.9173211091968405,0.5113137967650309,2024-04-01
Doxepin,2,1.113111246869561,0.4985861013446022,2024-04-01
Lamotrigine,2,1.113111246869561,0.4985861013446022,2024-04-01
Zolpidem,2,1.113111246869561,0.4985861013446022,2024-04-01
Doxylamine,4,0.945202410877787,0.48418744270616554,2024-04-01
Fluoxetine,4,0.945202410877787,0.48418744270616554,2024-04-01
Methadone,12,0.734573144889668,0.47034214604039526,2024-04-01
Hydroxychloroquine,1,1.133908479488909,0.457310812915684,2024-04-01
Salicylate,1,1.133908479488909,0.457310812915684,2024-04-01
Nortriptyline,1,1.133908479488909,0.457310812915684,2024-04-01
Phenobarbital,1,1.133908479488909,0.457310812915684,2024-04-01
Buspirone,1,1.133908479488909,0.457310812915684,2024-04-01
Clozapine,1,1.133908479488909,0.457310812915684,2024-04-01
Levamisole,3,0.9302586228022255,0.4495833620603486,2024-04-01
Acetaminophen,2,1.0013250250903512,0.4485146851607437,2024-04-01
Oxymorphone,2,1.0013250250903512,0.4485146851607437,2024-04-01
Duloxetine,2,0.9099424039381482,0.4075824738125398,2024-04-01
Paroxetine,2,0.9099424039381482,0.4075824738125398,2024-04-01
Buprenorphine,2,0.9099424039381482,0.4075824738125398,2024-04-01
Baclofen,1,0.9914129027994479,0.39984165275725697,2024-04-01
Topiramate,1,0.9914129027994479,0.39984165275725697,2024-04-01
Metoclopramide,1,0.9914129027994479,0.39984165275725697,2024-04-01
Flualprazolam,2,0.833844353141726,0.37349654522883763,2024-04-01
MDA,1,0.8807332534846717,0.3552040110807638,2024-04-01
Benztropine,1,0.7922840143998565,0.3195320021317857,2024-04-01
Flubromazolam,1,0.7922840143998565,0.3195320021317857,2024-04-01
Metoprolol,1,0.7922840143998565,0.3195320021317857,2024-04-01
GHB,1,0.659767343208233,0.26608738316673763,2024-04-01
Amlodipine,1,0.6088495451034935,0.245551987176357,2024-04-01
Gabapentin,2,0.4995963263816981,0.22377977521767495,2024-04-01
Etizolam,1,0.4652317799259258,0.1876302429346254,2024-04-01
Carfentanil,12,7.965653077112022,5.023073303558021,2024-07-01
Bromazolam,20,5.480446597016742,3.8074290407865923,2024-07-01
Mirtazapine,9,3.5136178639545776,2.0817485256383184,2024-07-01
Xylazine,6,3.58695588513776,1.930342069185801,2024-07-01
Codeine,25,2.4013614699588346,1.7306336204797526,2024-07-01
Methocarbamol,4,3.365006026584182,1.6337805279034907,2024-07-01
Benzylfentanyl,5,3.1301709158379643,1.6092628289156201,2024-07-01
Ephedrine,5,3.1301709158379643,1.6092628289156201,2024-07-01
Hydroxyzine,10,2.4248640661498477,1.4707758108852305,2024-07-01
Lidocaine,9,2.445241376817491,1.448756759589787,2024-07-01
Diphenhydramine,20,1.8785465985136052,1.3050821218739672,2024-07-01
Propranolol,4,2.67350511036832,1.2980424272832907,2024-07-01
Mitragynine,22,1.8374285533296566,1.2972082391649329,2024-07-01
Morphine,43,1.6123994614461516,1.2535546334677148,2024-07-01
Ketamine,22,1.718371042902122,1.2131546942359648,2024-07-01
Hydromorphone,10,1.900237723908515,1.152569217495898,2024-07-01
Citalopram,13,1.7502789122763054,1.1219260058570308,2024-07-01
Amphetamine,28,1.4796445532433544,1.085039955389789,2024-07-01
Baclofen,4,2.2177604858931117,1.0767689177317747,2024-07-01
Dextromethorphan,4,2.2177604858931117,1.0767689177317747,2024-07-01
Fluoxetine,8,1.845712221377396,1.0643974149475828,2024-07-01
Clonazepam,24,1.479135195423659,1.0591303988087482,2024-07-01
Chlorcyclizine,3,2.2170308562575123,0.9991764653595218,2024-07-01
para-Fluorofentanyl,102,1.1733832529023218,0.9958105596930357,2024-07-01
Methamphetamine,1586,1.002083521975263,0.9613899397711556,2024-07-01
Quetiapine,18,1.385236844422625,0.9447252762797792,2024-07-01
Alprazolam,115,1.0927083198531478,0.9362322748622827,2024-07-01
Ethanol,362,1.0106285815995153,0.9264156263292348,2024-07-01
Hydrocodone,43,1.1894308124813697,0.9247190549406447,2024-07-01
Cocaine,484,0.9907462712390043,0.9189713322570116,2024-07-01
Bupropion,8,1.5794954424525989,0.9108737789108862,2024-07-01
Oxycodone,37,1.1858192795936087,0.9043698110910094,2024-07-01
Phentermine,2,2.2163476806807063,0.9017203411127865,2024-07-01
Protonitazene,2,2.2163476806807063,0.9017203411127865,2024-07-01
Pregabalin,2,2.2163476806807063,0.9017203411127865,2024-07-01
PCP,107,1.0442321756023907,0.8896429095849702,2024-07-01
Chlordiazepoxide,5,1.7179950001916013,0.8832442599483742,2024-07-01
Fentanyl,1544,0.9042600085335029,0.8670516683462897,2024-07-01
Lorazepam,15,1.2139318367775578,0.8003574389576164,2024-07-01
Tramadol,19,1.1345942463683727,0.7812436798737651,2024-07-01
Trazodone,11,1.1972173801850676,0.7412762404196186,2024-07-01
Cyclobenzaprine,6,1.356649438096914,0.7300891249726577,2024-07-01
Promethazine,2,1.760893384392459,0.7164189071409348,2024-07-01
Metoprolol,3,1.3715066011841754,0.6181136875567617,2024-07-01
Heroin,116,0.7164994153156334,0.6143061618728226,2024-07-01
MDMA,16,0.9048812493510028,0.603943858610879,2024-07-01
Methadone,14,0.906836384913436,0.5899261107148771,2024-07-01
"1,1-Difluoroethane",4,1.197278015864466,0.5813034191775037,2024-07-01
Flubromazepam,1,1.6430805752741227,0.573794597266351,2024-07-01
Estazolam,1,1.6430805752741227,0.573794597266351,2024-07-01
Atomoxetine,1,1.6430805752741227,0.573794597266351,2024-07-01
Arsenic,1,1.6430805752741227,0.573794597266351,2024-07-01
Escitalopram,1,1.6430805752741227,0.573794597266351,2024-07-01
Nicotine,1,1.6430805752741227,0.573794597266351,2024-07-01
Phenylpropanolamine,1,1.6430805752741227,0.573794597266351,2024-07-01
Zinc,1,1.6430805752741227,0.573794597266351,2024-07-01
MDMB-4en-PINACA,1,1.6430805752741227,0.573794597266351,2024-07-01
Secobarbital,1,1.6430805752741227,0.573794597266351,2024-07-01
Tapentadol,1,1.6430805752741227,0.573794597266351,2024-07-01
Venlafaxine,3,1.2168178763175495,0.5483982242347418,2024-07-01
Olanzapine,6,0.9769809094736481,0.5257682031057258,2024-07-01
Lamotrigine,2,1.2479795793516169,0.5077400905119317,2024-07-01
Midazolam,2,1.2479795793516169,0.5077400905119317,2024-07-01
Paroxetine,2,1.2479795793516169,0.5077400905119317,2024-07-01
Salicylate,1,1.3054313365380215,0.45588114136322305,2024-07-01
MDA,1,1.3054313365380215,0.45588114136322305,2024-07-01
Phenobarbital,1,1.3054313365380215,0.45588114136322305,2024-07-01
Buspirone,1,1.3054313365380215,0.45588114136322305,2024-07-01
Loperamide,1,1.3054313365380215,0.45588114136322305,2024-07-01
Levamisole,3,0.9928547712125391,0.4474620270238831,2024-07-01
Acetaminophen,2,1.0893294037199839,0.4431933175777221,2024-07-01
Flualprazolam,2,1.0893294037199839,0.4431933175777221,2024-07-01
Diazepam,14,0.6423862703112228,0.41789284189066783,2024-07-01
Acetyl fentanyl,24,0.5643520268402887,0.4041026061074009,2024-07-01
Oxymorphone,2,0.966466723893525,0.3932066758026738,2024-07-01
Flubromazolam,1,1.0828982611601605,0.3781684118194638,2024-07-01
Topiramate,1,1.0828982611601605,0.3781684118194638,2024-07-01
Temazepam,4,0.7281838801063963,0.3535484437924462,2024-07-01
Doxylamine,3,0.778047774701131,0.35065232547959646,2024-07-01
Sertraline,4,0.6895866784682886,0.3348086983151055,2024-07-01
Doxepin,1,0.9251847185553637,0.323091880562151,2024-07-01
Gabapentin,3,0.639656289524846,0.2882817388889721,2024-07-01
Zolpidem,1,0.8075700391815468,0.2820186254829524,2024-07-01
Benztropine,1,0.8075700391815468,0.2820186254829524,2024-07-01
GHB,1,0.7164862780872688,0.25021046537134234,2024-07-01
Buprenorphine,1,0.6438662491499862,0.22485018731523607,2024-07-01
Duloxetine,1,0.6438662491499862,0.22485018731523607,2024-07-01
Amlodipine,1,0.5846124005509068,0.2041576304771651,2024-07-01
Etizolam,1,0.5353455188584557,0.186952710058352,2024-07-01
Carfentanil,12,7.0174585354594,4.452239577817467,2024-10-01
Bromazolam,19,3.7779573482259585,2.609936990277136,2024-10-01
Lidocaine,16,3.2434912627573547,2.1738187699314526,2024-10-01
Ephedrine,7,3.7231177227576278,2.1054149736138217,2024-10-01
Benzylfentanyl,5,2.914797798162161,1.5251287520664791,2024-10-01
Codeine,24,2.123357287854962,1.5240348684066047,2024-10-01
Citalopram,14,2.3288448817025014,1.5225469427571536,2024-10-01
Hydroxyzine,12,2.3436116680477195,1.48690876772438,2024-10-01
Diphenhydramine,20,2.0194446671451587,1.4072688389905001,2024-10-01
Ketamine,26,1.8218814674382031,1.3238502256925966,2024-10-01
Amphetamine,34,1.6987701850825123,1.2827452010921552,2024-10-01
Hydromorphone,11,2.0285401831092,1.2646169360433572,2024-10-01
Mitragynine,24,1.7432006395169997,1.2511782979003145,2024-10-01
Pregabalin,3,2.5737165660985593,1.1944685754329163,2024-10-01
Clonazepam,24,1.6450277685792474,1.1807149428651085,2024-10-01
Morphine,37,1.4208682481301884,1.0850179077542874,2024-10-01
Alprazolam,124,1.2421569791687466,1.07060612323794,2024-10-01
Paroxetine,4,2.1252520206020566,1.0550644538617127,2024-10-01
Doxepin,4,2.1252520206020566,1.0550644538617127,2024-10-01
Baclofen,4,2.1252520206020566,1.0550644538617127,2024-10-01
Hydrocodone,45,1.3403802233620998,1.0488900601749858,2024-10-01
Fluoxetine,8,1.683844687531486,0.9810110747787284,2024-10-01
Methamphetamine,1594,1.0218755943354478,0.9804853145476805,2024-10-01
Methocarbamol,3,2.1068612981831754,0.9777998271544058,2024-10-01
PCP,111,1.0996395472177425,0.9398161508048273,2024-10-01
Xylazine,4,1.8423708451329746,0.9146303453367871,2024-10-01
Ethanol,348,0.991433827957986,0.9072828757415345,2024-10-01
para-Fluorofentanyl,96,1.0705409422606407,0.9042520632100065,2024-10-01
Trazodone,13,1.3828644260973895,0.8912959800280718,2024-10-01
Ethylene Glycol,2,2.0806135457214108,0.8820280951146169,2024-10-01
MDMB-4en-PINACA,2,2.0806135457214108,0.8820280951146169,2024-10-01
Protonitazene,2,2.0806135457214108,0.8820280951146169,2024-10-01
Phentermine,2,2.0806135457214108,0.8820280951146169,2024-10-01
Oxycodone,38,1.141610341061737,0.8747870507164991,2024-10-01
Quetiapine,16,1.287899260357435,0.8631623639910108,2024-10-01
Cocaine,451,0.914795099059911,0.8462497891805029,2024-10-01
Dextromethorphan,3,1.7833697480672939,0.8276665544695899,2024-10-01
Chlorcyclizine,3,1.7833697480672939,0.8276665544695899,2024-10-01
Fentanyl,1440,0.84160309976905,0.8057712854113719,2024-10-01
"1,1-Difluoroethane",5,1.5284992305678746,0.7997666683844756,2024-10-01
Tramadol,19,1.1119718087657469,0.7681866385299166,2024-10-01
Lorazepam,13,1.188865857256676,0.7662583109147657,2024-10-01
Chlordiazepoxide,4,1.4550284096313122,0.7223372755227632,2024-10-01
Salicylate,2,1.7032039245102504,0.7220339962780703,2024-10-01
Promethazine,2,1.7032039245102504,0.7220339962780703,2024-10-01
Dipyrone,2,1.7032039245102504,0.7220339962780703,2024-10-01
Acetaminophen,3,1.545994732897863,0.717500190407752,2024-10-01
Duloxetine,4,1.3166240372009017,0.6536275261872482,2024-10-01
Heroin,115,0.7562650592536161,0.6481242022703944,2024-10-01
Venlafaxine,3,1.3643881639486601,0.6332161077860036,2024-10-01
Metoprolol,3,1.3643881639486601,0.6332161077860036,2024-10-01
Clozapine,2,1.4416907066356814,0.6111715029123346,2024-10-01
Bupropion,6,1.108034753099712,0.60491319541103,2024-10-01
Methadone,14,0.9143117298346104,0.5977566560676252,2024-10-01
Chloroethane,1,1.588067815048794,0.5908023942515617,2024-10-01
Escitalopram,1,1.588067815048794,0.5908023942515617,2024-10-01
Arsenic,1,1.588067815048794,0.5908023942515617,2024-10-01
Buspirone,1,1.588067815048794,0.5908023942515617,2024-10-01
Clonidine,1,1.588067815048794,0.5908023942515617,2024-10-01
Secobarbital,1,1.588067815048794,0.5908023942515617,2024-10-01
Phenylpropanolamine,1,1.588067815048794,0.5908023942515617,2024-10-01
Labetalol,1,1.588067815048794,0.5908023942515617,2024-10-01
Estazolam,1,1.588067815048794,0.5908023942515617,2024-10-01
Phenobarbital,1,1.588067815048794,0.5908023942515617,2024-10-01
Nicotine,1,1.588067815048794,0.5908023942515617,2024-10-01
Diazepam,16,0.8541981537677189,0.5724917471559636,2024-10-01
Mirtazapine,4,1.106181013591072,0.5491547617237592,2024-10-01
Midazolam,2,1.2497948007372266,0.5298216622905764,2024-10-01
Zolpidem,2,1.2497948007372266,0.5298216622905764,2024-10-01
Propranolol,2,1.2497948007372266,0.5298216622905764,2024-10-01
Olanzapine,6,0.937680379837165,0.5119110508535505,2024-10-01
Valproic Acid,1,1.3000027518525494,0.4836347233096633,2024-10-01
Loperamide,1,1.3000027518525494,0.4836347233096633,2024-10-01
Cyclobenzaprine,4,0.953739720648572,0.47347649489929594,2024-10-01
Flualprazolam,2,1.102982563397324,0.46758400248742915,2024-10-01
Levamisole,2,1.102982563397324,0.46758400248742915,2024-10-01
Amlodipine,2,0.9870363212086753,0.41843126898549843,2024-10-01
Temazepam,4,0.8382250699137457,0.4161301657538045,2024-10-01
Carbon monoxide,1,1.1003978202349152,0.4093765144431268,2024-10-01
Topiramate,1,1.1003978202349152,0.4093765144431268,2024-10-01
Hydroxychloroquine,1,1.1003978202349152,0.4093765144431268,2024-10-01
MDMA,11,0.6468489527168774,0.4032536044782094,2024-10-01
Doxylamine,3,0.8595408357708836,0.3989151451847743,2024-10-01
Gabapentin,3,0.748724417993794,0.3474849564762208,2024-10-01
Sertraline,3,0.70338257169721,0.32644168727293077,2024-10-01
Acetyl fentanyl,19,0.4396973027297288,0.30375733475611666,2024-10-01
Oxymorphone,1,0.6817121953349968,0.2536146085058903,2024-10-01
Lidocaine,27,5.894877837994825,4.289566546230308,2025-01-01
Carfentanil,14,5.745345704082529,3.7165730313494048,2025-01-01
Benzylfentanyl,5,3.5184732106896157,1.7715677408643473,2025-01-01
Bromazolam,17,2.496565169377437,1.6778717318758964,2025-01-01
Amphetamine,35,2.016596359215801,1.5242247370002622,2025-01-01
"1,1-Difluoroethane",8,2.6672364795805827,1.520130299166588,2025-01-01
Xylazine,6,2.7717219293943094,1.466729277939456,2025-01-01
Clonazepam,23,2.0220851412885676,1.4339851136613389,2025-01-01
Lorazepam,19,2.054359129974885,1.4093667250198945,2025-01-01
Acetaminophen,4,2.974033321210474,1.4058424654848785,2025-01-01
Codeine,22,1.8731819309395659,1.318499694805396,2025-01-01
Morphine,39,1.681328157588573,1.2894330650422698,2025-01-01
Alprazolam,135,1.4693165409350086,1.273720170092954,2025-01-01
Trazodone,16,1.8316669003543709,1.2168013649998348,2025-01-01
Ephedrine,5,2.4002044388223607,1.2085141766543952,2025-01-01
Fluoxetine,9,1.9895940738443838,1.1669050122691553,2025-01-01
Paroxetine,4,2.412122572468049,1.1402240587371755,2025-01-01
Doxepin,4,2.412122572468049,1.1402240587371755,2025-01-01
Salicylate,3,2.429874954091987,1.0563769060078878,2025-01-01
Citalopram,10,1.7522437986813186,1.053455860778169,2025-01-01
Hydromorphone,9,1.7111873323140883,1.0036183266019185,2025-01-01
Oxycodone,40,1.288123726520083,0.9911427481246675,2025-01-01
Methamphetamine,1529,1.01523800563574,0.9732571096198851,2025-01-01
Hydrocodone,41,1.2526515364507014,0.9669178181258661,2025-01-01
Venlafaxine,4,2.0288027082564866,0.9590265788269043,2025-01-01
Diphenhydramine,16,1.4432276328559988,0.9587558487435158,2025-01-01
PCP,113,1.119110159465353,0.9572901694549905,2025-01-01
Ethylene Glycol,2,2.4590853156186996,0.9497876474893828,2025-01-01
MDMB-4en-PINACA,2,2.4590853156186996,0.9497876474893828,2025-01-01
Nicotine,2,2.4590853156186996,0.9497876474893828,2025-01-01
Phentermine,2,2.4590853156186996,0.9497876474893828,2025-01-01
Protonitazene,2,2.4590853156186996,0.9497876474893828,2025-01-01
Ethanol,335,1.0115013943217606,0.9239722602533199,2025-01-01
Ketamine,21,1.303732084439951,0.9103845106208731,2025-01-01
Cocaine,445,0.9554889798975558,0.8833718088420728,2025-01-01
Baclofen,3,1.9707769187516941,0.8567861569817472,2025-01-01
Mitragynine,20,1.2154987515627402,0.8415569412689894,2025-01-01
Hydroxyzine,8,1.446350872695422,0.8243145299047796,2025-01-01
Diazepam,20,1.1867586066447613,0.8216585510668557,2025-01-01
Tramadol,20,1.1593461744871572,0.8026794097640471,2025-01-01
Fentanyl,1306,0.7993253131567916,0.7636136687434009,2025-01-01
Methadone,15,1.1562079910943812,0.7584103903447975,2025-01-01
Heroin,114,0.8733951753852218,0.7476191244798918,2025-01-01
para-Fluorofentanyl,79,0.8951327227226537,0.7425903740731594,2025-01-01
Chlordiazepoxide,5,1.467426452971039,0.7388560919765988,2025-01-01
Dipyrone,2,1.8862344635548334,0.7285319392435968,2025-01-01
Promethazine,2,1.8862344635548334,0.7285319392435968,2025-01-01
Quetiapine,13,1.0156694594608604,0.647004788681046,2025-01-01
Metoprolol,3,1.4302986524315477,0.6218157286565005,2025-01-01
Bupropion,6,1.1405205544813295,0.6035363329953756,2025-01-01
Zolpidem,2,1.5298512945564204,0.5908838757388741,2025-01-01
Clozapine,2,1.5298512945564204,0.5908838757388741,2025-01-01
Carisoprodol,2,1.5298512945564204,0.5908838757388741,2025-01-01
Chloroethane,1,1.751793473780848,0.5624028229648572,2025-01-01
Butalbital,1,1.751793473780848,0.5624028229648572,2025-01-01
Clonidine,1,1.751793473780848,0.5624028229648572,2025-01-01
Escitalopram,1,1.751793473780848,0.5624028229648572,2025-01-01
Buspirone,1,1.751793473780848,0.5624028229648572,2025-01-01
Phenylpropanolamine,1,1.751793473780848,0.5624028229648572,2025-01-01
Secobarbital,1,1.751793473780848,0.5624028229648572,2025-01-01
Labetalol,1,1.751793473780848,0.5624028229648572,2025-01-01
Mirtazapine,4,1.0385563327476943,0.4909314851861486,2025-01-01
MDMA,12,0.7811593309288631,0.4891894575090589,2025-01-01
Acetyl fentanyl,28,0.6607261297502296,0.48349252559414974,2025-01-01
Duloxetine,3,1.0134119464696751,0.44057615998725963,2025-01-01
Nitrous oxide,1,1.3437082488716032,0.4313895009413047,2025-01-01
Loperamide,1,1.3437082488716032,0.4313895009413047,2025-01-01
Valproic Acid,1,1.3437082488716032,0.4313895009413047,2025-01-01
Amlodipine,2,0.9764072163419104,0.37712376512960216,2025-01-01
Nortriptyline,1,1.089829416099312,0.3498832193052642,2025-01-01
Pregabalin,1,1.089829416099312,0.3498832193052642,2025-01-01
Carbon monoxide,1,1.089829416099312,0.3498832193052642,2025-01-01
Hydroxychloroquine,1,1.089829416099312,0.3498832193052642,2025-01-01
Temazepam,3,0.7297955831586085,0.3172752568427551,2025-01-01
Olanzapine,3,0.6820738022994487,0.29652843317255356,2025-01-01
Methocarbamol,1,0.9166403466211737,0.29428190383116226,2025-01-01
Propranolol,1,0.9166403466211737,0.29428190383116226,2025-01-01
Chlorcyclizine,1,0.9166403466211737,0.29428190383116226,2025-01-01
Gabapentin,2,0.6586882309625559,0.25440920709067244,2025-01-01
GHB,1,0.7909477376132714,0.25392904306881786,2025-01-01
Midazolam,1,0.7909477376132714,0.25392904306881786,2025-01-01
Dextromethorphan,1,0.7909477376132714,0.25392904306881786,2025-01-01
Cyclobenzaprine,2,0.6091356570760055,0.23527021167647333,2025-01-01
Sertraline,2,0.5294721485229159,0.20450128475115745,2025-01-01
Oxymorphone,1,0.6207180992570109,0.19927783526564016,2025-01-01
Buprenorphine,1,0.560411551089546,0.1799167784742553,2025-01-01
Doxylamine,1,0.4339336508316632,0.1393118046503834,2025-01-01
Lidocaine,27,4.591977665470926,3.3595507300408127,2025-04-01
Carfentanil,16,4.71508763137256,3.167584207216517,2025-04-01
Morphine,45,1.949375148492509,1.526296954267087,2025-04-01
"1,1-Difluoroethane",9,2.4090013475739984,1.4470726794726514,2025-04-01
Oxycodone,45,1.7144147208684497,1.3423306277581946,2025-04-01
Codeine,22,1.8676203208901758,1.3240927813402807,2025-04-01
Trazodone,15,1.9554815658589229,1.2984752355736193,2025-04-01
Alprazolam,126,1.4649669350042438,1.264290784532188,2025-04-01
Fluoxetine,9,2.048719846230943,1.2306537397165749,2025-04-01
PCP,126,1.332002755649352,1.1495404904371278,2025-04-01
Promethazine,3,2.420845631367582,1.1413222365109477,2025-04-01
Venlafaxine,5,2.126148498299054,1.1232633611692098,2025-04-01
Hydroxyzine,9,1.7821830198031041,1.070546664647692,2025-04-01
Hydrocodone,43,1.3560635977368347,1.0559798129155233,2025-04-01
Amphetamine,27,1.401387693411096,1.0252735077243955,2025-04-01
Xylazine,5,1.899308123770505,1.0034215524970191,2025-04-01
Methamphetamine,1480,1.0231254244075907,0.9801499183378667,2025-04-01
Ethanol,332,1.0597010485832794,0.9677322286431937,2025-04-01
Clozapine,3,2.0409790493556783,0.9622318511761856,2025-04-01
Cocaine,456,1.027855595838294,0.95126415701229,2025-04-01
Doxepin,4,1.8397578038551965,0.9244337843069428,2025-04-01
Ketamine,22,1.291357975743665,0.9155382144232581,2025-04-01
Chlordiazepoxide,6,1.6326349288951598,0.8984052024424961,2025-04-01
MDMB-4en-PINACA,2,1.9749229115635867,0.8554970773777102,2025-04-01
Ethylene Glycol,2,1.9749229115635867,0.8554970773777102,2025-04-01
Diazepam,20,1.2122944470518735,0.8462782405222596,2025-04-01
Baclofen,3,1.7641566997644182,0.8317222891215287,2025-04-01
Ephedrine,4,1.6434726668564383,0.8258052519975614,2025-04-01
Lorazepam,13,1.2594958201005384,0.8143111852644214,2025-04-01
Citalopram,8,1.360599193310576,0.7972183621481759,2025-04-01
Quetiapine,13,1.2180280482710943,0.7875007188144303,2025-04-01
Diphenhydramine,13,1.2180280482710943,0.7875007188144303,2025-04-01
Bupropion,7,1.3802789305375422,0.7857628639654471,2025-04-01
Clonazepam,15,1.1815344377215462,0.7845603017407897,2025-04-01
Mitragynine,19,1.1326855275659165,0.7839663303320102,2025-04-01
Fentanyl,1211,0.7802512538831748,0.7440911040531006,2025-04-01
Amlodipine,3,1.553457887131969,0.7323870663597128,2025-04-01
Metoprolol,3,1.553457887131969,0.7323870663597128,2025-04-01
Heroin,104,0.8588189904584226,0.7303282451132316,2025-04-01
Methadone,14,1.113695733098631,0.7301689275637739,2025-04-01
Nicotine,2,1.6650282175640971,0.7212568984526873,2025-04-01
Carisoprodol,2,1.6650282175640971,0.7212568984526873,2025-04-01
Dipyrone,2,1.6650282175640971,0.7212568984526873,2025-04-01
Valproic Acid,2,1.6650282175640971,0.7212568984526873,2025-04-01
para-Fluorofentanyl,62,0.8618364676887835,0.6991292725102322,2025-04-01
Bromazolam,10,1.1298191382016765,0.6936002840649936,2025-04-01
Pregabalin,2,1.4391968826136727,0.6234312841468427,2025-04-01
Salicylate,2,1.4391968826136727,0.6234312841468427,2025-04-01
Escitalopram,1,1.529435282120207,0.5875953817356423,2025-04-01
Labetalol,1,1.529435282120207,0.5875953817356423,2025-04-01
Phenylpropanolamine,1,1.529435282120207,0.5875953817356423,2025-04-01
Prochlorperazine,1,1.529435282120207,0.5875953817356423,2025-04-01
Butalbital,1,1.529435282120207,0.5875953817356423,2025-04-01
Chloroethane,1,1.529435282120207,0.5875953817356423,2025-04-01
Clonidine,1,1.529435282120207,0.5875953817356423,2025-04-01
Atenolol,1,1.529435282120207,0.5875953817356423,2025-04-01
Tramadol,14,0.8495186531086929,0.5569673165218654,2025-04-01
Benzylfentanyl,2,1.2673090484141842,0.5489729146917917,2025-04-01
Acetaminophen,2,1.2673090484141842,0.5489729146917917,2025-04-01
Zolpidem,2,1.2673090484141842,0.5489729146917917,2025-04-01
Duloxetine,3,1.143678477166202,0.5391940983330573,2025-04-01
Acetyl fentanyl,27,0.7249650699833571,0.5303938972592759,2025-04-01
Olanzapine,4,1.0020291970467061,0.5034954278605911,2025-04-01
Carbon monoxide,1,1.2894442040029261,0.49539295198393435,2025-04-01
Loperamide,1,1.2894442040029261,0.49539295198393435,2025-04-01
Hydroxychloroquine,1,1.2894442040029261,0.49539295198393435,2025-04-01
Tizanidine,1,1.2894442040029261,0.49539295198393435,2025-04-01
Nitrous oxide,1,1.2894442040029261,0.49539295198393435,2025-04-01
Dextromethorphan,2,1.1320988975636308,0.4904025835628323,2025-04-01
Paroxetine,2,1.1320988975636308,0.4904025835628323,2025-04-01
MDA,1,1.1145541313529364,0.4282017473596459,2025-04-01
Nortriptyline,1,1.1145541313529364,0.4282017473596459,2025-04-01
Cyclobenzaprine,3,0.9049626111542176,0.42665006720723436,2025-04-01
MDMA,10,0.6567047629995445,0.4031535621606825,2025-04-01
Hydromorphone,4,0.7561069208742236,0.3799254340651478,2025-04-01
Chlorcyclizine,1,0.9814394074046533,0.37706025876746746,2025-04-01
Propranolol,1,0.9814394074046533,0.37706025876746746,2025-04-01
GHB,1,0.9814394074046533,0.37706025876746746,2025-04-01
Methocarbamol,1,0.9814394074046533,0.37706025876746746,2025-04-01
Gabapentin,2,0.7934736901565906,0.3437169212684048,2025-04-01
Midazolam,1,0.8767289025030174,0.33683141756137525,2025-04-01
Oxymorphone,1,0.7922076729721714,0.30435911571798163,2025-04-01
Mirtazapine,2,0.6902433926528081,0.29899962253526174,2025-04-01
Buprenorphine,1,0.6641522126214626,0.25516135103466747,2025-04-01
Sertraline,1,0.5018955897905135,0.1928238050488581,2025-04-01
Temazepam,1,0.4472612066376806,0.17183376277647314,2025-04-01
Lidocaine,25,3.0152297012631175,2.2001007804740498,2025-07-01
PCP,143,1.5204603204052147,1.3250058759460936,2025-07-01
Alprazolam,118,1.3370218288584839,1.1493545530738685,2025-07-01
"1,1-Difluoroethane",9,1.825558585791869,1.1322383218000491,2025-07-01
Oxycodone,39,1.369170489383723,1.0584316545353187,2025-07-01
Cocaine,474,1.1099992931126992,1.0289420395320865,2025-07-01
Methamphetamine,1435,1.0270879869297784,0.9833101870717709,2025-07-01
Mitragynine,23,1.3427497502846626,0.9682366913949957,2025-07-01
Ketamine,22,1.3204433115520775,0.9460506799028973,2025-07-01
Ethanol,323,1.0348853375809823,0.9440853691070177,2025-07-01
Amphetamine,28,1.2732497983493758,0.9436268476879137,2025-07-01
Codeine,18,1.2804845254716728,0.8902606965018315,2025-07-01
Carfentanil,9,1.4093111200387265,0.8740755130324355,2025-07-01
Doxepin,4,1.5894986471897552,0.8584733270824665,2025-07-01
Diazepam,19,1.2196675843730194,0.8550100011209261,2025-07-01
Morphine,31,1.114033280729391,0.836844084426504,2025-07-01
Heroin,107,0.9538013536548905,0.8138504977928261,2025-07-01
Chlordiazepoxide,5,1.4300623311012663,0.801453308149406,2025-07-01
Fentanyl,1210,0.8314682816281787,0.7929425733663361,2025-07-01
Trazodone,11,1.2334724595776054,0.7917276646132267,2025-07-01
Clozapine,3,1.5164428160461443,0.7830732861693244,2025-07-01
Lorazepam,12,1.1924082536172742,0.7766534353352954,2025-07-01
Fluoxetine,7,1.2483510289191977,0.7412453084158518,2025-07-01
Hydrocodone,32,0.9765037014628154,0.7365562917183082,2025-07-01
Duloxetine,4,1.3612661186302137,0.7352070767541873,2025-07-01
Quetiapine,12,1.1221193263512634,0.7308720205710348,2025-07-01
Zolpidem,3,1.3893179381161658,0.7174274900594146,2025-07-01
Acetaminophen,3,1.3893179381161658,0.7174274900594146,2025-07-01
Bupropion,7,1.191423471929012,0.7074428894158973,2025-07-01
Ethylene Glycol,2,1.4287313716104062,0.6975816565338453,2025-07-01
Hydroxyzine,7,1.139461516581043,0.6765889431095102,2025-07-01
Amlodipine,3,1.2818584924625005,0.6619366925512356,2025-07-01
Salicylate,2,1.2980000996475756,0.6337517868545535,2025-07-01
Nicotine,2,1.2980000996475756,0.6337517868545535,2025-07-01
Dipyrone,2,1.2980000996475756,0.6337517868545535,2025-07-01
Valproic Acid,2,1.2980000996475756,0.6337517868545535,2025-07-01
Nitrous oxide,2,1.2980000996475756,0.6337517868545535,2025-07-01
Carisoprodol,2,1.2980000996475756,0.6337517868545535,2025-07-01
Nortriptyline,2,1.1891874873454333,0.580623757436437,2025-07-01
Pregabalin,2,1.1891874873454333,0.580623757436437,2025-07-01
Venlafaxine,3,1.1101284829277305,0.5732573295859328,2025-07-01
Acetyl fentanyl,26,0.7696764781519084,0.5646766282698991,2025-07-01
Olanzapine,4,1.0016900695772617,0.5410034215856753,2025-07-01
MDMA,12,0.8289385306891259,0.5399140400013878,2025-07-01
Chloroethane,1,1.1883840903184466,0.5395889280316581,2025-07-01
Butalbital,1,1.1883840903184466,0.5395889280316581,2025-07-01
Atenolol,1,1.1883840903184466,0.5395889280316581,2025-07-01
Aripiprazole,1,1.1883840903184466,0.5395889280316581,2025-07-01
Desloratadine,1,1.1883840903184466,0.5395889280316581,2025-07-01
Ziprasidone,1,1.1883840903184466,0.5395889280316581,2025-07-01
Labetalol,1,1.1883840903184466,0.5395889280316581,2025-07-01
Prochlorperazine,1,1.1883840903184466,0.5395889280316581,2025-07-01
Naloxone,1,1.1883840903184466,0.5395889280316581,2025-07-01
Clonidine,1,1.1883840903184466,0.5395889280316581,2025-07-01
Buprenorphine,3,1.0404351657681892,0.5372685179309984,2025-07-01
Tramadol,11,0.7942091217421655,0.509778169985874,2025-07-01
Methadone,10,0.7940516939069354,0.5014786855347307,2025-07-01
Paroxetine,2,1.0184347360624593,0.4972533006350102,2025-07-01
Dextromethorphan,2,1.0184347360624593,0.4972533006350102,2025-07-01
Carbon monoxide,1,1.079644990166535,0.4902156530407633,2025-07-01
Amitriptyline,1,1.079644990166535,0.4902156530407633,2025-07-01
Lacosamide,1,1.079644990166535,0.4902156530407633,2025-07-01
Hydroxychloroquine,1,1.079644990166535,0.4902156530407633,2025-07-01
Tizanidine,1,1.079644990166535,0.4902156530407633,2025-07-01
MDMB-4en-PINACA,1,1.079644990166535,0.4902156530407633,2025-07-01
Bromazolam,7,0.7700382080780167,0.4572329383450405,2025-07-01
Clonazepam,9,0.737070421159708,0.4571419308026899,2025-07-01
Diphenhydramine,8,0.751814361842202,0.4568792497254829,2025-07-01
MDA,1,0.9891372993190239,0.4491203974908992,2025-07-01
GHB,1,0.9891372993190239,0.4491203974908992,2025-07-01
Promethazine,1,0.9891372993190239,0.4491203974908992,2025-07-01
Ephedrine,2,0.8905610779080356,0.4348186680267401,2025-07-01
Lamotrigine,1,0.9126305884042337,0.4143823237771412,2025-07-01
Chlorcyclizine,1,0.9126305884042337,0.4143823237771412,2025-07-01
Xylazine,2,0.8379546964629759,0.40913347104577624,2025-07-01
Mirtazapine,3,0.7918693384642994,0.40891203975943324,2025-07-01
Hydromorphone,4,0.7312633662165331,0.39494849277118493,2025-07-01
Gabapentin,2,0.7912166925606304,0.386313524040249,2025-07-01
Propranolol,1,0.8471093036895402,0.3846322117801144,2025-07-01
Levamisole,1,0.7903658762148993,0.35886770899576703,2025-07-01
Metoprolol,1,0.7903658762148993,0.35886770899576703,2025-07-01
Cyclobenzaprine,2,0.6778010152169456,0.33093803663204663,2025-07-01
Citalopram,3,0.6391684031742084,0.33005906757119463,2025-07-01
Sertraline,1,0.592068121816429,0.26883009102472594,2025-07-01
para-Fluorofentanyl,21,0.30407593334007,0.21637923032366788,2025-07-01
PCP,137,1.464944851701633,1.2746801259192428,2025-10-01
Alprazolam,110,1.298815645249096,1.1127685849340685,2025-10-01
Cocaine,455,1.145127967086011,1.0600988485983485,2025-10-01
Lidocaine,17,1.4694440578265644,1.036824316190871,2025-10-01
Ethanol,318,1.0907305128326474,0.9947241507895113,2025-10-01
Methamphetamine,1345,1.0297751795590384,0.9845146009140927,2025-10-01
Oxycodone,34,1.1915165906876293,0.9147587850335542,2025-10-01
Carfentanil,10,1.3685216993600149,0.9014064526378452,2025-10-01
MDMA,19,1.257661015652607,0.9000915219588395,2025-10-01
"1,1-Difluoroethane",8,1.3822892940252107,0.8850039615420456,2025-10-01
Heroin,105,1.0316823331009157,0.8808360675307869,2025-10-01
Morphine,29,1.1509184507211112,0.8675413655599606,2025-10-01
Chlordiazepoxide,6,1.3430271088340544,0.830336583469626,2025-10-01
Amphetamine,25,1.1059476478786534,0.8189893406746671,2025-10-01
Mitragynine,18,1.1432095065857113,0.8125657514802446,2025-10-01
Nitrous oxide,4,1.3565516173727,0.8022007934612259,2025-10-01
Fentanyl,1101,0.8359046542235873,0.795395558459379,2025-10-01
Ketamine,19,1.1090612770529535,0.7937406347052957,2025-10-01
Lorazepam,12,1.132876933410151,0.7640326334389457,2025-10-01
Codeine,16,1.0702745767956543,0.7492998323311947,2025-10-01
Hydrocodone,30,0.974120074656391,0.7371933575190279,2025-10-01
Trazodone,11,1.0985267539133003,0.7325385681104996,2025-10-01
Diazepam,16,1.0141843368446921,0.7100310238386084,2025-10-01
Bupropion,7,1.123724658150105,0.707684494389686,2025-10-01
Acetyl fentanyl,28,0.8932883539025118,0.6705621447361573,2025-10-01
Buprenorphine,4,1.1327341667395305,0.6698456849721484,2025-10-01
Naloxone,2,1.1621487331805433,0.6476725459792606,2025-10-01
Carisoprodol,2,1.1621487331805433,0.6476725459792606,2025-10-01
Nicotine,2,1.1047413611874886,0.6156790689696838,2025-10-01
Methadone,12,0.8988285681622354,0.6061861952436117,2025-10-01
Fluoxetine,5,0.9922988625201272,0.6008684332401203,2025-10-01
Nortriptyline,2,1.0527385890241066,0.5866976082638239,2025-10-01
Quetiapine,10,0.8862872209542239,0.5837722706422607,2025-10-01
Clonazepam,11,0.8672309325356623,0.5783018968611718,2025-10-01
Olanzapine,4,0.972312352254999,0.5749797725955726,2025-10-01
Gabapentin,3,0.9868906448893108,0.5678705273291216,2025-10-01
Zolpidem,2,1.0054115065568425,0.5603219378180502,2025-10-01
Amlodipine,2,1.0054115065568425,0.5603219378180502,2025-10-01
Acetaminophen,2,1.0054115065568425,0.5603219378180502,2025-10-01
Butalbital,1,1.0297233458184603,0.5524187057389244,2025-10-01
Lacosamide,1,1.0297233458184603,0.5524187057389244,2025-10-01
Prochlorperazine,1,1.0297233458184603,0.5524187057389244,2025-10-01
Ziprasidone,1,1.0297233458184603,0.5524187057389244,2025-10-01
Rosuvastatin,1,1.0297233458184603,0.5524187057389244,2025-10-01
Clomipramine,1,1.0297233458184603,0.5524187057389244,2025-10-01
Desloratadine,1,1.0297233458184603,0.5524187057389244,2025-10-01
Amitriptyline,1,1.0297233458184603,0.5524187057389244,2025-10-01
Aripiprazole,1,1.0297233458184603,0.5524187057389244,2025-10-01
Atenolol,1,1.0297233458184603,0.5524187057389244,2025-10-01
Dextromethorphan,2,0.9621566404906713,0.5362157383005426,2025-10-01
Tizanidine,1,0.978857471704781,0.5251305409534367,2025-10-01
Tramadol,10,0.7882536365597801,0.5192003273623744,2025-10-01
Levamisole,2,0.9224700845891955,0.5140981797058596,2025-10-01
Citalopram,5,0.8280286206661488,0.5013975917638979,2025-10-01
MDMB-4en-PINACA,1,0.9327803500635927,0.5004114122626441,2025-10-01
Loperamide,1,0.9327803500635927,0.5004114122626441,2025-10-01
Cannabis,1,0.9327803500635927,0.5004114122626441,2025-10-01
Salicylate,1,0.9327803500635927,0.5004114122626441,2025-10-01
Promethazine,1,0.9327803500635927,0.5004114122626441,2025-10-01
MDA,1,0.9327803500635927,0.5004114122626441,2025-10-01
Lamotrigine,1,0.9327803500635927,0.5004114122626441,2025-10-01
Valproic Acid,1,0.9327803500635927,0.5004114122626441,2025-10-01
GHB,1,0.9327803500635927,0.5004114122626441,2025-10-01
Venlafaxine,2,0.8859277786561636,0.49373293071158736,2025-10-01
Mirtazapine,3,0.8519030598840671,0.490196803825126,2025-10-01
Bromazolam,7,0.7760060171142573,0.4887028347041047,2025-10-01
Clozapine,1,0.8908461291548424,0.4779148376878785,2025-10-01
Pregabalin,1,0.8908461291548424,0.4779148376878785,2025-10-01
Xylazine,2,0.8521702962271869,0.4749196807665575,2025-10-01
Hydromorphone,4,0.8019498878206155,0.47423542759972354,2025-10-01
Chlorcyclizine,1,0.8525201007069263,0.45735396071321627,2025-10-01
Propranolol,1,0.8525201007069263,0.45735396071321627,2025-10-01
Doxepin,1,0.8173557779656904,0.43848925327914384,2025-10-01
Doxylamine,1,0.8173557779656904,0.43848925327914384,2025-10-01
Duloxetine,1,0.8173557779656904,0.43848925327914384,2025-10-01
Cyclobenzaprine,2,0.7647499643267263,0.4261997989512863,2025-10-01
Sertraline,2,0.7647499643267263,0.4261997989512863,2025-10-01
Diphenhydramine,6,0.6612029224376106,0.4087936661781972,2025-10-01
Hydroxyzine,2,0.6345572043575862,0.3536425832440433,2025-10-01
para-Fluorofentanyl,12,0.2542294029460065,0.17145689395030256,2025-10-01
